,04-Sep-2026
The Nifty witnessed an intraday movement of about 109.9 points.The closing index was 0.1 % up as compared to the previous closing index.

, Traded Value (Rs. In Crores), 116163.36
, Traded Quantity (in Lakhs), 61157.95
, Number of Trades, 35661613
, Total Market Capitalisation (Rs. Crores), 48780877.96

,INDEX,PREVIOUS CLOSE,OPEN,HIGH,LOW,CLOSE,GAIN/LOSS
,Nifty 50,     23873.45,     23910.90,     24005.75,     23895.85,     23897.70,24.25
,NIFTY50 EQL Wgt,     32567.70,     32614.35,     32690.70,     32571.25,     32587.20,19.50
,NIFTY100 EQL Wgt,     34618.05,     34665.60,     34715.05,     34601.60,     34602.75,-15.30
,NIFTY100 LowVol30,     19941.05,     19977.80,     20016.10,     19913.55,     19913.55,-27.50
,NIFTY Alpha 50,     56618.75,     56702.10,     56723.70,     56382.40,     56408.30,-210.45
,NIFTY MIDCAP 150,     23220.50,     23229.75,     23278.65,     23163.35,     23168.35,-52.15
,NIFTY SMLCAP 50,      9987.95,     10022.55,     10064.35,     10002.30,     10019.50,31.55
,NIFTY SMLCAP 250,     18444.95,     18496.20,     18551.00,     18469.25,     18481.40,36.45
,NIFTY MIDSML 400,     21495.25,     21521.45,     21566.85,     21472.40,     21478.20,-17.05
,NIFTY200 QUALTY30,     20336.95,     20371.15,     20373.20,     20220.40,     20220.50,-116.45
,Nifty FinSrv25 50,     28084.50,     28145.65,     28357.70,     28141.35,     28217.10,132.60
,NIFTY AlphaLowVol,     26723.65,     26746.85,     26748.00,     26629.45,     26640.75,-82.90
,Nifty200Momentm30,     30734.95,     30752.80,     30821.55,     30623.85,     30718.25,-16.70
,Nifty100ESGSecLdr,      3998.55,      4004.25,      4020.85,      4002.35,      4005.80,7.25
,NIFTY100 ESG,      4955.75,      4962.75,      4972.75,      4954.35,      4954.35,-1.40
,NIFTY M150 QLTY50,     24311.50,     24292.00,     24308.45,     24184.40,     24191.90,-119.60
,NIFTY INDIA MFG,     16271.80,     16272.60,     16288.85,     16207.10,     16221.40,-50.40
,Nifty200 Alpha 30,     26624.25,     26642.35,     26755.10,     26555.10,     26626.05,1.80
,NiftyM150Momntm50,     63843.65,     63785.65,     63977.60,     63578.05,     63611.25,-232.40
,Nifty50 USD,      8753.95,      8753.95,      8807.20,      8710.30,      8762.45,8.50
,Nifty IT,     30838.85,     30956.15,     31263.20,     30656.70,     30695.10,-143.75
,Nifty Next 50,     73051.85,     73133.50,     73207.30,     72871.70,     72880.90,-170.95
,Nifty Bank,     57380.60,     57492.65,     57677.15,     57324.55,     57369.65,-10.95
,NIFTY MIDCAP 100,     63235.20,     63243.75,     63407.80,     63063.10,     63079.05,-156.15
,Nifty 500,     23254.05,     23286.50,     23349.90,     23254.15,     23254.15,0.10
,Nifty 100,     25013.45,     25050.55,     25132.10,     25022.55,     25023.15,9.70
,Nifty Midcap 50,     18170.25,     18185.70,     18226.20,     18114.65,     18127.75,-42.50
,Nifty Realty,       916.15,       916.75,       923.20,       904.55,       907.90,-8.25
,Nifty Infra,      9204.20,      9211.40,      9252.60,      9197.80,      9197.80,-6.40
,Nifty Energy,     38140.80,     38146.65,     38189.10,     38016.15,     38067.85,-72.95
,Nifty FMCG,     45955.65,     46035.20,     46134.55,     45803.10,     45892.75,-62.90
,Nifty MNC,     32219.65,     32272.00,     32277.30,     32100.15,     32110.95,-108.70
,Nifty Pharma,     26658.65,     26659.55,     26695.00,     26461.40,     26478.10,-180.55
,Nifty PSE,      9706.65,      9722.40,      9737.80,      9692.25,      9710.15,3.50
,Nifty PSU Bank,      8552.60,      8574.35,      8603.75,      8514.75,      8514.85,-37.75
,Nifty Serv Sector,     30575.05,     30641.80,     30753.00,     30575.55,     30575.55,0.50
,Nifty Auto,     27837.40,     27873.95,     27884.70,     27673.70,     27710.90,-126.50
,Nifty Metal,     13176.05,     13198.85,     13382.30,     13144.65,     13317.45,141.40
,Nifty Media,      1560.75,      1557.90,      1567.80,      1553.25,      1565.45,4.70
,NIFTY SMLCAP 100,     20050.75,     20121.65,     20187.80,     20077.40,     20095.45,44.70
,Nifty 200,     13911.20,     13928.00,     13969.65,     13908.35,     13908.50,-2.70
,Nifty Div Opps 50,      5809.45,      5824.45,      5828.85,      5803.05,      5803.05,-6.40
,Nifty Commodities,      9750.60,      9757.25,      9829.80,      9720.00,      9803.85,53.25
,Nifty Consumption,     11644.80,     11654.85,     11656.50,     11596.45,     11597.70,-47.10
,Nifty Fin Service,     25923.05,     25988.90,     26174.00,     25987.10,     26051.00,127.95
,Nifty50 Div Point,       193.19,       196.79,       196.79,       196.79,       196.79,3.60
,Nifty100 Liq 15,      7498.00,      7511.65,      7551.80,      7500.80,      7500.80,2.80
,Nifty CPSE,      6439.35,      6449.05,      6449.35,      6416.25,      6419.80,-19.55
,Nifty GrowSect 15,     11350.25,     11361.25,     11384.05,     11299.25,     11307.20,-43.05
,Nifty50 PR 2x Lev,     11676.30,     11711.45,     11803.35,     11696.90,     11698.60,22.30
,Nifty50 PR 1x Inv,       223.00,       222.65,       222.80,       221.80,       222.80,-0.20
,Nifty50 TR 2x Lev,     17796.65,     17855.60,     17995.70,     17833.45,     17836.00,39.35
,Nifty50 TR 1x Inv,       180.90,       180.65,       180.75,       179.90,       180.75,-0.15
,Nifty50 Value 20,     11798.80,     11821.00,     11873.60,     11810.50,     11817.40,18.60
,Nifty Mid Liq 15,     17237.05,     17311.00,     17426.75,     17290.30,     17338.65,101.60
,Nifty Pvt Bank,     27747.85,     27795.25,     27932.50,     27734.00,     27824.50,76.65
,NIFTY100 Qualty30,      5637.55,      5652.85,      5655.70,      5615.00,      5615.00,-22.55
,Nifty GS 8 13Yr,      3040.59,      3041.15,      3043.84,      3040.48,      3040.60,0.01
,Nifty GS 10Yr,      2659.65,      2660.15,      2662.59,      2659.20,      2659.40,-0.25
,Nifty GS 10Yr Cln,       866.86,       866.86,       867.68,       866.55,       866.62,-0.24
,Nifty GS 4 8Yr,      3339.87,      3340.47,      3343.96,      3340.47,      3341.37,1.50
,Nifty GS 11 15Yr,      3370.05,      3370.70,      3373.96,      3369.04,      3371.74,1.69
,Nifty GS 15YrPlus,      3530.21,      3530.94,      3533.19,      3529.74,      3529.74,-0.47
,Nifty GS Compsite,      3129.34,      3129.94,      3132.72,      3129.94,      3130.08,0.74
,NIFTY HEALTHCARE,     16552.20,     16548.95,     16573.30,     16400.70,     16408.05,-144.15
,NIFTY CONSR DURBL,     39652.70,     39556.35,     39609.65,     39364.65,     39483.80,-168.90
,NIFTY OIL AND GAS,     11164.65,     11157.60,     11238.45,     11152.20,     11187.65,23.00
,NIFTY500 MULTICAP,     16559.45,     16584.95,     16626.35,     16561.50,     16561.60,2.15
,NIFTY LARGEMID250,     16670.70,     16686.25,     16723.95,     16654.90,     16654.90,-15.80
,NIFTY MID SELECT,     14760.00,     14780.90,     14823.20,     14712.85,     14713.65,-46.35
,NIFTY TOTAL MKT,     13144.00,     13163.65,     13198.75,     13148.10,     13148.10,4.10
,NIFTY MICROCAP250,     26288.90,     26381.95,     26482.65,     26366.35,     26466.20,177.30
,NIFTY IND DIGITAL,      8773.25,      8787.15,      8847.25,      8758.55,      8761.45,-11.80
,Nifty Tata 25 Cap,     14352.25,     14373.45,     14405.65,     14303.75,     14367.00,14.75
,Nifty MidSml Hlth,     52175.60,     52180.50,     52244.65,     51883.05,     51936.75,-238.85
,Nifty Multi Mfg,     16787.10,     16795.05,     16821.25,     16746.95,     16769.35,-17.75
,Nifty Multi Infra,     14469.35,     14487.95,     14535.20,     14450.85,     14453.25,-16.10
,BHARATBOND-APR30,      1610.58,      1610.90,      1611.14,      1610.90,      1611.14,0.56
,BHARATBOND-APR31,      1460.65,      1460.94,      1460.95,      1460.94,      1460.94,0.29
,BHARATBOND-APR32,      1324.23,      1324.48,      1324.49,      1324.40,      1324.40,0.17
,BHARATBOND-APR33,      1283.54,      1283.80,      1283.80,      1283.15,      1283.15,-0.39
,Nifty Ind Defence,      9670.90,      9722.95,      9825.20,      9706.10,      9708.85,37.95
,Nifty Ind Tourism,      7835.30,      7835.05,      7858.70,      7816.05,      7816.30,-19.00
,Nifty Capital Mkt,      5357.20,      5406.40,      5453.35,      5389.40,      5419.35,62.15
,Nifty500Momentm50,     54963.70,     55017.05,     55123.95,     54727.90,     54778.70,-185.00
,NiftyMS400 MQ 100,     51755.20,     51789.80,     51810.90,     51490.15,     51529.60,-225.60
,NiftySml250MQ 100,     49077.45,     49257.85,     49391.35,     49134.60,     49171.75,94.30
,Nifty Top 10 EW,      8587.05,      8604.55,      8645.35,      8593.30,      8593.30,6.25
,Nifty AQL 30,     22582.35,     22586.10,     22588.10,     22391.05,     22391.05,-191.30
,Nifty AQLV 30,     19890.55,     19932.40,     19933.35,     19824.75,     19838.35,-52.20
,Nifty EV,      3243.85,      3243.15,      3244.15,      3212.50,      3217.05,-26.80
,Nifty HighBeta 50,      4423.40,      4432.70,      4471.30,      4432.70,      4450.60,27.20
,Nifty New Consump,     11992.65,     11998.10,     12034.10,     11963.90,     11964.65,-28.00
,Nifty Corp MAATR,     38471.00,     38540.95,     38787.15,     38498.85,     38713.55,242.55
,Nifty Low Vol 50,     24296.45,     24334.10,     24357.15,     24256.50,     24256.60,-39.85
,Nifty Mobility,     23122.60,     23142.65,     23208.90,     23054.60,     23057.60,-65.00
,Nifty Qlty LV 30,     16455.45,     16468.95,     16470.50,     16340.75,     16342.90,-112.55
,Nifty Sml250 Q50,     25353.35,     25414.30,     25469.45,     25359.40,     25390.30,36.95
,Nifty Top 15 EW,      9664.70,      9685.00,      9722.25,      9672.00,      9672.00,7.30
,Nifty100 Alpha 30,     17944.00,     17970.55,     17995.35,     17893.85,     17952.60,8.60
,Nifty100 Enh ESG,      4988.60,      4995.60,      5005.75,      4986.95,      4986.95,-1.65
,Nifty200 Value 30,     14811.95,     14823.05,     14866.70,     14765.85,     14821.90,9.95
,Nifty500 EW,     15008.60,     15033.85,     15067.15,     15020.50,     15024.90,16.30
,Nifty Multi MQ 50,     41850.15,     41820.05,     41845.90,     41544.75,     41586.05,-264.10
,Nifty500 Value 50,     16008.00,     16028.85,     16040.20,     15963.55,     15997.00,-11.00
,Nifty Top 20 EW,      8793.20,      8809.40,      8823.90,      8782.05,      8782.05,-11.15
,Nifty CoreHousing,     15573.90,     15528.25,     15557.45,     15433.50,     15459.45,-114.45
,Nifty FinSerExBnk,     31925.00,     31992.50,     32302.60,     31992.50,     32179.70,254.70
,Nifty Housing,     11792.60,     11790.15,     11825.70,     11760.95,     11795.05,2.45
,Nifty IPO,      2406.65,      2417.15,      2431.45,      2416.20,      2424.30,17.65
,Nifty MS Fin Serv,     22693.10,     22779.00,     22951.85,     22760.45,     22818.45,125.35
,Nifty MS Ind Cons,     18588.30,     18572.55,     18639.60,     18510.70,     18520.35,-67.95
,Nifty MS IT Telcm,     10141.00,     10190.30,     10276.25,     10183.60,     10205.90,64.90
,Nifty NonCyc Cons,     15015.20,     15019.80,     15048.80,     14962.30,     14963.70,-51.50
,Nifty Rural,     15111.25,     15129.55,     15175.35,     15087.20,     15095.40,-15.85
,Nifty Shariah 25,      7892.45,      7907.25,      7913.55,      7842.75,      7851.85,-40.60
,Nifty Trans Logis,     25753.05,     25781.55,     25834.50,     25661.25,     25671.20,-81.85
,Nifty50 Shariah,      4224.10,      4234.30,      4245.85,      4209.60,      4212.70,-11.40
,Nifty500 LMS Eql,     18582.90,     18611.90,     18654.15,     18583.70,     18583.75,0.85
,Nifty500 Shariah,      6970.50,      6977.35,      6983.15,      6942.65,      6943.25,-27.25
,Nifty500 Qlty50,     19674.05,     19738.65,     19787.10,     19620.55,     19624.60,-49.45
,Nifty500 LowVol50,     22011.35,     22039.85,     22041.20,     21894.10,     21903.55,-107.80
,Nifty500 MQVLv50,     30428.55,     30456.10,     30461.85,     30320.00,     30322.90,-105.65
,Nifty500 Flexicap,      9948.15,      9978.55,      9993.20,      9953.30,      9964.55,16.40
,Nifty TMMQ 50,     44503.90,     44496.05,     44556.45,     44223.95,     44285.55,-218.35
,Nifty FPI 150,      1554.35,      1555.60,      1559.95,      1553.70,      1553.70,-0.65
,Nifty SME Emerge,     14761.70,     14774.45,     14791.60,     14740.60,     14768.65,6.95
,Nifty Internet,      1455.65,      1456.65,      1472.95,      1456.65,      1460.80,5.15
,Nifty Chemicals,     30322.45,     30364.65,     30377.65,     30096.30,     30101.80,-220.65
,Nifty Waves,      1869.10,      1876.00,      1897.10,      1872.65,      1893.05,23.95
,Nifty InfraLog,     11979.10,     12002.40,     12045.50,     11976.95,     11976.95,-2.15
,Nifty500 Health,     21625.75,     21642.50,     21668.35,     21473.20,     21481.25,-144.50
,Nifty RailwaysPSU,      2759.65,      2764.70,      2778.00,      2756.80,      2769.65,10.00
,NiftyConglomerate,     15110.45,     15133.65,     15179.25,     15109.05,     15156.60,46.15
,Nifty MidSmall 50 50,     20999.15,     21032.55,     21080.00,     20988.95,     20996.35,-2.80
,Nifty Cement,     14588.20,     14613.20,     14682.00,     14570.70,     14651.60,63.40
,Nifty Smallcap 500,     21018.80,     21081.70,     21144.30,     21067.70,     21086.60,67.80
,Nifty REITs Realty,      1957.35,      1961.00,      1964.50,      1941.55,      1945.60,-11.75
,India VIX,11.3375,11.3375,11.3375,10.5650,10.6800,-0.6575

,ADVANCES,2341
,DECLINES,1687
,UNCHANGED,106

,Total securities that have hit their price bands today,286

,TOP 25 Securities Today :
,SYMBOL,SERIES,PREV. CLOSE,CLOSE PRICE,%VAR,VALUE(Rs Crs)
,SWIGGY,EQ,       269.30,       276.10,2.53,5111.98
,IFCI,EQ,        95.91,       101.38,5.70,4197.18
,BSE,EQ,      3306.10,      3409.80,3.14,2739.58
,RELIANCE,EQ,      1302.50,      1322.00,1.50,1728.36
,LUMINO,EQ,       110.32,       114.50,3.79,1622.80
,TEJASNET,EQ,       567.45,       614.15,8.23,1589.85
,NIACL,EQ,       195.33,       229.91,17.70,1493.04
,ESDS,EQ,       429.00,       908.40,111.75,1311.59
,POLYCAB,EQ,      8807.50,      8300.00,-5.76,1302.55
,PCJEWELLER,EQ,        10.52,        11.86,12.74,1242.75
,KEI,EQ,      5327.00,      4850.00,-8.95,1173.00
,HDFCBANK,EQ,       706.65,       712.10,0.77,1033.81
,JINDWORLD,EQ,        48.15,        57.51,19.44,1023.95
,HBLENGINE,EQ,       665.55,       695.75,4.54,1012.26
,DHOOTTRANS,EQ,      1583.50,      1615.70,2.03,981.43
,NETWEB,EQ,      5270.00,      5193.00,-1.46,961.49
,ICICIBANK,EQ,      1430.00,      1423.20,-0.48,956.69
,ATHERENERG,EQ,      1638.90,      1584.00,-3.35,888.63
,ANGELONE,EQ,       286.00,       299.80,4.83,882.51
,GROWW,EQ,       190.24,       194.00,1.98,867.43
,PAYTM,EQ,      1637.00,      1659.50,1.37,866.70
,GLAND,EQ,      2907.90,      2932.40,0.84,864.42
,MCX,EQ,      3170.20,      3275.40,3.32,803.78
,PWL,EQ,       120.60,       126.42,4.83,788.09
,IDEA,EQ,        14.48,        15.02,3.73,787.10

,Top Five Nifty 50 Gainers:
,SYMBOL,SERIES,CLOSE PRICE,PREV.CLOSE,%CHANGE
,SBILIFE,EQ,      1775.00,      1715.00,3.50
,TATASTEEL,EQ,       188.79,       184.20,2.49
,HDFCLIFE,EQ,       546.40,       533.50,2.42
,RELIANCE,EQ,      1322.00,      1302.50,1.50
,TRENT,EQ,      2853.00,      2815.60,1.33

,Top Five Nifty 50 Losers:
,SYMBOL,SERIES,CLOSE PRICE,PREV.CLOSE,%CHANGE
,HCLTECH,EQ,      1293.40,      1319.00,-1.94
,BHARTIARTL,EQ,      1840.00,      1869.00,-1.55
,MARUTI,EQ,     12694.00,     12857.00,-1.27
,BAJAJFINSV,EQ,      1970.00,      1992.10,-1.11
,MAXHEALTH,EQ,       984.80,       994.90,-1.02

,Securities Price Volume Data in Normal market
,SYMBOL,SERIES,CLOSE PRICE,TRADED VALUE,TRADED QUANTITY
,0MOFSL27,N3,      1210.50,                    36315.00,30
,1003SFIL28,NX,       411.00,                     1644.00,4
,1015ECL29,NR,      1017.00,                   722424.32,710
,1015SCL28,NR,      1000.00,                     6000.00,6
,1015SCL28B,AZ,       864.00,                      864.00,1
,1015SCL29B,N1,      1105.38,                     1105.38,1
,1018GS2026,GS,       104.96,                   545533.64,5208
,1025PATE28,N0,     99500.00,                    99500.00,1
,1025UCL26A,N1,       999.70,                     5000.18,5
,1025VCCL28,N0,     96000.00,                  1431000.00,15
,1050UCL28,NH,      1015.00,                   313635.00,309
,1060ECL29,NS,      1069.50,                   117645.00,110
,1065NFL27,NC,      1011.00,                   435741.00,431
,1075WCA28,N0,      9405.00,                    38304.00,4
,10IIFL28,N4,      1000.00,                   809928.41,807
,10IIFL28A,NE,      1046.98,                   805920.02,770
,10IIFL29,N6,      1024.00,                    20480.00,20
,10ISFL26,N3,      1066.80,                    26670.00,25
,1125AFIL29,N0,      9809.00,                   392360.00,40
,1150AFIL29,N0,      9903.00,                   208017.18,21
,115VCCL31,N0,     99000.00,                    99000.00,1
,125VCCL31,N0,     97199.00,                   388998.00,4
,1275DCCL28,N0,      9976.14,                    39904.56,4
,12AFIL27,N0,     10002.20,                    50011.00,5
,12AFIL28,N0,      9900.00,                   149010.00,15
,12VCCL29B,N0,     98000.00,                   980000.00,10
,182D100926,TB,        99.33,                    99330.00,1000
,182D260227,TB,        96.50,                    19301.00,200
,20MICRONS,EQ,       222.49,                 38639237.99,174812
,21STCENMGM,EQ,        38.13,                    78150.66,2056
,360ONE,EQ,      1137.00,                688260495.50,603451
,364D031226,TB,        98.71,                  1480650.00,15000
,364D100627,TB,        95.73,                   266868.00,2800
,364D110227,TB,        96.90,                     9690.00,100
,364D110327,TB,        96.50,                    19283.00,200
,364D130527,TB,        95.93,                    38279.00,400
,364D231026,TB,        98.90,                    49450.00,500
,364D251226,TB,        97.55,                   292675.00,3000
,364D290427,TB,        96.00,                   172395.00,1800
,364D291026,TB,        98.85,                    98680.00,1000
,3BBLACKBIO,EQ,      1460.10,                 28417563.40,19626
,3IINFOLTD,BE,        22.37,                  3599783.63,161133
,3MINDIA,EQ,     32845.00,                 30562740.00,932
,3PLAND,EQ,        32.39,                   365106.68,11543
,574GS2026,GS,       101.95,                      101.95,1
,585GS2030,GS,        98.50,                    49348.50,501
,591GS2028,GS,       100.69,                  1544224.70,15340
,5PAISA,EQ,       342.10,                 90740393.40,258086
,601GS2030,GS,        98.50,                     1871.50,19
,603GS2029,GS,       100.47,                    10047.00,100
,610GS2031,GS,        97.00,                    19400.00,200
,620GS2029,GS,       100.20,                   701400.00,7000
,633GS2035,GS,        99.30,                    19750.80,199
,63MOONS,EQ,       876.50,               1003549857.90,1136718
,648GS2035,GS,       100.00,                     1000.00,10
,653CG28,SG,        96.80,                    19360.00,200
,654GS2032,GS,       100.16,                  1769516.61,17692
,664GS2027,GS,       101.20,                    10120.00,100
,667GS2035,GS,       100.20,                    80059.80,799
,667GS2050,GS,        93.00,                       93.00,1
,668GS2033,GS,       100.00,                    29791.00,300
,668GS2040,GS,        97.80,                  1966047.00,20102
,676GS2061,GS,        90.65,                   344184.05,3797
,679GS2031,GS,       100.50,                    11065.00,110
,679GS2034A,GS,        99.93,                    19886.07,199
,68GS2060,GS,        91.00,                    90090.00,990
,690GS2065,GS,        93.74,                  1612385.00,17185
,692GS2039,GS,        97.02,                    48510.00,500
,694GS2036,GS,       102.20,                    11045.04,108
,695GS2061,GS,        94.70,                      188.70,2
,702GS2027,GS,       102.00,                    10200.00,100
,704GS2029,GS,       103.00,                    10300.00,100
,706GS2028,GS,       104.32,                  1679360.00,16100
,706GS2041,GS,       100.15,                   401973.50,3990
,709GS2054,GS,        95.98,                  1180670.19,12308
,709GS2074,GS,        95.60,                   148478.60,1551
,710GS2029,GS,       104.00,                   112515.80,1089
,716GS2050,GS,       102.00,                     1530.00,15
,717GS2030,GS,       103.81,                  1038100.00,10000
,718GS2033,GS,       101.97,                    10197.00,100
,718GS2037,GS,       102.80,                  3922112.02,38273
,719GS2060,GS,        99.60,                     2490.00,25
,723GS2039,GS,       104.58,                    10458.00,100
,724GS2055,GS,        96.82,                  1554247.86,16037
,725GS2063,GS,        96.98,                 25815010.02,266232
,726GS2032,GS,       103.40,                   247440.00,2400
,726GS2033,GS,       103.25,                   165200.00,1600
,726MH30,SG,        99.00,                     9900.00,100
,732GS2030,GS,       104.00,                    20761.00,200
,733GS2026,GS,       102.11,                    20422.00,200
,734GS2064,GS,        98.85,                 12619575.22,127566
,735MH31,SG,        97.20,                    48600.00,500
,735PFCL35,N1,      1202.10,                   925617.00,770
,736GS2052,GS,       101.15,                  3138812.65,31009
,737GS2028,GS,       106.47,                   380400.22,3575
,737RJ30,SG,        97.03,                     9703.00,100
,738GS2027,GS,       102.62,                  3046813.98,29686
,738REC27TF,N2,      1075.00,                   215000.00,200
,73GS2053,GS,        98.85,                  5384594.52,54492
,741GS2036,GS,       105.00,                   212284.58,2022
,743GS2076,GS,        99.83,                  1494093.65,14967
,746GS2073,GS,       101.50,                    10149.85,101
,74GS2062,GS,       103.00,                    50261.00,502
,750GS2056,GS,       102.24,                   450602.00,4412
,753IRFC30,NJ,      1137.00,                   115974.99,102
,754GS2036,GS,       106.18,                 40313098.06,379689
,755GJ30,SG,        96.59,                    28977.00,300
,757MH31,SG,        95.00,                   257530.00,2700
,762NTPC35F,ND,      1217.00,                   191069.00,157
,764AP31,SG,        96.48,                     9648.00,100
,764HUDCO31,N8,      1125.00,                   353435.00,313
,764NABAR31,N2,      1118.00,                  1034878.00,931
,769HUDCO31,N9,      1136.80,                   363570.00,320
,769NHAI31,NE,      1153.00,                  1308685.00,1135
,76NHAI31,NA,      1110.10,                   108829.55,98
,771GS2066,GS,       103.66,                 13465699.89,129820
,775DL41,SG,        99.12,                     9912.00,100
,777HP49,SG,        97.20,                   272180.00,2800
,792BR51,SG,       102.55,                    10255.00,100
,795GS2032,GS,       106.40,                    21280.00,200
,797IGT31,NL,      1017.80,                   177879.00,175
,797TS43,SG,        96.43,                    77144.00,800
,79NHIT35,N1,       311.25,                    15562.50,50
,79NHIT40,N2,       312.00,                      312.00,1
,79NHIT47,N3,       418.00,                   302871.00,725
,810IRFC27,N2,      1082.00,                   108200.00,100
,81TCHF28,N8,      1014.40,                   126809.00,125
,824GS2027,GS,       101.70,                    62575.50,615
,824GS2033,GS,       108.46,                   216920.00,2000
,82HUDCO27,N2,      1053.01,                    31672.06,30
,830NHAI27,N2,      1086.40,                   775163.18,713
,832GS2032,GS,       107.01,                    21914.01,202
,840IRFC29,N8,      1307.80,                     6539.00,5
,842IIFL26,NL,       998.00,                   379457.80,380
,843IHFL29,NC,       985.00,                    37373.00,38
,855IREDA29,N2,      1110.10,                     5550.50,5
,860AEL28,NH,      1060.00,                   529572.70,500
,862AEL31,NM,      1025.00,                    11275.00,11
,865IFL28,NZ,       986.01,                   666253.75,675
,865IIFL28,NS,       991.00,                   334967.70,338
,865IRFC29,NA,      1107.00,                    22150.00,20
,865LTF26,NN,      1065.00,                    10650.00,10
,865SCL27,N4,      1001.00,                     3003.00,3
,865TCAPS27,N8,      1009.05,                    11119.05,11
,871REC28,N9,      1121.42,                   249973.70,223
,875AEL29,NK,      1053.00,                   568620.00,540
,875NHAI29,N6,      1118.24,                   490890.70,440
,875SCL23A,YI,      1010.00,                    97970.00,97
,875SFL27,ZF,      1010.00,                     3030.00,3
,876HUDCO28,ND,      1135.00,                   533130.50,470
,879NHPC28,N5,      1110.00,                   884670.00,797
,880IREDA34,N6,      1250.00,                   125000.00,100
,885AEL28,NB,      1030.00,                    25750.00,25
,885SCL26,N9,      1077.00,                  3233350.28,3000
,885TCAPS29,NC,      1021.00,                     1021.00,1
,888ECL28,N1,       982.10,                   403203.89,410
,888SCL25E,N4,       915.20,                    68633.00,75
,889SCFL27,YC,       991.20,                    28822.86,29
,890AEL31,NN,      1056.90,                    26415.30,25
,891IIFCL34,N4,      1270.00,                   136811.08,109
,891NTPC33,N6,      1273.74,                   224128.66,176
,892NHPC33,N6,      1260.00,                   882000.00,700
,892PFCL33,N8,      1276.05,                    12760.50,10
,893NHB29,N6,      5600.00,                   207200.00,37
,897GS2030,GS,       112.50,                  1490628.23,13236
,898LTF29,N7,      1072.00,                   126068.72,118
,89IHFL29,N1,       980.00,                   117600.00,120
,901HUDCO34,NE,      1280.00,                   431900.45,337
,901NHB34,N6,      6378.63,                   133965.00,21
,902SCL28,N1,      1000.64,                    75048.00,75
,903SFL28,YI,      1036.00,                    10360.00,10
,905SCL36,N0,    100100.00,                 15015000.00,150
,910TCAP28,NA,      1107.00,                     1107.00,1
,915AEL28,NC,      1019.22,                   318711.42,311
,915APSBC28,N0,    101599.00,                   101599.00,1
,915APSBC35,N0,    105125.00,                   105125.00,1
,915SCL26,NE,      1083.99,                   114902.94,106
,91D121126,TB,        98.69,                    49345.00,500
,91D170926,TB,        99.67,                    99712.00,1000
,91D221026,TB,        99.20,                   416616.00,4200
,91D291026,TB,        99.00,                   990000.00,10000
,925IIFL32A,N0,    100000.00,                   100000.00,1
,92GS2030,GS,       115.25,                  2159402.19,18736
,930AEL30,NF,      1045.00,                    21815.00,21
,930APMD32,N0,    105495.00,                   210990.00,2
,930SFL28,YP,      1040.00,                    13520.00,13
,943ECL28,NJ,      1003.00,                   559679.10,558
,948SCL26A,NN,       325.55,                   465906.13,1170
,948SCL27D,N1,      1060.00,                     3180.00,3
,957ICCL25,YW,      1042.00,                   469941.50,451
,965AEL27,N4,      1012.00,                   124464.15,123
,965ISF28,N0,     99000.00,                    99000.00,1
,965SCL25F,NZ,       840.00,                    16800.00,20
,96IIFL28,N5,      1002.24,                  5289975.43,5282
,96IIFL28A,NF,      1003.63,                   620793.96,619
,96SFIL24A,NB,       992.00,                   248992.00,251
,970CAGL28,ND,      1021.00,                   305292.40,299
,971SCL30,N1,      1021.52,                   106238.08,104
,975ISF28,N0,     99000.00,                   693000.00,7
,97SFL29,YZ,      1091.55,                   218310.00,200
,985ECL28,NK,      1003.99,                   521923.40,520
,990SCL26,N7,       365.80,                     5487.00,15
,995SCL2035,NM,      1008.64,                    50432.00,50
,99AEL29,N7,      1055.00,                     5275.00,5
,99SCL27V,N1,      1060.00,                  1580535.60,1525
,9AEL30,NE,      1050.85,                    10503.50,10
,9IIFL31,Y9,      1021.00,                   153150.00,150
,9PFL31A,NA,      1038.00,                    20760.00,20
,9SCL26BA,NA,      1083.25,                    64938.75,60
,A2ZINFRA,EQ,        15.61,                  4823642.09,308540
,AAATECH,EQ,        91.74,                  1039757.08,11314
,AADHARHFC,EQ,       483.55,                 95642343.20,197998
,AAKAAR,SM,        62.70,                   698800.00,11200
,AAKASH,EQ,         8.75,                  1224152.12,139620
,AARADHYA,SM,       110.80,                 41959320.00,398400
,AAREYDRUGS,EQ,        95.79,                 10430625.76,109417
,AARNAV,BE,        32.17,                    75047.71,2300
,AARON,EQ,       128.45,                   561249.74,4376
,AARTECH,BE,        48.64,                   647138.84,13250
,AARTIDRUGS,EQ,       431.65,                109111439.95,250307
,AARTIIND,EQ,       492.05,                381121164.50,767774
,AARTIPHARM,EQ,       858.80,                399406199.05,463265
,AARTISURF,BE,       548.50,                  5028820.10,9195
,AARVI,EQ,       141.92,                  1106368.64,7773
,AASTHA,EQ,        78.12,                 17965074.04,228188
,AATMAJ,SM,        18.25,                    36500.00,2000
,AAVAS,EQ,      1304.20,                 79037732.10,60456
,ABAN,BE,        14.99,                   542097.74,36824
,ABANSENT,EQ,        27.86,                   175622.07,6398
,ABBOTINDIA,EQ,     26065.00,                229246080.00,8803
,ABCAPITAL,EQ,       404.90,                876957923.55,2167785
,ABCOTS,EQ,       208.15,                   943697.12,4500
,ABDL,EQ,       609.95,                 69675581.95,114222
,ABFRL,EQ,        52.97,                426909612.43,8157673
,ABGSEC,EQ,       113.58,                    11891.20,104
,ABH,ST,        80.70,                 11136600.00,138000
,ABHAPOWER,SM,        24.60,                   570560.00,24000
,ABINFRA,BE,        11.35,                  2613015.27,234755
,ABLBL,EQ,        86.07,                 72950470.97,852050
,ABMINTLLTD,BE,        55.86,                    18880.68,338
,ABMKNO,EQ,       189.90,                   104689.50,556
,ABREL,EQ,      1373.60,                 94708293.30,68679
,ABSL10BANK,EQ,       168.65,                    26329.98,156
,ABSLAMC,EQ,      1062.30,                134726426.00,127937
,ABSLBANETF,EQ,        59.06,                  3638326.45,61627
,ABSLLIQUID,EQ,      1000.00,                  1302003.74,1302
,ABSLMSCIN,EQ,        29.44,                    31525.25,1070
,ABSLNN50ET,EQ,        77.08,                   464538.55,6022
,ABSLPSE,EQ,        10.18,                  1124325.08,110576
,ABSMARINE,SM,       337.90,                114435100.00,343500
,ACC,EQ,      1283.80,                129978158.20,101446
,ACCELYA,EQ,      1131.00,                  2668464.90,2359
,ACCENTMIC,SM,       617.80,                 34771325.00,56500
,ACCORD,ST,       188.45,                   376900.00,2000
,ACCPL,ST,       200.00,                  2660400.00,13200
,ACCURACY,BE,         4.31,                   109126.56,25313
,ACE,EQ,      1125.40,                645285823.50,557111
,ACEINTEG,EQ,        17.83,                   325265.72,17975
,ACETEC,SM,       139.00,                   166800.00,1200
,ACGL,EQ,      1797.60,                  1104711.50,616
,ACI,EQ,       504.20,                322552684.90,640010
,ACL,EQ,        43.36,                   790050.60,18265
,ACMESOLAR,EQ,       418.00,               2589884574.75,6203953
,ACSTECH,BE,        51.83,                  6427167.44,124987
,ACUTAAS,EQ,      3168.50,                476850429.80,149850
,ADDICTIVE,SM,        43.30,                   369500.00,8500
,ADDIND,EQ,        79.34,                    39273.15,486
,ADFFOODS,EQ,       264.80,                 20904529.30,78833
,ADISOFT,SM,       206.25,                 10136560.00,49600
,ADL,EQ,        72.00,                    55232.18,757
,ADOR,EQ,      1674.40,                 45410047.80,26990
,ADROITINFO,EQ,        10.31,                   112986.73,10874
,ADSL,EQ,       104.13,                  6646060.64,63640
,ADVAIT,EQ,      2151.30,                145660106.80,66736
,ADVANCE,EQ,       117.43,                 13967473.16,118344
,ADVANIHOTR,EQ,        49.45,                  1092467.18,22126
,ADVENTHTL,EQ,       134.57,                 10517378.30,78410
,ADVENZYMES,EQ,       293.20,                 76201264.90,257142
,ADVIKCA,EQ,         1.12,                   372742.22,329513
,AEGISLOG,EQ,      1270.20,                861114864.40,665965
,AEGISVOPAK,EQ,       284.50,                226886490.15,788218
,AEL120924A,N5,      1200.00,                    37200.00,31
,AEL170725,ND,      1095.00,                    38325.00,35
,AEL170725A,NG,      1095.00,                   109500.00,100
,AEPL,EQ,        17.50,                  2989103.37,170886
,AEQUS,EQ,       242.18,                439026679.44,1802739
,AEROENTER,EQ,       141.81,                 67996617.80,477542
,AEROFLEX,EQ,       537.45,                554442601.85,1026759
,AERON,SM,        83.00,                  2039450.00,25000
,AERONEU,EQ,        80.57,                  6549152.23,80348
,AEROPLANE,EQ,       194.29,                139871004.10,724408
,AESTHETIK,SM,        69.80,                   415850.00,6000
,AETHER,EQ,      1625.60,                336102327.40,205632
,AFCONS,EQ,       292.80,                117672294.45,400459
,AFFLE,EQ,      1616.50,               5160546853.40,3213241
,AFFORDABLE,EQ,       157.47,                  3443318.48,21622
,AFIL,EQ,         9.22,                  5389185.34,579665
,AFSL,EQ,       202.07,                  1981541.43,9724
,AGARIND,EQ,       450.80,                 24999195.40,56050
,AGARWALEYE,EQ,       514.10,                 41780131.50,81568
,AGARWALTUF,SM,       140.60,                  6638700.00,48000
,AGI,EQ,       735.25,                 72590554.10,98049
,AGIIL,EQ,       283.70,                 73462216.05,261176
,AGL,EQ,        13.65,                 13476262.97,978529
,AGRITECH,EQ,       101.21,                   349121.82,3474
,AGROPHOS,EQ,        25.77,                   335196.88,12923
,AGSTRA,BZ,         1.99,                   289258.82,146893
,AHCL,EQ,        15.68,                 32180628.72,2049674
,AHIMSA,ST,        25.75,                  5948250.00,231000
,AHLADA,EQ,        37.29,                   420014.00,11371
,AHLEAST,EQ,       136.51,                   134946.95,987
,AHLUCONT,EQ,       599.05,                135319422.35,225666
,AHLWEST,BE,       530.85,                   230619.50,442
,AIAENG,EQ,      4231.20,                501324698.20,117943
,AIIL,EQ,       519.90,                 76063846.65,145614
,AILIMITED,SM,        22.25,                   200250.00,9000
,AIMTRON,SM,      1582.60,                 29719650.00,18600
,AIRAN,EQ,        15.44,                  3213186.77,208770
,AIROLAM,EQ,        86.46,                    68975.27,797
,AISL,SM,        59.95,                  2689890.00,45000
,AJANTPHARM,EQ,      3464.80,                227242339.40,65346
,AJAXENGG,EQ,       582.45,                 43092839.40,74192
,AJMERA,EQ,       117.76,                 52557042.36,443302
,AJOONI,EQ,         3.71,                   546054.63,147021
,AKANKSHA,SM,       136.70,                  7385900.00,55000
,AKASH,EQ,        25.60,                   139892.29,5520
,AKCAPIT,EQ,      1736.90,                  1163226.60,674
,AKG,EQ,         9.59,                   349804.21,37356
,AKI,EQ,         7.22,                  1868572.10,258805
,AKIKO,SM,       416.15,                 11153280.00,27200
,AKSHAR,EQ,         0.42,                   474351.40,1110421
,AKSHARCHEM,BE,       444.85,                 30166261.30,70539
,AKSHOPTFBR,BE,         7.43,                  1660683.67,227194
,AKUMS,EQ,       765.75,                257909160.65,338753
,ALANKIT,EQ,         8.14,                   620142.69,76587
,ALBERTDAVD,EQ,       860.25,                  2877043.15,3339
,ALCODIS,SM,        68.40,                   295437.50,4375
,ALEMBICLTD,EQ,       111.41,                597581071.02,5309246
,ALFREDHE,EQ,      2898.90,                    65135.50,23
,ALGOQUANT,EQ,        64.50,                 72907576.62,1132524
,ALICON,EQ,       684.20,                  8746139.40,12867
,ALIVUS,EQ,      1366.30,                235034344.10,169642
,ALKALI,BE,        65.55,                   380375.74,5638
,ALKEM,EQ,      5190.00,                327423815.00,63261
,ALKYLAMINE,EQ,      2020.90,                198998907.20,97864
,ALLCARGO,EQ,        12.44,                158348010.29,12711642
,ALLDIGI,EQ,       805.85,                  2081171.05,2586
,ALLETEC,SM,       137.25,                  3068160.00,22400
,ALLTIME,EQ,       206.08,                 35356223.56,171524
,ALMONDZ,EQ,        17.89,                  5397065.14,302678
,ALOKINDS,EQ,         7.83,                524704517.19,65791332
,ALPA,EQ,        62.71,                   578468.52,9194
,ALPEXSOLAR,SM,       889.30,                 90475475.00,101900
,ALPHA,EQ,        54.16,                 36186904.44,667379
,ALPHAETF,EQ,        26.58,                 12827348.87,481962
,ALPHAGEO,BE,       323.85,                  4880105.90,15099
,ALPINETEX,EQ,        57.76,                 19260026.54,337604
,ALPL30IETF,EQ,        27.59,                 13087658.22,473904
,ALUFLUOR,EQ,       499.05,                  2115600.30,4229
,ALUWIND,SM,        49.20,                   437775.00,9000
,AMAGI,EQ,       563.30,                103217270.05,183462
,AMAL,EQ,       743.20,                  3672642.35,4940
,AMANTA,BE,       194.03,                  2199330.05,11335
,AMARJOTHI,EQ,       160.94,                  1570680.11,9739
,AMBAAUTO,SM,       110.50,                 14017200.00,126000
,AMBALALSA,BE,        43.73,                  1760411.70,39962
,AMBER,EQ,      7474.00,                958773669.50,128335
,AMBICAAGAR,EQ,        27.21,                 14246641.92,520846
,AMBIKCO,EQ,      1639.10,                  9678668.20,5906
,AMCL,SM,       370.00,                   583960.00,1600
,AMDIND,EQ,        60.32,                  4470654.58,73559
,AMEYA,SM,       107.15,                   214300.00,2000
,AMJLAND,EQ,        39.47,                   138832.95,3541
,AMNPLST,EQ,       172.89,                   984167.66,5639
,AMRUTANJAN,EQ,       505.45,                 20742267.40,41069
,ANANDRATHI,EQ,      2215.90,                265196998.30,119776
,ANANTAM,IV,       106.00,                  1431325.96,13503
,ANANTRAJ,EQ,       625.45,               2673085693.55,4215356
,ANAWIL,SM,       382.40,                117413600.00,308800
,ANDHRAPAP,EQ,        64.45,                 21883284.51,342517
,ANDHRSUGAR,EQ,        99.51,                 47824065.33,477164
,ANDREWYU,EQ,        27.93,                  1197794.99,42562
,ANGELONE,EQ,       299.80,               8825066015.90,29274355
,ANIKINDS,EQ,        45.00,                    92546.22,2038
,ANKITMETAL,BZ,         1.70,                    11137.41,6585
,ANLON,SM,       670.00,                  4542580.00,6800
,ANMOL,EQ,        10.08,                   485464.22,48326
,ANNAPURNA,EQ,       140.20,                 13774275.44,96996
,ANNU,BE,        68.23,                 28147292.89,412335
,ANONDITA,SM,      1109.55,                 79668500.00,71200
,ANSALAPI,BZ,         3.31,                    27809.54,8384
,ANSALBU,EQ,        80.68,                    71967.57,905
,ANTELOPUS,EQ,       957.15,               4805165352.50,4816181
,ANTGRAPHIC,EQ,         0.73,                   150438.62,202908
,ANTHEM,EQ,       934.05,                821102343.75,872940
,ANUHPHR,EQ,        81.10,                  6539239.53,80373
,ANUP,EQ,      1785.80,                 19147500.50,10691
,ANURAS,EQ,      1238.70,                101814132.70,82271
,ANYA,SM,        15.30,                    76500.00,5000
,ANZEN,IV,       129.00,                  3225000.00,25000
,AONEGOLD,EQ,        14.37,                  6764581.69,470758
,AONELIQUID,EQ,      1075.67,                 19841873.70,18446
,AONENIFTY,EQ,         9.89,                   875018.40,88348
,AONESILVER,EQ,         8.89,                  2348916.25,264493
,AONETMMQ50,EQ,        10.30,                   330989.08,32103
,AONETOTAL,EQ,        11.93,                  2241719.70,188125
,APARINDS,EQ,     17421.00,               1640579285.00,93101
,APCL,EQ,       101.42,                   504691.74,4976
,APCOTEXIND,EQ,       635.50,                111377373.60,172649
,APEX,EQ,       375.15,                 37664500.90,99807
,APEXECO,ST,       278.20,                  2786800.00,10400
,APLAPOLLO,EQ,      2250.00,               2123707808.80,955928
,APLLTD,EQ,       808.20,                139867334.35,174296
,APOLLO,EQ,       388.90,               1747437304.55,4500219
,APOLLOPIPE,EQ,       605.10,                 46377828.00,76562
,APOLLOTYRE,EQ,       429.55,                175436511.95,407526
,APOLSINHOT,EQ,      1218.10,                   764974.90,625
,APRAMEYA,SM,       116.50,                  2482975.00,21000
,APS,SM,       244.75,                  2941150.00,12000
,APSISAERO,ST,       611.30,                  1467120.00,2400
,APTECHT,BE,        89.13,                 11550891.02,128869
,APTUS,EQ,       258.85,                311197175.14,1203338
,AQYLON,EQ,        22.46,                 12377345.92,555317
,ARCHIDPLY,EQ,       104.89,                  1832632.45,17295
,ARCHIES,EQ,        12.90,                   134089.58,10318
,ARCIIL,SM,        36.95,                   147150.00,4000
,ARCL,EQ,       225.00,                   220537.69,998
,ARDEE,EQ,        55.66,                124632052.43,2239330
,ARE&M,EQ,       864.20,                314148605.05,363791
,ARENTERP,EQ,        34.65,                    20991.39,597
,ARFIN,EQ,        87.24,                 99188227.23,1136109
,ARHAM,SM,       213.95,                 17230900.00,81000
,ARIES,EQ,       500.10,                 29715171.55,59836
,ARIHANT,EQ,       953.15,                  1112764.10,1172
,ARIHANTACA,SM,       498.25,                  1793780.00,3600
,ARIHANTCAP,EQ,        79.69,                 18733203.12,235293
,ARIHANTSUP,EQ,       229.50,                  8916907.30,37696
,ARIS,EQ,       128.56,                213311946.96,1642011
,ARKADE,EQ,       125.22,                 35325916.48,285467
,ARMANFIN,EQ,      2069.30,                 87630756.30,42583
,ARMOUR,ST,        18.00,                    36000.00,2000
,AROGRANITE,EQ,        24.55,                   127040.90,5191
,ARROWGREEN,BE,       814.10,                 33590157.45,41808
,ARSHIYA,BZ,         0.73,                   249338.54,349656
,ARSSBL,EQ,       515.05,                 79767694.15,153131
,ARTEMISMED,EQ,       332.80,                295886045.55,885338
,ARTNIRMAN,EQ,        40.63,                     7044.81,172
,ARUNAYA,SM,        14.45,                   172200.00,12000
,ARVEE,EQ,       165.10,                   130858.86,790
,ARVIND,EQ,       552.95,                171795722.55,308497
,ARVINDFASN,EQ,       446.50,                 34026053.60,75363
,ARVINDPORT,SM,        32.00,                   288000.00,9000
,ARVSMART,EQ,       642.50,                 18379019.10,28414
,ARYAMAN,EQ,       620.20,                    79899.30,129
,ASAHIINDIA,EQ,       955.90,                246070003.90,256318
,ASAHISONG,BE,       372.65,                  6722251.05,18001
,ASAL,EQ,       473.75,                 11321120.85,23916
,ASALCBR,EQ,       706.35,                 10045732.95,14302
,ASHALOG,SM,        62.50,                    62500.00,1000
,ASHAPURMIN,EQ,       551.00,                152183165.65,275733
,ASHIANA,EQ,       359.55,                 14826575.10,40739
,ASHIKAG,BE,       426.85,                 35284147.30,82968
,ASHIMASYN,EQ,        17.89,                  3675024.39,207276
,ASHOKA,EQ,       115.55,                115767124.26,998292
,ASHOKAMET,EQ,        13.58,                   236690.95,17200
,ASHOKLEY,EQ,       169.00,               2304474435.93,13509881
,ASHWINI,SM,       180.00,                   180000.00,1000
,ASIANENE,EQ,       517.45,                249638101.80,476280
,ASIANHOTNR,EQ,       384.75,                  4117347.95,10682
,ASIANTILES,EQ,        50.26,                102651872.32,2049363
,ASIANTNE,EQ,         9.74,                   161341.41,16866
,ASKAUTOLTD,EQ,       618.85,                102854566.55,164992
,ASMS,BE,         7.07,                   462030.78,65281
,ASPINWALL,EQ,       259.25,                   612578.30,2331
,ASPIRE,SM,        13.25,                    51500.00,4000
,ASSAMENT,EQ,       830.00,                    13273.70,16
,ASTAR,EQ,       585.00,                     5351.50,9
,ASTEC,EQ,       554.45,                 24704757.90,43913
,ASTERDM,EQ,       785.75,                911614568.70,1157850
,ASTRAL,EQ,      1492.90,                984779588.80,658868
,ASTRAMICRO,EQ,      1729.00,                863137245.10,502645
,ASTRAZEN,EQ,      6944.00,                 45222732.00,6489
,ASTRON,BZ,         3.06,                   136174.19,45331
,ATALREAL,EQ,        26.22,                362621060.47,13883610
,ATAM,EQ,        52.99,                  2280440.59,42586
,ATCENERGY,ST,        22.50,                   272340.00,12000
,ATGL,EQ,       612.35,                274247319.60,445851
,ATHERENERG,EQ,      1584.00,               8886302451.80,5585636
,ATL,EQ,        25.31,                  5518913.51,220494
,ATLANTAA,EQ,        39.15,                   819155.34,20793
,ATLANTAELE,EQ,      1881.70,                193512208.80,102999
,ATLASCYCLE,EQ,        96.18,                   351615.80,3691
,ATLPP,E1,         9.00,                     3080.00,342
,ATMASTCO,SM,       139.50,                  1283240.00,9200
,ATUL,EQ,      6386.00,                117557736.50,18343
,ATULAUTO,EQ,       465.15,                 40936212.50,88513
,AUBANK,EQ,      1065.00,                644294683.10,602949
,AUGMONT,EQ,       901.50,                864620013.85,942895
,AURIONPRO,EQ,       689.70,                 67850598.35,98258
,AUROIMPEX,SM,        27.50,                   437920.00,16000
,AUROPHARMA,EQ,      1653.10,                947192281.70,573938
,AURUM,EQ,       225.16,                 20075958.83,88743
,AURUS,EQ,         4.84,                   127387.94,26293
,AUSL,SM,        24.55,                    49100.00,2000
,AUSOMENT,EQ,       161.79,                  3064350.93,18928
,AUSTENG,EQ,       124.70,                   117527.11,951
,AUTOAXLES,EQ,      1688.70,                 12252961.80,7212
,AUTOBEES,EQ,       287.47,                 55870566.06,194219
,AUTOIETF,EQ,        28.81,                 28259587.58,980798
,AUTOIND,EQ,        86.45,                 53498993.66,600314
,AVADHSUGAR,EQ,       809.50,                 78953673.35,97497
,AVALON,EQ,      2196.60,               1543324603.50,683759
,AVANA,ST,       154.75,                  1237300.00,8000
,AVANCE,EQ,         0.82,                  2465295.71,2992770
,AVANTEL,EQ,       154.96,                 85359412.18,546755
,AVANTIFEED,EQ,       798.60,                166776989.55,208229
,AVG,BE,       166.04,                  6410621.30,38132
,AVIANSH,SM,       102.50,                   618500.00,6000
,AVIENCE,SM,       275.00,                  2799270.00,10200
,AVL,EQ,       600.05,                135134137.45,226161
,AVONMORE,EQ,        13.02,                  4072896.71,310318
,AVPINFRA,SM,        58.25,                  1070960.00,18400
,AVROIND,EQ,         8.72,                  3432490.36,390578
,AVTNPL,EQ,        91.02,                 28318141.42,309025
,AWFIS,EQ,       260.80,                 30987027.95,118804
,AWHCL,EQ,       370.80,                 23943766.70,64504
,AWL,EQ,       187.29,                562059740.73,2987354
,AXISCADES,EQ,      1711.60,                292321339.60,168634
,AXITA,EQ,         8.01,                  2858146.74,356179
,AXTEL,EQ,       394.50,                   577845.15,1470
,AYE,EQ,       184.81,                227713546.74,1223851
,AYMSYNTEX,EQ,       310.70,                 39242961.35,124761
,AZAD,EQ,      2777.30,                624898969.10,224210
,AZADIND,EQ,        89.59,                  3302057.50,36841
,BABAFP,SM,        23.85,                   153120.00,6400
,BAFNAPH,BE,       295.85,                  1420561.95,4794
,BAGDIGITAL,SM,       105.00,                  1180880.00,11200
,BAGFILMS,EQ,         4.51,                  1010761.20,225253
,BAGMANE,RR,       106.28,                 42466543.54,399564
,BAHETI,SM,       846.00,                 11828850.00,13875
,BAIDFIN,EQ,        10.12,                   444006.39,43775
,BAJAJCON,EQ,       517.55,                657173077.40,1279757
,BAJAJELEC,EQ,       331.15,                 24434097.65,73439
,BAJAJHCARE,EQ,       321.45,                148591192.70,458849
,BAJAJHFL,EQ,        83.08,                151768998.25,1824719
,BAJAJHIND,EQ,        21.86,                462969000.48,21280859
,BAJAJINDEF,EQ,       222.69,                  6763634.17,30501
,BAJAJST,EQ,       362.95,                  1809679.55,4966
,BAJEL,EQ,       183.82,                 17509910.49,94742
,BALAJEE,EQ,        26.16,                   455973.20,17375
,BALAJIPHOS,SM,       114.00,                  1458700.00,13000
,BALAJITELE,EQ,        93.17,                141071087.04,1526021
,BALAMINES,EQ,      2525.20,               1533578295.50,608894
,BALAXI,EQ,        25.37,                  1302032.60,50780
,BALCO,SM,        19.00,                    66420.00,3600
,BALKRISHNA,EQ,        17.08,                   104245.52,6016
,BALKRISIND,EQ,      2284.60,                742163483.20,324489
,BALMLAWRIE,EQ,       177.98,                 19010279.41,106907
,BALPHARMA,EQ,        87.73,                   720777.45,8210
,BALRAMCHIN,EQ,       690.60,               1543249872.90,2232338
,BALUFORGE,EQ,       574.10,                750415894.45,1304593
,BANARBEADS,EQ,       113.90,                   148988.04,1302
,BANARISUG,EQ,      3803.30,                  3276412.60,857
,BANCOINDIA,EQ,       623.50,                 48478421.00,77773
,BANDHANBNK,EQ,       164.95,                484362717.92,2928918
,BANG,EQ,        34.79,                  2706437.32,78335
,BANK10ADD,EQ,        16.93,                    38987.94,2303
,BANK10BETF,EQ,        20.90,                    11240.22,538
,BANKA,EQ,        79.00,                   411657.40,5253
,BANKADD,EQ,        58.99,                   324237.69,5499
,BANKBEES,EQ,       596.20,                205955021.58,345232
,BANKBETA,EQ,        59.57,                  3925519.52,65905
,BANKBETF,EQ,        58.56,                   326182.97,5574
,BANKETF,EQ,       586.33,                 11077831.07,18870
,BANKIETF,EQ,        59.14,                 16453430.89,278048
,BANKINDIA,EQ,       145.00,                421059917.66,2902558
,BANKNIFTY1,EQ,        59.71,                  8967577.31,149995
,BANKPSU,EQ,        86.14,                   981124.43,11350
,BANSALWIRE,EQ,       315.00,                 20019986.45,63070
,BANSWRAS,EQ,       117.05,                  3671154.63,31201
,BARFLEX,SM,        60.90,                   718400.00,12000
,BASF,EQ,      3864.90,                116983697.10,30319
,BASILIC,SM,       188.65,                  2609475.00,13800
,BASML,BE,        25.41,                  1002543.29,39871
,BATAINDIA,EQ,       672.75,                 60853756.00,89939
,BATLIBOI,EQ,        90.81,                  2287336.60,25336
,BAWEJA,ST,        26.10,                   187920.00,7200
,BAYERCROP,EQ,      3989.90,                 39796201.60,9989
,BBETF0432,EQ,      1342.30,                  1791874.22,1332
,BBL,EQ,      2289.30,                 61721950.30,26842
,BBNPNBETF,EQ,        58.30,                    11621.00,200
,BBNPPGOLD,EQ,       148.70,                   184494.80,1237
,BBOX,EQ,       712.25,                142108721.00,198315
,BBTC,EQ,      1496.80,                 65156570.90,43404
,BBTCL,EQ,       230.22,                   793987.77,3429
,BCG,EQ,         8.98,                 23820468.91,2648978
,BCLIND,EQ,        36.62,                 19266050.05,526260
,BCONCEPTS,EQ,       167.33,                  2006386.40,11790
,BCPL,EQ,        68.45,                  1079191.11,15587
,BDL,EQ,      1255.00,               1772334434.50,1391949
,BEACON,SM,        83.60,                  1673200.00,20000
,BEARDSELL,EQ,        25.31,                   194932.07,7642
,BECTORFOOD,EQ,       225.96,                112658542.46,493507
,BEDMUTHA,EQ,       112.37,                   794550.62,7077
,BEEKAY,EQ,       417.40,                  1932740.70,4726
,BELLACASA,EQ,       242.85,                   985493.12,4050
,BELRISE,EQ,       236.86,                443187718.36,1873911
,BEML,EQ,      2057.80,               1435602230.90,687676
,BENARAS,EQ,     10200.00,                  1091470.00,107
,BENGALASM,EQ,      6332.50,                  2318625.00,362
,BEPL,EQ,       127.50,                152708771.13,1190325
,BERGEPAINT,EQ,       485.30,                135103354.40,277300
,BESTAGRO,EQ,        19.29,                 40865213.11,2082129
,BETA,EQ,      2218.50,                 29458593.80,13251
,BEWLTD,SM,        49.30,                   567475.00,11500
,BFINVEST,EQ,       469.35,                 15575550.75,33149
,BFSI,EQ,        27.17,                  8773794.06,323149
,BFUTILITIE,EQ,       542.45,                149617948.20,272295
,BGRENERGY,BE,       246.26,                 10376265.87,42914
,BHADORA,ST,       111.95,                  7647660.00,69600
,BHAGCHEM,EQ,       264.60,                  9205198.15,34606
,BHAGERIA,BE,       304.65,                 66049020.80,218809
,BHAGYANGR,EQ,       370.45,                 28929252.80,77510
,BHANDARI,EQ,         3.03,                   307877.04,101595
,BHARATCOAL,EQ,        33.81,                119753255.17,3546055
,BHARATFORG,EQ,      1956.00,               3007566456.00,1526364
,BHARATGEAR,BE,       102.93,                  1872692.69,18094
,BHARATRAS,EQ,      1171.80,                 29857744.30,25242
,BHARATSE,EQ,       211.69,                 19950995.61,93907
,BHARATWIRE,EQ,       181.32,                 25629840.72,141594
,BHARTIHEXA,EQ,      1495.40,                 55877875.60,37216
,BHEL,EQ,       431.10,               2570597352.55,5925391
,BI,BE,        95.85,                  8517750.05,89587
,BIGBLOC,EQ,        41.92,                  2332106.71,56466
,BIKAJI,EQ,       584.20,                 30526794.75,52134
,BIKEWO,ST,        97.80,                  7287400.00,74000
,BIL,EQ,       907.85,                  7951980.55,8736
,BILVYAPAR,BE,         4.04,                    25258.51,6223
,BIMETAL,EQ,       635.00,                    67953.00,107
,BIOCON,EQ,       397.40,               1246689437.30,3108555
,BIOFILCHEM,EQ,        32.00,                   177784.20,5543
,BIOPOL,SM,        45.75,                   494040.00,10800
,BIRET,RR,       341.79,                 46511470.16,136167
,BIRLACABLE,BE,       376.55,                 65801386.90,174752
,BIRLACORPN,EQ,       887.35,                 43168944.65,48723
,BIRLAMONEY,EQ,       126.37,                  7868118.80,62184
,BIRLANU,EQ,      1448.00,                  8498138.10,5921
,BIRLAPREC,EQ,        57.92,                147065385.94,2574084
,BLACKBUCK,EQ,       586.10,                 92049219.70,157466
,BLACKROSE,BE,       113.02,                  1876913.60,16624
,BLAL,EQ,       160.88,                  7011275.35,43253
,BLBLIMITED,EQ,        16.68,                  1961986.02,117198
,BLEL,EQ,       453.15,                372026475.05,823610
,BLIL,EQ,        72.53,                  7078873.12,97501
,BLISSGVS,BE,       671.00,                230043407.45,347698
,BLKASHYAP,EQ,        59.34,                181837695.18,2983058
,BLS,EQ,       238.79,                154253178.63,646943
,BLSE,EQ,       320.05,                 46121607.30,143302
,BLUECLOUDS,EQ,        19.88,                 20176120.88,1013239
,BLUECOAST,BE,        23.49,                    20401.83,892
,BLUEDART,EQ,      4991.70,                 29187141.70,5838
,BLUEJET,EQ,       569.80,                253500585.00,442380
,BLUEPEBBLE,SM,        84.00,                  1479260.00,18000
,BLUESTARCO,EQ,      1484.00,                625702948.90,419549
,BLUESTONE,EQ,       842.75,                889184612.20,1065449
,BLUEWATER,ST,       486.75,                  7686050.00,16000
,BLUSPRING,EQ,       138.96,                 83054803.33,605059
,BMETRICS,SM,        35.15,                   328240.00,8800
,BMLL,SM,       177.00,                 11441400.00,67000
,BMWVENTLTD,EQ,        55.36,                  2263897.46,40922
,BNAGROCHEM,EQ,       216.73,                   283171.03,1260
,BNALTD,BE,       360.00,                    15120.00,42
,BNKETFAXIS,EQ,       592.50,                    86077.13,145
,BODALCHEM,EQ,       155.62,                785378513.84,5050468
,BOHRAIND,EQ,        12.70,                    47130.71,3714
,BOMDYEING,EQ,       113.47,                 43408634.86,381464
,BONLON,EQ,        40.13,                   132078.08,3268
,BORANA,EQ,       307.60,                  3446664.55,11240
,BOROLTD,EQ,       258.96,                 68025456.75,265545
,BORORENEW,EQ,       499.15,                135892472.80,271428
,BOROSCI,EQ,       132.16,                  6134322.60,46065
,BOSCH-HCIL,EQ,      1818.80,                115223517.30,64153
,BOSS,SM,        55.70,                   551100.00,10000
,BPL,EQ,        49.38,                  2790503.90,56301
,BPLPHARMA,EQ,      1533.30,                   902303.90,586
,BRAHMINFRA,EQ,       163.82,                  4408908.49,26893
,BRANDMAN,SM,       171.30,                  2215040.00,12800
,BRIGADE,EQ,       696.10,               1402448960.65,1980508
,BRIGHOTEL,EQ,        59.19,                  5006645.32,84277
,BRIGHTBR,EQ,       254.80,                  5238546.35,20221
,BRNL,EQ,        17.12,                   309823.13,18030
,BROOKS,BE,        66.07,                   843757.90,12920
,BSE,EQ,      3409.80,              27395759857.00,7975058
,BSE500IETF,EQ,        39.33,                  2428557.33,61545
,BSHSL,EQ,        91.48,                  1407871.24,15418
,BSL,EQ,       123.58,                   241010.39,1949
,BSLGOLDETF,EQ,       135.36,                 30340294.75,224272
,BSLNIFTY,EQ,        28.14,                  9550069.71,339470
,BSLSENETFG,EQ,        77.52,                   185300.74,2392
,BSOFT,EQ,       289.35,                316444757.25,1083783
,BTML,EQ,         8.51,                  2584157.40,305536
,BTTL,BE,        41.53,                   172553.10,4172
,BUILDPRO,EQ,      1298.20,                455823214.20,351369
,BULKCORP,ST,        78.00,                    93600.00,1200
,BURNPUR,EQ,        21.56,                  1193108.84,55339
,BUTTERFLY,EQ,       624.85,                  7243780.40,11660
,BVCL,EQ,        43.48,                  3738636.21,85128
,BYKE,BE,        32.11,                  1058745.88,33009
,C2C,SM,       221.80,                 12679920.00,57150
,CALSOFT,BE,        40.98,                  6468149.79,155604
,CAMLINFINE,EQ,       103.13,                 71371382.43,689443
,CAMPUS,EQ,       223.24,                 81120146.52,364174
,CAMS,EQ,       748.80,                352918733.85,469646
,CANARYS,SM,        26.10,                  2482800.00,96000
,CANFINHOME,EQ,       807.40,                180019604.10,222474
,CANHLIFE,EQ,       157.23,                172038535.64,1086892
,CANTABIL,EQ,       243.05,                 22814791.81,94452
,CAPACITE,EQ,       216.22,                 79914783.99,373452
,CAPILLARY,EQ,       490.05,                 53268298.60,109289
,CAPINVIT,IV,        76.64,                 92500933.28,1210656
,CAPITALSFB,EQ,       280.95,                  1941225.25,6864
,CAPLIPOINT,EQ,      2810.80,                581526237.50,208526
,CAPTRUST,BE,        20.04,                   748378.43,37318
,CARBORUNIV,EQ,      1130.60,                380595339.90,338864
,CARERATING,EQ,      1738.20,                611432963.40,354155
,CARRARO,EQ,       533.65,                 37951939.30,71136
,CARTRADE,EQ,      3000.20,                946580569.80,315551
,CARYSIL,EQ,      1140.80,                 84433023.30,72848
,CASHIETF,EQ,      1078.38,                109555358.06,101592
,CASTROLIND,EQ,       190.27,                800519306.47,4231930
,CCAVENUE,EQ,        15.70,                566531280.75,35876401
,CCCL,EQ,        14.27,                  1700420.52,118802
,CCHHL,EQ,        12.61,                   530815.24,42082
,CCL,EQ,      1106.20,                212723945.10,193825
,CDSL,EQ,      1394.60,               1568607134.10,1117172
,CEATLTD,EQ,      3333.20,                243703499.40,73368
,CEDAAR,ST,        13.60,                   131700.00,10000
,CEIGALL,EQ,       355.80,                336816348.75,949597
,CEINSYS,EQ,       677.85,                 49369137.80,71954
,CELEBRITY,EQ,         6.80,                   158675.41,23532
,CELLECOR,SM,        32.85,                 11505600.00,354000
,CELLO,EQ,       342.00,                 64747052.90,189002
,CELLPOINT,SM,        16.30,                    37980.00,2400
,CEMNTGROWW,EQ,        14.66,                   934484.69,63765
,CEMPRO,EQ,      1297.40,                464714476.80,359470
,CENTENKA,EQ,       608.90,                 77159305.10,126471
,CENTEXT,EQ,        20.19,                 19723997.33,957330
,CENTRALBK,EQ,        31.08,                164335328.96,5295221
,CENTRUM,EQ,        22.55,                  4024032.66,180060
,CENTUM,EQ,      3767.30,                109470226.30,29156
,CENTURYPLY,EQ,       748.45,                 13104301.20,17510
,CERA,EQ,      5787.50,                113006082.50,19476
,CEREBRAINT,BZ,         2.69,                   160051.86,60459
,CESC,EQ,       146.50,                213138918.29,1448303
,CEWATER,EQ,       262.55,                 11058753.30,42011
,CFEL,EQ,        32.48,                   454299.91,14038
,CGCL,EQ,       279.90,               2098998472.35,7594713
,CGRAPHICS,SM,       147.60,                  2369400.00,16000
,CGVAK,EQ,       148.21,                   275043.86,1852
,CHALET,EQ,       896.75,                 78884369.90,87842
,CHAMBLFERT,EQ,       419.05,                138339506.70,329143
,CHAMUNDA,SM,        43.35,                   914700.00,21000
,CHANDAN,SM,       211.50,                  5690200.00,27200
,CHAVDA,SM,       124.50,                   876300.00,7000
,CHEMBOND,EQ,       170.90,                  1145702.24,6660
,CHEMBONDCH,BE,       254.45,                  1373339.95,5353
,CHEMCON,BE,       198.38,                  2915702.51,14633
,CHEMCRUX,EQ,        82.16,                   433971.00,5344
,CHEMFAB,EQ,       360.10,                  1650776.65,4597
,CHEMICAL,EQ,        30.20,                 16344910.28,539227
,CHEMPLASTS,EQ,       170.29,                 33811368.40,198762
,CHENNPETRO,EQ,      1452.20,               1352931844.30,934269
,CHETANA,SM,        43.65,                   278480.00,6400
,CHEVIOT,EQ,      1159.40,                  1648064.30,1428
,CHOICEGOLD,EQ,       152.65,                  1477156.71,9699
,CHOICEIN,EQ,       760.95,                436060020.30,567061
,CHOLAHLDNG,EQ,      1525.70,                117920772.90,77666
,CIEINDIA,EQ,       385.35,                 71115590.65,185100
,CIFL,EQ,        19.98,                  4664461.66,231565
,CINELINE,EQ,        95.23,                 29256601.78,308404
,CINEVISTA,EQ,        14.24,                    43047.91,2982
,CITIUSINVT,IV,       116.37,                 13409027.65,115340
,CKKRETAIL,SM,       151.00,                   241640.00,1600
,CLASSICEIL,SM,        54.95,                  1406240.00,25600
,CLAYCRAFT,SM,       159.40,                  3729810.00,23400
,CLEAN,EQ,       836.15,                250280688.00,297191
,CLEANMAX,EQ,      1347.90,                343150661.40,256257
,CLEDUCATE,BE,        58.08,                   754584.95,12818
,CLSEL,EQ,       301.90,                 20600620.55,68370
,CMLL,EQ,       503.05,                159964559.45,314875
,CMNL,SM,       115.75,                  3088875.00,25500
,CMPDI,EQ,       243.92,                651945967.52,2694037
,CMRGREEN,EQ,       228.34,                 61628732.85,270377
,CMRSL,SM,        73.15,                   291160.00,4000
,CMSINFO,EQ,       243.46,                128495261.16,528852
,CNL,EQ,      1215.50,                 14882988.20,12127
,COASTCORP,EQ,        41.88,                  2942176.77,69707
,COCHINSHIP,EQ,      1499.10,                951865055.60,630573
,COCKERILL,EQ,      8193.50,                 36832125.00,4524
,COFFEEDAY,BE,        32.86,                 36822270.17,1123239
,COFORGE,EQ,      1972.80,               2189360687.50,1108102
,COHANCE,EQ,       456.60,                264348542.20,572792
,COLPAL,EQ,      1829.20,               1036456365.10,562995
,COMFINTE,EQ,         6.21,                   707750.26,114743
,COMMOIETF,EQ,       100.33,                  2868627.61,28716
,COMPEAU,EQ,       371.80,                  1053347.55,2858
,COMPINFO,BZ,         1.09,                    26827.03,24498
,COMPUSOFT,EQ,        13.02,                   301866.70,23203
,COMSYN,EQ,       301.30,                 32623991.70,108742
,CONCOR,EQ,       508.00,                559654862.65,1107962
,CONCORDBIO,EQ,      1417.10,                 84504764.30,59142
,CONFIPET,EQ,        82.48,                197624634.41,2371168
,CONNPLEX,SM,       244.45,                155288440.00,670400
,CONS,EQ,        11.98,                   175167.19,14601
,CONSOFINVT,BE,       288.30,                  6288111.30,21811
,CONSUMAXIS,EQ,       119.02,                   190909.80,1590
,CONSUMBEES,EQ,       129.78,                 54872145.55,421784
,CONSUMER,EQ,        12.03,                  5871987.23,487786
,CONSUMIETF,EQ,       120.67,                 49955671.21,412702
,CONTI,SM,        11.10,                  2246775.30,203313
,CONTROLPR,EQ,       593.35,                  4537803.20,7641
,COOLCAPS,ST,        24.50,                  4272437.50,176250
,CORALFINAC,EQ,        33.47,                   441743.65,13197
,CORDELIA,EQ,       103.90,                284249691.56,2698667
,CORDSCABLE,EQ,       317.00,                 84483455.95,264160
,COROMANDEL,EQ,      1938.80,                278602967.60,143726
,CORONA,EQ,      2100.10,                 25512564.10,12081
,COSMOFIRST,EQ,       919.85,                 61310195.75,66169
,COUNCODOS,BE,         6.45,                    74684.95,11466
,CPCAP,EQ,       128.33,                 10850962.54,85391
,CPEDU,EQ,       191.97,                  1142151.72,5928
,CPL,EQ,        62.11,                  8595454.01,138710
,CPPLUS,EQ,      3704.60,                751762988.30,202259
,CPS,SM,      1130.00,                  3411705.00,3000
,CPSEETF,EQ,        93.70,                 33131903.92,353172
,CRAFTSMAN,EQ,     11398.00,                325405364.00,28595
,CRAMC,EQ,       251.50,                 44889731.70,177971
,CRAVATEX,EQ,       329.50,                   445774.35,1353
,CRAYONS,SM,        25.10,                   228500.00,9000
,CREATIVEYE,EQ,         6.19,                    98897.90,16063
,CREDENT,SM,       317.70,                 45686040.00,140400
,CREDITACC,EQ,      1443.10,                315871104.10,217925
,CREST,EQ,       359.00,                   542334.80,1505
,CRISIL,EQ,      4802.00,                891819123.40,184833
,CRIZAC,EQ,       160.29,                 47373657.63,294106
,CROMPTON,EQ,       232.40,               1037169878.01,4443658
,CROWN,EQ,       112.84,                  4251325.82,37657
,CRSL,BE,         2.73,                  1882951.33,702306
,CSBBANK,EQ,       328.55,                215977474.25,658990
,CSLFINANCE,EQ,       251.77,                 23706633.74,94290
,CSM,EQ,        94.36,                  7555333.62,80421
,CSSL,SM,        91.65,                  2347700.00,26000
,CTE,BE,        41.82,                   471697.42,11345
,CUB,EQ,       236.01,                628595752.93,2621193
,CUBEINVIT,IV,       157.50,                 79221381.86,504255
,CUBEXTUB,EQ,        76.80,                  3782790.70,48940
,CUDML,SM,       105.20,                  2279300.00,22000
,CUPID,EQ,       283.15,               2392690721.30,8434946
,CURAA,EQ,        72.46,                   145016.75,2020
,CURIS,SM,       151.35,                  5657500.00,38000
,CURRENT,SM,        85.00,                   546400.00,6400
,CYBERMEDIA,EQ,        26.40,                 57564647.54,2157521
,CYBERTECH,BE,       133.36,                   923511.08,6933
,CYIENT,EQ,      1101.80,                364488126.50,327209
,CYIENTDLM,EQ,       856.95,               1043626507.75,1201568
,DABUR,EQ,       380.90,                647998830.15,1702061
,DAICHI,EQ,       364.80,                  1858195.90,5043
,DALBHARAT,EQ,      1749.30,                129273173.80,73496
,DALMIASUG,EQ,       438.55,                151924209.35,342704
,DAMCAPITAL,EQ,       144.90,                 24728890.10,170224
,DAMODARIND,BE,        28.45,                    42828.52,1493
,DANGEE,EQ,         2.94,                   119966.69,40836
,DANISH,SM,       854.10,                 27197610.00,31500
,DATAMATICS,EQ,       764.90,                 43093997.80,55826
,DATAPATTNS,EQ,      4585.00,               1743792432.30,377845
,DAVANGERE,EQ,         1.96,                 30556545.65,15393852
,DBCORP,EQ,       195.65,                  8603988.26,43972
,DBEIL,BE,         6.43,                  1335262.16,210682
,DBL,EQ,       401.00,                 23313235.15,58236
,DBOL,EQ,       124.99,                 29060113.38,232171
,DBREALTY,EQ,       102.57,                148040041.31,1439328
,DBSTOCKBRO,BE,        28.63,                   119870.65,4158
,DCAL,EQ,       174.38,                 21514844.96,122894
,DCBBANK,EQ,       220.74,                119697516.35,539992
,DCCL,SM,        43.00,                   172000.00,4000
,DCG,SM,        68.80,                  1567920.00,22800
,DCI,EQ,       350.55,                 31027261.10,87942
,DCM,BE,        77.01,                  1246366.88,16163
,DCMFINSERV,EQ,         5.20,                    31401.91,5995
,DCMNVL,EQ,       184.96,                  3106832.80,16490
,DCMSHRIRAM,EQ,      1020.90,                 87612778.40,85914
,DCMSIL,EQ,        68.76,                  6965654.31,99773
,DCMSRIND,EQ,        44.91,                  8280068.23,182082
,DCW,EQ,        45.98,                 42337853.46,912734
,DCXINDIA,EQ,       168.83,                 55916426.70,328462
,DDEVPLSTIK,EQ,       273.00,                 14078282.70,51629
,DECCANCE,EQ,       569.75,                 17057303.20,29858
,DECCANTRAN,SM,        20.00,                  2352840.00,117600
,DECNGOLD,EQ,       213.87,                206954932.74,959258
,DEEDEV,EQ,       658.25,                217359178.05,327955
,DEEM,ST,        42.30,                   126850.00,3000
,DEEP,EQ,        35.00,                   820982.64,23168
,DEEPAKFERT,EQ,      1362.10,                314400928.60,229112
,DEEPAKNTR,EQ,      1712.40,                337182974.80,196070
,DEEPINDS,EQ,       786.45,               1028587195.10,1324171
,DEFENCE,EQ,        81.99,                 19678953.87,239629
,DELAPLEX,SM,       100.00,                   772770.00,7800
,DELHIVERY,EQ,       457.90,                892354627.20,1936111
,DELPHIFX,BE,         6.04,                   705470.25,117604
,DELTACORP,EQ,        56.12,                 60471936.89,1070574
,DELTAMAGNT,EQ,        58.40,                   238125.88,4124
,DELTIC,SM,        35.35,                   210500.00,6000
,DEN,EQ,        27.97,                  5904118.35,211531
,DENEERS,SM,       172.30,                 10453950.00,60000
,DENORA,EQ,       812.30,                  2216710.10,2711
,DENTA,EQ,       275.35,                 15427852.90,56286
,DENTALKART,SM,       412.00,                  1744075.00,4250
,DEVIT,EQ,        24.21,                  1696624.67,69859
,DEVX,EQ,        33.29,                  1351995.92,40903
,DEVYANI,EQ,       139.28,                342018744.90,2432975
,DGCONTENT,EQ,        24.83,                    38612.81,1564
,DHABRIYA,BE,       503.45,                  4496894.50,8802
,DHAMPURSUG,EQ,       167.59,                140824914.24,832821
,DHANBANK,EQ,        31.86,                 11124710.47,349043
,DHANLAXMI,SM,        25.00,                   197200.00,8000
,DHANSA,SM,        28.10,                   500400.00,18000
,DHANUKA,EQ,      1010.65,                 17236231.40,17124
,DHARAN,BZ,         0.13,                  1815823.07,13130525
,DHARARAIL,ST,       136.60,                  2079100.00,15000
,DHARIWAL,SM,        24.00,                 20485350.00,846000
,DHARMAJ,EQ,       270.05,                  7846100.95,29203
,DHATRE,EQ,         4.33,                    75111.74,17330
,DHOOTTRANS,EQ,      1615.70,               9814338483.10,6047122
,DHRUV,EQ,        22.32,                   162783.44,7195
,DHUNINV,EQ,      1019.15,                  1260977.95,1224
,DIACABS,BE,       331.80,                380195919.85,1146702
,DIAMINESQ,EQ,       240.99,                   922791.21,3798
,DIAMONDYD,EQ,      1158.30,                  6672296.50,5787
,DICIND,EQ,       618.60,                 28362168.05,45846
,DIFFNKG,EQ,       474.90,               1030652502.70,2072376
,DIGIDRIVE,EQ,        17.65,                   117599.76,6628
,DIGIKORE,SM,        40.10,                  2251860.00,57600
,DIGISPICE,EQ,        16.98,                  1242593.24,73604
,DIGITIDE,EQ,        97.01,                 25592595.82,263762
,DIGJAMLMTD,EQ,        49.96,                    71746.07,1422
,DISAQ,EQ,     11990.00,                   732420.00,61
,DISHTV,EQ,         2.57,                  4665067.08,1807676
,DIVGIITTS,EQ,      1235.80,                116523254.10,94690
,DIVIDEND,EQ,        35.62,                    88047.11,2476
,DIVINEHIRA,ST,       109.45,                  1859280.00,16800
,DIVOPPBEES,EQ,        76.77,                  7475976.39,97372
,DIVYADHAN,ST,        44.90,                   539000.00,12000
,DIXON,EQ,     14240.00,               4991620441.00,350720
,DJML,EQ,        75.64,                 17534023.77,234263
,DLINKINDIA,EQ,       451.15,                 30470522.05,67520
,DMCC,EQ,       293.35,                 13786408.65,46455
,DNAMEDIA,EQ,         2.63,                    89524.71,34439
,DODLA,EQ,      1066.80,                  9165812.60,8579
,DOLATALGO,EQ,        70.91,                 13375547.68,187699
,DOLLAR,EQ,       264.25,                  9736794.40,36786
,DOLLEX,SM,        36.80,                   147200.00,4000
,DOLPHIN,EQ,       674.00,                112078167.50,169333
,DOMS,EQ,      2208.70,                170429112.60,77261
,DONEAR,EQ,        92.25,                  9788380.93,106790
,DPABHUSHAN,EQ,      1414.20,                 51435916.10,36359
,DPEL,SM,       578.75,                  6947925.00,12000
,DPSCLTD,BE,         7.09,                  1053716.27,147130
,DPWIRES,BE,       154.62,                   385164.87,2489
,DRAGARWQ,EQ,      5422.50,                  5141819.50,954
,DRCSYSTEMS,EQ,        13.64,                   516174.67,37863
,DREAMFOLKS,EQ,        66.93,                  2537818.50,38187
,DREDGECORP,EQ,      1087.70,                140581202.70,128213
,DRONE,SM,        33.50,                  1445625.00,43500
,DSFCL,BE,        25.81,                  1722068.96,66854
,DSSL,EQ,      1053.10,                 36005221.90,34708
,DTIL,BE,       150.64,                   933038.39,6245
,DUCOL,SM,       108.00,                   439920.00,4000
,DUCON,EQ,         1.92,                  3232732.51,1709236
,DUCON-RE1,BE,         0.39,                  2231747.29,5721926
,DUGLOBAL,SM,        25.55,                   319625.00,12500
,DURLAX,SM,        64.50,                  1689100.00,26000
,DVL,EQ,       290.05,                  4512353.10,15605
,DWARKESH,EQ,        47.31,                111445405.92,2333510
,DYCL,EQ,       487.90,                903416046.00,1789647
,DYNAMATECH,EQ,     11654.00,                100306405.00,8608
,DYNAMIC,ST,       146.30,                  2105900.00,14500
,DYNPRO,EQ,       236.06,                  8974459.43,37117
,E2E,BE,       601.55,                377008653.85,631973
,E2ERAIL,SM,       353.10,                 29128080.00,83200
,EASEMYTRIP,EQ,         6.00,                 30042736.89,5002636
,EASTSILK,BE,        61.00,                    69304.19,1126
,EASTWEST,EQ,         2.36,                   144474.77,61727
,EBANK10,EQ,        16.84,                     6737.18,401
,EBANKNIFTY,EQ,        58.26,                   120971.83,2088
,EBBETF0430,EQ,      1609.05,                  3222468.37,2002
,EBBETF0431,EQ,      1440.43,                  8433700.14,5856
,EBBETF0433,EQ,      1311.12,                  3443561.30,2625
,EBGNG,EQ,       601.25,                608153509.80,1005022
,EBIX,BE,        20.28,                   404890.98,20412
,ECAPINSURE,EQ,        23.99,                  1272499.51,53393
,ECLERX,EQ,      1905.70,                314857907.80,163141
,ECOLINE,ST,       180.35,                  5583000.00,31000
,ECORECO,EQ,       459.35,                  4687844.30,10145
,ECOSMOBLTY,EQ,       113.54,                  9019671.50,79330
,EDELWEISS,EQ,       136.08,               1537790886.18,11273587
,EEPL,ST,       139.70,                  2489750.00,18000
,EFACTOR,SM,       173.00,                   633120.00,3600
,EFCIL,EQ,       193.24,                 46246415.84,235570
,EFFWA,ST,       360.00,                  3199960.00,8800
,EFORCE,SM,        20.05,                   340620.00,16800
,EGOLD,EQ,       153.80,                 25768363.30,167536
,EIDPARRY,EQ,       781.35,                210982385.00,270760
,EIEL,EQ,       199.17,                153011435.07,769678
,EIFFL,BE,       273.05,                   388823.20,1424
,EIHAHOTELS,EQ,       297.65,                  3509537.65,11705
,EIHOTEL,EQ,       291.90,                 45192744.55,154906
,EIMCOELECO,EQ,      2254.40,                 44223867.50,19567
,EKC,EQ,       106.42,                 16017494.90,150735
,EKI,EQ,        74.13,                   457852.27,6162
,ELANTAS,EQ,     12219.00,                 16691269.00,1367
,ELCIDIN,EQ,    107590.00,                  1295420.00,12
,ELDEHSG,EQ,       789.10,                   328025.85,415
,ELECON,EQ,       433.75,                232935467.45,535067
,ELECTCAST,EQ,        83.71,                147418215.75,1762760
,ELECTHERM,EQ,       980.90,                  7264252.75,7385
,ELGIEQUIP,EQ,       642.10,                441570196.95,691967
,ELGIRUBCO,EQ,        58.69,                  2593008.74,44079
,ELGNZ,SM,        87.55,                  2150100.00,25000
,ELIN,EQ,        95.40,                 18867538.08,196524
,ELIQUID,EQ,      1046.60,                 12235803.98,11691
,ELITECON,EQ,         8.68,                  9744011.76,1122582
,ELLEN,EQ,       331.85,                254685099.40,759237
,ELM250,EQ,        16.61,                  5926890.08,355767
,ELMDIV,EQ,        36.50,                    21978.94,602
,ELPROINTL,EQ,       174.00,                   632046.96,3631
,EMAMILTD,EQ,       366.05,                471912757.25,1293997
,EMAMIPAP,BE,       115.92,                  4063153.08,35403
,EMAMIREAL,EQ,        66.74,                  1664774.66,24880
,EMAPARTNER,SM,        85.35,                  1511700.00,18000
,EMBASSY,RR,       438.69,                281459090.77,641632
,EMBDL,EQ,        57.53,                147091517.57,2533639
,EMCURE,EQ,      1927.60,                529689047.40,276608
,EMETAL,EQ,        13.36,                    66397.95,5051
,EMIL,EQ,       173.74,                282153941.77,1637322
,EMKAY,EQ,       267.25,                 14479020.10,54753
,EMKAYTOOLS,SM,        98.00,                   131617.50,1350
,EMMBI,BE,        91.00,                   536428.45,5830
,EMMIL,SM,       120.10,                  1904662.50,15750
,EMMVEE,EQ,       325.20,                284298380.20,873378
,EMPIND,EQ,      1195.60,                  8241824.50,6883
,EMPOWER,EQ,         1.84,                 46944709.51,26427168
,EMSLIMITED,EQ,       383.05,                 63676974.80,166270
,EMUDHRA,EQ,       524.80,                 37530852.35,71392
,EMULTIMQ,EQ,        42.00,                   478594.20,11409
,ENCOMPAS,SM,       256.80,                  2429300.00,9600
,ENDURANCE,EQ,      2782.80,                138950309.30,50285
,ENERGY,EQ,        38.41,                 10543204.02,274108
,ENERGYAXIS,EQ,        19.15,                   141439.33,7399
,ENERGYDEV,EQ,        15.49,                   174359.58,11133
,ENEXT50,EQ,        73.10,                    20112.90,275
,ENFUSE,SM,       155.00,                   279030.00,1800
,ENGINERSIN,EQ,       279.45,                983697582.55,3490446
,ENIFTY,EQ,        24.19,                   146311.02,6023
,ENIL,EQ,       102.65,                  2774564.67,27341
,ENKEIWHEL,EQ,       389.80,                   305698.35,776
,ENSER,SM,        15.30,                   766500.00,50000
,ENTERO,EQ,      1827.60,                177130908.20,96165
,ENVIRO,SM,        70.50,                   772000.00,11000
,EPACK,EQ,       189.27,                 65142248.21,343336
,EPACKPEB,EQ,       231.11,                 74959483.05,324727
,EPIGRAL,EQ,      1219.70,                 59337209.50,48188
,EPL,EQ,       247.10,                920059579.90,3718253
,EPWINDIA,ST,       244.10,                  1170660.00,4800
,EQUAL200,EQ,        13.82,                   140661.36,10167
,EQUAL50,EQ,       330.22,                   146412.62,444
,EQUAL50ADD,EQ,       340.33,                  5380814.05,15781
,EQUIPPP,BE,        22.75,                    42849.25,1891
,EQUITASBNK,EQ,        72.95,                 39248129.30,534782
,ERIS,EQ,      1321.70,                 91228515.30,69111
,ESABINDIA,EQ,      6067.50,                 17120522.50,2820
,ESAFSFB,BE,        41.41,                 11238635.69,271495
,ESCONET,SM,       238.60,                  9606660.00,40800
,ESCORTS,EQ,      2968.80,                187046375.50,62925
,ESDS,EQ,       908.40,              13115874910.25,15790052
,ESENSEX,EQ,        77.46,                     2860.49,37
,ESFL,SM,       120.75,                  1335312.00,11160
,ESG,EQ,        41.15,                   111332.66,2704
,ESILVER,EQ,       232.78,                 51515156.04,221315
,ESPRIT,SM,        63.00,                   303200.00,4800
,ESSARSHPNG,EQ,        17.09,                  5591360.40,325102
,ESSENTIA,EQ,         1.05,                  3029362.19,2849052
,ESTER,EQ,        93.57,                  3867472.19,41294
,ETHOSLTD,EQ,      2792.80,                226257286.10,79319
,ETL,SM,      1047.00,                   312322.50,300
,ETML,SM,        81.95,                   495660.00,6000
,EUREKAFORB,EQ,       423.75,                 42313116.50,99508
,EUROBOND,EQ,       151.00,                   138382.81,921
,EUROPRATIK,EQ,       263.75,                 50479118.80,192832
,EUROTEXIND,BE,        13.73,                     4119.00,300
,EVEREADY,EQ,       317.90,                 18243353.10,57194
,EVERESTIND,BE,       423.90,                  5388365.65,12743
,EVIETF,EQ,        32.47,                  5955722.16,183629
,EVINDIA,EQ,        32.44,                  9890195.36,304394
,EXCELINDUS,EQ,      1031.40,                  4679881.20,4529
,EXCELLENT,ST,       209.50,                  1336800.00,6400
,EXCELSOFT,EQ,        70.23,                 21151747.91,299626
,EXICOM,EQ,       177.85,                947959724.68,5389417
,EXIDEIND,EQ,       424.35,               1091713286.85,2581393
,EXIMROUTES,SM,       107.10,                   171360.00,1600
,EXPLEOSOL,EQ,       899.00,                 24795760.70,27691
,EXXARO,EQ,         6.59,                  1979669.48,298855
,FABTECH,EQ,       150.20,                 16874519.20,112484
,FACT,EQ,       801.40,                 78504389.10,97544
,FAIRCHEMOR,BE,       660.25,                  2160339.10,3280
,FALCONTECH,SM,        12.45,                    14940.00,1200
,FASCINATE,ST,        72.55,                   986680.00,13600
,FAZE3Q,EQ,       493.95,                  4605629.95,9304
,FCL,EQ,        51.51,               1054990708.86,20692198
,FCSSOFT,EQ,         1.45,                  1516593.44,1046769
,FDC,EQ,       342.80,                 41467748.10,120312
,FEDDERSHOL,EQ,        47.28,                 83797880.18,1773925
,FEDERALBNK,EQ,       343.00,               1412014763.60,4115397
,FEDFINA,EQ,       161.56,                131437936.92,818017
,FEL,BZ,         0.38,                    77751.52,197550
,FELDVR,BZ,         2.17,                     4548.97,2115
,FELIX,SM,       210.20,                 44727375.00,219000
,FERMENTA,EQ,       498.50,                 50684682.15,101413
,FIBERWEB,EQ,        25.75,                   275076.24,10675
,FIDEL,SM,       142.00,                  1417950.00,10000
,FIEMIND,EQ,      2085.80,                 96914162.60,46943
,FILATEX,EQ,        77.72,                 89450374.84,1156499
,FILATFASH,EQ,         0.18,                  3871529.79,21161213
,FINBUD,SM,       133.00,                  1433200.00,11000
,FINCABLES,EQ,      1220.20,               1844900504.20,1492429
,FINEORG,EQ,      5152.00,                 62084103.00,12034
,FINIETF,EQ,        32.95,                  5740652.74,174481
,FINKURVE,EQ,        72.31,                  4520996.08,62572
,FINOPB,EQ,       139.33,                 11510167.70,82299
,FINPIPE,EQ,       158.63,                 80271974.78,507087
,FIRSTCRY,EQ,       180.16,                276623996.81,1541167
,FISCHER,EQ,        36.04,                 11981060.90,329518
,FIVESTAR,EQ,       523.05,                475711854.90,915369
,FLAIR,EQ,       243.71,                 25765499.79,105224
,FLEXIADD,EQ,        10.06,                   353408.81,35100
,FLEXITUFF,BE,         2.29,                   227104.68,98460
,FLFL,BZ,         1.25,                   128916.72,107261
,FLUOROCHEM,EQ,      4554.00,               2186635509.10,473510
,FLYSBS,SM,       635.60,                 43631900.00,68800
,FMCGADD,EQ,        46.25,                  2202328.52,47656
,FMCGIETF,EQ,        49.47,                118764844.86,2400471
,FMGOETZE,EQ,       501.45,                519971975.30,1030188
,FMNL,EQ,        10.10,                   182286.74,18463
,FOCE,SM,       487.00,                   233760.00,480
,FOCUS,BE,        63.37,                  3730692.34,58966
,FONEBOX,SM,       100.00,                   199500.00,2000
,FOODSIN,EQ,        57.37,                  5094782.40,89638
,FORCEMOT,EQ,     17500.00,                845617989.00,47840
,FORGEAUTO,SM,       105.00,                  1638000.00,15600
,FORTIS,EQ,       905.00,                570533027.85,627470
,FOSECOIND,EQ,      6263.00,                 49993214.50,7937
,FRACTAL,EQ,       825.45,                178015206.10,216017
,FREDUN,EQ,      1470.70,                 22472687.60,15103
,FRESHARA,ST,       425.70,                 21026460.00,49800
,FROG,ST,       257.65,                  8398240.00,31600
,FRONTSP,EQ,      1291.80,                 27883996.20,21620
,FSL,EQ,       264.40,                252426174.90,942732
,FUSION,EQ,       203.19,                282727614.70,1385863
,FWSTC,SM,       175.15,                  9157920.00,52200
,GABRIEL,EQ,      1353.20,                278851146.20,208239
,GAEL,EQ,       167.81,                 78434013.70,466226
,GAJA,EQ,       161.10,                212552736.11,1327301
,GAJANAND,SM,         8.40,                    50550.00,6000
,GALAPREC,EQ,      1024.00,                 21595370.60,21048
,GALAXYSURF,EQ,      2165.00,                 95516434.00,43774
,GALLANTT,EQ,       574.00,                174201650.90,300142
,GANDHAR,EQ,       267.60,                228796954.15,860917
,GANDHITUBE,EQ,       900.15,                  1531667.55,1700
,GANECOS,EQ,       999.90,                327988442.10,331101
,GANESHBE,BE,       123.23,                 10123287.63,82123
,GANESHCP,EQ,       174.46,                 20374221.28,117370
,GANESHHOU,EQ,       758.95,                 19314914.70,25372
,GANESHIN,ST,        99.00,                  5763840.00,58400
,GANGABATH,SM,        20.30,                   612300.00,30000
,GANGAFORGE,EQ,         1.68,                 14659134.13,8689563
,GANGESSECU,EQ,       118.71,                   144804.81,1203
,GARFIBRES,EQ,       800.55,                 12549971.90,15701
,GARUDA,EQ,       178.73,                 51281893.14,285751
,GATECH,BE,         0.91,                  5777259.67,6348637
,GATECHDVR,BE,         0.48,                   209804.29,424573
,GATEWAY,EQ,        54.69,                 21200363.53,387773
,GAUDIUMIVF,BE,       116.43,                 22637756.53,193356
,GAYAHWS,EQ,         1.93,                   402168.63,206145
,GAYAPROJ,EQ,        21.76,                  8008720.03,363836
,GCHOTELS,ST,        99.85,                  1946460.00,19800
,GCSL,EQ,       595.15,                427375209.70,726731
,GEECEE,BE,       366.20,                   415591.55,1125
,GEEKAYWIRE,EQ,        29.61,                  3756246.99,127142
,GEMAROMA,EQ,       161.50,                 14768858.33,90914
,GENCON,EQ,        44.63,                 15235746.59,345096
,GENESYS,EQ,       230.88,                108556438.29,475906
,GENSOL,BZ,        17.28,                   854207.15,49395
,GENUSPAPER,EQ,        12.76,                  2754825.86,216963
,GENUSPOWER,EQ,       337.80,                847296283.05,2486451
,GENXAI,SM,        80.30,                  1276860.00,15600
,GEOJITFSL,EQ,        82.72,                 27654227.90,332909
,GESHIP,EQ,      1369.70,               1423711526.10,1043987
,GFLLIMITED,EQ,        62.81,                 30851291.86,497897
,GGBL,SM,       222.90,                  4110135.00,18600
,GHCL,EQ,       436.60,                 37109193.45,84548
,GHCLTEXTIL,EQ,       136.72,                 58143635.08,424691
,GICHSGFIN,EQ,       140.45,                 24399468.05,172955
,GICL,EQ,        24.60,                  3956977.79,162762
,GICRE,EQ,       358.45,               1747092626.40,4931565
,GILLANDERS,EQ,       103.19,                   194538.27,1894
,GILLETTE,EQ,      7312.50,                 68059653.00,9291
,GILT10BETA,EQ,        26.58,                    32296.03,1210
,GILT5BETA,EQ,        66.94,                  1234083.55,18441
,GILT5YBEES,EQ,        66.33,                 12173192.30,183586
,GINNIFILA,BE,        42.57,                  2352418.74,55171
,GIPCL,EQ,       205.18,                 82405245.46,400260
,GIRIRAJ,SM,        74.65,                 65965762.50,879500
,GJL,ST,       251.00,                 18796240.00,76800
,GKB,EQ,        63.97,                   841500.33,13013
,GKENERGY,EQ,       128.96,                 34182558.87,264878
,GKSL,EQ,       172.81,                 41302033.61,238346
,GKWLIMITED,EQ,      1610.90,                   246718.80,154
,GLAND,EQ,      2932.40,               8644188339.80,2977808
,GLAXO,EQ,      2958.10,                141980334.40,48109
,GLENMARK,EQ,      2437.20,               1005401462.60,412728
,GLFL,EQ,         5.80,                    24874.60,4293
,GLOBAL,EQ,       120.45,                 69977133.93,570402
,GLOBALE,EQ,        11.39,                   204152.92,18110
,GLOBALPET,ST,       165.00,                  3339000.00,20250
,GLOBALVECT,EQ,       141.16,                   345287.74,2436
,GLOBE,EQ,         1.89,                   833950.26,440779
,GLOBECIVIL,EQ,        48.15,                  2010136.05,41613
,GLOBUSSPR,EQ,       914.30,                 42449276.10,46420
,GLOSTERLTD,EQ,       596.50,                   193204.65,323
,GLOTTIS,EQ,        62.10,                  2106687.86,33918
,GMBREW,EQ,       919.85,                 37018983.65,40347
,GMDCLTD,EQ,       562.95,                284277700.30,503162
,GML,SM,        17.85,                   108600.00,6000
,GMMPFAUDLR,EQ,      1147.90,               1202920783.20,1049404
,GMRAIRPORT,EQ,        97.45,                903811495.83,9286457
,GMRP&UI,EQ,        95.30,                185567727.58,1966833
,GNA,EQ,       551.05,                151513510.85,276542
,GNFC,EQ,       596.70,                469763958.30,791924
,GNRL,EQ,        99.27,                 18251793.36,185644
,GOACARBON,EQ,       378.45,                  3430190.35,9112
,GOCLCORP,EQ,       427.45,                129867324.45,304041
,GOCOLORS,EQ,       326.65,                 15013860.85,46077
,GODAVARIB,EQ,       241.70,                 12846511.88,53060
,GODFRYPHLP,EQ,      2051.00,                206251705.80,100359
,GODIGIT,EQ,       258.30,                 52337712.70,203109
,GODREJAGRO,EQ,       644.85,                198404603.20,306292
,GODREJIND,EQ,      1163.50,                 71163269.50,60778
,GODREJPROP,EQ,      1982.00,                612979602.30,307319
,GOKEX,EQ,       789.20,                372784295.80,472178
,GOKUL,EQ,        42.96,                  9410437.60,221325
,GOKULAGRO,EQ,       231.17,                 65697773.37,282521
,GOLD1,EQ,       128.47,                149736715.23,1165650
,GOLD360,EQ,       149.70,                  1466887.95,9775
,GOLDADD,EQ,        14.95,                 62079806.65,4153135
,GOLDAXIS,EQ,       128.11,                 42818668.75,333634
,GOLDBEES,EQ,       127.17,               2597281031.44,20415178
,GOLDBETA,EQ,       129.50,                 71011240.85,548417
,GOLDBND,EQ,       153.82,                   314178.65,2042
,GOLDCASE,EQ,        24.21,                210100334.22,8672063
,GOLDENTOBC,BZ,        24.96,                    83074.09,3366
,GOLDETF,EQ,       149.46,                270766313.90,1811520
,GOLDIAM,EQ,       345.30,                114813773.50,332390
,GOLDIETF,EQ,       131.80,                547286516.43,4150183
,GOLDKART,SM,       102.00,                   127500.00,1250
,GOLDTECH,BE,        47.04,                   276155.59,5814
,GOODLUCK,EQ,       472.90,                215784018.90,455214
,GOODYEAR,EQ,       741.50,                  1853276.85,2498
,GOPAL,EQ,       265.10,                 22380137.45,84409
,GOYALALUM,EQ,         6.22,                   466947.27,74465
,GOYALSALT,SM,       105.00,                   190200.00,1800
,GPECO,ST,       441.55,                 14438120.00,32800
,GPIL,EQ,       240.67,                237575251.09,985110
,GPPL,EQ,       161.62,                209947747.59,1293533
,GPTHEALTH,EQ,       158.17,                 40487627.52,259291
,GPTINFRA,EQ,       112.10,                 12166028.41,108936
,GRADIENTE,EQ,         2.71,                  4999974.07,1829209
,GRANDOAK,EQ,        34.84,                   153815.07,4351
,GRANULES,EQ,       848.30,                994732689.50,1172635
,GRAPHISAD,SM,        25.50,                   276600.00,10800
,GRAPHITE,EQ,       733.60,                778683437.65,1066661
,GRAUWEIL,EQ,        70.59,                 12475890.65,175799
,GRAVISSHO,EQ,        29.40,                     9648.38,329
,GRAVITA,EQ,      1661.60,                730139705.60,442686
,GRCL,SM,       575.00,                   708750.00,1250
,GREAVESCOT,EQ,       195.56,                 91205437.89,467649
,GREENCHEF,SM,        66.20,                  2227560.00,32000
,GREENLAM,EQ,       242.62,                  3466599.62,14287
,GREENLEAF,ST,       115.00,                   457750.00,4000
,GREENPANEL,EQ,       158.32,                 42783562.45,268737
,GREENPLY,EQ,       304.70,                117191688.65,387224
,GREENPOWER,EQ,         9.28,                 13952293.29,1505445
,GRETEX,SM,       237.00,                   724875.00,3000
,GRINDWELL,EQ,      1962.50,                 20246520.90,10248
,GRINFRA,EQ,       869.10,                  7284755.45,8369
,GRMOVER,EQ,        87.53,                 99389652.36,1151167
,GROBTEA,EQ,       977.65,                    99024.15,101
,GROWW,EQ,       194.00,               8674312538.27,44702306
,GROWWCAPM,EQ,        11.44,                  3203246.73,279688
,GROWWCHEM,EQ,        30.24,                134847615.02,4453571
,GROWWDEFNC,EQ,        97.42,                 22607324.02,231792
,GROWWEV,EQ,        32.37,                  8406959.14,259593
,GROWWGOLD,EQ,        15.03,                 32467292.80,2159184
,GROWWHOSPI,EQ,        51.83,                 15747274.39,303066
,GROWWLIQID,EQ,       110.64,                 71914211.71,649969
,GROWWLOVOL,EQ,        10.30,                    48573.11,4721
,GROWWMC150,EQ,       233.51,                    70660.52,303
,GROWWMETAL,EQ,        12.72,                  5918741.22,467942
,GROWWMOM50,EQ,        10.99,                  3050260.73,277790
,GROWWN200,EQ,        11.34,                   334380.22,29513
,GROWWNET,EQ,        10.86,                  5325755.49,490430
,GROWWNIFTY,EQ,         9.68,                  6629481.51,684423
,GROWWNXT50,EQ,        73.45,                   168396.21,2293
,GROWWPOWER,EQ,        11.33,                 24884246.12,2199856
,GROWWPSE,EQ,        98.30,                   484934.92,4944
,GROWWPSUBK,EQ,        85.88,                   157370.66,1830
,GROWWRAIL,EQ,        28.08,                 75974798.64,2704363
,GROWWRLTY,EQ,        10.21,                  1658220.63,161707
,GROWWSC250,EQ,        10.69,                  1070514.38,100126
,GROWWSLVR,EQ,        22.83,                 33925366.74,1486031
,GRPLTD,EQ,      2013.00,                  2568607.10,1281
,GRSE,EQ,      2533.20,                761866939.10,299818
,GRWRHITECH,EQ,      7086.50,                250673747.50,35292
,GSEC10ADD,EQ,        26.79,                     1118.98,42
,GSEC10IETF,EQ,       262.50,                    11025.00,42
,GSEC10YEAR,EQ,        30.37,                    18678.77,616
,GSEC5IETF,EQ,        66.51,                    57331.62,862
,GSFC,EQ,       162.88,                181048546.95,1107016
,GSLSU,EQ,        28.37,                   867167.25,31054
,GSMFOILS,SM,       111.15,                  1500525.00,13500
,GSPCROP,EQ,       619.25,                 73955457.95,119185
,GSS,EQ,        11.03,                  2198602.38,198815
,GSTL,SM,        12.00,                   145350.00,12000
,GTECJAINX,BE,        29.27,                   159237.22,5483
,GTL,EQ,         7.11,                  2098866.94,293515
,GTLINFRA,EQ,         1.16,                 40512071.99,35008053
,GTPL,EQ,        58.67,                  5145108.83,87796
,GUFICBIO,EQ,       444.90,                 38954990.20,88007
,GUJALKALI,EQ,       721.60,                 79663202.60,109374
,GUJAPOLLO,EQ,       355.95,                  4334116.25,12193
,GUJENERGY,EQ,       263.59,               1047510016.27,3952971
,GUJRAFFIA,EQ,        41.00,                     4355.00,106
,GUJTHEM,EQ,       411.35,                251461658.80,605159
,GULFOILLUB,EQ,      1067.80,                168462242.30,157655
,GULFPETRO,BE,        65.91,                  3414364.74,51859
,GULPOLY,EQ,       186.01,                 24735317.56,133134
,GURUNANAK,SM,        36.90,                  1009360.00,28800
,GVKPIL,BE,         2.08,                  1167764.30,561750
,GVPIL,EQ,       649.60,                167079974.15,255215
,GVPTECH,BE,         8.05,                   731656.40,90191
,GVT&D,EQ,      4306.30,               2388436842.90,549760
,GYFTR,EQ,       182.54,                  5082636.06,27733
,HALDER,EQ,       293.50,                  7592634.25,26009
,HALDYNGL,BE,       147.70,                  5933099.21,40259
,HALEOSLABS,EQ,      1451.30,                  7528865.90,5164
,HAMPTON,EQ,         7.86,                    79438.87,9884
,HAPPSTMNDS,EQ,       354.00,                397957557.20,1122676
,HAPPY,SM,        89.65,                 10225300.00,116000
,HAPPYFORGE,EQ,      2238.50,                156763624.90,69563
,HARDWYN,EQ,         9.13,                 14878930.00,1626111
,HARIOMPIPE,EQ,       359.20,                 40573518.20,113348
,HARRMALAYA,EQ,       192.72,                  1378402.85,7134
,HARSHA,EQ,       454.35,                 59874447.90,132144
,HATHWAY,EQ,        10.52,                 18944933.60,1819906
,HATSUN,EQ,      1168.80,                 76284092.70,65825
,HAVELLS,EQ,      1154.00,               3291908157.40,2840527
,HAVISHA,EQ,         1.41,                   153753.58,107777
,HAWKINCOOK,EQ,      8406.50,                 15057021.00,1806
,HAZOOR,EQ,        19.13,                 25215476.94,1290374
,HBESD,EQ,        75.10,                    80767.80,1075
,HBLENGINE,EQ,       695.75,              10122587437.10,14312325
,HBPOR,EQ,        58.38,                     6739.96,115
,HBSL,EQ,        54.91,                    73313.46,1337
,HCC,EQ,        22.98,                468445826.53,20266993
,HCG,EQ,       700.20,                 46237662.25,65274
,HCL-INSYS,EQ,        10.10,                  7051191.27,702510
,HDBFS,EQ,       682.70,                253453839.45,366577
,HDFCBSE500,EQ,        37.56,                 32375017.17,862356
,HDFCGOLD,EQ,       131.45,                440624127.60,3350795
,HDFCGROWTH,EQ,       118.29,                  6523701.61,55143
,HDFCLIQUID,EQ,      1076.75,                 15969457.79,14831
,HDFCLOWVOL,EQ,        20.48,                    69074.09,3372
,HDFCMID150,EQ,        23.50,                  9933419.53,422354
,HDFCMOMENT,EQ,        30.99,                  3017635.24,97334
,HDFCNEXT50,EQ,        74.75,                 15093455.03,201831
,HDFCNIF100,EQ,        25.93,                   461932.21,17792
,HDFCNIFBAN,EQ,        59.22,                  7304775.91,123216
,HDFCNIFIT,EQ,        32.86,                  4219689.80,128067
,HDFCNIFTY,EQ,       270.30,                 38102226.67,140738
,HDFCNIMEG,EQ,       133.56,                  6214643.23,46678
,HDFCPSUBK,EQ,        86.16,                  3845675.58,44418
,HDFCPVTBAN,EQ,        28.39,                  4084255.15,143631
,HDFCQUAL,EQ,        58.65,                   163723.22,2788
,HDFCSENSEX,EQ,        87.15,                  2059743.13,23630
,HDFCSILVER,EQ,       222.70,                509369084.56,2287210
,HDFCSML250,EQ,       186.65,                137887480.64,738277
,HDFCVALUE,EQ,       125.88,                   203008.72,1613
,HDIL,BZ,         1.47,                   217174.78,144902
,HEADSUP,EQ,         7.21,                   384627.88,52608
,HEALTHADD,EQ,        16.58,                   357837.96,21553
,HEALTHAXIS,EQ,       167.04,                  1107251.43,6611
,HEALTHCARE,EQ,        21.51,                   433601.73,20094
,HEALTHIETF,EQ,       168.65,                 28644796.99,169428
,HEALTHX,EQ,       300.30,                  5103394.60,17264
,HEALTHY,EQ,        16.84,                 12219886.76,723183
,HECPROJECT,EQ,       117.78,                   950572.23,8085
,HEG,EQ,       728.25,               1848150773.15,2565950
,HEIDELBERG,EQ,       160.17,                 34919501.24,218319
,HEMIPROP,EQ,       126.55,                 34091612.19,269289
,HERANBA,EQ,       173.83,                  2387268.75,13651
,HERITGFOOD,EQ,       382.35,                392493886.55,1034903
,HEROMOTOCO,EQ,      5300.00,               3218068838.00,607423
,HESTERBIO,EQ,      2405.40,                229059408.20,93542
,HEXAGON,BE,        67.23,                  6829003.53,102191
,HEXATRADEX,EQ,       157.65,                   275303.83,1741
,HEXT,EQ,       528.60,                101986205.45,192374
,HFCL,BE,       231.44,               1012860693.07,4395650
,HGINFRA,EQ,       482.00,                 23941751.90,49859
,HGM,EQ,        52.63,                  1653057.47,31154
,HGS,EQ,       399.25,                  3920965.60,9933
,HIGREEN,SM,       124.00,                   881440.00,7200
,HIKAL,EQ,       222.30,               1229709067.34,5359400
,HILINFRA,EQ,        44.45,                  1628655.64,36577
,HILTON,EQ,        18.63,                  1563536.59,83646
,HIMATSEIDE,EQ,        71.51,                 25483332.22,358084
,HINDADH,EQ,       370.90,                   192671.35,517
,HINDALUMI,EQ,        97.43,                   294835.45,3024
,HINDCOMPOS,EQ,       394.85,                  2252730.35,5640
,HINDCON,EQ,        23.90,                  1032185.89,42853
,HINDCOPPER,EQ,       521.65,               1979833441.60,3802351
,HINDOILEXP,EQ,       185.00,                358064622.55,1959249
,HINDPETRO,EQ,       356.50,               1127620802.00,3155139
,HINDWAREAP,EQ,       182.61,                 20844298.27,113928
,HIRECT,EQ,      1222.40,                 22997508.30,18689
,HISARMETAL,EQ,       162.19,                   157551.60,964
,HITECH,EQ,        75.77,                 87856663.01,1169763
,HITECHCORP,BE,       337.00,                  2200592.55,6573
,HITECHGEAR,BE,       567.15,                   590564.70,1037
,HLEGLAS,EQ,       333.65,                200563938.60,605651
,HLVLTD,EQ,         6.48,                   939291.47,143901
,HMAAGRO,EQ,        20.84,                  6559067.14,314281
,HMT,BZ,        66.91,                  2156285.35,31667
,HMVL,BE,        84.28,                  1282426.11,15089
,HNDFDS,EQ,       615.05,                 82055114.50,133631
,HNGSNGBEES,EQ,       471.09,                 29125452.78,61650
,HOACFOODS,ST,      1009.95,                  6262706.25,6375
,HOLMARC,SM,       105.05,                  1712775.00,16500
,HOMEFIRST,EQ,      1210.10,                155979862.90,128463
,HONASA,EQ,       471.05,                477488987.90,996548
,HONAUT,EQ,     35655.00,                 63859995.00,1792
,HONDAPOWER,EQ,      2024.60,                  5434695.30,2712
,HORIZONIND,EQ,        55.13,                351834248.97,6411837
,HPAL,EQ,        35.58,                  2150293.18,59982
,HPIL,EQ,       123.75,                   182164.13,1499
,HPL,EQ,       304.15,                 29723792.65,97614
,HRHNEXT,SM,        25.40,                   456600.00,18000
,HRYNSHP,EQ,       101.36,                    43310.20,434
,HSBCGOLD,EQ,       133.81,                  3910736.33,29190
,HSCL,EQ,       671.05,               1735693577.20,2597175
,HTEL,BE,        73.65,                120943196.18,1652363
,HTMEDIA,EQ,        26.12,                  1135940.64,43144
,HUBTOWN,EQ,       189.26,                114247996.29,598031
,HUDCO,EQ,       180.52,                170877097.07,946223
,HUHTAMAKI,EQ,       255.00,                 32031661.25,125656
,HVAX,SM,       667.00,                   100050.00,150
,HYBRIDETF,EQ,        10.03,                   412539.52,41052
,HYBRIDFIN,BE,        16.67,                   120666.60,7267
,IBLFL,SM,        58.00,                   116000.00,2000
,IBULLSLTD,EQ,        25.67,                200542020.69,7874352
,ICDSLTD,EQ,        71.45,                  3744800.90,53177
,ICELCO,SM,       119.05,                 10977180.00,91200
,ICEMAKE,EQ,       738.60,                  5297857.40,7174
,ICICIAMC,EQ,      2970.90,                837176994.60,281169
,ICICIB22,EQ,       114.34,                 29183219.96,255356
,ICICIGI,EQ,      1510.00,               1250112822.80,824875
,ICICIPRULI,EQ,       494.55,                479415949.85,962782
,ICIL,EQ,       449.80,                278841904.45,621520
,ICRA,EQ,      4884.50,                104046442.10,21042
,IDBI,EQ,        90.63,                456803855.04,5012839
,IDEA,EQ,        15.02,               7870972078.36,525960563
,IDEAFORGE,EQ,       777.05,                163808064.60,208626
,IDENTICAL,SM,        18.05,                   404800.00,20000
,IDFCFIRSTB,EQ,        86.71,               1332126831.02,15288105
,IDFNIFTYET,EQ,       264.49,                   377329.65,1426
,IEML,ST,        42.05,                  1654675.00,40000
,IEX,EQ,       118.91,               1383522554.48,11547227
,IFBAGRO,EQ,       903.30,                  3875683.70,4296
,IFBIND,EQ,      1305.70,                 25012839.00,19145
,IFCI,EQ,       101.38,              41971792905.11,407352536
,IFGLEXPOR,EQ,       204.69,                  4621030.66,22469
,IGARASHI,EQ,       422.75,                 17280997.45,40948
,IGCL,EQ,        72.89,                  3980080.34,54634
,IGIL,EQ,       323.50,                120063221.90,369135
,IGL,EQ,       158.04,               1283408019.19,8174532
,IGPL,EQ,       567.40,                112956198.85,200277
,IIFL,EQ,       651.15,               1382264919.60,2119359
,IIFL060326,YA,      1012.00,                    45540.00,45
,IIFLCAPS,EQ,       341.20,                112273551.70,330001
,IIFLZC28,NG,      1659.70,                   165970.00,100
,IIFLZC28B,Y1,      1275.00,                    25500.00,20
,IITL,EQ,       146.40,                 15223633.69,100778
,IKIO,EQ,       212.34,                179665389.52,831128
,IKS,EQ,      1759.90,                388386681.60,220451
,IL&FSENGG,BZ,        36.75,                  4133967.25,113314
,IL&FSTRANS,BZ,         2.06,                   202653.52,97511
,IMAGICAA,EQ,        55.38,                135071011.93,2402726
,IMC1,N3,       251.00,                     2005.00,8
,IMFA,EQ,      1288.40,                208839757.90,162105
,IMPAL,EQ,      1114.60,                  1397282.50,1266
,IMPEXFERRO,BZ,         4.72,                    52594.96,11143
,INA,EQ,        90.24,                 43654978.73,481868
,INCREDIBLE,EQ,        32.54,                   169266.41,5276
,INDBANK,EQ,        28.58,                  2675425.60,93377
,INDGN,EQ,       601.50,                486320495.50,804735
,INDIACEM,EQ,       362.50,                 15367882.90,42548
,INDIAGLYCO,BE,       260.40,                  5623858.80,21597
,INDIAMART,EQ,      1726.40,                 75932640.10,43854
,INDIANB,EQ,       879.70,                696181296.55,786614
,INDIANCARD,EQ,       219.97,                   703064.87,3224
,INDIANHUME,EQ,       387.80,                 22090461.75,56614
,INDIASHLTR,EQ,       677.10,                 47426847.80,70209
,INDIGOPNTS,EQ,      1185.80,                111608940.20,94147
,INDIGRID,IV,       175.49,                 85868032.13,489772
,INDIQUBE,EQ,       194.54,                  3224566.01,16617
,INDNIPPON,EQ,      1158.20,                 72459133.60,63581
,INDOAMIN,BE,       125.96,                  6331991.82,50224
,INDOBORAX,EQ,       514.90,                 65260984.15,126424
,INDOCO,EQ,       262.51,                 98297234.29,368891
,INDOFARM,EQ,       134.03,                  9178271.65,68314
,INDOKEM,EQ,       625.55,                  2416846.40,3809
,INDOMIM,EQ,       971.50,               4357475831.90,4512815
,INDORAMA,EQ,        72.96,                117104870.58,1609101
,INDOSTAR,EQ,       258.66,                 28850663.51,111553
,INDOTECH,EQ,      3663.10,                 27585809.80,7508
,INDOTHAI,EQ,        35.75,                 26529002.50,742070
,INDOUS,EQ,        77.48,                  3237959.31,41730
,INDOWIND,EQ,         9.02,                   700694.51,77378
,INDPRUD,EQ,      6305.00,                   591641.50,94
,INDRAMEDCO,EQ,       349.70,                109714718.40,311569
,INDSWFTLAB,EQ,       355.95,                249450525.95,695062
,INDTERRAIN,EQ,        30.42,                   519761.72,17159
,INDUSINDBK,EQ,      1008.50,               1324266351.20,1321066
,INDUSINVIT,IV,       133.94,                 12773978.14,95377
,INDUSTOWER,EQ,       376.80,                595101179.35,1578193
,INFINIUM,SM,       264.00,                  3771000.00,14500
,INFLUX,SM,       291.35,                  1227420.00,4200
,INFOBEAN,EQ,       162.08,                122941773.89,750810
,INFOLLION,SM,       159.80,                  2106700.00,13200
,INFOMEDIA,EQ,         5.35,                   122216.58,22935
,INFRA,EQ,        12.04,                   174063.96,14437
,INFRABEES,EQ,       956.45,                  3359266.47,3516
,INFRAIETF,EQ,        94.80,                 52681113.05,555466
,INGERRAND,EQ,      4844.70,                 54911779.00,11320
,INM,SM,       148.00,                  1058610.00,7200
,INNOMET,ST,       282.45,                 10507140.00,37200
,INNOVACAP,EQ,      1175.40,                377036055.00,321751
,INNOVANA,EQ,       305.20,                   178347.15,583
,INNOVISION,EQ,       254.90,                  3015196.90,11734
,INOXGREEN,EQ,       175.10,                231096646.83,1333015
,INOXINDIA,EQ,      2247.80,               2329875915.00,1027233
,INOXWIND,EQ,        74.40,               1692539148.27,22688206
,INSECTICID,EQ,       618.45,                 13973813.50,22609
,INSPIRE,SM,         8.45,                    33800.00,4000
,INSPIRISYS,EQ,        89.53,                   272667.60,2978
,INSUREIETF,EQ,        15.23,                  6096729.97,402017
,INTEGRITY,ST,       175.00,                   210000.00,1200
,INTELLECT,EQ,       686.65,                340748673.05,491572
,INTENTECH,EQ,        82.25,                  3528306.56,42907
,INTERARCH,EQ,      1707.00,                 56698113.60,33231
,INTERNET,EQ,        14.61,                  7811537.57,534263
,INTLCONV,EQ,        81.18,                  7539916.32,92332
,INVENTURE,EQ,         0.93,                   577551.38,618481
,INVICTA,SM,        68.00,                   108800.00,1600
,INVPRECQ,BE,      1273.60,                  1785233.00,1405
,IOB,EQ,        33.55,                 89329884.92,2673908
,IOLCP,EQ,       199.95,               1059245966.01,5291531
,IONEXCHANG,EQ,       409.20,                521802392.50,1293430
,IPCALAB,EQ,      1965.30,                157696798.70,80401
,IPHL,SM,        74.95,                  3900300.00,54000
,IPL,EQ,       138.34,                  9298247.76,67260
,IPRINGLTD,EQ,       159.99,                   491159.54,3047
,IPSL,SM,       215.00,                   107500.00,500
,IRB,EQ,        19.65,                135500390.13,6862525
,IRBINVIT,IV,        64.54,                 26580841.13,411810
,IRCON,EQ,       119.25,                201266513.48,1686344
,IRCTC,EQ,       476.05,                287524371.05,603706
,IREDA,EQ,       113.64,                299275846.02,2627200
,IRIS,EQ,       265.92,                 24703283.09,92277
,IRISDOREME,EQ,        63.58,                151623790.51,2431238
,IRMENERGY,EQ,       281.40,                 21614063.20,76393
,ISFT,EQ,        81.61,                 11294509.59,132771
,ISGEC,EQ,       787.35,                 24088675.85,30774
,ISHAN,SM,         0.55,                    50400.00,96000
,ISHANCH,EQ,        44.29,                  1745676.07,38670
,ISTLTD,EQ,       654.55,                   236776.60,357
,IT,EQ,        34.09,                  5254826.54,153062
,ITADD,EQ,        32.57,                   223894.56,6830
,ITALIANE,SM,        33.50,                   400600.00,12000
,ITAXIS,EQ,       339.03,                   567665.11,1669
,ITBEES,EQ,        34.09,                291229306.57,8504508
,ITBETA,EQ,       322.95,                    27196.92,84
,ITCHOTELS,EQ,       161.23,                331736284.58,2050484
,ITDC,EQ,       644.35,                 25738549.20,39915
,ITETF,EQ,        32.54,                  4159325.24,127150
,ITI,EQ,       272.50,                 71911567.65,264152
,ITIETF,EQ,        34.01,                 12124960.21,354409
,ITL,EQ,       364.55,                   202877.15,558
,IVALUE,EQ,       230.26,                 31111363.11,133823
,IVC,EQ,        10.24,                 10602756.57,1022586
,IVP,BE,       203.34,                  2128963.04,10358
,IVZBANKNF,EQ,        57.56,                    86856.25,1513
,IVZINGOLD,EQ,       133.95,                  1333574.35,9964
,IVZINNIFTY,EQ,       274.53,                    43473.14,158
,IVZSENSEX,EQ,        76.56,                    74506.45,972
,IWARE,ST,       485.35,                 13895370.00,28800
,IWP,EQ,        34.38,                   889274.67,25747
,IXIGO,EQ,       166.75,                565730322.35,3400102
,IZMO,EQ,       902.45,                 79268960.20,87266
,J&KBANK,EQ,       150.02,                284346068.47,1883250
,JAGRAN,EQ,        60.98,                 15106098.64,247379
,JAGSNPHARM,EQ,       242.06,                 23184485.69,96227
,JAIBALAJI,EQ,        69.73,                 20671570.91,293778
,JAICORPLTD,EQ,        99.52,                 24592293.76,246316
,JAINAM,SM,       203.50,                   610400.00,3000
,JAINIK,SM,       209.20,                  2744160.00,13200
,JAINREC,EQ,       277.95,                315517120.35,1135766
,JAIPURKURT,EQ,        25.33,                  1303944.88,51045
,JALAN,ST,         1.80,                    10800.00,6000
,JAMNAAUTO,EQ,       120.69,                 83733787.01,691775
,JARO,EQ,       445.65,                 53899081.65,119338
,JASH,EQ,       478.50,                135339835.75,280288
,JAYAGROGN,EQ,       230.60,                  1861399.69,8025
,JAYBARMARU,EQ,       122.29,                 17228825.49,141098
,JAYBEE,SM,        84.35,                   851925.00,10000
,JAYESH,SM,       134.40,                  5009150.00,38000
,JAYKAY,EQ,       153.69,                 73794110.53,470358
,JAYNECOIND,EQ,        89.04,               4412245407.19,49840056
,JAYSREETEA,EQ,        98.95,                  4877743.27,48814
,JBMA,EQ,       625.60,                 92067451.25,146607
,JENBURPH,EQ,      1038.80,                   436608.90,422
,JETFREIGHT,EQ,        21.18,                  2605567.10,123233
,JEYYAM,ST,        22.15,                   976400.00,44000
,JFLLIFE,SM,         9.85,                    59100.00,6000
,JGCHEM,EQ,       598.15,                126649542.60,210794
,JHS,EQ,         7.89,                   363316.50,45834
,JINDALPHOT,EQ,      1021.20,                  2070762.40,2011
,JINDALPOLY,EQ,       672.35,                  8023559.30,11895
,JINDALSAW,EQ,       305.30,                266863954.30,868641
,JINDRILL,EQ,       663.05,                469776826.25,708720
,JINDWORLD,EQ,        57.51,              10239526628.67,188275533
,JISLDVREQS,EQ,        21.93,                  6787426.13,310219
,JISLJALEQS,EQ,        30.87,                917440484.92,29548721
,JITFINFRA,EQ,       304.50,                  7267504.95,23808
,JIWANRAM,SM,         4.30,                   104100.00,24000
,JKCEMENT,EQ,      5083.50,                 76178120.50,15032
,JKIL,EQ,       487.35,                 12152659.60,24845
,JKIPL,EQ,       100.56,                  1978149.29,19248
,JKLAKSHMI,EQ,       515.70,                264139384.85,512153
,JKPAPER,EQ,       405.80,                154772939.15,381165
,JKTYRE,EQ,       367.35,                133148130.60,360957
,JLHL,EQ,       286.45,                 29712589.35,102896
,JMA,EQ,        90.58,                   683957.05,7483
,JMFINANCIL,EQ,       132.06,                598254392.21,4507470
,JNKINDIA,EQ,       445.05,                 57227085.85,128595
,JNPR,EQ,       265.10,                262038574.90,983254
,JOCIL,BE,       154.30,                  1254761.25,8078
,JPOLYINVST,EQ,       997.45,                  3513896.10,3507
,JPPOWER,EQ,        16.29,                497842901.61,30695821
,JSFB,EQ,       535.10,                242936537.95,453979
,JSL,EQ,       737.85,                575854222.75,780597
,JSLL,EQ,       516.30,                477132876.00,921231
,JSWCEMENT,EQ,       124.07,                149841981.25,1203964
,JSWDULUX,EQ,      3174.50,                 76472977.30,24093
,JSWENERGY,EQ,       539.85,               1397317265.10,2598872
,JSWHL,EQ,     11472.00,                 34329456.00,2952
,JSWINFRA,EQ,       333.00,                669431538.60,2001532
,JTEKTINDIA,EQ,       121.27,                 17491127.16,143861
,JTLIND,EQ,        91.67,                263625202.83,2884117
,JUBLCPL,EQ,      2222.60,                 16309967.40,7185
,JUBLFOOD,EQ,       482.70,                302094808.65,624576
,JUBLINGREA,EQ,       680.30,                 62558759.20,91316
,JUBLPHARMA,EQ,       924.50,                455574687.60,498346
,JUNIORBEES,EQ,       791.07,                224784393.96,283994
,JUNIPER,EQ,       216.82,                 17913852.20,82885
,JUSTDIAL,EQ,       692.85,                 73408815.25,106018
,JWL,EQ,       243.24,                259541803.06,1056588
,JYOTHYLAB,EQ,       201.54,                 94819639.11,469980
,JYOTICNC,EQ,      1003.90,               1069801515.15,1051995
,JYOTIGLOBL,SM,        40.30,                  1196300.00,30000
,JYOTIRES,EQ,       868.10,                  4508176.15,5189
,JYOTISTRUC,EQ,        10.02,                100615811.04,10113711
,K2INFRA,ST,        48.80,                   296040.00,6000
,KABRAEXTRU,EQ,       579.15,                 75304633.00,130668
,KAJARIACER,EQ,      1239.60,                397076637.80,319639
,KAKATCEM,EQ,       109.60,                   283435.29,2586
,KALAMANDIR,EQ,        86.49,                 13029962.87,150963
,KALANA,SM,        18.80,                   713600.00,38000
,KALPATARU,EQ,       277.65,                 11314076.30,40767
,KALYANIFRG,BE,      1081.05,                  9382208.35,8487
,KALYANKJIL,EQ,       598.80,               5784265054.05,9662044
,KAMAHOLD,EQ,      2348.20,                  4648905.30,1979
,KAMANWALA,EQ,        16.59,                   126934.19,7692
,KAMATHOTEL,EQ,       225.51,                 24149119.80,107699
,KAMDHENU,BE,        39.24,                 49806849.75,1255794
,KAMOPAINTS,EQ,         4.53,                  1234549.50,270171
,KANANIIND,EQ,         1.52,                   218365.67,144024
,KANCHI,EQ,       409.70,                   658380.65,1607
,KANCOTEA,EQ,        54.85,                     1526.99,28
,KANDARP,SM,        97.00,                    97000.00,1000
,KANORICHEM,BE,       155.56,                  2310125.93,14865
,KANPRPLA,EQ,       250.20,                  3039451.90,11967
,KANSAINER,EQ,       194.20,                477076982.50,2465067
,KAPSTON,EQ,       584.05,                 41390094.50,70957
,KARMAENG,EQ,        37.45,                   155720.22,4181
,KARNIKA,SM,       118.30,                  5390150.00,46000
,KARURVYSYA,EQ,       348.85,                334808901.35,955056
,KATARIA,SM,       107.45,                   320580.00,3000
,KAUSHALYA,BE,       850.00,                   176027.50,202
,KAVDEFENCE,EQ,        67.14,                 99108521.05,1505543
,KAYA,BE,       345.10,                  3953526.15,11466
,KAYNES,EQ,      3598.00,               4300443267.40,1211084
,KAYTEX,SM,        56.50,                   273960.00,4800
,KCEIL,SM,        79.10,                   870375.00,11000
,KCK,ST,        15.35,                   762250.00,50000
,KCP,EQ,       162.38,                 37700700.16,228887
,KCPSUGIND,BE,        32.07,                  6161686.89,194150
,KDDL,EQ,      3911.00,                 99523320.60,25376
,KDGREEN,EQ,        50.44,                  1077832.11,21136
,KDL,SM,        92.45,                  1285875.00,13950
,KEC,EQ,       408.55,                316343017.60,777483
,KECL,EQ,       126.41,                  6962297.49,55192
,KEEPLEARN,EQ,         1.87,                    75476.75,39241
,KEI,EQ,      4850.00,              11729999998.50,2381568
,KELLTONTEC,EQ,        13.87,                 30466817.27,2178042
,KEN,SM,        39.00,                   140400.00,3600
,KENNAMET,EQ,      4688.50,                101766941.60,21846
,KERNEX,EQ,      1817.00,               1553619097.00,852400
,KESORAMIND,BE,        10.90,                  1319947.00,119860
,KEYFINSERV,EQ,       245.05,                   710600.65,2872
,KFINTECH,EQ,       928.90,                670183379.35,715524
,KHADIM,BE,       117.30,                  1743113.40,15169
,KHAICHEM,EQ,        54.86,                  5173225.15,94220
,KHAITANLTD,EQ,       162.00,                   369427.12,2277
,KHANDSE,EQ,        18.38,                    12435.97,698
,KHFM,SM,        44.95,                    69672.50,1550
,KICL,EQ,      5203.00,                  1520737.50,291
,KILITCH,BE,       180.95,                  5924084.04,33164
,KIMS,EQ,       764.10,                121914488.65,158954
,KINGFA,EQ,      5932.50,                 48375746.50,8112
,KIOCL,EQ,       382.10,                 22207874.25,57868
,KIRANVYPAR,EQ,       205.41,                   702491.83,3402
,KIRIINDUS,EQ,       559.10,               1297310880.35,2243746
,KIRLFER,EQ,       459.60,                112043366.55,242037
,KIRLOSBROS,EQ,      1862.00,                 35971399.30,19160
,KIRLOSENG,EQ,      2201.90,                815677512.50,365394
,KIRLOSIND,EQ,      3731.50,                 27757454.30,7463
,KIRLPNU,EQ,       760.45,                104910775.70,137821
,KISSHT,EQ,       309.30,                323852796.85,1041438
,KITEX,EQ,       128.85,                 86615640.62,679715
,KJMCFIN,EQ,        63.14,                   162263.98,2504
,KKCL,EQ,       514.30,                 17366964.10,34214
,KKJEWELS,SM,        98.00,                   197000.00,2000
,KLBRENG-B,EQ,       467.85,                140837692.05,303427
,KLL,SM,        25.00,                   296480.00,12000
,KMCSHIL,EQ,       138.24,                 13126833.28,94440
,KMEW,EQ,      3033.40,                302397689.90,98630
,KMSUGAR,EQ,        30.68,                  9334203.42,302618
,KNACK,EQ,       187.30,                 75761269.10,402969
,KNAGRI,EQ,       199.40,                  3153384.93,15550
,KNRCON,EQ,       124.66,                321938154.27,2626704
,KODYTECH,ST,      1569.95,                  9473895.00,6000
,KOHINOOR,EQ,        32.77,                  4369429.28,131797
,KOKUYOCMLN,EQ,        80.61,                  3252733.34,40527
,KOLTEPATIL,EQ,       441.85,                 32185239.30,72213
,KONSTELEC,ST,        62.05,                  3201650.00,51000
,KONTOR,SM,        52.95,                    31770.00,600
,KOPRAN,EQ,       232.54,                155487728.32,661197
,KORE,SM,       123.80,                  7109375.00,58000
,KOTARISUG,BE,        29.92,                   831455.14,27875
,KOTHARIPET,EQ,       130.56,                  6725282.52,51588
,KOTHARIPRO,EQ,        67.39,                   260734.41,3862
,KOTIC,EQ,       132.47,                  1518466.47,11357
,KOTYARK,BE,        33.76,                  4494325.00,133703
,KOVAI,EQ,      6062.50,                 11971613.50,1977
,KPEL,EQ,       247.32,                 94471290.64,382368
,KPIGREEN,EQ,       307.00,                160471225.75,525172
,KPIL,EQ,      1406.60,                206832487.70,145207
,KPITTECH,EQ,       575.45,                719954163.65,1239906
,KPL,EQ,      3285.50,                162536046.40,49245
,KPRMILL,EQ,      1186.30,                237129848.60,199902
,KRBL,EQ,       421.95,                132314607.25,313910
,KREBSBIO,EQ,        55.95,                   323638.65,5830
,KRIDHANINF,BE,         2.03,                    42420.08,20638
,KRISHANA,EQ,       184.13,                 96796380.47,525256
,KRISHCA,SM,       161.85,                  1046050.00,6500
,KRISHIVAL,EQ,       416.30,                 12976941.05,31340
,KRISHNADEF,EQ,      1013.20,                 69149315.80,67885
,KRITI,EQ,        61.60,                  1416474.11,23406
,KRITIKA,EQ,         5.37,                   408592.47,76423
,KRITINUT,EQ,        86.45,                  1148214.16,13358
,KRMAYURVED,SM,       287.85,                 15765000.00,56000
,KRN,EQ,      1578.70,                644204498.10,408862
,KRONOX,BE,       184.69,                 15922668.66,86294
,KROSS,EQ,       211.57,                 47760940.57,223590
,KRSNAA,EQ,       560.00,                 11992361.95,21497
,KRT,RR,       112.49,                696421628.20,6191981
,KRYSTAL,EQ,       654.60,                  5627177.35,8580
,KSB,EQ,       813.55,                 72448316.40,89128
,KSCL,EQ,       744.10,                 34554725.25,46257
,KSE,EQ,       180.12,                  2706288.66,15087
,KSHINTL,EQ,      1087.80,                581945367.50,542413
,KSHITIJ-RE,BE,         0.08,                   371073.04,4638413
,KSHITIJPOL,EQ,         3.30,                  9633333.30,2941441
,KSL,EQ,       940.50,                 63876039.75,67652
,KSOLVES,EQ,       272.05,                  4439597.50,16299
,KSR,EQ,        34.61,                 12848288.28,388546
,KTKBANK,EQ,       340.10,                654583525.35,1919012
,KUANTUM,EQ,        74.18,                  4574354.39,61468
,KUSUMGAR,EQ,       571.20,                130181471.60,226964
,KWIL,EQ,        42.12,                466016367.74,11043010
,LADDERUP,EQ,        51.40,                     1105.50,23
,LAGNAM,EQ,        74.80,                  1734115.89,23024
,LAHOTIOV,EQ,        43.08,                   161729.06,3701
,LAKPRE,BZ,         5.01,                    15035.82,3002
,LAKSHMIMIL,EQ,      7621.00,                   224783.00,29
,LAKSHYA,SM,        81.80,                   856480.00,10400
,LAL,EQ,         8.91,                   271556.78,30223
,LALITHAA,EQ,       306.70,               7051735553.40,23781731
,LALPATHLAB,EQ,      1877.50,                540153730.00,288144
,LAMBODHARA,EQ,       134.67,                   611464.48,4467
,LAMOSAIC,ST,        60.85,                  4387290.00,72000
,LANCER,EQ,        13.03,                  7830495.80,603720
,LANCORHOL,EQ,        40.35,                 91709854.35,2381575
,LANDMARK,EQ,       510.15,                 40578607.95,79884
,LANDSMILL,EQ,         0.63,                  6736156.04,10129295
,LAOPALA,EQ,       173.90,                 13135190.47,75699
,LARGEMID50,EQ,        36.39,                    83919.80,2309
,LASA,EQ,         6.73,                   168015.52,24575
,LASERPOWER,EQ,       295.65,                297239307.25,999119
,LATENTVIEW,EQ,       267.25,                 94382048.30,351722
,LATTEYS,EQ,        20.50,                   928083.23,44829
,LAURUSLABS,EQ,      1840.00,               1991203312.40,1075943
,LAXMICOT,EQ,        13.73,                   992845.73,72640
,LAXMIDENTL,EQ,       199.14,                  8038737.77,40392
,LAXMIINDIA,EQ,       132.60,                 47642804.33,360742
,LCCINFOTEC,EQ,         3.81,                   172107.30,44787
,LCL,EQ,       581.50,                952065401.80,1628313
,LEAPIND,EQ,       150.26,                851623129.86,5589910
,LEENEE,BE,         8.45,                   241959.25,29014
,LEMERITE,EQ,        20.93,                  2846906.14,135407
,LEMONTREE,EQ,       104.95,                365276752.85,3464757
,LENSKART,EQ,       684.90,               6985526547.50,10188245
,LEXUS,EQ,        13.53,                    80339.17,5919
,LFIC,EQ,       134.64,                    52463.84,387
,LGBBROSLTD,EQ,      1702.80,                 85879993.40,50384
,LGEINDIA,EQ,      1640.70,                637524463.40,387555
,LGHL,EQ,       175.42,                  1173669.33,6577
,LIBAS,EQ,        10.46,                   205757.90,19725
,LIBERTSHOE,EQ,       233.27,                  3605392.94,15371
,LICHSGFIN,EQ,       562.05,               4061104070.35,7126780
,LICI,EQ,       415.35,               2258499295.35,5411741
,LICMFGOLD,EQ,       138.75,                 48638952.55,349843
,LICNETFGSC,EQ,        29.34,                  2216618.79,75526
,LICNETFN50,EQ,       267.77,                    93114.23,347
,LICNETFSEN,EQ,       862.89,                    19003.47,22
,LICNFNHGP,EQ,       270.61,                   104785.47,386
,LICNMID100,EQ,        63.84,                   136965.25,2147
,LIKHITHA,EQ,       204.80,                  5645209.95,27488
,LINC,EQ,        95.07,                   687972.56,7202
,LINCOLN,EQ,       620.80,                 18107950.45,29091
,LINDEINDIA,EQ,      6346.00,                 60399613.00,9490
,LIQGRWBEES,EQ,      1054.46,                106716360.79,101203
,LIQUID,EQ,       999.99,                328989768.63,328991
,LIQUID1,EQ,      1121.43,                691374614.82,616507
,LIQUIDADD,EQ,      1143.51,                379778122.19,332115
,LIQUIDBEES,EQ,      1000.00,               2607107998.73,2607097
,LIQUIDBETA,EQ,      1007.04,                100845999.87,100142
,LIQUIDBETF,EQ,      1097.63,                238742512.82,217506
,LIQUIDCASE,EQ,       115.80,               2134869531.47,18435860
,LIQUIDETF,EQ,       999.99,                308648440.26,308648
,LIQUIDIETF,EQ,       999.99,                540667802.52,540668
,LIQUIDPLUS,EQ,      1102.01,                257525607.29,233686
,LIQUIDSBI,EQ,      1000.00,                  5550033.32,5550
,LIQUIDSHRI,EQ,      1120.33,                 23209543.58,20717
,LKPSEC,EQ,        15.28,                   117723.45,7614
,LLOYDS,SM,        58.00,                   511950.00,9000
,LLOYDSENGG,EQ,        84.21,                408703407.49,4801657
,LLOYDSENT,EQ,        74.23,                271090260.49,3684805
,LLOYDSME,EQ,      1823.00,                267511423.00,146092
,LMW,EQ,     18774.00,                 41679617.00,2214
,LOKESHMACH,EQ,       364.60,                 20900044.80,56473
,LORDSCHLO,EQ,       146.60,                  5906228.30,40550
,LOTUSCHO,EQ,       630.40,                  2544752.70,4002
,LOTUSDEV,BE,       193.25,                304251639.68,1589932
,LOTUSEYE,EQ,       109.43,                   913772.63,8350
,LOVABLE,EQ,        71.37,                   425129.15,5969
,LOWVOL,EQ,       204.13,                      204.13,1
,LOWVOL1,EQ,        20.93,                 13523990.01,642373
,LOWVOLIETF,EQ,        21.98,                 29099069.84,1319509
,LOYALTEX,EQ,       218.14,                   501279.42,2285
,LPDC,EQ,         6.73,                   285082.51,41802
,LRRPL,SM,        88.00,                   262500.00,3000
,LTF,EQ,       314.00,               1039647643.30,3279672
,LTFOODS,EQ,       444.80,                199681837.60,450291
,LTGILTBEES,EQ,        29.84,                107952623.12,3617915
,LTGILTCASE,EQ,        30.41,                  4004643.67,131619
,LTTS,EQ,      3493.30,                180003250.30,51558
,LUMAXIND,EQ,      6181.50,                 97493365.50,15590
,LUMAXTECH,EQ,      1951.90,                159397507.70,81128
,LUMINO,EQ,       114.50,              16228033158.85,139069849
,LUPIN,EQ,      2110.00,               1826614866.70,862828
,LUXIND,EQ,      1175.10,                 11002184.30,9331
,LXCHEM,EQ,       172.04,                 72319759.24,416497
,LYKALABS,BE,        78.36,                  2495295.84,31844
,M&MFIN,EQ,       373.65,                988988636.40,2628655
,MAANALU,EQ,       117.90,                  8789296.95,74246
,MACPOWER,EQ,      1904.90,                 73149826.60,38330
,MADHAV,EQ,        35.36,                   221393.48,6274
,MADHAVBAUG,ST,       160.50,                   192440.00,1200
,MADHAVIPL,EQ,         7.98,                   632542.32,78511
,MADHUCON,BE,         4.63,                   159228.42,34348
,MADHUSUDAN,ST,       236.00,                  4689750.00,20000
,MADRASFERT,EQ,        65.12,                  1750411.55,26810
,MAFANG,EQ,       207.56,                 12446958.08,59968
,MAFATIND,EQ,       121.66,                  3071337.00,25114
,MAGADSUGAR,EQ,       552.05,                 10765235.90,19463
,MAGNUM,EQ,        19.00,                   144016.08,7566
,MAHABANK,EQ,        85.95,               1193277156.70,13802528
,MAHAPEXLTD,EQ,        53.51,                   360408.25,6664
,MAHASTEEL,BE,      1282.50,                 12448426.40,10107
,MAHEPC,EQ,       103.62,                   792592.80,7636
,MAHESHWARI,BE,        72.21,                   495841.90,6852
,MAHICKRA,SM,       290.00,                   431250.00,1500
,MAHKTECH,EQ,        22.10,                  9649677.70,436637
,MAHLIFE,EQ,       362.40,                 13605551.95,37464
,MAHLOG,EQ,       405.35,                 52849165.10,130587
,MAHSCOOTER,EQ,     13602.00,                 13729226.00,1009
,MAHSEAMLES,EQ,       688.10,                807572228.75,1179393
,MAITHANALL,EQ,      1090.55,                432536086.95,400161
,MAITREYA,SM,       120.00,                    48000.00,400
,MAJESAUT,BE,       354.95,                  1276812.15,3642
,MAKEINDIA,EQ,       165.23,                  5299652.90,32053
,MAKERSL,EQ,       189.90,                  1272565.85,6513
,MAKS,SM,        15.10,                    22650.00,1500
,MAL,SM,        38.20,                  6775120.00,177600
,MALLCOM,EQ,      1018.15,                  1928043.80,1900
,MALUPAPER,EQ,        31.65,                   268478.48,8353
,MAMATA,EQ,       412.55,                 16194928.50,39601
,MANAKALUCO,EQ,        38.10,                  1323755.87,34763
,MANAKCOAT,EQ,       121.80,                 17545643.12,144960
,MANAKSIA,EQ,        63.05,                 14753757.53,235473
,MANAKSTEEL,EQ,       107.30,                 18635112.70,171136
,MANALIPETC,EQ,        86.76,                568828644.91,6435710
,MANAPPURAM,EQ,       339.70,                687114464.10,2017457
,MANBA,EQ,       128.95,                  3489233.89,26727
,MANCREDIT,EQ,       228.33,                  1553413.85,6769
,MANGALAM,EQ,        30.02,                   567675.87,18726
,MANGLMCEM,EQ,      1095.20,                 70897465.50,64519
,MANINDS,EQ,       788.55,                401890545.60,505736
,MANINFRA,EQ,       124.80,                219252774.58,1748780
,MANIPALHOS,EQ,       725.20,                858466001.60,1177059
,MANKIND,EQ,      2327.90,                286487165.10,122389
,MANOMAY,EQ,       234.97,                 89664728.67,390666
,MANORAMA,EQ,      1993.40,               1039576132.00,521970
,MANORG,EQ,       489.50,                  8248603.55,16738
,MANUFGBEES,EQ,       163.73,                   522985.01,3201
,MANUGRAPH,BE,        14.75,                   213858.75,14661
,MANYAVAR,EQ,       594.20,                456761488.00,775723
,MAPMYINDIA,EQ,       972.20,                 63751719.90,65490
,MARALOVER,EQ,        61.83,                 19533074.05,313426
,MARATHON,EQ,       437.90,                171862246.55,388461
,MARCO,SM,        31.15,                   382875.00,12000
,MARICO,EQ,       815.15,                835579944.30,1021459
,MARINE,EQ,       432.15,                359166550.35,826123
,MARKOLINES,EQ,       171.89,                 43202993.72,251690
,MARKSANS,EQ,       326.75,                542841035.70,1654370
,MARSONS,EQ,       137.56,               1725581959.66,12724657
,MARUSHIKA,SM,       109.60,                   395040.00,3600
,MASFIN,EQ,       295.00,                 20560066.05,69659
,MASKINVEST,EQ,       148.64,                     3239.78,22
,MASON,SM,       113.90,                  1147650.00,10000
,MASPTOP50,EQ,        79.86,                  2061905.34,25819
,MASTEK,EQ,      1772.90,                167078136.20,94020
,MASTER,SM,       429.95,                   429975.00,1000
,MASTERTR,EQ,        89.16,                761522949.41,8360812
,MATRIMONY,EQ,       529.05,                  3767785.45,7124
,MAWANASUG,EQ,       145.43,                 27046953.88,186868
,MAXESTATES,EQ,       542.10,                 60054200.55,111898
,MAXIND,EQ,       150.66,                  3758782.29,24712
,MAXPOSURE,SM,        29.80,                  5668650.00,189000
,MAXVOLT,SM,       324.80,                  7712900.00,23600
,MAYURUNIQ,EQ,       734.85,                 21638954.85,29504
,MAZDA,BE,       270.00,                  7563625.80,28256
,MBAPL,EQ,       166.12,                161283576.66,983522
,MBECL,BE,       258.89,                   762172.16,2944
,MBEL,EQ,       270.15,                 20356120.45,74971
,MBLINFRA,EQ,        24.30,                   630995.71,25935
,MCCHRLS-B,EQ,       670.00,                   206382.65,310
,MCL,EQ,        58.30,                  1465985.37,25283
,MCLEODRUSS,EQ,        46.30,                  8684197.66,185910
,MCLOUD,EQ,        26.29,                 42656333.15,1615599
,MCON,SM,        44.00,                   356100.00,8000
,MCX,EQ,      3275.40,               8037835436.70,2485731
,MEDANTA,EQ,      1469.80,                691398767.20,470026
,MEDIASSIST,EQ,       340.35,                148369566.65,433407
,MEDICAMEQ,EQ,       270.25,                 31980469.70,118422
,MEDICAPQ,EQ,        26.29,                    43479.31,1645
,MEDICO,EQ,        39.87,                  2087274.57,52932
,MEDIORG,SM,        26.50,                  1166400.00,44000
,MEDISTEP,SM,        22.90,                   278250.00,12000
,MEDPLUS,EQ,       676.35,                208659458.25,310867
,MEESHO,EQ,       209.00,               4878476094.93,22949812
,MEGAFLEX,SM,        91.00,                   558000.00,6000
,MEGASTAR,EQ,       307.60,                   898508.35,2947
,MEGATHERM,SM,       228.75,                 12563740.00,58000
,MEIL,EQ,       285.10,                 28431931.00,99521
,MENNPIS,EQ,        77.64,                 20395542.82,261863
,MENONBE,BE,       321.40,                 65288105.75,202288
,MEP,BZ,         0.71,                     9519.68,13408
,MERCANTILE,EQ,        25.45,                 14209516.99,550263
,MERCURYEV,EQ,        36.74,                  1543568.74,41943
,METAL,EQ,        13.46,                 20641122.15,1538895
,METALIC,ST,       134.65,                  6579920.00,48000
,METALIETF,EQ,        13.40,                 76492655.18,5744597
,METROBRAND,EQ,       929.15,                 36399647.95,39468
,METROGLOBL,EQ,       136.14,                    80959.70,601
,METROPOLIS,EQ,       588.70,                140920630.75,239323
,MFML,EQ,        18.59,                    55773.73,3002
,MFSL,EQ,      1548.40,                844436020.30,543214
,MGEL,BE,        14.24,                  1313057.90,92187
,MGL,EQ,      1096.60,                314372145.40,288338
,MGSL,SM,        73.80,                  1247340.00,16800
,MHLXMIRU,BE,       174.89,                   592966.04,3411
,MHRIL,EQ,       207.40,                 32438045.89,155829
,MICEL,BE,        36.74,                  3028000.58,82417
,MID150,EQ,        23.61,                  1418605.93,59978
,MID150BEES,EQ,       240.15,                157281222.97,654280
,MID150CASE,EQ,        11.68,                 10292722.15,879546
,MIDBANKADD,EQ,        17.50,                   182496.25,10430
,MIDCAP,EQ,        18.51,                 12876402.35,695787
,MIDCAPADD,EQ,        23.28,                    34058.04,1461
,MIDCAPBETA,EQ,       233.21,                   179832.03,767
,MIDCAPETF,EQ,        23.73,                 29437846.60,1238138
,MIDCAPIETF,EQ,        24.06,                 16137788.09,669603
,MIDHANI,EQ,       418.80,                236881910.30,562610
,MIDQ50ADD,EQ,        25.01,                  1142951.88,45658
,MIDSELIETF,EQ,        19.93,                  2747548.82,137616
,MIDSMALL,EQ,        51.82,                  7724050.50,148865
,MIDWESTLTD,EQ,      1062.10,                  7448518.80,7030
,MIEL,SM,        11.85,                   189000.00,16000
,MIIL,EQ,       717.05,                 59301056.50,82890
,MILKYMIST,EQ,       252.43,               3704027052.08,14599282
,MILTON,SM,        38.10,                   743270.00,19800
,MINALIND,BE,         5.35,                   395648.55,73953
,MINDACORP,EQ,       702.80,                139972697.75,199782
,MINDSPACE,RR,       501.11,                 69893239.89,139215
,MINDTECK,EQ,       168.81,                  2950540.06,17432
,MIRZAINT,EQ,        30.96,                  2047715.05,65986
,MITCON,BE,        77.80,                    83051.30,1066
,MITTAL,EQ,         0.80,                   569834.67,713212
,MKEXIM,EQ,        62.18,                  1106326.91,17942
,MKPL,EQ,         4.02,                   579000.30,143996
,MLKFOOD,EQ,        83.63,                   152576.45,1824
,MMEL,SM,        25.25,                  1334200.00,54000
,MMFL,EQ,       630.10,                103245201.55,163248
,MMP,EQ,       404.15,                 44513699.20,112103
,MMTC,EQ,        64.18,                548945723.35,8443462
,MMWL,EQ,        14.53,                   126608.37,8751
,MNC,EQ,        33.21,                  2783498.68,83789
,MOALPHA50,EQ,        56.36,                   333230.89,5914
,MOBANK10,EQ,        16.95,                    14682.08,868
,MOBIKWIK,EQ,       192.12,                 75634752.79,393306
,MOBILISE,SM,       108.15,                   173040.00,1600
,MOCAPITAL,EQ,        54.50,                 37214197.57,682395
,MODEFENCE,EQ,       107.14,                370564298.03,3442112
,MODINATUR,EQ,       340.95,                  1289992.20,3782
,MODIRUBBER,EQ,       131.30,                   157077.78,1186
,MODIS,EQ,       380.85,                  4293558.80,11292
,MODISONLTD,EQ,       469.95,                196800998.20,412447
,MODTHREAD,EQ,        54.37,                   666704.23,12306
,MOENERGY,EQ,        38.42,                  4561870.79,118745
,MOGOLD,EQ,       151.75,                  5969146.35,39281
,MOGSEC,EQ,        65.69,                   129963.11,1982
,MOHEALTH,EQ,        51.84,                  1617347.98,31140
,MOHITE,EQ,         2.79,                   367484.00,133842
,MOHITIND,EQ,        23.78,                   244749.72,10348
,MOIL,EQ,       252.30,                127219892.97,505504
,MOINFRA,EQ,        58.68,                   107114.18,1827
,MOIPO,EQ,        49.15,                  1142614.04,23258
,MOKSH,EQ,        10.07,                  1135930.61,112542
,MOL,EQ,        66.66,                103459938.08,1538689
,MOLBIO,EQ,      1160.50,                680920445.30,594273
,MOLDTECH,BE,       208.96,                  5819394.72,27919
,MOLDTKPAC,EQ,       706.65,                 25731025.90,36489
,MOLOWVOL,EQ,        36.12,                   141649.99,3927
,MOM100,EQ,        68.18,                 10472419.94,153254
,MOM30IETF,EQ,        31.36,                 15726274.02,501933
,MOM50,EQ,       251.47,                   459430.41,1830
,MOMENTUM,EQ,        31.06,                  3992672.86,128103
,MOMENTUM30,EQ,        30.81,                   660215.71,21437
,MOMENTUM50,EQ,        54.38,                 36727559.76,675732
,MOMETAL,EQ,        13.32,                   129879.20,9735
,MOMGF,EQ,       165.66,                    51168.06,315
,MOMIDMTM,EQ,        64.55,                  3869045.06,59852
,MOMMIDCAP,EQ,        12.99,                  6026349.49,463054
,MOMNC,EQ,        32.19,                    93115.36,2895
,MOMOMENTUM,EQ,        62.27,                  2693998.75,43375
,MON100,EQ,       324.67,                 22783067.91,70173
,MON50EQUAL,EQ,        33.17,                   206845.56,6254
,MONARCH,EQ,       377.90,                 29316751.50,77678
,MONEXT50,EQ,        73.14,                   128053.28,1755
,MONEYBOXX,EQ,        58.80,                  5791805.15,92042
,MONIFTY100,EQ,        25.32,                   600887.34,23737
,MONIFTY500,EQ,        23.91,                  5962043.40,249509
,MONOLITH,SM,      1265.65,                 42226700.00,33250
,MONOPHARMA,SM,         8.95,                    53100.00,6000
,MONQ50,EQ,       141.93,                  2530895.76,17832
,MONTECARLO,EQ,       574.50,                 30752426.25,53976
,MOOILGAS,EQ,        11.29,                    74854.49,6633
,MOPSE,EQ,       101.57,                    21691.95,217
,MOQUALITY,EQ,       198.73,                   291916.19,1467
,MOREALTY,EQ,        90.84,                200892110.46,2200446
,MOREPENLAB,EQ,       113.74,               2017342713.96,17563502
,MOS,ST,         7.55,                  1147600.00,152000
,MOSCHIP,EQ,       212.22,                250563929.33,1176516
,MOSERVICE,EQ,        30.91,                   132823.85,4297
,MOSILVER,EQ,       230.02,                  4683510.15,20361
,MOSMALL250,EQ,        18.52,                 31489971.79,1698632
,MOTILALOFS,EQ,      1037.00,                833675139.90,807197
,MOTISONS,EQ,        16.48,               2045895817.23,123701270
,MOTOGENFIN,BE,        28.71,                  1091292.06,38267
,MOTOUR,EQ,        77.74,                  1105062.30,14189
,MOVALUE,EQ,       113.26,                  3801886.75,33586
,MPDL,BE,        33.98,                    32901.88,957
,MPEL,ST,        27.35,                    87520.00,3200
,MPHASIS,EQ,      2422.00,                393634995.00,160732
,MPSLTD,EQ,      2658.90,                 40413315.80,15166
,MRF,EQ,    129945.00,                606101075.00,4656
,MRIL,ST,        57.30,                   276160.00,4800
,MRPL,EQ,       174.83,                533725531.34,3031271
,MSCI360,EQ,        10.27,                    60999.36,6033
,MSCIADD,EQ,        29.53,                    24621.30,836
,MSCIINDIA,EQ,        29.82,                 16240513.20,544455
,MSL,EQ,       142.22,                   288179.69,1952
,MSPL,EQ,        35.40,                 11826438.24,334614
,MSTCLTD,EQ,       734.20,                117279477.20,159233
,MSUMI,EQ,        36.52,                440018643.31,12064648
,MTARTECH,BE,      7161.00,               1578958408.00,222417
,MTEDUCARE,BE,         1.77,                    54166.63,30604
,MTNL,EQ,        26.55,                 13794220.41,518060
,MUFIN,EQ,       137.56,                155843904.35,1131652
,MUFTI,EQ,        75.23,                 11150002.93,149617
,MUKANDLTD,EQ,       134.44,                  5988101.81,44731
,MUKESHB,EQ,       133.91,                    41798.05,312
,MUKKA,EQ,        31.34,                212354826.68,6910108
,MUKTAARTS,BE,        58.90,                   811374.93,13799
,MULTICAP,EQ,        16.79,                  1262822.50,75191
,MUNISH,SM,        83.05,                  1294980.00,15600
,MUNJALAU,EQ,       112.28,                 35752752.87,317397
,MUNJALSHOW,EQ,       129.21,                  2485181.68,19122
,MURUDCERA,EQ,        29.66,                   476446.08,15994
,MUTHOOTCAP,EQ,       241.72,                  2220704.05,9133
,MUTHOOTMF,EQ,       205.29,                 36661543.02,177382
,MVELECTRO,EQ,       729.70,               2323805264.80,3173336
,MVGJL,EQ,       179.90,                208819396.03,1146917
,MVKAGRO,SM,       236.35,                  2836200.00,12000
,MWL,EQ,        38.56,                  9428205.31,243445
,MYMUDRA,SM,        72.00,                  1208580.00,16800
,MYSORPETRO,BE,       127.12,                   747918.62,5905
,NACLIND,EQ,       166.84,                 36785293.77,220617
,NAGREEKCAP,EQ,        23.25,                    66232.31,2918
,NAGREEKEXP,EQ,        24.10,                  9398787.95,411783
,NAHARCAP,EQ,       261.75,                   207017.70,798
,NAHARINDUS,EQ,       137.63,                  2408226.73,17477
,NAHARPOLY,EQ,       244.54,                  3112272.04,12772
,NAHARSPING,EQ,       289.80,                 10772032.40,36995
,NAM-INDIA,EQ,      1159.90,               1772927432.50,1522876
,NAMAN,SM,        40.10,                   128320.00,3200
,NAMOEWASTE,ST,       274.10,                  8683240.00,32000
,NARMADA,EQ,        13.51,                  3334588.74,246596
,NATCAPSUQ,BE,       216.42,                  2989488.22,13334
,NATCOPHARM,EQ,       828.65,                370453631.15,445370
,NATHBIOGEN,EQ,       153.12,                  1141388.04,7468
,NATIONALUM,EQ,       374.10,               2070277862.75,5517970
,NATIONSTD,EQ,       107.74,                  1784538.65,16687
,NAUKRI,EQ,      1319.80,                736786071.90,556306
,NAVA,EQ,       560.20,                107657977.90,192328
,NAVINFLUOR,EQ,      8557.50,               1125883748.50,131131
,NAVKARCORP,EQ,        96.24,                 22356555.54,230610
,NAVKARURB,BE,         0.90,                   203556.63,226159
,NAVNETEDUL,EQ,       131.21,                 10240983.01,77764
,NAZARA,EQ,       368.65,                400026821.50,1088812
,NBCC,EQ,        86.60,                221150446.46,2548390
,NBIFIN,EQ,      1981.90,                 10446802.90,5313
,NCC,EQ,       149.70,                320916227.67,2168692
,NCLIND,EQ,       177.81,                  5200378.58,29351
,NDGL,EQ,      2787.70,                  1092511.60,392
,NDL,EQ,         2.83,                  3416871.55,1205958
,NDLVENTURE,EQ,       124.72,                  2314819.71,18630
,NDRAUTO,EQ,       723.45,                  6024804.80,8337
,NDTV,EQ,        74.27,                 17345340.29,236637
,NEAGI,EQ,      3300.10,                     3300.10,1
,NECCLTD,BE,        18.51,                  6083805.61,337201
,NECLIFE,EQ,        12.19,                  2507347.93,205001
,NELCAST,EQ,       116.99,                 10341702.69,88011
,NELCO,EQ,       911.25,                147264082.25,159766
,NEOCHEM,SM,        95.25,                  1488840.00,15600
,NEOGEN,EQ,      2137.90,                189807136.40,88400
,NEPHROCARE,SM,        93.55,                  2523720.00,26800
,NEPHROPLUS,EQ,       697.05,                139836547.60,197509
,NEPTUNE,SM,       175.00,                    87500.00,500
,NESCO,EQ,      1047.60,                 50679111.20,48170
,NETF,EQ,       261.40,                  1387732.07,5315
,NETWEB,EQ,      5193.00,               9614867528.50,1816227
,NETWORK18,EQ,        28.38,                 98244784.81,3493333
,NEUEON,BE,        11.22,                   568092.33,51567
,NEULANDLAB,EQ,     22660.00,                481285770.00,21110
,NEWGEN,EQ,       524.80,               1150974790.50,2160906
,NEXT30ADD,EQ,        42.69,                   152834.56,3585
,NEXT50,EQ,       755.10,                 64744883.19,85666
,NEXT50ADD,EQ,        73.52,                  1015976.34,13815
,NEXT50BETA,EQ,        79.05,                 54344460.99,686812
,NEXT50ETF,EQ,        73.83,                   628962.15,8527
,NEXT50IETF,EQ,        77.25,                 24665262.08,319174
,NEXTMEDIA,EQ,         3.89,                   214224.20,54384
,NFL,EQ,        70.51,                 28290910.11,400837
,NFPSAMPOOR,SM,        20.60,                   123600.00,6000
,NGIL,EQ,        40.58,                   211195.10,5259
,NGLFINE,EQ,      2907.50,                 20808862.30,7107
,NH,EQ,      1858.50,                393212322.30,210266
,NHPC,EQ,        76.25,                310146281.24,4059538
,NIACL,EQ,       229.91,              14930434679.00,66928665
,NIBE,EQ,      1336.60,                 38526842.00,28848
,NIBL,EQ,        30.80,                   212179.62,6851
,NICCOPAR,EQ,        79.55,                   230703.55,2885
,NIDAN,SM,        14.10,                    89500.00,6000
,NIF100BEES,EQ,       266.58,                  8300600.00,31122
,NIF100IETF,EQ,        28.05,                  1241100.30,44315
,NIF500BETA,EQ,        37.54,                    37404.14,990
,NIFTY1,EQ,       265.82,                 14454378.15,54358
,NIFTY100EW,EQ,        35.06,                   582857.21,16624
,NIFTYADD,EQ,       252.48,                   784221.04,3105
,NIFTYAXIS,EQ,       265.62,                  7187756.04,27062
,NIFTYBEES,EQ,       273.27,                864501747.89,3162846
,NIFTYBETA,EQ,       265.73,                  2327085.59,8750
,NIFTYBETF,EQ,       246.65,                348627438.05,1413872
,NIFTYCASE,EQ,         9.64,                  5397655.63,560039
,NIFTYETF,EQ,       260.69,                 28888266.06,110752
,NIFTYIETF,EQ,       271.88,                 85766435.76,315336
,NIFTYJBLK,EQ,        12.29,                   696043.41,56629
,NIFTYQLITY,EQ,        21.32,                   359496.32,16867
,NIITLTD,EQ,        98.96,                 25343474.04,255516
,NIITMTS,EQ,       225.94,                 22574341.77,100147
,NIKITA,SM,        72.50,                   174000.00,2400
,NILAINFRA,EQ,         6.67,                  1468805.32,220311
,NILASPACES,EQ,        12.23,                  8180127.99,666134
,NILE,EQ,      1465.80,                  4170838.10,2840
,NILKAMAL,EQ,      2116.50,                 40349447.00,19143
,NIMBSPROJ,EQ,       147.84,                   647697.00,4411
,NINSYS,EQ,       712.75,                  2001776.10,2822
,NIPPOBATRY,EQ,       331.75,                   727709.60,2225
,NIRAJ,EQ,        28.72,                   875323.03,30448
,NIRAJISPAT,BE,       387.80,                   233067.80,601
,NIRLON,EQ,       620.00,                  6356861.70,10246
,NIRMAN,SM,        28.30,                   351540.00,12300
,NITCO,EQ,        96.10,                 43143194.89,449640
,NITINSPIN,EQ,       639.05,                 40419328.75,63257
,NITIRAJ,EQ,       219.19,                  8681735.30,38842
,NITTAGELA,EQ,      1632.50,                  8783004.80,5396
,NIVABUPA,EQ,        80.11,                 64469835.32,804923
,NKIND,EQ,        57.10,                    55511.18,937
,NLCINDIA,EQ,       273.05,                195575108.75,714404
,NMDC,EQ,        84.70,               1119930898.12,13224234
,NMSTEEL,SM,        23.85,                   190480.00,8000
,NOCIL,EQ,       172.44,                 69494102.48,403591
,NOIDATOLL,EQ,         4.14,                   713398.93,171080
,NORBTEAEXP,EQ,        70.69,                    52937.80,752
,NORTHARC,EQ,       302.15,                329363673.85,1089238
,NOVAAGRI,BE,        23.87,                  1365936.99,57585
,NOVARTIND,EQ,      1646.70,                 37090429.00,22436
,NPBET,EQ,       290.32,                   345789.03,1194
,NPST,EQ,      1718.80,                 98435352.10,56393
,NRAIL,EQ,       584.00,                 89869362.85,157426
,NRBBEARING,EQ,       447.00,                 87328403.30,195054
,NRL,BE,       126.92,                 13848621.96,109113
,NRVANDANA,SM,        69.90,                   209700.00,3000
,NSIL,EQ,      5721.50,                 24819823.00,4333
,NSLNISP,EQ,        46.02,                235298292.99,5132127
,NTCIND,EQ,       133.16,                  1057015.13,7739
,NTPCGREEN,EQ,        89.36,                122199187.80,1370420
,NUCLEUS,EQ,       729.15,                 28382105.45,38501
,NURECA,BE,       322.70,                  1797607.90,5556
,NUVAMA,EQ,      1815.60,                481811354.40,263032
,NUVOCO,EQ,       352.15,                518937072.50,1482368
,NV20,EQ,        13.99,                  1216179.72,87237
,NV20BEES,EQ,       139.39,                   707084.55,5065
,NV20IETF,EQ,        13.62,                  4400391.97,322970
,NXST,RR,       165.89,                185314713.61,1115181
,NYKAA,EQ,       332.50,                720378897.80,2156326
,OAL,EQ,       519.90,                 94379961.45,181436
,OBCL,EQ,        55.19,                    59145.35,1073
,OBEROIRLTY,EQ,      1875.60,               1116248950.90,585940
,OBSCP,SM,       835.75,                 22207880.00,26400
,OCCLLTD,BE,       163.93,                  9210002.37,55824
,ODIGMA,EQ,        23.45,                   273154.13,11579
,ODYCORP,EQ,         7.46,                  2401186.19,311228
,OFSS,EQ,     12058.00,               2025477054.00,166477
,OIL,EQ,       488.30,                616213591.55,1259478
,OILCOUNTUB,BE,        65.00,                  1039740.00,15996
,OILIETF,EQ,        11.37,                 13740795.54,1207003
,OLAELEC,EQ,        38.20,               1621617172.16,42570426
,OLECTRA,EQ,      1229.00,                311381847.30,251277
,OLIL,SM,       427.05,                  9499900.00,23200
,OMAXAUTO,EQ,       183.07,                  3414123.77,18555
,OMAXE,EQ,       136.38,                750341842.41,5607789
,OMFREIGHT,BE,        89.84,                   802596.06,9030
,OMFURN,SM,        53.85,                   195240.00,3600
,OMINFRAL,EQ,        84.43,                  5701653.19,68243
,OMNI,EQ,       526.00,                159498382.30,303506
,OMPOWER,EQ,       175.68,                 13222768.76,75803
,ONDOOR,SM,       289.60,                  3693870.00,12300
,ONEGLOBAL,EQ,       542.40,                  9202248.80,16907
,ONELIFECAP,BE,        32.18,                   591689.76,18280
,ONEPOINT,EQ,        57.01,                154401863.76,2688123
,ONESOURCE,EQ,      1537.80,                175398108.30,112994
,ONIDA,EQ,        34.64,                  8369120.44,244072
,ONIXSOLAR,EQ,       403.20,                106798108.35,265016
,ONMOBILE,BE,        48.49,                  6191929.46,130107
,ONWARDTEC,EQ,       284.35,                 10554954.85,37115
,ONYX,ST,        37.50,                  4721600.00,126000
,OPTIEMUS,EQ,       569.30,                 34903944.25,61281
,OPTIFIN,EQ,        14.84,                  2557840.68,167616
,OPTIMYSTIX,SM,       141.85,                  6703080.00,46400
,OPTIVALUE,ST,       174.05,                  9082480.00,52800
,ORBTEXP,BE,       239.02,                   523926.76,2189
,ORCHASP,EQ,         1.39,                   110692.43,79157
,ORCHPHARMA,EQ,       954.65,                 39620833.85,41657
,ORIANA,SM,      1205.70,                 88427857.50,73425
,ORICONENT,EQ,        54.15,                  1218938.67,22589
,ORIENTALTL,EQ,         5.31,                  1689287.32,322042
,ORIENTBELL,EQ,       420.10,                 28832914.80,69026
,ORIENTCEM,EQ,       129.68,                 15304845.19,118199
,ORIENTCER,EQ,        43.91,                  3251822.33,73584
,ORIENTELEC,EQ,       179.19,                 13208607.27,74074
,ORIENTHOT,EQ,       139.93,                 42335423.48,301159
,ORIENTLTD,BE,        80.65,                   151658.33,1884
,ORIENTPPR,EQ,        17.08,                  1729618.60,100814
,ORIENTTECH,EQ,       238.39,                 15245778.83,63818
,ORIRAIL,EQ,       130.76,                 34464112.87,263412
,ORISSAMINE,EQ,      4311.70,                 20936066.70,4863
,ORKLAINDIA,EQ,       594.15,                 50306192.90,84660
,ORTINGLOBE,EQ,        15.67,                   153252.74,9743
,OSELDEVICE,SM,       385.15,                  3629480.00,9400
,OSIAHYPER,BE,         2.47,                   829253.47,338637
,OSWALAGRO,EQ,        36.66,                   773801.06,21089
,OSWALGREEN,EQ,        20.39,                  3215205.41,158014
,OSWALPUMPS,EQ,       279.20,                241820863.70,858028
,OSWALSEEDS,EQ,        11.72,                   573484.15,48433
,OWAIS,ST,        80.45,                   819430.00,10300
,PACEDIGITK,EQ,       167.59,                 85815387.14,512494
,PACIFICI,EQ,       143.82,                    40931.79,288
,PAGEIND,EQ,     36300.00,                524991635.00,14523
,PAISALO,EQ,        74.10,               2279945788.20,31201929
,PAKKA,EQ,        73.71,                  8785950.84,119489
,PALASHSECU,EQ,        90.17,                    38851.72,427
,PALREDTEC,BE,        55.83,                   394456.47,7128
,PANACEABIO,EQ,       381.25,                 21703758.90,56486
,PANACHE,BE,       525.00,                  1938043.50,3723
,PANAMAPET,EQ,       495.45,                118972200.10,242825
,PANORAMA,EQ,        47.41,                 22283573.07,473879
,PANSARI,EQ,       300.05,                   177174.00,589
,PAR,BE,       156.71,                  1675010.54,10607
,PARACABLES,EQ,        65.51,                300610733.88,4472304
,PARADEEP,EQ,       157.00,                587418878.95,3778120
,PARAGMILK,EQ,       249.60,                153227135.10,613677
,PARAGON,SM,        47.50,                   411060.00,8400
,PARAMOUNT,SM,        36.85,                    88440.00,2400
,PARAS,EQ,      1414.90,                785278692.70,552173
,PARASPETRO,EQ,         2.14,                   241498.83,112807
,PARIN,SM,       716.30,                  6116300.00,8500
,PARKHOSPS,EQ,       286.25,                144649293.65,504932
,PARKHOTELS,EQ,       112.18,                 17400151.70,155104
,PARNAXLAB,EQ,       134.80,                    98274.97,736
,PARSVNATH,BE,         1.57,                   200595.76,127768
,PARTH,SM,       525.70,                  7226020.00,13600
,PASHUPATI,EQ,        81.94,                  2077643.14,25243
,PASUPTAC,BE,        67.64,                  7377833.06,108786
,PATANJALI,EQ,       342.50,                600421012.45,1749871
,PATELENG,EQ,        27.28,                 63590996.26,2330616
,PATELRMART,EQ,       218.32,                  5100649.76,23300
,PATILAUTOM,SM,       279.35,                 74184060.00,271800
,PATINTLOG,BE,        13.32,                   305132.53,22681
,PAUSHAKLTD,EQ,       785.50,                 25198556.45,31723
,PAVNAIND,EQ,        17.22,                   831863.60,48040
,PAYTM,EQ,      1659.50,               8666964801.00,5191803
,PBMPOLY,EQ,        61.00,                    31599.23,528
,PCBL,EQ,       317.00,                196675808.25,621744
,PCCL,SM,       425.15,                  6240180.00,14400
,PCJEWELLER,EQ,        11.86,              12427450209.39,1088942848
,PDMJEPAPER,EQ,        93.22,                  8107159.55,86197
,PDSL,EQ,       358.50,                 34790247.55,97344
,PEARLPOLY,EQ,        15.08,                   220500.86,14296
,PELATRO,SM,       391.75,                 16891605.00,44400
,PENIND,EQ,       169.56,                 80693088.29,477553
,PENINLAND,BE,        16.55,                  1486289.23,90635
,PENTAGON,SM,        82.30,                  2715650.00,33000
,PERMAGN,EQ,       888.20,                  2630444.25,2962
,PERSISTENT,EQ,      5643.00,               1716668563.50,302507
,PETRONET,EQ,       288.10,                409960104.10,1412952
,PFCL41A,NE,      1000.00,                    85000.25,85
,PFIZER,EQ,      4609.70,                151183048.90,32739
,PFOCUS,EQ,       307.00,                588946594.50,1960283
,PFS,EQ,        26.94,                 13081786.28,481425
,PGEL,EQ,       562.30,                554311658.00,990864
,PGHH,EQ,      7667.50,                162066881.50,21072
,PGHL,EQ,      5660.00,                 41204672.50,7255
,PGIL,EQ,      2278.30,                187776070.00,82043
,PGINVIT,IV,       101.17,                 97000873.60,962443
,PHANTOMFX,SM,       116.85,                  3638655.00,31200
,PHARMABEES,EQ,        27.32,                122533893.66,4482502
,PHOENIXLTD,EQ,      1942.00,                514432177.60,263929
,PHOENXINTL,EQ,        29.01,                   152635.81,5152
,PICCADIL,EQ,       615.75,                103408799.35,167134
,PIGL,EQ,        98.78,                  2832921.73,28460
,PIIND,EQ,      2465.00,               1029374226.80,415878
,PILANIINVS,EQ,      4323.80,                  3034304.90,699
,PILITA,EQ,         8.02,                   321050.26,40149
,PINELABS,EQ,       166.37,               7653141490.06,46587163
,PIONEEREMB,EQ,        21.36,                  1323864.69,62157
,PIONRINV,BE,        83.89,                    85523.10,1072
,PIRAMALFIN,EQ,      2225.00,                220718571.40,98603
,PITTIENG,EQ,      1084.90,                 53096321.70,48625
,PIXTRANS,EQ,      1791.70,                 22410747.50,12505
,PKTEA,EQ,       802.65,                  4961437.85,6257
,PLADAINFO,SM,        10.85,                   162300.00,15000
,PLASTIBLEN,EQ,       187.91,                  2514432.49,13407
,PLATIND,EQ,       231.54,                 21495436.44,92532
,PLAZACABLE,EQ,        61.32,                  7967473.84,128546
,PML,EQ,       488.80,                    28141.50,57
,PNBGILTS,EQ,        83.08,                201073765.80,2416618
,PNBHOUSING,EQ,      1166.00,               1085395412.90,923575
,PNC,EQ,        16.72,                    72597.76,4397
,PNCINFRA,EQ,       183.11,                 91435527.05,499774
,PNGJL,EQ,       609.05,                265105299.10,436673
,PNGSREVA,EQ,       516.35,                 53120423.35,103324
,POCL,EQ,       477.80,                141396537.65,292548
,PODDARMENT,EQ,       257.10,                   746316.35,2908
,POEL,EQ,       142.78,                  7422842.32,51934
,POKARNA,EQ,       817.15,                 41163028.50,49926
,POLICYBZR,EQ,      1836.00,                820287272.10,445054
,POLYCAB,EQ,      8300.00,              13025481530.00,1559741
,POLYMED,EQ,      1702.50,                296233247.70,171700
,POLYPLEX,EQ,      1191.00,                 86625522.00,72824
,POLYSIL,SM,        70.40,                   492800.00,7000
,POLYSPIN,EQ,        29.64,                    55976.43,1968
,PONNIERODE,EQ,       382.45,                 12169613.70,31436
,POONAWALLA,EQ,       468.45,                335439808.45,713159
,POSITRON,SM,       180.00,                  4127910.00,23400
,POWERICA,EQ,       525.05,                153900643.85,291923
,POWERINDIA,EQ,     31650.00,               2648166720.00,83443
,POWERMECH,EQ,      2306.10,                315522739.70,135843
,PPAP,BE,       260.90,                  2782884.30,10692
,PPL,BE,       262.00,                  6119450.15,23505
,PPLPHARMA,EQ,       214.22,                558289239.93,2618467
,PPSL,SM,         2.85,                   127050.00,45000
,PRABHA,EQ,       230.60,               2898374986.87,11908766
,PRADPME,BE,       491.60,                  5474019.90,11144
,PRAENG,EQ,        24.69,                  3901465.00,154995
,PRAJIND,EQ,       335.55,                143229059.95,425298
,PRAKASH,EQ,       125.63,                 37243388.33,297033
,PRAKASHSTL,EQ,         3.82,                   809051.87,213981
,PRAMARA,SM,       102.25,                   666625.00,6500
,PRAMODINI,SM,       114.80,                  5412660.00,46800
,PRANIK,SM,        47.85,                  2040880.00,43200
,PRATHAM,SM,       119.00,                   142800.00,1200
,PRAVEG,EQ,       266.15,                  7582929.95,28429
,PRAXIS,EQ,         4.65,                  1346001.15,292373
,PRECAM,EQ,       124.02,                 14710960.91,118929
,PRECISION,ST,         6.50,                    13000.00,2000
,PRECOT,EQ,       698.05,                  1612694.70,2308
,PRECWIRE,EQ,       472.80,                402085823.05,830119
,PREMCO,EQ,       390.95,                   792274.20,2051
,PREMEXPLN,EQ,       664.00,                203733077.50,305895
,PREMIER,BE,         2.75,                    23932.73,8850
,PREMIERENE,EQ,      1002.00,               1046345313.50,1046394
,PREMIERPOL,EQ,        95.36,                105573162.20,1113475
,PREMIUM,SM,        38.00,                   866850.00,21000
,PRESSTONIC,SM,        33.05,                  1832760.00,55200
,PRESTIGE,EQ,      1587.00,                941515111.20,588022
,PRICOLLTD,EQ,       764.95,                188014405.05,246508
,PRIMECAB,ST,       197.50,                  5068880.00,25600
,PRIMESECU,EQ,       284.50,                  7032932.10,24727
,PRIMO,EQ,        21.27,                  3328617.54,157678
,PRINCEPIPE,EQ,       283.00,                 39969794.40,140756
,PRIORITY,BE,       241.50,                457566030.15,1959092
,PRISMX,EQ,         0.55,                    59981.96,111170
,PRITI,BE,        33.89,                   136867.24,4101
,PRITIKAUTO,BE,        16.27,                  3041221.40,189451
,PRIVISCL,EQ,      3367.30,                142088549.20,42021
,PRIZOR,ST,      1200.40,                  7594400.00,6400
,PRLIND,SM,        38.05,                  3894550.00,102000
,PROFX,SM,        77.00,                   123200.00,1600
,PROLIFE,SM,        79.00,                    78500.00,1000
,PROPEQUITY,SM,       225.00,                   824370.00,3600
,PROPSHOP,SM,        70.10,                 12086000.00,174000
,PROSTARM,EQ,       134.73,                 36584770.99,275346
,PROTEAN,EQ,       496.30,                191248327.85,385965
,PROV,SM,      1910.00,                   456800.00,240
,PROZONER,EQ,        49.76,                 35255816.95,722413
,PRSMJOHNSN,EQ,       111.12,                 18623299.06,167167
,PRUDENT,EQ,      3347.60,                177108004.30,53800
,PRUDMOULI,BE,        16.25,                    70303.47,4362
,PSB,EQ,        23.23,                 33265008.82,1431638
,PSFL,SM,        34.00,                  1401600.00,42000
,PSPPROJECT,EQ,       875.50,                 44915249.10,51382
,PSRAJ,ST,        83.95,                  4133125.00,50000
,PSUBANK,EQ,        85.53,                 20144731.37,235393
,PSUBANKADD,EQ,        86.43,                  1175509.09,13572
,PSUBNKBEES,EQ,        95.45,                122937692.42,1284747
,PSUBNKIETF,EQ,        86.53,                 13483737.28,155480
,PTC,EQ,       156.29,                132486414.18,849440
,PTCIL,EQ,     23830.00,               1557565105.00,65344
,PTL,EQ,        38.74,                  2430682.57,62624
,PULZ,SM,        22.10,                   355300.00,16000
,PUNJABCHEM,EQ,      1100.30,                  3133519.30,2842
,PURPLEUTED,ST,       416.20,                 16713800.00,40750
,PURVA,EQ,       230.72,               4000964936.51,17390475
,PURVFLEXI,SM,        45.80,                   514920.00,11200
,PUSHPA,SM,       108.95,                   859500.00,8000
,PVP,EQ,        67.94,                339808573.21,5145513
,PVRINOX,EQ,      1227.20,                261244339.80,213587
,PVSL,EQ,       102.63,                  2886053.44,28205
,PVTBANIETF,EQ,        28.17,                 18933973.68,672096
,PVTBANK,EQ,        28.00,                    20183.93,722
,PVTBANKADD,EQ,        28.34,                   502266.52,17724
,PVTBKGROWW,EQ,        27.92,                   200408.47,7168
,PWL,EQ,       126.42,               7880949747.05,62160413
,PYRAMID,EQ,       153.83,                  9206887.37,60009
,QGOLDHALF,EQ,       127.62,                 40245518.01,315196
,QLINE,SM,       639.60,                 41382200.00,64400
,QMSMEDI,BE,       158.97,                  2264200.24,14456
,QNIFTY,EQ,       264.15,                   745391.50,2823
,QPOWER,EQ,      1495.30,                338343853.20,228191
,QUADFUTURE,EQ,       417.90,                124379673.25,294130
,QUADPRO,SM,         2.50,                    60000.00,24000
,QUAL30IETF,EQ,        21.12,                  1620417.39,76847
,QUALITY30,EQ,        20.65,                   151170.50,7309
,QUESS,EQ,       354.75,                341996289.60,974018
,QUESTLAB,SM,        85.50,                   510420.00,6000
,QUICKHEAL,BE,       140.94,                  7915603.58,56701
,QUICKTOUCH,SM,        16.00,                    77725.00,5000
,QUINT,EQ,        40.68,                   373966.08,9343
,RACE,EQ,        99.30,                  7299943.38,72608
,RACLGEAR,EQ,      1576.10,                 76130650.20,47944
,RADAAN,EQ,         2.97,                   129642.18,44053
,RADHIKAJWE,EQ,        83.16,               1179993917.43,14544177
,RADIANTCMS,EQ,        41.78,                 73368366.51,1713450
,RADICO,EQ,      4494.00,                919697746.20,205308
,RADIOCITY,EQ,         6.28,                   377785.29,60215
,RADIOWALLA,ST,        28.70,                   229600.00,8000
,RAILTEL,EQ,       271.05,                109092505.85,401507
,RAIN,EQ,       215.72,                859118962.85,4009182
,RAINBOW,EQ,      1447.20,                 71466658.20,49513
,RAJESHEXPO,BZ,        83.02,                 19926985.37,234404
,RAJINDLTD,SM,        63.00,                   187575.00,3000
,RAJMET,EQ,         3.15,                   909862.15,289526
,RAJOOENG,BE,        51.59,                 21057395.35,412844
,RAJPALAYAM,EQ,       795.30,                   954846.40,1199
,RAJPUTANA,SM,       219.95,                  1315000.00,6000
,RAJRATAN,EQ,       498.35,                 49316575.60,99899
,RAJRILTD,BE,        22.09,                    66838.62,3031
,RAJSREESUG,EQ,        35.47,                  1063398.44,29765
,RAJTV,EQ,         8.07,                  1781351.41,220386
,RALLIS,EQ,       208.82,                 75916120.92,361939
,RAMANEWS,EQ,        31.75,                   158599.09,4990
,RAMAPHO,EQ,       123.48,                  1482439.57,11962
,RAMASTEEL,BE,         4.02,                  5558881.44,1376297
,RAMBHAJO,EQ,       268.68,                500788031.23,1915247
,RAMCOCEM,EQ,       884.50,                 87137162.05,98361
,RAMCOIND,EQ,       323.25,                 34182636.35,105342
,RAMCOSYS,EQ,       611.20,                132188751.05,217405
,RAMKY,EQ,       347.40,                 11802541.85,33996
,RAMRAT,EQ,       560.65,                193274305.60,342804
,RANASUG,EQ,        14.80,                  5160451.08,346950
,RANEHOLDIN,EQ,      1651.10,                173124399.70,102623
,RAPIDFLEET,SM,       233.00,                  5460060.00,23400
,RATEGAIN,EQ,       851.15,                473111819.20,551109
,RATNAMANI,EQ,      2727.00,                197169483.80,72730
,RATNAVEER,EQ,       304.75,               1352427213.05,4493978
,RAYMOND,EQ,       740.85,               1396758010.25,1867268
,RAYMONDLSL,EQ,       663.65,                223938630.95,335816
,RAYMONDREL,EQ,       529.15,                508150364.80,936640
,RBA,EQ,        97.15,                257215040.53,2606009
,RBLBANK,EQ,       414.35,               3252233480.05,7858699
,RBMINFRA,SM,       236.90,                  2397720.00,10000
,RBS,SM,        88.10,                   496200.00,5600
,RBZJEWEL,EQ,       200.69,               1384659836.42,6929954
,RCDL,SM,        14.15,                  1782900.00,123000
,RCDL-RE,ST,         2.45,                   849600.00,342000
,RCF,EQ,       114.92,                120316978.37,1043164
,RCOM,BE,         0.81,                  3076369.31,3829914
,READYMIX,SM,        76.00,                  1611200.00,21000
,REDINGTON,EQ,       371.30,               1318349069.20,3554885
,REDTAPE,EQ,       120.43,                 50977603.28,423314
,REFEX,EQ,       282.55,                 70742128.50,249214
,REFRACTORY,SM,        25.25,                  1097000.00,45000
,REGAAL,EQ,        88.51,                 51873586.61,576781
,REGENCERAM,EQ,        34.86,                    58167.65,1624
,RELAXO,EQ,       344.75,                 16776779.50,48646
,RELCHEMQ,EQ,       116.73,                   150289.04,1295
,RELIABLE,EQ,       140.88,                  2113780.32,15018
,RELIGARE,EQ,       257.08,                453549885.53,1795582
,RELINFRA,BE,        57.02,                 11157485.48,198794
,RELTD,EQ,       161.37,                 19819609.88,124230
,REMSONSIND,EQ,        99.35,                 15606485.47,158912
,REMUS,SM,       890.05,                  2685400.00,3000
,RENUKA,EQ,        24.04,                323172128.88,13578560
,REPCOHOME,EQ,       358.75,                 14865171.15,41434
,REPL,BE,        63.19,                   508545.74,8034
,REPRO,EQ,       319.45,                  1501152.20,4692
,RESPONIND,EQ,       154.90,               6773146067.60,40184929
,RETAIL,EQ,        17.24,                    41096.20,2441
,RGL,EQ,       149.26,                447380963.07,3035236
,RHETAN,EQ,        25.42,                138674607.58,5456321
,RHFL,BZ,         1.82,                   857106.35,474713
,RHIM,EQ,       371.35,                 36250194.80,97629
,RHL,EQ,       167.89,                   215982.07,1284
,RICHA,ST,        78.00,                    78000.00,1000
,RICOAUTO,EQ,       130.46,                144760826.98,1119592
,RIIL,EQ,       750.95,                 31997500.85,42420
,RIIT,IV,       121.57,                  6856247.76,56392
,RILINFRA,SM,        35.15,                   173305.00,4900
,RIR,EQ,       169.86,                 56131301.82,335333
,RISHABH,EQ,       738.45,                152030536.65,208178
,RITCO,EQ,       301.80,                 34222086.25,112935
,RITES,EQ,       215.80,                 59999250.47,278299
,RITEZONE,SM,        20.50,                    65600.00,3200
,RKDL,EQ,        18.39,                   139550.80,7502
,RKEC,EQ,        21.73,                  1397043.94,65608
,RKFORGE,EQ,       700.85,                785298809.30,1116062
,RKSWAMY,EQ,        94.25,                  1544250.87,16462
,RMC,EQ,       233.54,                  9353969.52,40561
,RMDRIP,BE,        21.13,                  5560772.36,262979
,RML,EQ,      1295.90,               2841884791.20,2195205
,RNBDENIMS,EQ,        10.27,                  4383747.18,424488
,RNFI,SM,       299.15,                 30242070.00,100200
,RNPL,SM,        79.00,                   589800.00,7200
,ROCKINGDCE,SM,       234.25,                  2079762.50,9000
,ROCKPP,E1,        64.00,                   128000.00,2000
,ROHLTD,EQ,       298.55,                  2141074.00,7153
,ROLEXRINGS,EQ,       171.72,                128892337.58,743997
,ROLLT,BE,         4.37,                  2050212.88,470102
,ROML,EQ,        42.00,                   484795.95,11538
,ROSSARI,EQ,       460.25,                 38335079.35,83247
,ROSSELLIND,EQ,        56.96,                  4392859.63,77117
,ROSSTECH,EQ,      1150.50,                269560031.20,234989
,ROTO,EQ,        65.03,                 15066120.36,233711
,ROUTE,EQ,       501.55,                 38336473.95,76123
,ROXHITECH,SM,        46.30,                  1126960.00,24000
,RPEL,EQ,      1807.20,                389159355.20,209791
,RPGLIFE,EQ,      2721.60,                 55050361.60,20463
,RPOWER,EQ,        22.08,                299362374.84,13517969
,RPPINFRA,EQ,        54.14,                  1783201.00,32609
,RPPL,BE,        23.29,                   362755.34,15868
,RPSGVENT,EQ,       831.40,                 19496528.55,23012
,RPTECH,EQ,       823.65,                130687743.10,158904
,RRECL,EQ,       136.83,                    40537.45,309
,RRIL,EQ,        16.66,                   311329.94,18631
,RRKABEL,EQ,      2454.10,               6401107136.30,2596720
,RSDFIN,BE,        96.75,                   199570.24,2026
,RSL,EQ,       181.50,                 61710391.53,337269
,RSSOFTWARE,EQ,        30.61,                  1546830.98,50380
,RSWM,BE,       220.63,                 14980642.10,67600
,RSYSTEMS,EQ,       256.12,                 52005307.20,203978
,RTNINDIA,EQ,        27.82,                 48086625.10,1727353
,RTNPOWER,EQ,         7.36,                 99367168.62,13604316
,RTSPOWR,EQ,        88.08,                   211519.23,2343
,RUBFILA,EQ,        70.69,                  5385090.43,76949
,RUBICON,EQ,      1768.30,                201116688.20,113571
,RUBYMILLS,BE,       428.30,                  9870280.85,23319
,RUCHINFRA,EQ,         5.82,                  2136841.12,367135
,RUCHIRA,EQ,       107.50,                  6519469.76,61272
,RUDRA,EQ,        20.33,                   515258.10,25195
,RULKA,SM,       106.25,                   360300.00,3300
,RUPA,EQ,       144.49,                 11680264.47,81141
,RUSHIL,EQ,        16.01,                  3994613.74,247963
,RUSTOMJEE,EQ,       373.95,                 10526379.70,27990
,RVHL,EQ,        39.84,                   335592.41,8503
,RVNL,EQ,       212.49,               1333587361.14,6287421
,RVTH,EQ,       734.45,                   202435.95,277
,S&SPOWER,EQ,       323.95,                   579981.90,1826
,SAAKSHI,ST,       317.30,                  4644780.00,15000
,SAATVIKGL,EQ,       424.40,                 17160870.05,40616
,SAB,EQ,       183.50,                    66821.00,365
,SABAR,ST,         9.50,                   522500.00,55000
,SACHEEROME,SM,       485.25,                 22541805.00,47400
,SADBHAV,EQ,         8.15,                  1071903.25,131919
,SADBHIN,BE,         2.55,                   155384.35,60912
,SADHAV,SM,       110.65,                   996750.00,9000
,SADHNANIQ,BE,         2.72,                  1255003.80,462137
,SAFARI,EQ,      1540.40,                 36873917.10,23964
,SAFEENTP,SM,       273.00,                  8521975.00,31000
,SAGARDEEP,EQ,        23.62,                   124820.33,5256
,SAGCEM,EQ,       152.86,                 37418653.13,244455
,SAGILITY,EQ,        46.82,                521834619.00,11136928
,SAHAJSOLAR,SM,        99.95,                  1564300.00,16000
,SAHANA,SM,       920.30,                 18508485.00,20100
,SAHASRA,ST,       307.85,                  7476740.00,24400
,SAHLIBHFI,EQ,        89.52,                  3934193.91,43843
,SAHYADRI,EQ,       392.15,                 43409306.60,111187
,SAICAPI,EQ,       157.56,                   177483.93,1101
,SAIFL,SM,         4.80,                  1441000.00,296000
,SAIL,EQ,       196.80,               3774968357.97,19094202
,SAILIFE,EQ,      1584.30,                896431517.50,561938
,SAIPARENT,EQ,       519.55,                 23873620.05,45947
,SAKAR,EQ,      1013.90,                 88397021.40,87982
,SAKHTISUG,EQ,        19.78,                  3479670.72,175324
,SAKSOFT,EQ,       154.58,                 27623243.88,179015
,SAKUMA,EQ,         1.62,                  1155562.78,721220
,SALASAR,EQ,         5.20,                144034125.42,26712678
,SALONA,EQ,       269.95,                    19418.20,74
,SALSTEEL,EQ,        81.37,                 19199256.30,233867
,SALZERELEC,EQ,       549.70,                 29911351.75,54544
,SAMAY,ST,        44.50,                   178000.00,4000
,SAMBANDAM,EQ,       123.23,                    25556.00,206
,SAMBHAAV,EQ,         5.94,                   277033.86,46902
,SAMBHV,EQ,       128.69,                158356728.68,1221798
,SAMHI,EQ,       153.99,                 61151563.19,397845
,SAMMAANCAP,EQ,       158.39,               2195677474.92,13853349
,SAMPANN,EQ,        25.19,                   262300.50,10476
,SANATHAN,EQ,       456.20,                152999251.85,330832
,SANDESH,EQ,      1051.30,                   786852.70,750
,SANDHAR,EQ,       624.00,                 89051055.45,143060
,SANDUMA,EQ,       197.83,                 74289613.37,375487
,SANGAMIND,EQ,       578.80,                  4441546.10,7685
,SANGANI,SM,        54.60,                   655200.00,12000
,SANGHVIMOV,EQ,       439.20,                205817384.20,455750
,SANGINITA,BE,        59.50,                  3855421.50,64797
,SANOFI,EQ,      3158.20,                 31426796.70,9898
,SANOFICONR,EQ,      4201.70,                 26811768.00,6432
,SANSERA,EQ,      3782.60,                384415391.40,101677
,SANSTAR,EQ,       111.31,                 70871093.03,633145
,SANWARIA,BZ,         0.18,                   167978.34,871449
,SAPPHIRE,EQ,       228.43,                163995016.31,713459
,SAPPL,EQ,       281.85,                   222481.90,796
,SARDAEN,EQ,       508.55,                268780675.65,526969
,SAREGAMA,EQ,       492.75,                175066514.35,353123
,SARLAPOLY,EQ,       100.20,                  9805592.12,97835
,SARTELE,SM,        89.40,                  3584000.00,39500
,SARVESHWAR,EQ,         3.36,                  4153755.00,1228078
,SASKEN,EQ,      1881.30,                 23416269.10,12365
,SATECH,SM,        39.60,                   798700.00,20000
,SATIA,EQ,        63.36,                 15846293.08,251939
,SATIN,EQ,       220.75,                 45317702.96,205973
,SATIPOLY,ST,        38.90,                    76750.00,2000
,SATKARTAR,SM,       116.70,                  3371400.00,28800
,SATTVAENGG,SM,        61.50,                   695520.00,11200
,SAURASHCEM,EQ,        57.61,                  5258779.65,90990
,SAVY,SM,       136.15,                 19156380.00,139200
,SAWALIYA,SM,       159.95,                  1323090.00,8400
,SAYAJIHOTL,EQ,       319.35,                     3820.40,12
,SAYAJIIND,EQ,       116.11,                    12340.11,103
,SBC,EQ,        45.76,                597265711.23,13241116
,SBCL,EQ,      1121.10,                919033802.70,810275
,SBFC,EQ,       100.08,                 81360850.16,817043
,SBGLP,EQ,        23.96,                   295701.08,12199
,SBIBPB,EQ,        49.56,                  5206668.47,104576
,SBICARD,EQ,       658.25,               1160644231.25,1752698
,SBIETFCON,EQ,       119.89,                  1585294.34,13201
,SBIETFIT,EQ,       340.64,                   652762.76,1908
,SBIETFPB,EQ,       283.57,                   570122.87,2003
,SBIETFQLTY,EQ,       221.86,                   159690.34,718
,SBIFUNDS,EQ,       562.10,                642526388.00,1143214
,SBILIQETF,EQ,      1054.81,                109804024.39,104098
,SBIMIDMOM,EQ,        63.73,                   346524.16,5431
,SBINEQWETF,EQ,        33.26,                   880183.11,26479
,SBINMID150,EQ,        23.30,                   260301.52,11172
,SBISILVER,EQ,       228.31,                163637700.27,717256
,SBISMLETF,EQ,        18.55,                   542275.50,29237
,SBIVALETF,EQ,        14.75,                    77613.41,5269
,SCANSTL,BE,        59.22,                  1960586.88,33610
,SCHAEFFLER,EQ,      3956.40,                211898727.40,53652
,SCHAND,EQ,       136.41,                  1451067.69,10647
,SCHNEIDER,EQ,      1232.40,                311385997.60,255402
,SCI,EQ,       295.35,                531615243.10,1792086
,SCILAL,EQ,        39.77,                  7830374.19,196582
,SCML,SM,        81.00,                  1115100.00,14000
,SCODATUBES,EQ,       135.02,                 29002212.51,215520
,SCPL,BE,       646.45,                  5414879.85,8409
,SDBL,EQ,        74.00,                 42571970.35,578202
,SEAMECLTD,EQ,      1793.60,                234142574.80,130765
,SECMARK,EQ,       144.40,                   165991.91,1139
,SECURKLOUD,EQ,        17.01,                   414284.70,24259
,SEDEMAC,EQ,      2814.40,                292271604.10,102621
,SEIL,EQ,       200.76,                 88307216.12,440822
,SEJALLTD,EQ,       657.50,                  3659508.30,5519
,SEKURITIND,EQ,       114.56,                  3608169.35,31358
,SEL,SM,       317.95,                  1509660.00,4800
,SELECTIPO,EQ,        48.65,                  2984005.29,61110
,SELLOWRAP,SM,        67.50,                   108000.00,1600
,SELMC,EQ,        27.50,                   122905.99,4456
,SEMAC,EQ,       277.25,                  1260927.65,4531
,SENCO,EQ,       358.65,                408131811.20,1141834
,SENORES,EQ,      1428.40,                178873521.80,124425
,SENSEXADD,EQ,        79.29,                     4440.42,56
,SENSEXAXIS,EQ,        79.81,                   108720.97,1362
,SENSEXBETA,EQ,       850.89,                  3417382.57,4022
,SENSEXETF,EQ,        79.20,                  1176800.02,14854
,SENSEXIETF,EQ,       884.24,                 25159140.37,28419
,SEPC,EQ,         5.38,                 39538568.21,7339250
,SERVICE,SM,        69.45,                  2349400.00,34000
,SERVOTECH,EQ,        79.62,                 39260240.06,492370
,SESHAPAPER,EQ,       233.09,                  4381519.98,18854
,SETCO,BE,        17.45,                   421075.99,24126
,SETF10GILT,EQ,       263.10,                  1973259.00,7480
,SETFGOLD,EQ,       131.22,                580258915.89,4422415
,SETFNIF50,EQ,       258.08,                145024741.70,561856
,SETFNIFBK,EQ,       590.86,                 10914209.07,18450
,SETFNN50,EQ,       785.05,                 63306294.45,80614
,SETL,EQ,       408.95,                580074954.40,1430578
,SETUINFRA,BZ,         0.57,                    26302.65,46145
,SEYAIND,BE,        12.25,                    59246.25,4895
,SFL,EQ,       646.80,                 38515898.55,59553
,SFML,SM,        21.50,                   516800.00,24000
,SGBAPR28I,GB,     15323.99,                   933510.14,61
,SGBAUG27,GB,     15241.31,                   867394.19,57
,SGBAUG28V,GB,     15228.56,                  8063028.67,530
,SGBAUG29V,GB,     15313.80,                   780777.10,51
,SGBAUG30,GB,     15470.42,                  4142981.84,268
,SGBD29VIII,GB,     15345.00,                  1589686.28,104
,SGBDC27VII,GB,     15225.00,                   273898.33,18
,SGBDE30III,GB,     15413.38,                  2776843.47,180
,SGBDE31III,GB,     15626.86,                 17769033.37,1138
,SGBDEC26,GB,     15175.00,                   136821.99,9
,SGBFEB27,GB,     15200.00,                    60800.00,4
,SGBFEB29XI,GB,     15241.55,                  2940782.63,193
,SGBFEB32IV,GB,     15787.91,                 19046267.69,1206
,SGBJ28VIII,GB,     15299.99,                    15299.99,1
,SGBJAN27,GB,     15248.00,                   136664.44,9
,SGBJAN29IX,GB,     15227.50,                   807268.84,53
,SGBJAN29X,GB,     15245.00,                  4070604.30,267
,SGBJAN30IX,GB,     15242.20,                  3423542.62,224
,SGBJU29III,GB,     15293.80,                  1830103.70,120
,SGBJUL28IV,GB,     15249.78,                  3847953.81,253
,SGBJUL29IV,GB,     15264.25,                  1831898.23,120
,SGBJUN27,GB,     15298.99,                    61196.94,4
,SGBJUN28,GB,     15233.75,                   609591.61,40
,SGBJUN29II,GB,     15231.01,                  1116186.40,73
,SGBJUN30,GB,     15449.00,                   757364.96,49
,SGBJUN31I,GB,     15505.82,                  2246085.48,145
,SGBMAR28X,GB,     15257.00,                   672225.75,44
,SGBMAR30X,GB,     15425.00,                  1781943.44,116
,SGBMAR31IV,GB,     15520.32,                  1769582.47,114
,SGBMAY28,GB,     15260.00,                   900350.04,59
,SGBMAY29I,GB,     15295.42,                  7008381.44,459
,SGBMR29XII,GB,     15244.60,                  2259480.06,148
,SGBN28VIII,GB,     15261.04,                   625666.59,41
,SGBNV29VII,GB,     15300.00,                  2584128.42,169
,SGBOC28VII,GB,     15320.20,                  1879233.11,123
,SGBOCT27,GB,     15300.00,                    91600.00,6
,SGBSEP27,GB,     15350.01,                   414450.27,27
,SGBSEP28VI,GB,     15300.00,                  5860734.16,384
,SGBSEP29VI,GB,     15246.68,                  3372416.69,221
,SGBSEP31II,GB,     15620.76,                  5274605.48,338
,SGFIN,EQ,       675.70,                110674125.15,164000
,SGIL,EQ,       606.20,                  2833803.90,4698
,SGL,EQ,        10.05,                    24666.77,2432
,SGLRES,EQ,         2.41,                   140094.06,58369
,SGMART,EQ,       824.75,                 94310750.00,114546
,SGRL,EQ,       708.55,                 15451083.05,22022
,SHADOWFAX,EQ,       259.55,                428087704.75,1649661
,SHAH,EQ,         3.51,                  4562589.77,1297179
,SHAHALLOYS,BE,       101.50,                 14422489.03,140569
,SHAILY,EQ,      3278.30,                252993207.70,77257
,SHAKTIPUMP,EQ,       473.00,                199414067.85,419668
,SHALBY,EQ,       152.71,                  4855464.82,31700
,SHALPAINTS,BE,        85.47,                 12143104.83,141870
,SHANKARA,EQ,       148.18,                  6927102.32,46914
,SHANKESH,EQ,        98.92,                854506536.70,8474688
,SHANTI,EQ,         6.25,                   157869.49,24947
,SHANTIGEAR,EQ,       621.75,               1001532765.40,1612281
,SHANTIGOLD,EQ,       256.34,                634970088.05,2489253
,SHARDACROP,EQ,       768.35,                 81356860.75,105369
,SHARDAMOTR,EQ,       881.95,                 24013703.25,27320
,SHARDUL,BE,        54.49,                   555031.42,10278
,SHAREINDIA,EQ,       170.50,                 53979011.71,316097
,SHARIABEES,EQ,       452.84,                 11567957.69,25560
,SHBAJRG,EQ,       160.67,                   358531.37,2205
,SHEEL,ST,        61.60,                   372400.00,6000
,SHEETAL,SM,       348.10,                   174050.00,500
,SHEKHAWATI,BE,        15.52,                   412026.07,26781
,SHEMAROO,BE,       126.61,                   451863.78,3580
,SHERA,SM,       182.30,                  6246300.00,34000
,SHERVANI,EQ,       315.10,                    24655.75,78
,SHETHJI,SM,       195.95,                 13901000.00,72000
,SHIGAN,SM,        71.10,                   650925.00,9000
,SHILCTECH,EQ,      4065.30,                 73233094.30,17962
,SHILGRAVQ,EQ,       144.80,                  1360858.03,9295
,SHILPAMED,EQ,       964.15,                629030552.05,652726
,SHINDL,EQ,       162.42,                 35488787.87,220380
,SHIPROCKET,EQ,       135.92,                678754817.19,4989875
,SHIVAAGRO,EQ,        41.39,                   200662.01,4883
,SHIVACEM,EQ,        15.97,                   892660.29,55679
,SHIVALIK,BE,       327.40,                 15238920.20,46428
,SHIVAMAUTO,EQ,        18.01,                  1403506.74,77913
,SHIVAMILLS,EQ,        60.50,                    26567.39,438
,SHIVASHRIT,SM,       120.00,                  4114350.00,34000
,SHIVATEX,EQ,       182.86,                  2907276.00,15793
,SHIVAUM,EQ,       448.05,                   470077.20,1042
,SHK,EQ,       150.87,                 65543470.10,432026
,SHKSIL,SM,        34.00,                  1086800.00,32000
,SHOPERSTOP,EQ,       381.75,                  5445545.85,14069
,SHRADDHA,EQ,       156.48,                   488973.95,3120
,SHRADHA,EQ,        31.48,                   508905.38,16176
,SHREDIGCEM,EQ,        74.44,                 14022497.35,189709
,SHREEDHAR,ST,       114.30,                  2215700.00,20000
,SHREEJISPG,EQ,       680.15,               1560690901.80,2336669
,SHREEKARNI,SM,       380.20,                  1530780.00,4050
,SHREEOSFM,SM,        56.50,                   112900.00,2000
,SHREEPUSHK,EQ,       475.25,                 23934545.50,50352
,SHREERAMA,EQ,        44.12,                  2278863.77,51339
,SHREMINVIT,IV,       100.50,                 57787500.00,575000
,SHRENIK,BZ,         0.29,                   101923.82,346855
,SHREYANIND,EQ,       128.93,                   790453.37,6128
,SHRIAHIMSA,ST,       485.50,                  5700000.00,12000
,SHRIKANHA,SM,        20.85,                   234640.00,11200
,SHRIKRISH,EQ,        39.79,                    49538.15,1225
,SHRINGARMS,EQ,       217.91,                 56151163.93,255200
,SHRIPISTON,EQ,      4536.90,                307806512.10,68512
,SHRIRAMPPS,EQ,        76.90,                 19099947.53,248858
,SHRJAGP,EQ,       625.65,                   485480.30,782
,SHUBHSHREE,SM,       349.95,                   731025.00,2100
,SHUKRAPHAR,EQ,        51.93,                215195744.32,4036493
,SHYAMCENT,BE,         5.03,                   820527.54,164214
,SHYAMDHANI,ST,        52.70,                   105400.00,2000
,SHYAMMETL,EQ,      1065.30,                214363860.60,199343
,SHYAMTEL,EQ,        11.60,                    29199.86,2583
,SICAGEN,EQ,        58.28,                  1104542.06,18933
,SICALLOG,BE,       107.33,                 11569650.21,108364
,SIDDHICOTS,SM,        27.05,                   162840.00,6000
,SIDDHIKA,SM,       225.00,                   561450.00,2500
,SIEL,EQ,        31.90,                    23816.28,748
,SIGACHI,EQ,        34.74,                317743261.60,9215095
,SIGIND,BE,        70.37,                   226815.12,3242
,SIGMA,EQ,        46.66,                  6209463.99,132618
,SIGMAADV,BE,       762.40,                 91031376.15,118525
,SIGNATURE,EQ,       796.55,                189704278.45,239499
,SIGNPOST,EQ,       244.25,                 13805376.10,56184
,SIKA,EQ,       996.10,                 31583740.75,31520
,SIKKO,BE,         5.41,                  1221848.99,228858
,SIL,EQ,        19.59,                  1290811.07,66127
,SILGO,EQ,        69.97,                  8054884.84,113233
,SILINV,EQ,       478.80,                  1052147.10,2201
,SILKFLEX,SM,       288.30,                 17228850.00,60000
,SILKY,SM,        71.95,                   223480.00,3200
,SILLYMONKS,EQ,        16.19,                    40293.28,2494
,SILVER,EQ,       232.64,                179208505.07,770617
,SILVER001,EQ,        23.54,                   333441.82,14165
,SILVER1,EQ,        22.60,                133621674.52,5918854
,SILVER360,EQ,       229.11,                  3253999.30,14214
,SILVERADD,EQ,        22.44,                 63979878.04,2849876
,SILVERAG,EQ,       227.02,                 27816770.35,122655
,SILVERAXIS,EQ,       231.46,                 33498383.82,144700
,SILVERBEES,EQ,       222.78,               3580788752.88,16085668
,SILVERBETA,EQ,       224.83,                 64896810.10,288687
,SILVERBND,EQ,       233.61,                  3142247.16,13449
,SILVERCASE,EQ,        23.61,                132380172.22,5606876
,SILVERIETF,EQ,       232.48,                578673745.86,2490162
,SILVERTUC,EQ,       167.97,                 62741610.70,373676
,SIMBHALS,BZ,         7.80,                    27869.40,3573
,SIMCA,ST,       260.00,                   776760.00,3000
,SIMPLEXINF,EQ,       270.50,                 25860937.25,96034
,SIMPLXREA,EQ,       142.99,                     1726.77,12
,SINCLAIR,EQ,        83.50,                  2262041.99,26997
,SINDHUTRAD,EQ,        25.28,                299881716.10,11832177
,SINGERIND,EQ,        76.98,                 13378394.19,170692
,SINTERCOM,EQ,        80.80,                   853570.36,10325
,SIRCA,EQ,       439.25,                 68953616.90,156696
,SIS,EQ,       430.95,                168687345.60,390191
,SITINET,BZ,         0.29,                    67079.25,228821
,SIYSIL,EQ,       552.65,                 15819893.20,28594
,SJLOGISTIC,SM,       315.70,                 10085487.50,32000
,SJS,EQ,      2306.10,                536181194.30,229418
,SJVN,EQ,        65.23,                 81960956.00,1260938
,SKFINDIA,EQ,      1553.20,                141555983.30,91130
,SKFINDUS,EQ,      3002.50,                103169807.80,33944
,SKIPPER,EQ,       591.10,               5970106374.95,10118419
,SKMEGGPROD,EQ,       257.10,                 62998673.25,242481
,SKP,SM,       151.50,                  6960525.00,46500
,SKYGOLD,EQ,       781.45,                811262101.05,1069790
,SKYTECH,SM,        40.05,                  1281600.00,32000
,SKYWAYS,EQ,       122.72,               1075533753.03,8338807
,SLONE,ST,       187.00,                  5421680.00,29600
,SMALL250,EQ,        18.54,                  3617900.02,194876
,SMALLADD,EQ,        18.53,                  1267870.08,67956
,SMALLCAP,EQ,        48.90,                171723810.58,3500382
,SMALLGROWW,EQ,        49.06,                   302441.74,6170
,SMALLIETF,EQ,        18.57,                  1210578.86,65128
,SMARTEN,ST,        54.85,                    65820.00,1200
,SMARTLINK,BE,       213.81,                   857880.81,4055
,SMARTWORKS,EQ,       541.50,                 23954953.65,44075
,SMCGLOBAL,EQ,        81.25,                 69818829.61,865274
,SML100CASE,EQ,        11.43,                 26331470.76,2300711
,SMLMAH,EQ,      6298.50,               2603149814.00,427607
,SMLT,EQ,        65.59,                   458475.26,7074
,SMSPHARMA,EQ,       392.50,                184207087.80,473075
,SNEHAA,SM,        47.00,                   288100.00,6000
,SNOWMAN,EQ,        36.85,                  2760278.41,75311
,SNXT30BEES,EQ,        42.58,                   353869.13,8325
,SNXT50BETA,EQ,        94.98,                    69590.11,727
,SOBHA,EQ,      1263.80,                 93366691.40,74200
,SOCL,SM,        29.50,                   327600.00,11200
,SOFTTECH,EQ,       423.15,                  1165156.45,2760
,SOLARA,EQ,       639.15,                252716772.45,396998
,SOLARWORLD,EQ,       149.32,                 32944743.37,219235
,SOLEX,EQ,       725.30,                 83505239.55,113401
,SOMANYCERA,EQ,       557.35,                 43949786.20,78257
,SOMATEX,EQ,        90.22,                  3117750.96,33507
,SOMICONVEY,EQ,        91.33,                   798513.67,8738
,SONACOMS,EQ,       789.00,                646356079.20,816762
,SONAL,EQ,        88.98,                      444.74,5
,SONAMAC,SM,        33.00,                   237150.00,7000
,SONAMLTD,BE,        65.84,                  2679905.26,39654
,SONATSOFTW,EQ,       285.25,                236872673.50,830434
,SONUINFRA,ST,        44.45,                  3062550.00,69000
,SOTL,EQ,       740.75,                201712543.10,273612
,SOUTHBANK,EQ,        47.29,                420419137.01,8819050
,SOUTHWEST,EQ,       212.92,                 30014878.22,139283
,SPAL,EQ,      1071.10,                 67674687.80,64434
,SPANDANA,EQ,       239.81,                 19050306.43,79485
,SPARC,EQ,       199.47,                117907772.44,588034
,SPCENET,EQ,         3.41,                  4512283.59,1308892
,SPCL,SM,        62.60,                  1372050.00,22200
,SPEB,SM,        95.00,                   190000.00,2000
,SPECIALITY,BE,       139.59,                  2284497.35,16598
,SPECTRUM,BE,      2368.40,                 33468690.80,14242
,SPECTSTM,SM,        56.00,                    44800.00,800
,SPELS,EQ,       149.38,                  2562810.25,17175
,SPENCERS,EQ,        28.50,                   701224.20,24318
,SPIC,EQ,        71.28,                 46620413.78,648651
,SPLIL,EQ,        30.39,                   639141.55,20970
,SPLPETRO,EQ,       771.05,               1327866602.65,1726190
,SPMLINFRA,EQ,       181.41,                 73291756.45,407685
,SPORTKING,EQ,       229.22,                 61125376.95,266293
,SPRL,SM,       102.50,                    82000.00,800
,SPUNWEB,SM,       102.90,                  3495060.00,33600
,SRD,EQ,        39.33,                  1038284.25,26155
,SREEL,EQ,       265.52,                  5667580.44,21434
,SRF,EQ,      2547.00,                901947197.40,352418
,SRGHFL,EQ,       245.45,                   968274.45,3956
,SRHHYPOLTD,EQ,       531.05,                 26098554.30,49199
,SRIKPRIND,EQ,        33.38,                 13268023.35,388915
,SRIVASAVI,ST,        79.00,                   236000.00,3000
,SRM,EQ,       462.35,                 60603464.10,129358
,SRTL,EQ,        37.71,                  1097636.24,29437
,SSDL,EQ,        56.69,                   800129.53,14090
,SSEGL,SM,       400.60,                  9778290.00,24400
,SSFL,ST,       260.00,                  1314550.00,5000
,SSWL,EQ,       361.85,                358415129.25,1006017
,STALLION,BE,       206.68,                 73085023.54,352515
,STANLEY,EQ,       135.48,                  8564828.86,62857
,STAR,EQ,      1059.60,                229647310.20,217190
,STARCEMENT,EQ,       190.19,                 36201125.58,192236
,STARHEALTH,EQ,       557.35,                145078125.80,260539
,STARPAPER,EQ,       151.42,                  1676187.05,11085
,STARTECK,EQ,       249.25,                    40283.45,162
,STCINDIA,EQ,       115.28,                  7063306.76,60350
,STEELCAS,EQ,       328.05,                 34572007.20,106510
,STEELCITY,EQ,        85.55,                   599784.01,6956
,STEELXIND,EQ,        11.34,                 44308992.09,3888782
,STEL,EQ,       607.90,                  2399181.00,3953
,STERTOOLS,BE,       221.31,                  3187550.00,14338
,STLNETWORK,EQ,        28.87,                 62075793.03,2164957
,STLSTRINF,EQ,        19.55,                     3234.09,168
,STLTECH,BE,       748.90,                221332901.60,295544
,STOVEKRAFT,EQ,       832.55,                 77538874.55,93139
,STRIDERS,SM,        64.70,                   310560.00,4800
,STUDDS,EQ,       424.20,                 14533133.95,34112
,STUDIOLSD,SM,         9.85,                   193400.00,20000
,STYL,EQ,       383.50,                 47756858.25,123059
,STYLAMIND,EQ,      3387.40,                218070442.90,65092
,STYLEBAAZA,EQ,       400.25,                222551207.15,557524
,STYRENIX,EQ,      2043.20,                 61841401.20,30372
,SUBAHOTELS,SM,        98.30,                  3568920.00,36000
,SUBEXLTD,EQ,        17.28,                 34467156.40,1970415
,SUBROS,EQ,       709.60,                 19066462.55,26816
,SUDARCOLOR,EQ,       383.45,                  3051873.35,7856
,SUDARSCHEM,EQ,      1222.80,                229370685.50,186180
,SUDEEPPHRM,EQ,      1329.30,                323092256.20,242835
,SUKHJITS,EQ,       157.86,                   742320.79,4696
,SULA,EQ,       149.00,                 25319400.79,170121
,SUMAX,ST,       106.50,                 29863740.00,276000
,SUMEDHA,EQ,        39.01,                   131321.26,3377
,SUMEETINDS,EQ,        11.50,                 12749091.28,1120467
,SUMICHEM,EQ,       493.40,                 70923823.00,142729
,SUMIT,EQ,        51.71,                   492721.16,9572
,SUMMITSEC,EQ,      1434.20,                  2255314.90,1566
,SUNCLAY,EQ,      1304.40,                  4125225.30,3165
,SUNDARAM,EQ,         1.23,                   399943.60,323987
,SUNDARMFIN,EQ,      4648.70,                 90891627.20,19600
,SUNDRMBRAK,BE,       740.00,                  1038696.40,1401
,SUNDRMFAST,EQ,      1212.30,                 53588498.80,44457
,SUNDROP,EQ,       662.50,                  4221271.05,6390
,SUNFLAG,EQ,       343.70,                 31186522.20,90403
,SUNLITE,SM,       542.50,                  6220665.00,11400
,SUNLOC,EQ,        79.98,                     3279.58,41
,SUNRAKSHAK,EQ,       369.55,                  4965690.55,13415
,SUNREST,SM,        39.00,                   372720.00,9600
,SUNSHIEL,EQ,      1144.90,                  1123951.20,981
,SUNSHINE,EQ,       441.45,               1257856495.65,2746047
,SUNTECH,SM,        40.05,                   128240.00,3200
,SUNTECK,EQ,       299.50,                 21548935.40,71967
,SUNTV,EQ,       470.90,                402962289.80,846938
,SUPERHOUSE,EQ,       169.23,                   463157.05,2738
,SUPERSPIN,BE,         6.95,                   748020.24,105266
,SUPRAJIT,EQ,       479.45,                 27276822.75,56637
,SUPREME,EQ,        36.27,                   301570.01,8259
,SUPREMEENG,BZ,         3.03,                   900297.84,297128
,SUPREMEIND,EQ,      3475.00,                487326156.70,139232
,SUPREMEINF,EQ,        83.42,                  1341258.38,16081
,SUPREMEPWR,SM,       222.60,                 14519750.00,65500
,SUPRIYA,EQ,       852.85,                278427084.30,324059
,SUPTANERY,BE,        13.25,                   530821.50,40062
,SURAJEST,EQ,       178.25,                 23270745.06,129331
,SURAJLTD,EQ,       201.79,                   776262.15,3832
,SURAKSHA,EQ,       332.45,                 12820156.70,38299
,SURANASOL,EQ,        26.11,                  2529435.48,96327
,SURANAT&P,EQ,        16.57,                   483109.05,29385
,SURANI,SM,        99.70,                   920130.00,9600
,SURYALA,EQ,       411.85,                   703979.85,1694
,SURYALAXMI,EQ,        60.79,                    61787.92,1013
,SURYAROSNI,EQ,       216.49,                 97793705.68,449482
,SURYODAY,EQ,       152.07,                 19916785.20,130519
,SUTLEJTEX,BE,        40.89,                  2911820.70,71822
,SUVEN,EQ,       378.00,                188268634.65,494667
,SUVIDHAA,EQ,         2.42,                  1529412.51,651333
,SUYOG,EQ,       731.20,                  7777227.65,10651
,SUZLON,EQ,        45.35,               2520349649.80,55366085
,SVGLOBAL,EQ,       163.62,                 48043278.63,286302
,SVLL,BE,       799.25,                   499088.45,623
,SVPGLOB,EQ,         3.65,                   172877.78,48032
,SWANCORP,EQ,       281.50,                229471134.40,810711
,SWANDEF,BE,      2520.20,                 47087876.30,18892
,SWARAJ,BE,       357.35,                 20669907.05,57932
,SWARAJENG,EQ,      3557.80,                 23425777.00,6552
,SWARNSAR,EQ,        35.25,                   211514.70,6016
,SWASTIK,ST,        19.00,                    70800.00,3600
,SWELECTES,EQ,       572.50,                  9875701.15,17212
,SWIGGY,EQ,       276.10,              51119834391.50,184369387
,SWISSMLTRY,BE,        15.59,                  1249049.78,81525
,SWSOLAR,EQ,       186.23,                108774565.72,580711
,SYLVANPLY,SM,        55.55,                   222200.00,4000
,SYMBIOTEC,EQ,      1078.25,               1622156680.65,1509878
,SYMPHONY,EQ,       580.35,                 18816927.05,32564
,SYNCOMF,EQ,        20.58,                346402035.74,16788160
,SYNGENE,EQ,       395.60,                207177146.45,522372
,SYNOPTICS,ST,        49.35,                   281250.00,6000
,SYRMA,EQ,      1457.30,                830434072.70,569018
,SYSTANGO,SM,       225.25,                  2891820.00,12800
,SYSTMTXC,BE,        60.23,                  4351907.83,72839
,TAALTECH,EQ,      4502.20,                 26583039.40,5834
,TAC,ST,       433.35,                  9915350.00,22800
,TAINWALCHM,EQ,       213.71,                   237917.17,1124
,TAJGVK,EQ,       332.55,                 50198189.70,150325
,TAKE,EQ,        13.82,                 11878318.31,918186
,TALBROAUTO,EQ,       407.75,                 30992551.55,76183
,TAMBOLIIN,BE,       259.70,                  3022630.25,11736
,TANAA,EQ,       282.15,                  2642119.60,9298
,TANKUP,ST,      1598.00,                  3639000.00,2250
,TANLA,EQ,       521.15,                192266588.25,368770
,TARACHAND,EQ,        48.78,                  2649840.95,54428
,TARAPUR,EQ,        13.03,                   597490.73,46363
,TARC,EQ,       126.99,                 44989660.89,355398
,TARIL,EQ,       300.95,                227208315.45,752285
,TARMAT,EQ,        61.23,                  2277858.47,36316
,TARSONS,EQ,       335.55,                 21480639.60,63661
,TASTYBITE,EQ,      9982.00,                 13037100.00,1301
,TATACHEM,EQ,       625.10,                622281905.90,991042
,TATACOMM,EQ,      1756.10,                483458135.30,276930
,TATAELXSI,EQ,      3558.00,                729965914.20,203529
,TATAGOLD,EQ,        14.94,                661636801.23,44264152
,TATAINVEST,EQ,       633.70,                 83299751.85,130701
,TATATECH,EQ,       800.00,                865988164.05,1067933
,TATSILV,EQ,        22.62,                779462472.34,34470366
,TATVA,EQ,      1678.50,                141769366.00,85803
,TAURIAN,ST,       494.00,                  7474800.00,15200
,TBI,SM,        73.55,                  9314370.00,125400
,TBOTEK,EQ,      1688.90,                113190643.30,66445
,TBZ,EQ,       480.85,               1646736158.60,3486401
,TCC,EQ,        44.10,                 26914347.29,578711
,TCHF30,NB,      1090.00,                    10900.00,10
,TCI,EQ,       868.20,                 15713156.90,18074
,TCIEXP,EQ,       552.90,                 35915255.40,65210
,TCIFINANCE,BE,        15.10,                   287603.78,19130
,TCL,SM,       123.00,                  3534520.00,28800
,TCPLPACK,EQ,      4091.90,                 63228594.20,15468
,TDPOWERSYS,EQ,       740.10,                941803466.95,1283741
,TEAMGTY,EQ,       235.29,                   161520.01,684
,TEAMLEASE,EQ,      1250.60,                 36288777.50,29000
,TEAMTECH,ST,       137.00,                  1090000.00,8000
,TECH,EQ,        33.81,                   626937.56,18515
,TECHD,SM,       533.55,                 10362645.00,19500
,TECHERA,SM,       160.90,                  3056960.00,19200
,TECHLABS,SM,       115.20,                  1773150.00,15125
,TECHNOCRAF,EQ,       366.10,                175486648.10,476411
,TECHNOE,EQ,       979.50,                 80873713.00,82871
,TECHNVISN,EQ,      4917.50,                  5639657.00,1147
,TECILCHEM,EQ,         9.72,                   208490.98,21289
,TEGA,EQ,      1548.00,                 85537902.40,55328
,TEJA,SM,       236.05,                 13868190.00,58800
,TEJASNET,EQ,       614.15,              15898465329.30,26085952
,TEMBO,EQ,        58.47,                432120517.83,7416209
,TEMPSENS,EQ,       554.80,               1486500998.80,2650794
,TENNIND,EQ,       517.55,                301062124.60,581989
,TERAI,EQ,       121.43,                   131362.10,1068
,TERASOFT,EQ,       283.40,                 11896447.80,41365
,TEXINFRA,EQ,       115.02,                 14138217.43,122665
,TEXMOPIPES,EQ,        46.23,                  1079316.10,23440
,TEXRAIL,EQ,       115.99,                435010329.17,3746637
,TFCILTD,EQ,       143.26,               1185422062.43,8211306
,TFL,EQ,        12.36,                   296263.94,23861
,TGBHOTELS,EQ,         9.48,                   233202.48,24575
,TGL,ST,        18.05,                     7220.00,400
,TGVSL,EQ,       109.98,                 68556437.66,615070
,THACKER,BE,      1050.00,                    37994.70,38
,THAKDEV,EQ,       144.00,                     4682.05,33
,THANGAMAYL,EQ,      5332.00,                348456347.00,65612
,THEINVEST,EQ,        95.00,                   355882.32,3714
,THEJO,EQ,      2125.30,                 11895014.90,5621
,THELEELA,EQ,       554.05,                313499905.10,561774
,THEMISMED,EQ,       120.42,                 19659158.21,159319
,THERMAX,EQ,      3637.60,                945066957.20,258180
,THOMASCOOK,EQ,       111.65,                253665469.92,2297803
,THOMASCOTT,EQ,       262.75,                 11754260.80,44350
,THYROCARE,EQ,       576.15,                 79356630.20,137365
,TI,EQ,       535.10,                287073173.75,540041
,TICL,BE,         8.12,                   425009.81,51861
,TIGERLOGS,EQ,        28.61,                  4870254.39,168111
,TIIL,EQ,      3194.60,                 81072924.90,25085
,TIINDIA,EQ,      2698.00,                467051982.30,173117
,TIJARIA,BE,         9.54,                  2381149.04,250018
,TIL,BE,       252.88,                 75107800.53,296756
,TIMETECHNO,EQ,       188.49,                263040381.16,1385822
,TIMEX,EQ,       669.85,                214305591.20,323553
,TIMKEN,EQ,      3125.30,                 47307706.60,15156
,TINNARUBR,EQ,      1028.20,                 39517683.95,38228
,TIPSFILMS,EQ,       331.00,                  1553202.05,4667
,TIPSMUSIC,EQ,       649.75,                 94924475.10,146163
,TIRUMALCHM,EQ,       157.19,                 37363255.88,236650
,TIRUPATI,SM,       308.00,                    38500.00,125
,TIRUPATIFL,BE,        69.05,                 13956839.62,202133
,TITAGARH,EQ,       871.85,               2642248608.65,3001183
,TMB,EQ,       932.45,                123118792.75,131784
,TNIDETF,EQ,        90.94,                  5242685.58,57515
,TNPETRO,EQ,       132.70,                150742895.75,1119931
,TNPL,EQ,       155.75,                 59499430.04,382264
,TNTELE,EQ,         8.88,                   203630.31,22878
,TOKYOPLAST,EQ,        76.51,                   145704.62,1924
,TOLINS,EQ,        91.98,                  4083022.40,44505
,TOP100CASE,EQ,        10.54,                  5255212.29,498182
,TOP10ADD,EQ,        87.98,                 26921733.59,305895
,TOP15IETF,EQ,         9.82,                   873341.70,89010
,TOP20,EQ,         8.88,                   254093.72,28580
,TORNTPOWER,EQ,      1299.10,                513745258.50,398524
,TOTAL,EQ,        70.88,                   334498.80,4743
,TOUCHWOOD,EQ,        62.81,                    74666.25,1237
,TOYAMSL,EQ,         0.61,                    79902.35,129950
,TPHQ,BE,         0.55,                   703424.33,1307895
,TPLPLASTEH,EQ,        71.74,                  8480091.39,117553
,TRACXN,EQ,        29.96,                  5752336.36,191760
,TRANSCOR,EQ,        25.49,                    63206.05,2509
,TRANSPEK,BE,      1446.50,                 19505737.90,13477
,TRANSRAILL,EQ,       429.30,                134900903.95,313125
,TRANSTEEL,SM,        75.90,                  4277250.00,56000
,TRANSWORLD,BE,       171.00,                   954756.96,5598
,TRAVELFOOD,EQ,      1296.30,                 78638598.00,61349
,TREEHOUSE,EQ,         6.29,                   161401.20,26470
,TREJHARA,EQ,       152.01,                  2816320.74,18766
,TREL,EQ,        27.44,                  5880682.37,215792
,TRF,EQ,       231.59,                  1085177.47,4712
,TRIDENT,EQ,        24.16,                 79632904.88,3292066
,TRIGYN,EQ,        58.97,                  5859383.93,99874
,TRITONV,EQ,      1136.10,                  2632040.00,2321
,TRITURBINE,EQ,       577.30,                147006536.55,254725
,TRIVENI,EQ,       275.65,                130708659.30,472150
,TROM,SM,        59.50,                   540090.00,9000
,TRU,EQ,         4.05,                   377758.66,93025
,TRUALT,EQ,       425.25,                 51720720.95,121440
,TRUST,SM,        30.00,                   578370.00,19200
,TSC,ST,        43.05,                  1807200.00,42000
,TSFINV,EQ,       404.70,                 23455434.40,57607
,TTKHLTCARE,EQ,      1100.20,                 21702400.70,19761
,TTKPRESTIG,EQ,       562.75,                 51336550.40,90200
,TTL,EQ,         6.81,                  1440475.54,210015
,TTML,EQ,        37.74,                 52398679.92,1380442
,TUNWAL,SM,        25.10,                  1717500.00,68000
,TURTLEMINT,EQ,       144.08,                 55652671.50,385856
,TUTIALKA,EQ,        60.36,                  1731581.98,28654
,TVSELECT,EQ,       420.85,                  7073108.95,16780
,TVSHLTD,EQ,     13374.00,                105422727.00,7881
,TVSSCS,EQ,       130.41,                120313116.54,926210
,TVSSRICHAK,EQ,      5237.50,                 64335300.00,12133
,TVTODAY,EQ,       110.95,                  3842538.59,34674
,TVVISION,BE,         3.38,                   174966.71,52947
,TWCGOLDETF,EQ,       152.93,                   800235.80,5230
,UBL,EQ,      1279.40,                455984062.80,352868
,UCAL,BE,       146.02,                  1591745.09,10841
,UCOBANK,EQ,        24.78,                148780671.46,5993994
,UDAYJEW,EQ,       143.00,                   448973.81,3159
,UDS,EQ,       239.03,                115242109.14,487592
,UEL,EQ,       241.60,                  4510893.79,18811
,UFBL,BE,       700.35,                 55613230.05,76997
,UFLEX,EQ,       675.60,                114760597.35,168967
,UFO,EQ,        65.09,                  2801373.10,42873
,UGARSUGAR,EQ,        53.35,                 73344806.93,1348315
,UGROCAP,EQ,        86.35,                 49800162.51,574138
,UHTL,ST,       158.40,                 58291200.00,368000
,UJJIVANSFB,EQ,        64.43,                781074431.77,12168369
,ULTRAMAR,EQ,       437.15,                 37104764.95,84008
,UMA,SM,        18.00,                   141200.00,8000
,UMAEXPORTS,BE,        23.97,                   214387.68,8944
,UMESLTD,EQ,         5.09,                    65251.86,12835
,UMIYA-MRO,EQ,       104.42,                 14254903.24,137662
,UNICHEMLAB,EQ,       550.20,                 31160372.15,56415
,UNIDT,BE,       225.46,                  7072142.24,31227
,UNIECOM,EQ,        87.62,                 23714542.91,273184
,UNIENTER,EQ,        93.19,                   631623.98,6732
,UNIHEALTH,SM,       724.00,                  8230150.00,11500
,UNIINFO,EQ,        11.00,                    17810.81,1618
,UNILEX,SM,        27.75,                    89600.00,3200
,UNIMECH,EQ,      1502.70,                268932059.50,179849
,UNIONGOLD,EQ,       150.20,                   238019.85,1581
,UNIPARTS,EQ,       874.05,                272851627.70,311978
,UNITECH,EQ,         4.08,                 57902067.46,14406516
,UNITEDPOLY,EQ,        41.66,                  8730415.10,210611
,UNITEDTEA,EQ,       442.80,                  3277335.25,7393
,UNIVASTU,BE,       168.34,                 11762234.26,70087
,UNIVCABLES,EQ,      1576.30,                439649790.30,278353
,UNIVPHOTO,BE,       490.40,                  1205523.10,2480
,UNOMINDA,EQ,      1249.70,                714220336.30,574742
,UPL,EQ,       582.15,               1011613942.30,1730115
,URAVIDEF,BE,       118.20,                   306081.66,2586
,URBAN,SM,       117.60,                  5088640.00,43200
,URBANCO,EQ,       181.09,               1244689535.65,6940698
,URJA,EQ,         9.18,                  6186504.63,672065
,USASEEDS,SM,        92.40,                   112050.40,1284
,USHAFIN,SM,        54.70,                  3058000.00,57600
,USHAMART,EQ,       514.15,                849128754.90,1631592
,USK,EQ,        20.99,                   359447.24,17245
,UTIAMC,EQ,       880.55,                 42782692.05,48517
,UTKAL,SM,        48.95,                   196300.00,4000
,UTKARSHBNK,EQ,        14.56,                 88159940.97,5961768
,UTLSOLAR,EQ,       429.75,                 72900266.70,169583
,UTSSAV,ST,       468.30,                 10931940.00,24000
,UTTAMSUGAR,EQ,       281.20,                109430728.80,383064
,UYFINCORP,BE,        19.73,                  2439259.48,122444
,V2RETAIL,EQ,       216.50,                350239074.01,1628077
,VADILALIND,EQ,      7655.00,                 54563752.00,7172
,VADILENT,EQ,     10045.00,                   356062.00,35
,VAIBHAVGBL,EQ,       218.74,                 67128816.14,304029
,VAISHALI,EQ,         8.32,                   575735.72,68892
,VAKRANGEE,EQ,         5.79,                  7485470.56,1296846
,VAL30IETF,EQ,        15.19,                  1695743.98,111743
,VALIANTLAB,BE,       105.97,                  7544863.98,71202
,VALIANTORG,BE,       320.25,                 14643011.05,45087
,VALUE,EQ,        16.15,                   256288.91,15902
,VALUE360,SM,        74.00,                   432360.00,6000
,VALUEAXIS,EQ,        32.88,                   657617.04,20010
,VAML,EQ,       437.75,               2885501797.20,6641767
,VARDHACRLC,BE,        43.59,                   588088.27,13445
,VARDMNPOLY,EQ,         5.87,                   699020.62,118267
,VARROC,EQ,       826.35,                231597369.65,282257
,VASCONEQ,EQ,        30.47,                  6234668.17,205749
,VASUPRADA,EQ,       107.10,                      107.10,1
,VASWANI,EQ,        47.01,                   845598.69,17934
,VCL,BE,         1.58,                   729844.66,461927
,VDEAL,SM,       157.00,                   381960.00,2400
,VEDAVAAG,EQ,        18.17,                   313266.74,17174
,VEDPOWER,EQ,        34.20,                419844318.24,12242508
,VEEDOL,EQ,      1476.80,                  7201332.60,4888
,VEEKAYEM,SM,       113.05,                   832275.00,7500
,VELJAN,BE,      1878.90,                  2224348.80,1181
,VENKEYS,EQ,      1659.60,                 41792363.20,25085
,VENTIVE,EQ,       588.20,                  9467807.20,16151
,VENUSPIPES,EQ,      1631.00,                148761287.80,91566
,VENUSREM,BE,      1694.40,                 52310745.10,30621
,VERANDA,EQ,       242.63,                 33608132.48,139217
,VERITAAS,SM,        29.90,                   251460.00,8400
,VERTEXPLUS,SM,        56.70,                   160800.00,3000
,VERTIS,IV,       115.05,                  5752500.00,50000
,VERTOZ,EQ,        37.66,                  1955283.68,51344
,VESUVIUS,EQ,       419.15,                 17106837.35,40711
,VETO,BE,       125.50,                  3931402.17,31452
,VGCL,EQ,        52.62,                   390144.38,7319
,VGINFOTECH,SM,       139.40,                  8959850.00,64000
,VGL,EQ,        53.31,                  6632028.29,123080
,VGUARD,EQ,       335.40,                250167284.85,751013
,VHL,EQ,      3626.40,                  2830533.20,779
,VHLTD,BE,       118.21,                  3052857.59,25936
,VHLTD-RE1,BE,         0.49,                    45745.91,93359
,VICTORYEV,SM,        15.65,                   185400.00,12000
,VIDHIING,EQ,       347.75,                  3542497.10,10251
,VIDYAWIRES,EQ,        90.13,                 75088739.03,838636
,VIESL,SM,       393.10,                 17183560.00,44000
,VIGOR,ST,       102.50,                  3339680.00,32000
,VIJAYA,EQ,      1493.20,                 68471204.90,45618
,VIJAYPD,SM,        63.00,                  3444700.00,54000
,VIJIFIN,BE,        16.58,                   337005.08,20326
,VIJSOLX,EQ,       687.70,                   152564.45,222
,VIKASECO,EQ,         1.07,                  1962919.23,1815757
,VIKASLIFE,EQ,         1.29,                  1703268.10,1315249
,VIKRAMSOLR,EQ,       168.45,                608902886.21,3550735
,VIKRAN,EQ,        60.77,                115452290.56,1930821
,VILAS,SM,       353.70,                  7732750.00,21750
,VILINBIO,SM,        54.25,                  3671200.00,68000
,VIMTALABS,EQ,       635.65,                141175175.35,219490
,VINATIORGA,EQ,      1310.70,                 76000566.30,57413
,VINCOFE,EQ,       170.65,                397812133.51,2286890
,VINDHYATEL,EQ,      2732.70,                227986949.80,82288
,VINEETLAB,EQ,        37.37,                  1439291.78,38381
,VINNY,EQ,         1.02,                   242333.76,236444
,VINSYS,ST,       597.00,                   448000.00,750
,VINYAS,SM,      1559.35,                 10536155.00,6700
,VINYLINDIA,EQ,       232.38,                  2379015.87,10241
,VIPCLOTHNG,EQ,        20.15,                  1668526.88,82615
,VIPIND,EQ,       314.05,                138278530.75,440277
,VIPULLTD,BE,        13.98,                    34320.90,2455
,VIRAT,EQ,       423.35,                  2367871.20,5617
,VIRINCHI,EQ,        14.70,                  1687086.54,115200
,VIRTUALG,BE,         0.47,                   133946.27,279547
,VISACHROME,EQ,        38.34,                  1275080.00,33107
,VISAKAIND,EQ,        93.37,                 40961940.05,440201
,VISAMAN,SM,        61.40,                 31989400.00,521000
,VISDEM,SM,       103.75,                  2432340.00,24000
,VISHAL,EQ,        18.67,                  1041690.13,55662
,VISHNU,EQ,       702.00,                441196865.25,623372
,VISHNUINFR,SM,       158.00,                   239250.00,1500
,VISHWARAJ,EQ,         5.90,                  1718418.43,290468
,VISL,EQ,        35.39,               1003253665.85,28223582
,VITAL,EQ,        55.72,                   856987.10,15658
,VIVIANA,BE,       804.70,                 19681439.35,24977
,VIVIDEL,SM,      1591.60,                 44099004.00,27360
,VIVIDHA,EQ,         0.52,                    41638.22,80310
,VIVIMEDLAB,BE,         6.58,                  1376107.15,211247
,VIVOBIOT,EQ,        18.80,                   247738.39,13081
,VIYASH,EQ,       265.85,                878066516.80,3313584
,VLEGOV,BE,        10.61,                   777617.46,72389
,VLINFRA,SM,        27.80,                   248100.00,9000
,VLSFINANCE,EQ,       246.44,                  1593892.96,6476
,VMARCIND,SM,       320.10,                370329525.00,1140000
,VMART,EQ,       824.20,                 56503394.55,68219
,VMM,EQ,       106.14,                829985261.55,7783965
,VMOBILE,SM,        58.85,                   285760.00,4800
,VMSTMT,EQ,        45.46,                   901176.10,19824
,VOEPL,EQ,       553.20,                 52619922.45,95767
,VOGL,EQ,        38.02,               1175867730.04,30917507
,VOITHPAPR,EQ,      1458.60,                   950431.40,643
,VOLERCAR,SM,       246.95,                 38209360.00,160800
,VOLTAMP,EQ,     11418.00,                581442515.00,50836
,VOLTAS,EQ,      1170.00,                543177400.90,460619
,VPRPL,EQ,        36.28,                 21596467.63,589692
,VRAJ,EQ,       121.71,                  1488552.35,12164
,VRLLOG,EQ,       297.70,                 39741467.15,133531
,VSCL,SM,        20.90,                   439350.00,21000
,VSSL,EQ,       364.15,                 50694198.65,140547
,VSTIND,EQ,       208.15,                 20111630.30,96626
,VSTL,EQ,       117.66,                  2628716.72,22471
,VSTTILLERS,EQ,      4187.60,                 16945556.90,4042
,VTL,EQ,       598.20,                169592098.95,284973
,VTMLTD,EQ,        56.12,                   180189.41,3172
,WAAREEENER,EQ,      2635.00,               1432828154.50,547994
,WAAREEINDO,EQ,       272.00,                 20531209.35,75519
,WAAREERTL,EQ,       858.95,                 69708691.85,81592
,WABAG,EQ,      2005.30,                389142360.50,193647
,WAKEFIT,EQ,       151.55,                188254771.20,1231198
,WALCHANNAG,EQ,       208.61,                 83721881.94,400336
,WALPAR,SM,        23.75,                    47500.00,2000
,WANBURY,EQ,       246.20,                 12789717.10,51910
,WARDINMOBI,EQ,         5.86,                  1673602.97,288674
,WATERBASE,EQ,        48.63,                  1066004.85,22127
,WCIL,EQ,        83.38,                  2176883.95,25920
,WEALTH,EQ,       841.70,                  1123960.70,1333
,WEBELSOLAR,EQ,        74.53,                199205752.90,2610445
,WEIZMANIND,EQ,        74.50,                    74060.98,1005
,WEL,EQ,        76.03,                147960005.65,1935872
,WELCORP,EQ,      2590.60,               3260493473.30,1247810
,WELENT,EQ,       813.60,               2347717221.80,2915318
,WELINV,BE,      2230.70,                   197761.90,89
,WELSPLSOL,EQ,        59.55,                253749951.00,4319775
,WELSPUNLIV,EQ,       208.51,               1540684488.28,7470859
,WENDT,EQ,      8160.00,                 34736768.00,4236
,WESTLIFE,EQ,       530.60,                 18270806.05,34235
,WEWIN,EQ,        41.91,                   111994.61,2680
,WEWORK,EQ,       666.95,                225976465.25,335811
,WHBRADY,EQ,       482.20,                   120912.20,248
,WHEELS,EQ,      1724.90,                577445967.90,336451
,WHIRLPOOL,EQ,       815.95,                157603054.05,193831
,WILLAMAGOR,EQ,        25.40,                   103049.36,4157
,WINDLAS,EQ,      1126.35,                216628386.55,190854
,WINDMACHIN,EQ,       304.25,                 12035674.35,39051
,WINSOL,SM,       116.00,                   936220.00,8000
,WIPL,EQ,       167.99,                     2698.65,16
,WOCKPHARMA,EQ,      2088.70,               7325712597.30,3557646
,WOL3D,SM,       136.50,                   272500.00,2000
,WOMANCART,ST,       105.70,                  2169500.00,20000
,WONDERLA,EQ,       533.90,                 39601312.50,74859
,WORTHPERI,EQ,       154.99,                   641987.80,4169
,WPIL,EQ,       443.90,                  5513970.45,12409
,WSI,EQ,        60.37,                  3876816.96,64372
,WSTCSTPAPR,EQ,       650.25,                181299648.75,276595
,WTICAB,SM,       104.15,                  2273950.00,21500
,XCHANGING,EQ,        61.40,                  3764739.55,61684
,XELPMOC,EQ,        80.14,                  1923822.86,24153
,XPROINDIA,EQ,      1325.10,                202552331.00,154351
,XTGLOBAL,EQ,        31.69,                  6055792.23,190376
,XTRANET,EQ,       234.24,               1262045286.66,5584599
,YAAP,SM,       137.80,                  5367900.00,39000
,YASHO,EQ,      4134.10,                159014984.10,38997
,YASHOPTICS,SM,       123.75,                   889080.00,7200
,YATHARTH,EQ,       991.10,                309134504.70,314144
,YATRA,EQ,       113.49,                122230656.85,1067659
,YCCL,SM,         8.60,                   241500.00,27000
,YESBANK,EQ,        22.50,                714928561.27,31739702
,YOGI,EQ,       163.45,                    14825.00,90
,YUDIZ,SM,        26.95,                    62600.00,2400
,YUKEN,EQ,      1010.80,                  9223074.30,9116
,ZAGGLE,EQ,       180.77,                166114727.54,912980
,ZEAL,SM,        65.50,                   117900.00,1800
,ZEEL,EQ,        91.61,               1191582646.95,13036739
,ZEELEARN,BE,         7.09,                  3196621.52,452784
,ZEEMEDIA,EQ,         8.22,                 11832974.88,1442303
,ZENITHDRUG,SM,        42.75,                   474080.00,11200
,ZENITHSTL,EQ,         5.90,                  5126569.76,845763
,ZENSARTECH,EQ,       461.55,                232508256.00,499424
,ZENTEC,EQ,      1801.40,                307724705.20,169326
,ZFCVINDIA,EQ,      2551.90,                 77236917.20,30385
,ZFSTEERING,EQ,       667.50,                  5023066.80,7552
,ZIMLAB,EQ,       125.50,                  6951981.07,54799
,ZODIAC,EQ,       240.17,                  2797680.22,11622
,ZODIACLOTH,EQ,        72.23,                   675030.05,9323
,ZOTA,EQ,      1132.40,                104564890.00,91901
,ZSARACOM,EQ,     11302.00,                  2367989.00,221
,ZTECH,SM,       476.30,                 12430950.00,25800
,ZUARI,EQ,       225.56,                 14963113.46,66309
,ZUARIIND,EQ,       276.45,                 12370663.40,45048
,ZYDUSWELL,EQ,       531.70,                112801571.30,209449
