Trade Date,Symbol,Series,Security Name,Category,Last Trade Date,Face Value(Rs.),Issue Size,Close Price/Paid up value(Rs.),Market Cap(Rs.)              
06 OCT 2026,20MICRONS,EQ,20 MICRONS LTD           ,Listed    ,06 OCT 2026,               5.00,          35286502,            207.85,     7335005170.75 
06 OCT 2026,21STCENMGM,EQ,21ST CENTURY MGMT SERVICE,Listed    ,06 OCT 2026,              10.00,          10500000,             38.35,      402780000.00
06 OCT 2026,360ONE,EQ,360 ONE WAM LIMITED      ,Listed    ,06 OCT 2026,               1.00,         407914200,           1069.50,   436264236900.00    
06 OCT 2026,3BBLACKBIO,EQ,3B BLACKBIO DX LTD.      ,Permitted ,06 OCT 2026,              10.00,           8582670,           1575.10,    13518563517.00
06 OCT 2026,3IINFOLTD,BE,3I INFOTECH LIMITED      ,Listed    ,06 OCT 2026,              10.00,         207403767,             22.80,     4730879925.25 
06 OCT 2026,3MINDIA,EQ,3M INDIA LIMITED         ,Listed    ,06 OCT 2026,              10.00,          11265070,          30840.00,   347414758800.00   
06 OCT 2026,3PLAND,EQ,3P LAND HOLDINGS LIMITED ,Listed    ,06 OCT 2026,               2.00,          18000000,             30.75,      553500000.00    
06 OCT 2026,5PAISA,EQ,5PAISA CAPITAL LIMITED   ,Listed    ,06 OCT 2026,              10.00,          46882257,            349.70,    16394725272.90    
06 OCT 2026,63MOONS,EQ,63 MOONS TECHNOLOGIES LTD,Listed    ,06 OCT 2026,               2.00,          46078537,            792.95,    36537975914.15   
06 OCT 2026,A2ZINFRA,EQ,A2Z INFRA ENGINEERING LTD,Listed    ,06 OCT 2026,              10.00,         177522358,             14.00,     2485313012.00  
06 OCT 2026,AAATECH,EQ,AAA TECHNOLOGIES LIMITED ,Listed    ,06 OCT 2026,              10.00,          12826800,            103.55,     1327958604.00   
06 OCT 2026,AADHARHFC,EQ,AADHAR HOUSING FINANCE L ,Listed    ,06 OCT 2026,              10.00,         438393157,            453.80,   198942814646.60 
06 OCT 2026,AAKAAR,SM,AAKAAR MEDICAL TECHNO LTD,Listed    ,06 OCT 2026,              10.00,          14172816,             65.55,      929028088.80    
06 OCT 2026,AAKASH,EQ,AAKASH EXPLORATION SER L ,Listed    ,06 OCT 2026,               1.00,         101250000,              8.20,      831262500.00    
06 OCT 2026,AARADHYA,ST,AARADHYA DISPOSAL INDUS L,Listed    ,06 OCT 2026,              10.00,          14138000,            124.60,     1761594800.00  
06 OCT 2026,AAREYDRUGS,EQ,AAREY DRUGS & PHARM LTD  ,Listed    ,06 OCT 2026,              10.00,          28354303,            107.85,     3058011578.55
06 OCT 2026,AARNAV,BE,AARNAV FASHIONS LIMITED  ,Listed    ,06 OCT 2026,              10.00,          42238628,             37.30,     1575923210.70    
06 OCT 2026,AARON,EQ,AARON INDUSTRIES LIMITED ,Listed    ,06 OCT 2026,              10.00,          20946478,            122.30,     2561963724.20     
06 OCT 2026,AARTECH,BE,AARTECH SOLONICS LIMITED ,Listed    ,06 OCT 2026,               5.00,          31770375,             47.35,     1503691848.75   
06 OCT 2026,AARTIDRUGS,EQ,AARTI DRUGS LTD.         ,Listed    ,06 OCT 2026,              10.00,          91270000,            428.80,    39136576000.00
06 OCT 2026,AARTIIND,EQ,AARTI INDUSTRIES LTD     ,Listed    ,06 OCT 2026,               5.00,         362594491,            481.15,   174462339344.65  
06 OCT 2026,AARTIPHARM,EQ,AARTI PHARMALABS LIMITED ,Listed    ,06 OCT 2026,               5.00,          90679813,            975.00,    88412817675.00
06 OCT 2026,AARTISURF,BE,AARTI SURFACTANTS LIMITED,Listed    ,06 OCT 2026,              10.00,           8470905,            505.45,     4281618932.25 
06 OCT 2026,AARVI,EQ,AARVI ENCON LIMITED      ,Listed    ,06 OCT 2026,              10.00,          14844100,            138.80,     2060657962.00     
06 OCT 2026,AASTHA,EQ,AASTHA SPINTEX LIMITED   ,Listed    ,06 OCT 2026,              10.00,          88284380,             29.55,     2607920585.20    
06 OCT 2026,AATMAJ,SM,AATMAJ HEALTHCARE LIMITED,Listed    ,06 OCT 2026,               5.00,          22600000,             21.55,      487030000.00    
06 OCT 2026,AAVAS,EQ,AAVAS FINANCIERS LIMITED ,Listed    ,06 OCT 2026,              10.00,          79294327,           1215.10,    96350536737.70     
06 OCT 2026,ABAN,BE,ABAN OFFSHORE LTD.       ,Listed    ,06 OCT 2026,               2.00,          58365323,             16.90,      987541265.15      
06 OCT 2026,ABANSENT,EQ,ABANS ENTERPRISES LTD.   ,Permitted ,06 OCT 2026,               2.00,          69748880,             27.50,     1918791688.80  
06 OCT 2026,ABB,EQ,ABB INDIA LIMITED        ,Listed    ,06 OCT 2026,               2.00,         211908375,           7122.50,  1509317400937.50       
06 OCT 2026,ABBOTINDIA,EQ,ABBOTT INDIA LIMITED     ,Permitted ,06 OCT 2026,              10.00,          21249302,          26115.00,   554925521730.00
06 OCT 2026,ABCAPITAL,EQ,ADITYA BIRLA CAPITAL LTD.,Listed    ,06 OCT 2026,              10.00,        2737726904,            378.90,  1037324723925.60 
06 OCT 2026,ABCOTS,EQ,A B COTSPIN INDIA LIMITED,Listed    ,06 OCT 2026,              10.00,          21963620,            193.35,     4246446290.80    
06 OCT 2026,ABDL,EQ,ALLIED BLEND N DISTILS L ,Listed    ,06 OCT 2026,               2.00,         279710151,            714.65,   199894859412.15      
06 OCT 2026,ABFRL,EQ,ADITYA BIRLA FASHION & RT,Listed    ,06 OCT 2026,              10.00,        1220510115,             45.70,    55752902053.20     
06 OCT 2026,ABH,SM,ABH HEALTHCARE LIMITED   ,Listed    ,06 OCT 2026,              10.00,          11429600,             45.65,      521761240.00       
06 OCT 2026,ABHAPOWER,SM,ABHA POWER N STEEL LTD   ,Listed    ,05 OCT 2026,              10.00,          18587830,             23.05,      428449481.50 
06 OCT 2026,ABINFRA,BE,A B INFRABUILD LIMITED   ,Listed    ,06 OCT 2026,               1.00,         638789360,             12.25,     7825169660.00   
06 OCT 2026,ABLBL,EQ,ADITYA BIRLA LIFES BRAN L,Listed    ,06 OCT 2026,              10.00,        1220521649,             73.15,    89293363840.85     
06 OCT 2026,ABMINTLLTD,BE,ABM INTERNATIONAL LTD    ,Listed    ,06 OCT 2026,              10.00,           9408000,             43.30,      407460480.00
06 OCT 2026,ABMKNO,EQ,A B M KNOWLEDGEWARE LTD. ,Permitted ,06 OCT 2026,               5.00,          20002200,            165.85,     3317764914.00    
06 OCT 2026,ABREL,EQ,ADITYA BIRLA REAL EST LTD,Listed    ,06 OCT 2026,              10.00,         111695680,           1078.00,   120407943040.00     
06 OCT 2026,ABSLAMC,EQ,ADIT BIRL SUN LIF AMC LTD,Listed    ,06 OCT 2026,               5.00,         289358498,           1009.65,   292150807505.70   
06 OCT 2026,ABSMARINE,SM,ABS MARINE SERVICES LTD  ,Listed    ,06 OCT 2026,              10.00,          24550000,            325.60,     7993480000.00 
06 OCT 2026,ACC,EQ,ACC LIMITED              ,Listed    ,06 OCT 2026,              10.00,         187787263,           1177.00,   221025608551.00       
06 OCT 2026,ACCELYA,EQ,ACCELYA SOLN INDIA LTD   ,Listed    ,06 OCT 2026,              10.00,          14926261,           1097.50,    16381571447.50   
06 OCT 2026,ACCENTMIC,SM,ACCENT MICROCELL LIMITED ,Listed    ,06 OCT 2026,              10.00,          23989020,            662.80,    15899922456.00 
06 OCT 2026,ACCORD,ST,ACCORD SYNERGY LIMITED   ,Listed    ,04 SEP 2026,              10.00,           3872000,            188.45,      729678400.00    
06 OCT 2026,ACCPL,ST,ACCRETION PHARMA LIMITED ,Listed    ,06 OCT 2026,              10.00,          11116000,            193.95,     2155948200.00     
06 OCT 2026,ACCURACY,EQ,ACCURACY SHIPPING LIMITED,Listed    ,06 OCT 2026,               1.00,         150560000,              4.10,      617296000.00  
06 OCT 2026,ACE,EQ,ACTION CONST EQUIP LTD   ,Listed    ,06 OCT 2026,               2.00,         119083196,           1252.20,   149115978031.20       
06 OCT 2026,ACEINTEG,EQ,ACE INTEGRATED SOLU. LTD.,Listed    ,06 OCT 2026,              10.00,          10200000,             17.05,      173706000.00  
06 OCT 2026,ACETEC,SM,ACETECH E-COMMERCE LTD   ,Listed    ,05 OCT 2026,              10.00,          16383735,            140.00,     2293722900.00    
06 OCT 2026,ACEVECTOR,EQ,ACEVECTOR LIMITED        ,Listed    ,06 OCT 2026,               1.00,         544186770,             25.95,    14110762946.10 
06 OCT 2026,ACGL,EQ,AUTOMOBILE CORPN OF GOA L,Permitted ,06 OCT 2026,              10.00,           6088622,           1723.70,    10494957741.40      
06 OCT 2026,ACI,EQ,ARCHEAN CHEMICAL IND LTD ,Listed    ,06 OCT 2026,               2.00,         123458394,            474.50,    58581007953.00       
06 OCT 2026,ACL,EQ,ANDHRA CEMENTS LIMITED   ,Listed    ,06 OCT 2026,              10.00,          92172140,             39.65,     3656468793.80       
06 OCT 2026,ACMESOLAR,EQ,ACME SOLAR HOLDINGS LTD  ,Listed    ,06 OCT 2026,               2.00,         706874336,            448.20,   316821077395.20 
06 OCT 2026,ACSTECH,BE,A C S TECHNOLOGIES LTD.  ,Permitted ,06 OCT 2026,              10.00,          60681608,             74.80,     4537770646.25   
06 OCT 2026,ACTIVEINFR,SM,ACTIVE INFRASTRUCTURES L ,Listed    ,05 OCT 2026,               5.00,          15015016,            172.50,     2590090260.00
06 OCT 2026,ACUTAAS,EQ,ACUTAAS CHEMICALS LIMITED,Listed    ,06 OCT 2026,               5.00,          81871122,           3156.70,   258442570817.40   
06 OCT 2026,ADANIENSOL,EQ,ADANI ENERGY SOLUTION LTD,Listed    ,06 OCT 2026,              10.00,        1222954468,           1350.10,  1651110827246.80
06 OCT 2026,ADANIENT,EQ,ADANI ENTERPRISES LIMITED,Listed    ,06 OCT 2026,               1.00,        1353430178,           2849.90,  3857140664282.20  
06 OCT 2026,ADANIGREEN,EQ,ADANI GREEN ENERGY LTD   ,Listed    ,06 OCT 2026,              10.00,        1647176155,           1313.00,  2162742291515.00
06 OCT 2026,ADANIPORTS,EQ,ADANI PORT & SEZ LTD     ,Listed    ,06 OCT 2026,               2.00,        2303959098,           1783.40,  4108880655373.20
06 OCT 2026,ADANIPOWER,EQ,ADANI POWER LTD          ,Listed    ,06 OCT 2026,               2.00,       19284694705,            202.40,  3903222208292.00
06 OCT 2026,ADDICTIVE,ST,ADDICTIVE LEARNING TECH L,Listed    ,06 OCT 2026,              10.00,          15909732,             41.80,      665026797.60 
06 OCT 2026,ADDIND,EQ,ADDI INDUSTRIES LTD.     ,Permitted ,06 OCT 2026,               5.00,          10796574,             78.90,      851849688.60    
06 OCT 2026,ADFFOODS,EQ,ADF FOODS LIMITED        ,Listed    ,06 OCT 2026,               2.00,         109863595,            293.10,    32201019694.50  
06 OCT 2026,ADISOFT,SM,ADISOFT TECHNOLOGIES LTD ,Listed    ,06 OCT 2026,              10.00,          16318000,            301.65,     4922324700.00   
06 OCT 2026,ADL,EQ,ARCHIDPLY DECOR LIMITED  ,Listed    ,06 OCT 2026,              10.00,           5566250,             76.20,      424148250.00       
06 OCT 2026,ADOR,EQ,ADOR WELDING LTD         ,Listed    ,06 OCT 2026,              10.00,          17402815,           1535.00,    26713321025.00      
06 OCT 2026,ADROITIND,BE,ADROIT INDUSTRIES (I) LTD,Listed    ,06 OCT 2026,              10.00,          44808340,            213.00,     9543728336.60 
06 OCT 2026,ADROITINFO,BE,ADROIT INFOTECH LIMITED  ,Listed    ,06 OCT 2026,              10.00,          54628520,             12.60,      687773066.80
06 OCT 2026,ADSL,EQ,ALLIED DIGITAL SERV. LTD ,Listed    ,06 OCT 2026,               5.00,          56650603,            103.80,     5881465603.45      
06 OCT 2026,ADVAIT,EQ,ADVAIT ENRGY TRANSITION L,Listed    ,06 OCT 2026,              10.00,          10950387,           1946.90,    21319308450.30    
06 OCT 2026,ADVANCE,EQ,ADVANCE AGROLIFE LIMITED ,Listed    ,06 OCT 2026,              10.00,          64285720,            117.75,     7570286387.20   
06 OCT 2026,ADVANIHOTR,EQ,ADVANI HOT.& RES.(I) LTD ,Listed    ,06 OCT 2026,               2.00,          92438500,             47.50,     4391753135.00
06 OCT 2026,ADVENTHTL,EQ,ADVENT HOTELS INTERNATI L,Listed    ,06 OCT 2026,              10.00,          53942887,            122.20,     6592360220.25 
06 OCT 2026,ADVENZYMES,EQ,ADVANCED ENZYME TECH LTD ,Listed    ,06 OCT 2026,               2.00,         111151122,            273.10,    30355371418.20
06 OCT 2026,ADVIKCA,EQ,ADVIK CAPITAL LTD.       ,Permitted ,06 OCT 2026,               1.00,         608520425,              1.00,      602435220.75   
06 OCT 2026,AEGISLOG,EQ,AEGIS LOGISTICS LIMITED  ,Listed    ,06 OCT 2026,               1.00,         351000000,           1395.90,   489960900000.00  
06 OCT 2026,AEGISVOPAK,EQ,AEGIS VOPAK TERMINALS LTD,Listed    ,06 OCT 2026,              10.00,        1107991489,            293.35,   325029303298.15
06 OCT 2026,AEPL,EQ,ARTEMIS ELECTRICALS & P L,Listed    ,06 OCT 2026,               1.00,         251036900,             15.20,     3815760880.00      
06 OCT 2026,AEQUS,EQ,AEQUS LIMITED            ,Listed    ,06 OCT 2026,              10.00,         670665635,            286.10,   191877438173.50     
06 OCT 2026,AEROENTER,EQ,AEROFLEX ENTERPRISES LTD ,Listed    ,06 OCT 2026,               2.00,         113164200,            132.55,    15001046352.00 
06 OCT 2026,AEROFLEX,EQ,AEROFLEX INDUSTRIES LTD  ,Listed    ,06 OCT 2026,               2.00,         132330768,            560.75,    74204478156.00  
06 OCT 2026,AERON,SM,AERON COMPOSITE LIMITED  ,Listed    ,06 OCT 2026,              10.00,          17020000,             84.00,     1429680000.00     
06 OCT 2026,AERONEU,EQ,AEROFLEX NEU LIMITED     ,Listed    ,06 OCT 2026,              10.00,          25796000,             69.95,     1804946120.00   
06 OCT 2026,AEROPLANE,EQ,AMIR CHAND JAG KUM (E) L ,Listed    ,06 OCT 2026,              10.00,         103551556,            209.25,    21667127577.45 
06 OCT 2026,AESTHETIK,SM,AESTHETIK ENGINEERS LTD  ,Listed    ,06 OCT 2026,              10.00,          17220175,             67.05,     1154612733.75 
06 OCT 2026,AETHER,EQ,AETHER INDUSTRIES LIMITED,Listed    ,06 OCT 2026,              10.00,         132727845,           1799.80,   238883575431.00    
06 OCT 2026,AFCONS,EQ,AFCONS INFRASTRUCTURE LTD,Listed    ,06 OCT 2026,              10.00,         367784631,            242.15,    89059048396.65    
06 OCT 2026,AFFLE,EQ,AFFLE 3I LIMITED         ,Listed    ,06 OCT 2026,               2.00,         140879384,           1450.20,   204303282676.80     
06 OCT 2026,AFFORDABLE,EQ,AFFORD ROBO & AUTO LTD   ,Listed    ,06 OCT 2026,              10.00,          11851105,            163.65,     1939670355.35
06 OCT 2026,AFIL,EQ,AKME FINTRADE (INDIA) LTD,Listed    ,06 OCT 2026,               1.00,         439749960,              7.90,     3474024684.00      
06 OCT 2026,AFSL,EQ,ABANS FINANCIAL SRVCS LTD,Listed    ,06 OCT 2026,               2.00,          50839759,            201.00,    10218791559.00      
06 OCT 2026,AGARIND,EQ,AGARWAL INDS CORP LTD.   ,Listed    ,06 OCT 2026,              10.00,          14957789,            396.50,     5930763338.50   
06 OCT 2026,AGARWALEYE,EQ,DR AGARWALS HEALTH CARE L,Listed    ,06 OCT 2026,               1.00,         317026183,            486.85,   154344197193.55
06 OCT 2026,AGARWALFT,SM,AGARWAL FLOAT GLASS I LTD,Listed    ,06 OCT 2026,              10.00,           7243488,             24.35,      176378932.80 
06 OCT 2026,AGARWALTUF,SM,AGARWAL TOUGH GLASS IND L,Listed    ,06 OCT 2026,              10.00,          19326466,            175.55,     3392761106.30
06 OCT 2026,AGASTYAEN,BE,AGASTYA ENE AND INFRA LTD,Listed    ,06 OCT 2026,              10.00,          60345986,             66.80,     4031111864.80 
06 OCT 2026,AGI,EQ,AGI GREENPAC LIMITED     ,Listed    ,06 OCT 2026,               2.00,          64697381,            786.40,    50878020418.40       
06 OCT 2026,AGIIL,EQ,AGI INFRA LIMITED        ,Listed    ,06 OCT 2026,               1.00,         124997388,            259.10,    32386823230.80     
06 OCT 2026,AGL,EQ,ALLCARGO GLOBAL LIMITED  ,Listed    ,06 OCT 2026,               2.00,         982782096,             12.75,    12550127365.90       
06 OCT 2026,AGNI,SM,AGNI GREEN POWER LTD     ,Listed    ,06 OCT 2026,              10.00,          19534800,             14.30,      279347640.00      
06 OCT 2026,AGRITECH,EQ,AGRI-TECH (INDIA) LIMITED,Listed    ,06 OCT 2026,              10.00,           5940000,             87.70,      520819200.00  
06 OCT 2026,AGROPHOS,EQ,AGRO PHOS INDIA LIMITED  ,Listed    ,06 OCT 2026,              10.00,          20274115,             21.90,      444408600.80  
06 OCT 2026,AGSTRA,BZ,AGS TRANSACT TECH LTD    ,Listed    ,06 OCT 2026,              10.00,         128433076,              2.45,      314661036.20    
06 OCT 2026,AGUL,SM,A G UNIVERSAL LIMITED    ,Listed    ,05 OCT 2026,              10.00,           5484000,             43.50,      238554000.00      
06 OCT 2026,AHCL,EQ,ANLON HEALTHCARE LIMITED ,Listed    ,06 OCT 2026,               2.00,         531515000,             29.65,    15764734900.00      
06 OCT 2026,AHIMSA,ST,AHIMSA INDUSTRIES LTD.   ,Listed    ,04 SEP 2026,              10.00,           5473990,             25.75,      140955242.50    
06 OCT 2026,AHLADA,EQ,AHLADA ENGINEERS LIMITED ,Listed    ,06 OCT 2026,              10.00,          12921000,             38.35,      495261930.00    
06 OCT 2026,AHLEAST,EQ,ASIAN HOTELS (EAST) LTD  ,Listed    ,06 OCT 2026,              10.00,          17291696,            135.75,     2347174815.05   
06 OCT 2026,AHLUCONT,EQ,AHLUWALIA CONT IND LTD   ,Listed    ,06 OCT 2026,               2.00,          66987560,            576.05,    38588183938.00  
06 OCT 2026,AHLWEST,BE,ASIAN HOTELS (WEST) LTD  ,Listed    ,06 OCT 2026,              10.00,          11651210,            545.00,     6349909450.00   
06 OCT 2026,AIAENG,EQ,AIA ENGINEERING LIMITED  ,Listed    ,06 OCT 2026,               2.00,          93320370,           3914.70,   365321252439.00    
06 OCT 2026,AIIL,EQ,AUTHUM INVEST & INFRA LTD,Listed    ,06 OCT 2026,               1.00,         849225500,            550.15,   467201408825.00      
06 OCT 2026,AILIMITED,SM,ABHISHEK INTEGRATIONS LTD,Listed    ,01 OCT 2026,              10.00,          12676140,             14.85,      188240679.00 
06 OCT 2026,AIMTRON,SM,AIMTRON ELECTRONICS LTD  ,Listed    ,06 OCT 2026,              10.00,          20841357,           1900.90,    39617335521.30   
06 OCT 2026,AIRAN,EQ,AIRAN LIMITED            ,Listed    ,06 OCT 2026,               2.00,         125020000,             15.40,     1925308000.00     
06 OCT 2026,AIROLAM,EQ,AIRO LAM LIMITED         ,Listed    ,06 OCT 2026,              10.00,          15002000,             88.30,     1324526580.00   
06 OCT 2026,AISL,SM,ANI INTEGRATED SERV LTD. ,Listed    ,06 OCT 2026,              10.00,          11687200,             73.60,      860177920.00      
06 OCT 2026,AJANTPHARM,EQ,AJANTA PHARMA LIMITED    ,Listed    ,06 OCT 2026,               2.00,         124959024,           3573.40,   446528576361.60
06 OCT 2026,AJAXENGG,EQ,AJAX ENGINEERING LIMITED ,Listed    ,06 OCT 2026,               1.00,         114406800,            585.85,    67025223780.00  
06 OCT 2026,AJMERA,EQ,AJMERA REALTY & INF I LTD,Listed    ,06 OCT 2026,               2.00,         196795650,            116.25,    22875526356.00    
06 OCT 2026,AJOONI,EQ,AJOONI BIOTECH LIMITED   ,Listed    ,06 OCT 2026,               2.00,         172243598,              3.10,      530510281.85    
06 OCT 2026,AKANKSHA,SM,AKANKSHA POWER N INFRA L ,Listed    ,06 OCT 2026,              10.00,          19580520,            182.20,     3567570744.00  
06 OCT 2026,AKASH,EQ,AKASH INFRA-PROJECTS LTD ,Listed    ,06 OCT 2026,              10.00,          16862534,             24.80,      418359468.55     
06 OCT 2026,AKCAPIT,EQ,A K CAPITAL SERVICES LTD.,Permitted ,06 OCT 2026,              10.00,           6600000,           1709.10,    11280060000.00   
06 OCT 2026,AKG,EQ,AKG EXIM LIMITED         ,Listed    ,06 OCT 2026,              10.00,          31776576,              9.40,      298064282.90       
06 OCT 2026,AKI,BE,AKI INDIA LIMITED        ,Listed    ,06 OCT 2026,               2.00,         103205956,              6.00,      620267795.55       
06 OCT 2026,AKIKO,SM,AKIKO GLOBAL SERVICES L  ,Listed    ,06 OCT 2026,              10.00,          10769600,            420.00,     4523232000.00     
06 OCT 2026,AKSHAR,EQ,AKSHAR SPINTEX LIMITED   ,Listed    ,06 OCT 2026,               1.00,         787468500,              0.40,      322862085.00    
06 OCT 2026,AKSHARCHEM,BE,AKSHARCHEM INDIA LIMITED ,Listed    ,06 OCT 2026,              10.00,           8033099,            374.20,     3005985645.80
06 OCT 2026,AKSHOPTFBR,BE,AKSH OPTIFIBRE  LTD      ,Listed    ,06 OCT 2026,               5.00,         162697971,              7.35,     1199084046.25
06 OCT 2026,AKUMS,EQ,AKUMS DRUGS AND PHARMA L ,Listed    ,06 OCT 2026,               2.00,         157393988,            814.65,   128221012324.20     
06 OCT 2026,ALANKIT,EQ,ALANKIT LIMITED          ,Listed    ,06 OCT 2026,               1.00,         271158100,              7.60,     2055378398.00   
06 OCT 2026,ALBERTDAVD,EQ,ALBERT DAVID LIMITED     ,Listed    ,06 OCT 2026,              10.00,           5707162,            839.10,     4788879634.20
06 OCT 2026,ALCODIS,SM,ALCOKRAFT DISTILLERIE LTD,Listed    ,29 SEP 2026,              10.00,          10250000,             61.95,      634987500.00   
06 OCT 2026,ALEMBICLTD,EQ,ALEMBIC LIMITED          ,Listed    ,06 OCT 2026,               2.00,         256781828,            105.00,    26959524121.70
06 OCT 2026,ALFREDHE,EQ,ALFRED HERBERT INDIA L   ,Permitted ,06 OCT 2026,              10.00,            771429,           2750.00,     2121429750.00  
06 OCT 2026,ALGOQUANT,EQ,ALGOQUANT FINTECH LIMITED,Listed    ,06 OCT 2026,               1.00,         281096028,             70.55,    19834135735.70 
06 OCT 2026,ALICON,EQ,ALICON CASTALLOY LIMITED ,Listed    ,06 OCT 2026,               5.00,          16411840,            866.90,    14227424096.00    
06 OCT 2026,ALIVUS,EQ,ALIVUS LIFE SCIENCES LTD ,Listed    ,06 OCT 2026,               2.00,         122771448,           1384.00,   169915684032.00    
06 OCT 2026,ALKALI,BE,ALKALI METALS LTD        ,Listed    ,06 OCT 2026,              10.00,          10182506,             85.90,      874473615.30    
06 OCT 2026,ALKEM,EQ,ALKEM LABORATORIES LTD.  ,Listed    ,06 OCT 2026,               2.00,         119565000,           5292.00,   632737980000.00     
06 OCT 2026,ALKYLAMINE,EQ,ALKYL AMINES CHEM. LTD   ,Listed    ,06 OCT 2026,               2.00,          51148224,           1962.20,   100363045132.80
06 OCT 2026,ALLCARGO,EQ,ALLCARGO LOGISTICS LTD   ,Listed    ,06 OCT 2026,               2.00,        1497778469,             10.50,    15726673924.50  
06 OCT 2026,ALLDIGI,EQ,ALLDIGI TECH LIMITED     ,Listed    ,06 OCT 2026,              10.00,          15238326,            768.10,    11704558200.60   
06 OCT 2026,ALLETEC,SM,ALL E TECHNOLOGIES LTD   ,Listed    ,06 OCT 2026,              10.00,          20194176,            121.50,     2453592384.00   
06 OCT 2026,ALLTIME,EQ,ALL TIME PLASTICS LIMITED,Listed    ,06 OCT 2026,               2.00,          65507778,            184.35,    12077013952.10   
06 OCT 2026,ALMONDZ,BE,ALMONDZ GLOBAL SEC LTD   ,Listed    ,06 OCT 2026,               1.00,         174899756,             19.85,     3471760156.60   
06 OCT 2026,ALOKINDS,EQ,ALOK INDUSTRIES LIMITED  ,Listed    ,06 OCT 2026,               1.00,        4965240401,              7.85,    38877832339.85  
06 OCT 2026,ALPA,EQ,ALPA LABORATORIES LTD    ,Listed    ,06 OCT 2026,              10.00,          21040600,             58.75,     1235714438.00      
06 OCT 2026,ALPEXSOLAR,SM,ALPEX SOLAR LIMITED      ,Listed    ,06 OCT 2026,              10.00,          25543000,            814.15,    20795833450.00
06 OCT 2026,ALPHAGEO,BE,ALPHAGEO (INDIA) LIMITED ,Listed    ,06 OCT 2026,              10.00,           6364767,            251.15,     1598511232.05  
06 OCT 2026,ALPINETEX,EQ,ALPINE TEXWORLD LIMITED  ,Listed    ,06 OCT 2026,              10.00,          38247000,             46.45,     1776190680.00 
06 OCT 2026,ALUFLUOR,EQ,ALUFLUORIDE LTD.         ,Permitted ,06 OCT 2026,              10.00,           7820482,            619.45,     4844397574.90  
06 OCT 2026,ALUWIND,SM,ALUWIND INFRA-TECH LTD   ,Listed    ,05 OCT 2026,              10.00,          24847420,             48.50,     1205099870.00   
06 OCT 2026,AMAGI,EQ,AMAGI MEDIA LABS LIMITED ,Listed    ,06 OCT 2026,               5.00,         220153202,            564.15,   124199428908.30     
06 OCT 2026,AMAL,EQ,AMAL LTD.                ,Permitted ,06 OCT 2026,              10.00,          12362662,            753.70,     9317738349.40      
06 OCT 2026,AMANTA,BE,AMANTA HEALTHCARE LIMITED,Listed    ,06 OCT 2026,              10.00,          38829351,            197.70,     7675786105.70    
06 OCT 2026,AMARJOTHI,EQ,AMARJOTHI SPINNING MILL L,Permitted ,06 OCT 2026,              10.00,           6750000,            149.05,     1006087500.00 
06 OCT 2026,AMBAAUTO,SM,AMBA AUTO SALES AND SER L,Listed    ,06 OCT 2026,              10.00,          18324000,            110.00,     2015640000.00  
06 OCT 2026,AMBALALSA,BE,AMBALAL SARABHAI ENT L   ,Permitted ,06 OCT 2026,              10.00,          76633296,             38.55,     2954213560.80 
06 OCT 2026,AMBANIORGO,SM,AMBANI ORGOCHEM LIMITED  ,Listed    ,01 OCT 2026,              10.00,           8638469,            115.05,      993855858.45
06 OCT 2026,AMBER,EQ,AMBER ENTERPRISES (I) LTD,Listed    ,06 OCT 2026,              10.00,          35267767,           6869.00,   242254291523.00     
06 OCT 2026,AMBICAAGAR,EQ,AMBICA AGAR & AROMAINDLTD,Listed    ,06 OCT 2026,              10.00,          17177400,             24.40,      419472108.00
06 OCT 2026,AMBIKCO,EQ,AMBIKA COTTON MILL LTD.  ,Listed    ,06 OCT 2026,              10.00,           5725000,           1532.70,     8774707500.00   
06 OCT 2026,AMBUJACEM,EQ,AMBUJA CEMENTS LTD       ,Listed    ,06 OCT 2026,               2.00,        2484817186,            361.55,   898385653598.30 
06 OCT 2026,AMCL,SM,ANB METAL CAST LIMITED   ,Listed    ,06 OCT 2026,              10.00,          11834780,            376.20,     4452244236.00      
06 OCT 2026,AMDIND,BE,AMD INDUSTRIES LIMITED   ,Listed    ,06 OCT 2026,              10.00,          19166749,             52.75,     1010662674.75    
06 OCT 2026,AMEYA,SM,AMEYA PRECISION ENG LTD  ,Listed    ,06 OCT 2026,              10.00,           7500000,            147.90,     1109250000.00     
06 OCT 2026,AMIABLE,SM,AMIABLE LOGISTICS (I) LTD,Listed    ,22 SEP 2026,              10.00,           1748200,             70.00,      122374000.00   
06 OCT 2026,AMJLAND,EQ,AMJ LAND HOLDINGS LIMITED,Listed    ,06 OCT 2026,               2.00,          41000000,             37.65,     1544060000.00   
06 OCT 2026,AMNPLST,EQ,AMINES & PLASTICIZERS LTD,Listed    ,06 OCT 2026,               2.00,          55020000,            186.90,    10284338400.00   
06 OCT 2026,AMRUTANJAN,EQ,AMRUTAJAN HEALTH LTD     ,Listed    ,06 OCT 2026,               1.00,          28910630,            523.70,    15140496931.00
06 OCT 2026,ANANDRATHI,EQ,ANAND RATHI WEALTH LTD   ,Listed    ,06 OCT 2026,               5.00,         166041268,           2142.00,   355660396056.00
06 OCT 2026,ANANTAM,IV,ANANTAM HIGHWAYS TRUST   ,Listed    ,06 OCT 2026,             100.00,         217500000,            103.00,    22400325000.00   
06 OCT 2026,ANANTRAJ,EQ,ANANT RAJ LIMITED        ,Listed    ,06 OCT 2026,               2.00,         359876930,            608.90,   219129062677.00  
06 OCT 2026,ANAWIL,SM,ANAWIL WIRE AND ENGIN LTD,Listed    ,06 OCT 2026,              10.00,          24999800,            397.40,     9934920520.00    
06 OCT 2026,ANDHRAPAP,EQ,ANDHRA PAPER LIMITED     ,Listed    ,06 OCT 2026,               2.00,         198850195,             70.50,    14014961743.60 
06 OCT 2026,ANDHRSUGAR,EQ,ANDHRA SUGARS LTD        ,Listed    ,06 OCT 2026,               2.00,         135535390,             94.40,    12797251523.80
06 OCT 2026,ANDREWYU,EQ,ANDREW YULE & CO. LTD.   ,Permitted ,06 OCT 2026,               2.00,         488950978,             24.95,    12199326901.10  
06 OCT 2026,ANGELONE,EQ,ANGEL ONE LIMITED        ,Listed    ,06 OCT 2026,               1.00,         914036506,            295.00,   269640769270.00  
06 OCT 2026,ANIKINDS,EQ,ANIK INDUSTRIES LTD      ,Listed    ,06 OCT 2026,              10.00,          27753486,             45.40,     1260008264.40  
06 OCT 2026,ANKITMETAL,BZ,ANKIT MET & POW LTD      ,Listed    ,06 OCT 2026,              10.00,         141110500,              2.25,      318909730.00
06 OCT 2026,ANLON,SM,ANLON TECHNOLOGY SOL LTD ,Listed    ,06 OCT 2026,              10.00,           7509800,            765.00,     5744997000.00     
06 OCT 2026,ANMOL,BE,ANMOL INDIA LIMITED      ,Listed    ,06 OCT 2026,              10.00,          56914150,             13.15,      747282789.50     
06 OCT 2026,ANNAPURNA,EQ,ANNAPURNA SWADISHT LTD   ,Listed    ,06 OCT 2026,              10.00,          21820000,            130.35,     2844237000.00 
06 OCT 2026,ANNU,EQ,ANNU PROJECTS LIMITED    ,Listed    ,06 OCT 2026,              10.00,          65492670,             44.35,     2903290061.10      
06 OCT 2026,ANONDITA,SM,ANONDITA MEDICARE LIMITED,Listed    ,06 OCT 2026,              10.00,          19044784,           1075.30,    20478856235.20  
06 OCT 2026,ANSALAPI,BZ,ANSAL PROP & INFRA LTD   ,Listed    ,06 OCT 2026,               5.00,         157404876,              3.90,      617027113.90  
06 OCT 2026,ANSALBU,EQ,ANSAL BUILDWELL LTD.     ,Permitted ,06 OCT 2026,              10.00,           7383843,             85.55,      631835445.50   
06 OCT 2026,ANTELOPUS,EQ,ANTELOPUS SELAN ENRGY LTD,Listed    ,06 OCT 2026,              10.00,          35222757,           1100.60,    38766166354.20 
06 OCT 2026,ANTGRAPHIC,EQ,ANTARCTICA LTD           ,Listed    ,06 OCT 2026,               1.00,         155009600,              0.70,      106956624.00
06 OCT 2026,ANTHEM,EQ,ANTHEM BIOSCIENCES LTD   ,Listed    ,06 OCT 2026,               2.00,         563528045,            890.35,   501737194865.75    
06 OCT 2026,ANUHPHR,EQ,ANUH PHARMA LIMITED      ,Listed    ,06 OCT 2026,               5.00,         100224000,             87.55,     8776615680.00   
06 OCT 2026,ANUP,EQ,THE ANUP ENGINEERING LTD ,Listed    ,06 OCT 2026,              10.00,          20031466,           1575.90,    31567587269.40      
06 OCT 2026,ANURAS,EQ,ANUPAM RASAYAN INDIA LTD ,Listed    ,06 OCT 2026,              10.00,         113849841,           1170.20,   133227083938.20    
06 OCT 2026,ANYA,SM,ANYA POLYTECH & FERTI LTD,Listed    ,06 OCT 2026,               2.00,         120000000,             18.00,     2160000000.00      
06 OCT 2026,ANZEN,IV,ANZEN IND ENE YLD PLU TRU,Listed    ,06 OCT 2026,             100.00,         336062900,            131.00,    44024239900.00     
06 OCT 2026,AONESTEELS,EQ,A-ONE STEELS INDIA LTD   ,Listed    ,06 OCT 2026,              10.00,          77234693,            384.80,    29719909866.40
06 OCT 2026,APARINDS,EQ,APAR INDUSTRIES LTD.     ,Listed    ,06 OCT 2026,              10.00,          41872337,          18016.00,   754372023392.00  
06 OCT 2026,APCL,EQ,ANJANI PORTLAND CEM LTD  ,Listed    ,06 OCT 2026,              10.00,          29374764,             93.60,     2748890415.10      
06 OCT 2026,APCOTEXIND,EQ,APCOTEX INDUSTRIES LIMITE,Listed    ,06 OCT 2026,               2.00,          51844960,            610.70,    31661717072.00
06 OCT 2026,APEX,EQ,APEX FROZEN FOODS LIMITED,Listed    ,06 OCT 2026,              10.00,          31250000,            339.80,    10618750000.00      
06 OCT 2026,APEXECO,ST,APEX ECOTECH LIMITED     ,Listed    ,06 OCT 2026,              10.00,          13185200,            253.65,     3344425980.00   
06 OCT 2026,APLAPOLLO,EQ,APL APOLLO TUBES LTD     ,Listed    ,06 OCT 2026,               2.00,         277658405,           2152.00,   597520887560.00 
06 OCT 2026,APLLTD,EQ,ALEMBIC PHARMA LTD       ,Listed    ,06 OCT 2026,               2.00,         196563124,            834.20,   163972958040.80    
06 OCT 2026,APOLLO,EQ,APOLLO MICRO SYSTEMS LTD ,Listed    ,06 OCT 2026,               1.00,         371599512,            408.05,   151631180871.60    
06 OCT 2026,APOLLOHOSP,EQ,APOLLO HOSPITALS ENTER. L,Listed    ,06 OCT 2026,               5.00,         143784657,           7914.50,  1137983667826.50
06 OCT 2026,APOLLOPIPE,EQ,APOLLO PIPES LIMITED     ,Listed    ,06 OCT 2026,              10.00,          44048206,            529.80,    23336739538.80
06 OCT 2026,APOLLOTYRE,EQ,APOLLO TYRES LTD         ,Listed    ,06 OCT 2026,               1.00,         635100946,            401.55,   255024784866.30
06 OCT 2026,APOLSINHOT,EQ,APOLLO SINDOORI HOTEL LTD,Listed    ,06 OCT 2026,               5.00,           2600400,           1174.70,     3054689880.00
06 OCT 2026,APOORVA,BE,APOORVA LEAS F & INV C L ,Permitted ,06 OCT 2026,              10.00,          19974900,             33.00,      659171700.00   
06 OCT 2026,APRAMEYA,SM,APRAMEYA ENGINEERING LTD ,Listed    ,06 OCT 2026,              10.00,          19040000,            106.35,     2024904000.00  
06 OCT 2026,APS,SM,AUSTRALIAN PREM SOLAR I L,Listed    ,06 OCT 2026,              10.00,          20160000,            228.40,     4604544000.00       
06 OCT 2026,APSISAERO,ST,APSIS AEROCOM LIMITED    ,Listed    ,06 OCT 2026,              10.00,          12051921,            554.40,     6681585002.40 
06 OCT 2026,APTECHT,EQ,APTECH LIMITED           ,Listed    ,06 OCT 2026,              10.00,          58002817,             88.20,     5115268431.25   
06 OCT 2026,APTUS,EQ,APTUS VALUE HSG FIN I LTD,Listed    ,06 OCT 2026,               2.00,         500830236,            223.90,   112135889840.40     
06 OCT 2026,AQYLON,EQ,AQYLON NEXUS LIMITED     ,Listed    ,06 OCT 2026,               1.00,         253730560,             15.45,     3922674457.60    
06 OCT 2026,ARABIAN,SM,ARABIAN PETROLEUM LIMITED,Listed    ,06 OCT 2026,              10.00,          10892000,            104.10,     1133857200.00   
06 OCT 2026,ARCHIDPLY,EQ,ARCHIDPLY IND. LTD       ,Listed    ,06 OCT 2026,              10.00,          19865000,            101.65,     2019674550.00 
06 OCT 2026,ARCHIES,EQ,ARCHIES LTD              ,Listed    ,06 OCT 2026,               2.00,          33780000,             12.25,      413467200.00   
06 OCT 2026,ARCIIL,SM,ARC INSULATION & INSU LTD,Listed    ,06 OCT 2026,              10.00,          10297380,             32.65,      336209457.00    
06 OCT 2026,ARCIL,EQ,ASSET RECONSTRUC CO (I) L,Listed    ,06 OCT 2026,              10.00,         324897140,            145.75,    47350509183.60     
06 OCT 2026,ARCL,EQ,ARCL ORGANICS LTD.       ,Permitted ,06 OCT 2026,              10.00,           8000000,            227.00,     1815920000.00      
06 OCT 2026,ARDEE,EQ,ARDEE INDUSTRIES LIMITED ,Listed    ,06 OCT 2026,               2.00,         315200950,             50.20,    15829391709.00     
06 OCT 2026,ARE&M,EQ,AMARA RAJA ENERGY MOB LTD,Listed    ,06 OCT 2026,               1.00,         183025364,            742.90,   135969542915.60     
06 OCT 2026,ARENTERP,EQ,RAJDARSHAN INDUSTRIES LTD,Listed    ,06 OCT 2026,              10.00,           3108300,             33.90,      105340287.00  
06 OCT 2026,ARFIN,EQ,ARFIN INDIA LIMITED      ,Listed    ,06 OCT 2026,               1.00,         168722482,             96.35,    16258098365.50     
06 OCT 2026,ARHAM,SM,ARHAM TECHNOLOGIES LTD   ,Listed    ,06 OCT 2026,              10.00,          21812000,            206.30,     4499815600.00     
06 OCT 2026,ARIES,BE,ARIES AGRO LTD.          ,Listed    ,06 OCT 2026,              10.00,          13004339,            499.00,     6489165161.00     
06 OCT 2026,ARIHANT,EQ,ARIHANT FOUN & HOU LTD   ,Permitted ,06 OCT 2026,              10.00,           9965624,            914.90,     9117549397.60   
06 OCT 2026,ARIHANTACA,SM,ARIHANT ACADEMY LIMITED  ,Listed    ,30 SEP 2026,              10.00,          12110400,            257.50,     3118428000.00
06 OCT 2026,ARIHANTCAP,EQ,ARIHANT CAPITAL MKTS LTD ,Listed    ,06 OCT 2026,               1.00,         109612800,             94.15,    10317852864.00
06 OCT 2026,ARIHANTSUP,EQ,ARIHANT SUPERSTRUCT LTD  ,Listed    ,06 OCT 2026,              10.00,          43249991,            220.25,     9526243017.65
06 OCT 2026,ARIS,EQ,ARISINFRA SOLUTIONS LTD  ,Listed    ,06 OCT 2026,               2.00,          81793846,            143.65,    11750503916.35      
06 OCT 2026,ARISTO,SM,ARISTO BIO T AND LIFESC L,Listed    ,06 OCT 2026,              10.00,           6807800,             91.75,      624615650.00    
06 OCT 2026,ARKADE,EQ,ARKADE DEVELOPERS LIMITED,Listed    ,06 OCT 2026,              10.00,         185663617,            121.25,    22509856925.10    
06 OCT 2026,ARMANFIN,EQ,ARMAN FIN SERV LTD       ,Listed    ,06 OCT 2026,              10.00,          10546332,           1743.70,    18389639108.40  
06 OCT 2026,ARMEE,EQ,ARMEE INFOTECH LIMITED   ,Listed    ,06 OCT 2026,              10.00,          31731386,            271.05,     8600792175.30     
06 OCT 2026,ARMOUR,SM,ARMOUR SECURITY (INDIA) L,Listed    ,06 OCT 2026,              10.00,          16870000,             21.15,      356800500.00    
06 OCT 2026,AROGRANITE,EQ,ARO GRANITE IND. LTD.    ,Listed    ,06 OCT 2026,              10.00,          15300000,             22.95,      351441000.00
06 OCT 2026,ARROWGREEN,EQ,ARROW GREENTECH LIMITED  ,Listed    ,06 OCT 2026,              10.00,          15087938,            891.75,    13454668711.50
06 OCT 2026,ARSHIYA,BZ,ARSHIYA LIMITED          ,Listed    ,06 OCT 2026,               2.00,         263475915,              0.80,      216050250.30   
06 OCT 2026,ARSSBL,EQ,ANAND RATHI SH N STK BR L,Listed    ,06 OCT 2026,               5.00,          63066400,            551.55,    34784272920.00    
06 OCT 2026,ARTEMISMED,EQ,ARTEMIS MED SERVICE LTD  ,Listed    ,06 OCT 2026,               1.00,         158306247,            318.35,    50396793732.45
06 OCT 2026,ARTNIRMAN,EQ,ART NIRMAN LIMITED       ,Listed    ,06 OCT 2026,              10.00,          24956000,             40.15,     1001484280.00 
06 OCT 2026,ARUNAYA,SM,ARUNAYA ORGANICS LIMITED ,Listed    ,06 OCT 2026,              10.00,          17538432,             13.90,      243784204.80   
06 OCT 2026,ARVEE,EQ,ARVEE LABORATORIES I LTD ,Listed    ,06 OCT 2026,              10.00,          11020000,            216.90,     2390127800.00     
06 OCT 2026,ARVIND,EQ,ARVIND LIMITED           ,Listed    ,06 OCT 2026,              10.00,         272040630,            534.65,   145446522829.50    
06 OCT 2026,ARVINDFASN,EQ,ARVIND FASHIONS LIMITED  ,Listed    ,06 OCT 2026,               4.00,         133672192,            406.40,    54324378828.80
06 OCT 2026,ARVINDPORT,SM,ARVIND PORT AND INFRA LTD,Listed    ,06 OCT 2026,              10.00,          17798300,             31.40,      558866620.00
06 OCT 2026,ARVSMART,EQ,ARVIND SMARTSPACES LTD   ,Listed    ,06 OCT 2026,              10.00,          45916979,            603.80,    27724671920.20  
06 OCT 2026,ARYAMAN,EQ,ARYAMAN FINANCIAL SERV L ,Permitted ,06 OCT 2026,              10.00,          12247000,            620.90,     7604162300.00   
06 OCT 2026,ASAHIINDIA,EQ,ASAHI INDIA GLASS LIMITED,Listed    ,06 OCT 2026,               1.00,         254927192,            956.95,   243952576384.40
06 OCT 2026,ASAHISONG,BE,ASAHI SONGWON COLOR LTD  ,Listed    ,06 OCT 2026,              10.00,          11787262,            369.95,     4360697576.90 
06 OCT 2026,ASAL,EQ,AUTOMOTIVE STAMPINGS & AS,Listed    ,06 OCT 2026,              10.00,          15864397,            426.20,     6761406001.40      
06 OCT 2026,ASALCBR,EQ,ASSO ALCOHOLS & BREW LTD ,Listed    ,06 OCT 2026,              10.00,          20079200,            598.70,    12021417040.00   
06 OCT 2026,ASCOM,SM,ASCOM LEASIN & INVEST LTD,Listed    ,17 SEP 2026,              10.00,          11714179,            207.65,     2432449269.35     
06 OCT 2026,ASHALOG,SM,ASHAPURA LOGISTICS LTD   ,Listed    ,06 OCT 2026,              10.00,          13556121,             61.50,      833701441.50   
06 OCT 2026,ASHAPURMIN,EQ,ASHAPURA MINECHEM LTD    ,Listed    ,06 OCT 2026,               2.00,          95526098,            502.90,    48040074684.20
06 OCT 2026,ASHIANA,EQ,ASHIANA HOUSING LTD      ,Listed    ,06 OCT 2026,               2.00,         100524857,            382.95,    38495993988.15   
06 OCT 2026,ASHIKAG,BE,ASHIKA GLOBAL SEC LTD    ,Permitted ,06 OCT 2026,              10.00,          44724971,            389.40,    17415903707.40   
06 OCT 2026,ASHIMASYN,EQ,ASHIMA LTD               ,Listed    ,06 OCT 2026,              10.00,         191660078,             14.90,     2851901960.65 
06 OCT 2026,ASHOKA,EQ,ASHOKA BUILDCON LTD      ,Listed    ,06 OCT 2026,               5.00,         280723217,            106.40,    29874564753.15    
06 OCT 2026,ASHOKAMET,EQ,ASHOKA METCAST LIMITED   ,Listed    ,06 OCT 2026,              10.00,          24996000,             14.70,      367691160.00 
06 OCT 2026,ASHOKLEY,EQ,ASHOK LEYLAND LTD        ,Listed    ,06 OCT 2026,               1.00,        5873854552,            153.70,   902811444642.40  
06 OCT 2026,ASHUTOSH,SM,ASHUTOSH FIBRE LIMITED   ,Listed    ,06 OCT 2026,              10.00,          21874800,            138.95,     3039503460.00  
06 OCT 2026,ASHWINI,SM,ASHWINI CONTAINER MOVER L,Listed    ,06 OCT 2026,              10.00,          15000000,            165.00,     2475000000.00   
06 OCT 2026,ASIANENE,EQ,ASIAN ENERGY SERVICES LTD,Listed    ,06 OCT 2026,              10.00,          48662651,            463.75,    22567304401.25  
06 OCT 2026,ASIANHOTNR,EQ,ASIAN HOTELS (NORTH) LTD ,Listed    ,06 OCT 2026,              10.00,          42633229,            328.65,    14011410710.85
06 OCT 2026,ASIANPAINT,EQ,ASIAN PAINTS LIMITED     ,Listed    ,06 OCT 2026,               1.00,         959197790,           2424.20,  2325287282518.00
06 OCT 2026,ASIANTILES,EQ,ASIAN GRANITO IND. LTD.  ,Listed    ,06 OCT 2026,              10.00,         231911649,             48.10,    11154950316.90
06 OCT 2026,ASIANTNE,EQ,ASIAN TEA & EXPORTS LTD. ,Permitted ,06 OCT 2026,              10.00,          24941800,              9.05,      225972708.00  
06 OCT 2026,ASKAUTOLTD,EQ,ASK AUTOMOTIVE LIMITED   ,Listed    ,06 OCT 2026,               2.00,         197142600,            609.75,   120207700350.00
06 OCT 2026,ASMS,EQ,AVIO SMART MRKT STACK LTD,Listed    ,06 OCT 2026,               1.00,         304576740,              6.00,     1821368905.20      
06 OCT 2026,ASPINWALL,EQ,ASPINWALL & CO LTD       ,Listed    ,06 OCT 2026,              10.00,           7818288,            238.35,     1863488944.80 
06 OCT 2026,ASPIRE,SM,ASPIRE & INNOVATIVE ADV L,Listed    ,06 OCT 2026,              10.00,          15178000,             15.65,      237535700.00    
06 OCT 2026,ASSAMENT,EQ,ASSAM ENTRADE LIMITED    ,Permitted ,01 OCT 2026,              10.00,           1439790,            799.00,     1150392210.00  
06 OCT 2026,ASTAR,EQ,ASIAN STAR CO. LTD.      ,Permitted ,06 OCT 2026,              10.00,          16006800,            639.80,    10241150640.00     
06 OCT 2026,ASTEC,EQ,ASTEC LIFESCIENCES LTD   ,Listed    ,06 OCT 2026,              10.00,          22282820,            704.70,    15702703254.00     
06 OCT 2026,ASTERDM,EQ,ASTER DM QUALITY CARE LTD,Listed    ,06 OCT 2026,              10.00,         871672439,            684.70,   596834118983.30   
06 OCT 2026,ASTRAL,EQ,ASTRAL LIMITED           ,Listed    ,06 OCT 2026,               1.00,         268650163,           1402.30,   376728123574.90    
06 OCT 2026,ASTRAMICRO,EQ,ASTRA MICROWAVE LTD      ,Listed    ,06 OCT 2026,               2.00,          94945008,           1705.90,   161966689147.20
06 OCT 2026,ASTRAZEN,EQ,ASTRAZENECA PHARMA IND LT,Listed    ,06 OCT 2026,               2.00,          25000000,           5980.50,   149512500000.00  
06 OCT 2026,ASTRON,BZ,ASTRON PAPER BORD MIL LTD,Listed    ,06 OCT 2026,              10.00,          46500000,              2.80,      130200000.00    
06 OCT 2026,ATALREAL,EQ,ATAL REALTECH LIMITED    ,Listed    ,06 OCT 2026,               2.00,         123896250,             12.35,     1531357650.00  
06 OCT 2026,ATAM,EQ,ATAM VALVES LIMITED      ,Listed    ,06 OCT 2026,              10.00,          11463000,             54.20,      621294600.00      
06 OCT 2026,ATCENERGY,SM,ATC ENERGIES SYSTEM LTD  ,Listed    ,06 OCT 2026,              10.00,          20388600,             21.20,      432238320.00 
06 OCT 2026,ATGL,EQ,ADANI TOTAL GAS LIMITED  ,Listed    ,06 OCT 2026,               1.00,        1099810083,            588.45,   647183243341.35      
06 OCT 2026,ATHERENERG,EQ,ATHER ENERGY LIMITED     ,Listed    ,06 OCT 2026,               1.00,         396119200,           1446.00,   572788363200.00
06 OCT 2026,ATL,EQ,ALLCARGO TERMINALS LTD   ,Listed    ,06 OCT 2026,               2.00,         252060324,             24.70,     6228410606.05       
06 OCT 2026,ATLANTAA,EQ,ATLANTAA LIMITED         ,Listed    ,06 OCT 2026,               2.00,          81500000,             35.35,     2880210000.00  
06 OCT 2026,ATLANTAELE,EQ,ATLANTA ELECTRICALS LTD  ,Listed    ,06 OCT 2026,               2.00,          76896625,           1869.30,   143742861112.50
06 OCT 2026,ATLASCYCLE,EQ,ATLAS CYCLE (HARYANA) LTD,Listed    ,06 OCT 2026,               5.00,           6503838,             92.95,      604401665.35
06 OCT 2026,ATMASTCO,SM,ATMASTCO LIMITED         ,Listed    ,06 OCT 2026,              10.00,          26158290,            117.05,     3061827844.50  
06 OCT 2026,ATUL,EQ,ATUL LTD                 ,Listed    ,06 OCT 2026,              10.00,          29441755,           6000.00,   176650530000.00      
06 OCT 2026,ATULAUTO,EQ,ATUL AUTO LIMITED        ,Listed    ,06 OCT 2026,               5.00,          27751280,            427.50,    11863672200.00  
06 OCT 2026,AUBANK,EQ,AU SMALL FINANCE BANK LTD,Listed    ,06 OCT 2026,              10.00,         750989765,           1028.00,   772017478420.00    
06 OCT 2026,AUGMONT,EQ,AUGMONT ENTERPRISES LTD  ,Listed    ,06 OCT 2026,               5.00,          91373505,           1162.20,   106194287511.00   
06 OCT 2026,AURIONPRO,EQ,AURIONPRO SOLN LTD       ,Listed    ,06 OCT 2026,              10.00,          55261664,            616.05,    34043948107.20 
06 OCT 2026,AUROIMPEX,ST,AURO IMPEX & CHEMICALS L ,Listed    ,06 OCT 2026,              10.00,          12200800,             40.10,      489252080.00 
06 OCT 2026,AUROPHARMA,EQ,AUROBINDO PHARMA LTD     ,Listed    ,06 OCT 2026,               1.00,         575377895,           1692.80,   973999700656.00
06 OCT 2026,AURUM,EQ,AURUM PROPTECH LIMITED   ,Listed    ,06 OCT 2026,               5.00,          76422312,            231.15,    17664253195.70     
06 OCT 2026,AURUS,EQ,AURUS GEM CORP LIMITED   ,Listed    ,06 OCT 2026,              10.00,          29484000,              4.30,      126486360.00     
06 OCT 2026,AUSL,SM,ADITYA ULTRA STEEL LTD   ,Listed    ,06 OCT 2026,              10.00,          24835568,             23.00,      571218064.00      
06 OCT 2026,AUSOMENT,EQ,AUSOM ENTERPRISE LIMITED ,Listed    ,06 OCT 2026,              10.00,          13623552,            137.50,     1872965928.95  
06 OCT 2026,AUSTENG,EQ,AUSTIN ENGINEERING CO. L ,Permitted ,06 OCT 2026,              10.00,           3477800,            166.45,      578810254.00   
06 OCT 2026,AUTOAXLES,EQ,AUTOMOTIVE AXLES LIMITED ,Listed    ,06 OCT 2026,              10.00,          15111975,           1638.10,    24754926247.50 
06 OCT 2026,AUTOIND,EQ,AUTOLINE INDUSTRIES LTD  ,Listed    ,06 OCT 2026,              10.00,          45375401,             85.80,     3894116913.80   
06 OCT 2026,AVADHSUGAR,EQ,AVADH SUG & ENERGY LTD   ,Listed    ,06 OCT 2026,              10.00,          20018420,            873.30,    17482086186.00
06 OCT 2026,AVALON,EQ,AVALON TECHNOLOGIES LTD  ,Listed    ,06 OCT 2026,               2.00,          66882300,           2400.40,   160544272920.00    
06 OCT 2026,AVANA,SM,AVANA ELECTROSYSTEMS LTD ,Listed    ,06 OCT 2026,              10.00,          22645408,            150.85,     3416059796.80     
06 OCT 2026,AVANCE,EQ,AVANCE TECHNOLOGIES LTD. ,Permitted ,06 OCT 2026,               1.00,        1981917430,              0.75,     1526076421.10    
06 OCT 2026,AVANTEL,EQ,AVANTEL LIMITED          ,Listed    ,06 OCT 2026,               2.00,         265775866,            151.10,    40153417835.30   
06 OCT 2026,AVANTIFEED,EQ,AVANTI FEEDS LIMITED     ,Listed    ,06 OCT 2026,               1.00,         136245630,            714.10,    97293004383.00
06 OCT 2026,AVATAR,SM,AVATAR INDUSTRIES LIMITED,Listed    ,06 OCT 2026,              10.00,          10417090,            166.95,     1739133175.50    
06 OCT 2026,AVG,EQ,AVG LOGISTICS LIMITED    ,Listed    ,06 OCT 2026,              10.00,          18708076,            172.05,     3218911556.55       
06 OCT 2026,AVIANSH,SM,AVI ANSH TEXTILE LIMITED ,Listed    ,06 OCT 2026,              10.00,          13976930,            100.50,     1404681465.00   
06 OCT 2026,AVIENCE,SM,AVIENCE BIOMEDICALS LTD  ,Listed    ,06 OCT 2026,              10.00,           5485056,            290.15,     1591488998.40   
06 OCT 2026,AVL,EQ,ADITYA VISION LIMITED    ,Listed    ,06 OCT 2026,               1.00,         129138050,            595.10,    76850053555.00       
06 OCT 2026,AVONMORE,EQ,AVONMORE CAP&MGT SERV LTD,Listed    ,06 OCT 2026,               1.00,         282184741,             12.55,     3541418499.55  
06 OCT 2026,AVPINFRA,SM,AVP INFRACON LIMITED     ,Listed    ,06 OCT 2026,              10.00,          24979200,             57.30,     1431308160.00  
06 OCT 2026,AVROIND,EQ,AVRO INDIA LIMITED       ,Listed    ,06 OCT 2026,               1.00,         134171400,              6.85,      919074090.00   
06 OCT 2026,AVSL,ST,AVSL INDUSTRIES LIMITED  ,Listed    ,01 SEP 2026,              10.00,           5331120,            119.70,      638135064.00      
06 OCT 2026,AVTNPL,EQ,AVT NATURAL PRODUCTS LTD ,Listed    ,06 OCT 2026,               1.00,         152284000,             90.20,    13732971120.00    
06 OCT 2026,AWFIS,EQ,AWFIS SPACE SOLUTIONS LTD,Listed    ,06 OCT 2026,              10.00,          71563186,            243.55,    17428498318.45     
06 OCT 2026,AWHCL,EQ,ANTONY WASTE HDG CELL LTD,Listed    ,06 OCT 2026,               5.00,          28382100,            355.20,    10081321920.00     
06 OCT 2026,AWL,EQ,AWL AGRI BUSINESS LIMITED,Listed    ,06 OCT 2026,               1.00,        1299678605,            185.95,   241649243027.65       
06 OCT 2026,AXIOMGAS,ST,AXIOM GAS ENGINEERING LTD,Listed    ,06 OCT 2026,               5.00,          35344000,             40.00,     1413760000.00  
06 OCT 2026,AXISBANK,EQ,AXIS BANK LIMITED        ,Listed    ,06 OCT 2026,               2.00,        3113573654,           1248.00,  3885739920192.00  
06 OCT 2026,AXISCADES,EQ,AXISCADES TECH LTD       ,Listed    ,06 OCT 2026,               5.00,          42533489,           2288.50,    97337889576.50 
06 OCT 2026,AXITA,EQ,AXITA COTTON LIMITED     ,Listed    ,06 OCT 2026,               1.00,         382727951,              7.50,     2874286912.00     
06 OCT 2026,AXTEL,EQ,AXTEL INDUSTRIES LTD.    ,Permitted ,06 OCT 2026,              10.00,          16154800,            447.95,     7236542660.00     
06 OCT 2026,AYE,EQ,AYE FINANCE LIMITED      ,Listed    ,06 OCT 2026,               2.00,         246785666,            165.55,    40857834862.95       
06 OCT 2026,AYMSYNTEX,EQ,AYM SYNTEX LIMITED       ,Listed    ,06 OCT 2026,              10.00,          58787883,            289.25,    17004395157.75 
06 OCT 2026,AZAD,EQ,AZAD ENGINEERING LIMITED ,Listed    ,06 OCT 2026,               2.00,          64581743,           3062.60,   197788046111.80      
06 OCT 2026,AZADIND,EQ,AZAD INDIA MOBILITY LTD. ,Permitted ,06 OCT 2026,              10.00,          54443154,             80.95,     4406628884.75   
06 OCT 2026,BABAFP,SM,BABA FOOD PROCESSING     ,Listed    ,01 OCT 2026,              10.00,          16326403,             21.30,      347752383.90    
06 OCT 2026,BAFNAPH,BE,BAFNA PHARMACEUTICALS LTD,Listed    ,06 OCT 2026,              10.00,          23656335,            394.00,     9320595990.00   
06 OCT 2026,BAGDIGITAL,SM,B.A.G.CONVERGENCE LIMITED,Listed    ,06 OCT 2026,              10.00,          21218800,            107.70,     2285264760.00
06 OCT 2026,BAGFILMS,EQ,B.A.G FILMS AND MEDIA LTD,Listed    ,06 OCT 2026,               2.00,         217747749,              4.10,      894943248.40  
06 OCT 2026,BAGMANE,RR,BAGMANE PRIME OFFICE REIT,Listed    ,06 OCT 2026,             100.00,        3400000000,            106.45,   361862000000.00   
06 OCT 2026,BAHETI,SM,BAHETI RECYCLING IND LTD ,Listed    ,06 OCT 2026,              10.00,          10446905,            725.55,     7579751922.75    
06 OCT 2026,BAIDFIN,EQ,BAID FINSERV LIMITED     ,Listed    ,06 OCT 2026,               2.00,         154888107,             10.30,     1598445264.25   
06 OCT 2026,BAJAJ-AUTO,EQ,BAJAJ AUTO LIMITED       ,Listed    ,06 OCT 2026,              10.00,         274803838,          10017.00,  2752710045246.00
06 OCT 2026,BAJAJCON,EQ,BAJAJ CONSUMER CARE LTD  ,Listed    ,06 OCT 2026,               1.00,         130618321,            493.50,    64460141413.50  
06 OCT 2026,BAJAJELEC,EQ,BAJAJ ELECT.LTD          ,Listed    ,06 OCT 2026,               2.00,         115423636,            300.25,    34655946709.00 
06 OCT 2026,BAJAJFINSV,EQ,BAJAJ FINSERV LTD.       ,Listed    ,06 OCT 2026,               1.00,        1602061346,           1752.40,  2807452302730.40
06 OCT 2026,BAJAJHCARE,EQ,BAJAJ HEALTHCARE LIMITED ,Listed    ,06 OCT 2026,               5.00,          33665161,            323.10,    10877213519.10
06 OCT 2026,BAJAJHFL,EQ,BAJAJ HOUSING FINANCE LTD,Listed    ,06 OCT 2026,              10.00,        8332334619,             82.35,   686251079220.85  
06 OCT 2026,BAJAJHIND,EQ,BAJAJ HINDUSTHAN SUGAR LT,Listed    ,06 OCT 2026,               1.00,        2390666041,             21.35,    50992906654.55 
06 OCT 2026,BAJAJHLDNG,EQ,BAJAJ HOLDINGS & INVS LTD,Listed    ,06 OCT 2026,              10.00,         111293510,          10600.00,  1179711206000.00
06 OCT 2026,BAJAJINDEF,EQ,INDEF MANUFACTURING LTD  ,Listed    ,06 OCT 2026,               1.00,          32000000,            207.20,     6630720000.00
06 OCT 2026,BAJAJST,EQ,BAJAJ STEEL INDS. LTD.   ,Permitted ,06 OCT 2026,               5.00,          20800000,            324.40,     6747520000.00   
06 OCT 2026,BAJEL,EQ,BAJEL PROJECTS LIMITED   ,Listed    ,06 OCT 2026,               2.00,         115696935,            164.10,    18983553094.80     
06 OCT 2026,BAJFINANCE,EQ,BAJAJ FINANCE LIMITED    ,Listed    ,06 OCT 2026,               1.00,        6225954304,            963.10,  5996216590182.40
06 OCT 2026,BALAJEE,EQ,SHREE TIRUPATI BALAJEE L ,Listed    ,06 OCT 2026,              10.00,          81570852,             24.25,     1977277452.50   
06 OCT 2026,BALAJIPHOS,SM,BALAJI PHOSPHATES LIMITED,Listed    ,06 OCT 2026,              10.00,          23777100,            106.00,     2520372600.00
06 OCT 2026,BALAJITELE,EQ,BALAJI TELEFILMS LIMITED.,Listed    ,06 OCT 2026,               2.00,         121902291,             90.55,    11039471472.95
06 OCT 2026,BALAMINES,EQ,BALAJI AMINES LIMITED    ,Listed    ,06 OCT 2026,               2.00,          32401000,           2287.70,    74123767700.00 
06 OCT 2026,BALAXI,EQ,BALAXI PHARMA LTD        ,Listed    ,06 OCT 2026,               2.00,          55207500,             22.65,     1251554025.00    
06 OCT 2026,BALCO,SM,SOLVE PLASTIC PRODUCTS L ,Listed    ,06 OCT 2026,              10.00,           4368250,             19.95,       87146587.50     
06 OCT 2026,BALKRISHNA,EQ,BALKRISHNA PAPER MILLS L ,Listed    ,06 OCT 2026,              10.00,          32219532,             16.20,      522278613.70
06 OCT 2026,BALKRISIND,EQ,BALKRISHNA IND. LTD      ,Listed    ,06 OCT 2026,               2.00,         193317190,           2082.70,   402621711613.00
06 OCT 2026,BALMLAWRIE,EQ,BALMER LAWRIE & CO LTD   ,Listed    ,06 OCT 2026,              10.00,         171003846,            158.80,    27151990667.90
06 OCT 2026,BALPHARMA,BE,BAL PHARMA LTD.          ,Listed    ,06 OCT 2026,              10.00,          15920872,            101.45,     1615331673.10 
06 OCT 2026,BALRAMCHIN,EQ,BALRAMPUR CHINI MILLS LTD,Listed    ,06 OCT 2026,               1.00,         211597496,            691.30,   146277348984.80
06 OCT 2026,BALUFORGE,EQ,BALU FORGE INDUSTRIES LTD,Listed    ,06 OCT 2026,              10.00,         121391900,            526.95,    63967461705.00 
06 OCT 2026,BANARBEADS,EQ,BANARAS BEADS LTD        ,Listed    ,06 OCT 2026,              10.00,           6597522,            116.10,      766038279.40
06 OCT 2026,BANARISUG,EQ,BANNARI AMMAN SUGARS LTD ,Listed    ,06 OCT 2026,              10.00,          12539700,           3349.30,    41999217210.00 
06 OCT 2026,BANCOINDIA,EQ,BANCO PRODUCTS (I) LTD   ,Listed    ,06 OCT 2026,               2.00,         143037300,            602.65,    86201428845.00
06 OCT 2026,BANDHANBNK,EQ,BANDHAN BANK LIMITED     ,Listed    ,06 OCT 2026,              10.00,        1611147348,            164.15,   264469837174.20
06 OCT 2026,BANG,EQ,BANG OVERSEAS LTD.       ,Listed    ,06 OCT 2026,              10.00,          13560000,             33.50,      454124400.00      
06 OCT 2026,BANKA,EQ,BANKA BIOLOO LIMITED     ,Listed    ,06 OCT 2026,              10.00,          10931932,             69.50,      759769274.00     
06 OCT 2026,BANKBARODA,EQ,BANK OF BARODA           ,Listed    ,06 OCT 2026,               2.00,        5171362179,            232.75,  1203531119918.65
06 OCT 2026,BANKINDIA,EQ,BANK OF INDIA            ,Listed    ,06 OCT 2026,              10.00,        4552667866,            132.15,   601680585170.55 
06 OCT 2026,BANSALWIRE,EQ,BANSAL WIRE INDUSTRIES L ,Listed    ,06 OCT 2026,               5.00,         156555952,            325.70,    50990273566.40
06 OCT 2026,BANSWRAS,EQ,BANSWARA SYNTEX LIMITED  ,Listed    ,06 OCT 2026,               5.00,          34232084,            105.10,     3597449707.55  
06 OCT 2026,BARFLEX,SM,BARFLEX POLYFILMS LIMITED,Listed    ,06 OCT 2026,              10.00,          24749000,             52.25,     1293135250.00   
06 OCT 2026,BASF,EQ,BASF INDIA LTD           ,Listed    ,06 OCT 2026,              10.00,          43285640,           3472.10,   150292070644.00      
06 OCT 2026,BASILIC,SM,BASILIC FLY STUDIO LTD   ,Listed    ,06 OCT 2026,              10.00,          25265000,            198.30,     5010049500.00   
06 OCT 2026,BASML,EQ,BANNARI AM SPIN MILL LTD.,Listed    ,06 OCT 2026,               5.00,          79921375,             22.90,     1828601060.00     
06 OCT 2026,BATAINDIA,EQ,BATA INDIA LTD           ,Listed    ,06 OCT 2026,               5.00,         128527540,            619.85,    79667795669.00 
06 OCT 2026,BATLIBOI,EQ,BATLIBOI LTD.            ,Permitted ,06 OCT 2026,               5.00,          47132510,             96.15,     4532262161.60  
06 OCT 2026,BAWEJA,SM,BAWEJA STUDIOS LIMITED   ,Listed    ,06 OCT 2026,              10.00,          18427001,             26.10,      480944726.10    
06 OCT 2026,BAYERCROP,EQ,BAYER CROPSCIENCE LTD    ,Permitted ,06 OCT 2026,              10.00,          44942092,           3533.40,   158798387872.80 
06 OCT 2026,BBL,EQ,BHARAT BIJLEE LTD        ,Listed    ,06 OCT 2026,               5.00,          11303120,           2068.80,    23383894656.00       
06 OCT 2026,BBOX,EQ,BLACK BOX LIMITED        ,Listed    ,06 OCT 2026,               2.00,         177599205,            839.95,   149174452239.75      
06 OCT 2026,BBTC,EQ,BOMBAY BURMAH TRADING COR,Listed    ,06 OCT 2026,               2.00,          69771900,           1298.20,    90577880580.00      
06 OCT 2026,BBTCL,EQ,B&B TRIPLEWALL CONT LTD  ,Listed    ,06 OCT 2026,              10.00,          20511240,            233.10,     4781580268.80     
06 OCT 2026,BCG,EQ,BRIGHTCOM GROUP LIMITED  ,Listed    ,06 OCT 2026,               2.00,        2017921873,              9.05,    18302551388.10       
06 OCT 2026,BCLIND,EQ,BCL INDUSTRIES LIMITED   ,Listed    ,06 OCT 2026,               1.00,         295163340,             32.05,     9454081780.20    
06 OCT 2026,BCONCEPTS,EQ,BRAND CONCEPTS LIMITED   ,Listed    ,06 OCT 2026,              10.00,          12481877,            146.90,     1833338093.75 
06 OCT 2026,BCPL,EQ,BCPL RAILWAY INFRA LTD   ,Listed    ,06 OCT 2026,              10.00,          16723638,             67.25,     1124497419.10      
06 OCT 2026,BDL,EQ,BHARAT DYNAMICS LIMITED  ,Listed    ,06 OCT 2026,               5.00,         366562500,           1101.80,   403878562500.00       
06 OCT 2026,BDR,IT,BDR BUILDCON LIMITED     ,Listed    ,10 MAR 2017,              10.00,           6645000,             87.65,      582434250.00       
06 OCT 2026,BEACON,SM,BEACON TRUSTEESHIP LTD   ,Listed    ,06 OCT 2026,              10.00,          18092913,             81.30,     1470953826.90    
06 OCT 2026,BEARDSELL,EQ,BEARDSELL LIMITED        ,Listed    ,06 OCT 2026,               2.00,          39437000,             22.50,      887332500.00 
06 OCT 2026,BECTORFOOD,EQ,MRS BECTORS FOOD SPE LTD ,Listed    ,06 OCT 2026,               2.00,         306990595,            212.15,    65131124635.20
06 OCT 2026,BEDMUTHA,EQ,BEDMUTHA INDUST LTD      ,Listed    ,06 OCT 2026,              10.00,          32263884,            106.25,     3427392397.30  
06 OCT 2026,BEEKAY,EQ,BEEKAY STEEL INDS. LTD.  ,Permitted ,06 OCT 2026,              10.00,          19072052,            434.10,     8279177773.20    
06 OCT 2026,BEL,EQ,BHARAT ELECTRONICS LTD   ,Listed    ,06 OCT 2026,               1.00,        7309778829,            387.40,  2831808318354.60       
06 OCT 2026,BELLACASA,EQ,BELLA CASA FASH AND RET L,Listed    ,06 OCT 2026,              10.00,          13387500,            242.15,     3241515375.00 
06 OCT 2026,BELRISE,EQ,BELRISE INDUSTRIES LTD   ,Listed    ,06 OCT 2026,               5.00,         967151919,            236.80,   229031245938.40   
06 OCT 2026,BEML,EQ,BEML LIMITED             ,Listed    ,06 OCT 2026,               5.00,          83289000,           2042.20,   170092795800.00      
06 OCT 2026,BENARAS,EQ,BENARES HOTELS LTD.      ,Permitted ,06 OCT 2026,              10.00,           1300000,          10238.00,    13309400000.00   
06 OCT 2026,BENGALASM,EQ,BENGAL & ASSAM CO. LTD.  ,Permitted ,06 OCT 2026,              10.00,          11403899,           6110.50,    69683524839.50 
06 OCT 2026,BEPL,EQ,BHANSALI ENG. POLYMERS LT,Listed    ,06 OCT 2026,               1.00,         248858460,            128.65,    32010663709.80      
06 OCT 2026,BERGEPAINT,EQ,BERGER PAINTS (I) LTD    ,Listed    ,06 OCT 2026,               1.00,        1166002812,            472.55,   550994628810.60
06 OCT 2026,BESTAGRO,EQ,BEST AGROLIFE LIMITED    ,Listed    ,06 OCT 2026,               1.00,         354671100,             17.90,     6345065979.00  
06 OCT 2026,BETA,EQ,BETA DRUGS LIMITED       ,Listed    ,06 OCT 2026,              10.00,          11121255,           2001.40,    22258079757.00      
06 OCT 2026,BEWLTD,SM,BEW ENGINEERING LIMITED  ,Listed    ,06 OCT 2026,              10.00,          13073324,             57.80,      755638127.20    
06 OCT 2026,BFINVEST,EQ,BF INVESTMENT LIMITED    ,Listed    ,06 OCT 2026,               5.00,          37667628,            441.35,    16624607617.80  
06 OCT 2026,BFUTILITIE,EQ,BF UTILITIES LIMITED     ,Listed    ,06 OCT 2026,               5.00,          37667628,            498.90,    18792379609.20
06 OCT 2026,BGRENERGY,BE,BGR ENERGY SYSTEMS LTD   ,Listed    ,06 OCT 2026,              10.00,          72161560,            244.10,    17615358411.60 
06 OCT 2026,BHADORA,ST,BHADORA INDUSTRIES LTD   ,Listed    ,06 OCT 2026,              10.00,          18600000,            155.10,     2884860000.00   
06 OCT 2026,BHAGCHEM,EQ,BHAGIRADHA CHEM & INDS L ,Listed    ,06 OCT 2026,               1.00,         129669080,            239.90,    31108908982.80  
06 OCT 2026,BHAGERIA,EQ,BHAGERIA INDUSTRIES LTD  ,Listed    ,06 OCT 2026,               5.00,          43644180,            393.55,    17176167039.00  
06 OCT 2026,BHAGYANGR,EQ,BHAGYANAGAR INDIA LIMITED,Listed    ,06 OCT 2026,               2.00,          33496434,            432.95,    14502281100.30 
06 OCT 2026,BHANDARI,EQ,BHANDARI HOSIERY EXP LTD ,Listed    ,06 OCT 2026,               1.00,         332956433,              2.85,      942266705.40  
06 OCT 2026,BHARATCOAL,EQ,BHARAT COKING COAL LTD   ,Listed    ,06 OCT 2026,              10.00,        4657000000,             32.05,   149256850000.00
06 OCT 2026,BHARATFORG,EQ,BHARAT FORGE LTD         ,Listed    ,06 OCT 2026,               2.00,         488670642,           1880.00,   918700806960.00
06 OCT 2026,BHARATGEAR,BE,BHARAT GEARS LTD         ,Listed    ,06 OCT 2026,              10.00,          15355058,             99.90,     1533663193.05
06 OCT 2026,BHARATRAS,EQ,BHARAT RASAYAN LTD       ,Listed    ,06 OCT 2026,               5.00,          16621072,            998.30,    16592816177.60 
06 OCT 2026,BHARATSE,EQ,BHARAT SEATS LIMITED     ,Listed    ,06 OCT 2026,               2.00,          62800000,            206.15,    12945592000.00  
06 OCT 2026,BHARATWIRE,EQ,BHARAT WIRE ROPES LTD.   ,Listed    ,06 OCT 2026,              10.00,          68782985,            165.30,    11368451760.80
06 OCT 2026,BHARTIARTL,EQ,BHARTI AIRTEL LIMITED    ,Listed    ,06 OCT 2026,               5.00,        6240501059,           1810.50, 11298427167319.50
06 OCT 2026,BHARTIHEXA,EQ,BHARTI HEXACOM LIMITED   ,Listed    ,06 OCT 2026,               5.00,         500000000,           1386.80,   693400000000.00
06 OCT 2026,BHEL,EQ,BHEL                     ,Listed    ,06 OCT 2026,               2.00,        3482063355,            452.00,  1573892636460.00      
06 OCT 2026,BI,BE,BILCARE LTD.             ,Permitted ,06 OCT 2026,              10.00,          23545231,             92.90,     2187351959.90        
06 OCT 2026,BIGBLOC,EQ,BIGBLOC CONSTRUCTION LTD ,Listed    ,06 OCT 2026,               2.00,         141575750,             37.20,     5269449415.00   
06 OCT 2026,BIKAJI,EQ,BIKAJI FOODS INTERN LTD  ,Listed    ,06 OCT 2026,               1.00,         250736400,            481.10,   120629282040.00    
06 OCT 2026,BIKEWO,ST,BIKEWO GREEN TECH LIMITED,Listed    ,06 OCT 2026,              10.00,          13043250,            126.80,     1653884100.00    
06 OCT 2026,BIL,EQ,BHARTIYA INTERNATIONAL   ,Listed    ,06 OCT 2026,              10.00,          13410411,           1092.85,    14655567661.35       
06 OCT 2026,BILVYAPAR,BE,BIL VYAPAR LIMITED       ,Listed    ,06 OCT 2026,              10.00,          31366175,              4.15,      130169626.25 
06 OCT 2026,BIMETAL,EQ,BIMETAL BEARINGS LTD.    ,Permitted ,06 OCT 2026,              10.00,           3825000,            660.40,     2526030000.00   
06 OCT 2026,BIOCON,EQ,BIOCON LIMITED.          ,Listed    ,06 OCT 2026,               5.00,        1629694135,            369.10,   601520105228.50    
06 OCT 2026,BIOFILCHEM,EQ,BIOFIL CHEM & PHARMA LTD ,Listed    ,06 OCT 2026,              10.00,          16273800,             30.10,      490004118.00
06 OCT 2026,BIOPOL,SM,BIOPOL CHEMICALS LIMITED ,Listed    ,06 OCT 2026,              10.00,          10805400,             51.75,      559179450.00    
06 OCT 2026,BIRDYS,SM,GRILL SPLENDOUR SER LTD  ,Listed    ,06 OCT 2026,              10.00,           7101800,             79.00,      561042200.00    
06 OCT 2026,BIRET,RR,BROOKFIELD INDIA RET     ,Listed    ,06 OCT 2026,             275.00,         829880869,            329.90,   273769399874.40     
06 OCT 2026,BIRLACABLE,EQ,BIRLA CABLE LIMITED      ,Listed    ,06 OCT 2026,              10.00,          30000000,            395.45,    11863500000.00
06 OCT 2026,BIRLACORPN,EQ,BIRLA CORPORATION LTD    ,Listed    ,06 OCT 2026,              10.00,          77005347,            803.45,    61869946047.15
06 OCT 2026,BIRLAMONEY,EQ,ADITYA BIRLA MONEY LTD   ,Listed    ,06 OCT 2026,               1.00,          56509201,            116.45,     6580496456.45
06 OCT 2026,BIRLANU,EQ,BIRLANU LIMITED          ,Listed    ,06 OCT 2026,              10.00,           7540899,           1406.50,    10606274443.50   
06 OCT 2026,BIRLAPREC,BE,BIRLA PRECISION TECH L   ,Permitted ,06 OCT 2026,               2.00,          68387637,             57.80,     3952121542.25 
06 OCT 2026,BLACKBUCK,EQ,BLACKBUCK LIMITED        ,Listed    ,06 OCT 2026,               1.00,         182167195,            596.00,   108571648220.00 
06 OCT 2026,BLACKROSE,EQ,BLACK ROSE INDS. LTD.    ,Permitted ,06 OCT 2026,               1.00,          51000000,            107.65,     5490150000.00 
06 OCT 2026,BLAL,EQ,BEML LAND ASSETS LIMITED ,Listed    ,06 OCT 2026,              10.00,          41644500,            157.55,     6560258085.00      
06 OCT 2026,BLBLIMITED,EQ,BLB LIMITED              ,Listed    ,06 OCT 2026,               1.00,          52865258,             16.10,      850602001.20
06 OCT 2026,BLEL,EQ,BEHARI LAL ENGINEERING L ,Listed    ,06 OCT 2026,              10.00,          42302482,            510.05,    21576380944.10      
06 OCT 2026,BLIL,EQ,BALMER LAWRIE INVSTS. L  ,Permitted ,06 OCT 2026,               1.00,         221972690,             65.20,    14474839114.90      
06 OCT 2026,BLISSGVS,BE,BLISS GVS PHARMA LTD     ,Listed    ,06 OCT 2026,               1.00,         106275222,            676.45,    71889873921.90  
06 OCT 2026,BLKASHYAP,EQ,B.L.KASHYAP & SON LTD    ,Listed    ,06 OCT 2026,               1.00,         225440000,             54.80,    12351857600.00 
06 OCT 2026,BLS,EQ,BLS INTL SERVS LTD       ,Listed    ,06 OCT 2026,               1.00,         411740908,            223.95,    92217611164.75       
06 OCT 2026,BLSE,EQ,BLS E-SERVICES LIMITED   ,Listed    ,06 OCT 2026,               5.00,         181712970,            160.90,    29237616873.00      
06 OCT 2026,BLUECLOUDS,EQ,BLUE CLOUD SOFTECH SOLU L,Permitted ,06 OCT 2026,               1.00,         923081600,             20.00,    18470862816.00
06 OCT 2026,BLUECOAST,EQ,BLUE COAST HOTELS LIMITED,Listed    ,06 OCT 2026,              10.00,          19679557,             22.05,      433737436.30 
06 OCT 2026,BLUEDART,EQ,BLUE DART EXPRESS LTD    ,Listed    ,06 OCT 2026,              10.00,          23727934,           4562.80,   108265817255.20  
06 OCT 2026,BLUEJET,EQ,BLUE JET HEALTHCARE LTD  ,Listed    ,06 OCT 2026,               2.00,         189275701,            538.15,   101858718493.15   
06 OCT 2026,BLUEPEBBLE,ST,BLUE PEBBLE LIMITED      ,Listed    ,01 OCT 2026,              10.00,           4080000,             66.00,      269280000.00
06 OCT 2026,BLUESTARCO,EQ,BLUE STAR LIMITED        ,Listed    ,06 OCT 2026,               2.00,         205614788,           1571.50,   323123639342.00
06 OCT 2026,BLUESTONE,EQ,BLUESTONE JEWEL LFSTL LTD,Listed    ,06 OCT 2026,               1.00,         152778705,            813.85,   124338949064.25 
06 OCT 2026,BLUEWATER,ST,BLUE WATER LOGISTICS LTD ,Listed    ,06 OCT 2026,              10.00,          11000000,            578.60,     6364600000.00 
06 OCT 2026,BLUSPRING,EQ,BLUSPRING ENTERPRISES LTD,Listed    ,06 OCT 2026,              10.00,         149502111,            144.55,    21607540102.85 
06 OCT 2026,BMETRICS,SM,BOMBAY METRICS S C LTD   ,Listed    ,06 OCT 2026,              10.00,          12313920,             39.50,      486399840.00  
06 OCT 2026,BMISL,ST,BENCH MARK INFOTECH SER L,Listed    ,06 OCT 2026,              10.00,          14272650,            121.25,     1730558812.50     
06 OCT 2026,BMLL,SM,BIO MEDICA LABORATORIES L,Listed    ,05 OCT 2026,              10.00,          12575001,            159.00,     1999425159.00      
06 OCT 2026,BMWVENTLTD,EQ,BMW VENTURES LIMITED     ,Listed    ,06 OCT 2026,              10.00,          86715000,             50.35,     4367834550.00
06 OCT 2026,BNAGROCHEM,EQ,BN AGROCHEM LTD.         ,Permitted ,06 OCT 2026,              10.00,          97772941,            226.55,    22148504324.75
06 OCT 2026,BNALTD,BE,B & A LTD.               ,Permitted ,06 OCT 2026,              10.00,           3100000,            351.10,     1088410000.00    
06 OCT 2026,BODALCHEM,BE,BODAL CHEMICALS LTD      ,Listed    ,06 OCT 2026,               2.00,         125944065,            186.55,    23497384207.05 
06 OCT 2026,BOHRAIND,EQ,BOHRA INDUSTRIES LIMITED ,Listed    ,06 OCT 2026,              10.00,          21172152,             14.40,      304455545.75  
06 OCT 2026,BOMDYEING,EQ,BOMBAY DYEING & MFG. CO L,Listed    ,06 OCT 2026,               2.00,         206534900,            102.90,    21254506559.00 
06 OCT 2026,BONLON,EQ,BONLON INDUSTRIES LIMITED,Listed    ,06 OCT 2026,              10.00,          16383358,             39.40,      645340471.60    
06 OCT 2026,BORANA,EQ,BORANA WEAVES LIMITED    ,Listed    ,06 OCT 2026,              10.00,          26645295,            269.60,     7183571532.00    
06 OCT 2026,BOROLTD,EQ,BOROSIL LIMITED          ,Listed    ,06 OCT 2026,               1.00,         119587629,            286.85,    34303711378.65   
06 OCT 2026,BORORENEW,EQ,BOROSIL RENEWABLES LTD   ,Listed    ,06 OCT 2026,               1.00,         140592240,            449.85,    63245419164.00 
06 OCT 2026,BOROSCI,EQ,BOROSIL SCIENTIFIC LTD   ,Listed    ,06 OCT 2026,               1.00,          88951525,            113.25,    10075539236.75   
06 OCT 2026,BOSCH-HCIL,EQ,BOSCH HOME COMFRT IND LTD,Listed    ,06 OCT 2026,              10.00,          27190884,           1976.90,    53753658579.60
06 OCT 2026,BOSCHLTD,EQ,BOSCH LIMITED            ,Listed    ,06 OCT 2026,              10.00,          29496100,          45000.00,  1327324500000.00  
06 OCT 2026,BOSS,ST,BOSS PACKAGING SOLU LTD  ,Listed    ,06 OCT 2026,              10.00,           4446260,             57.00,      253436820.00      
06 OCT 2026,BPCL,EQ,BHARAT PETROLEUM CORP  LT,Listed    ,06 OCT 2026,              10.00,        4338505488,            300.50,  1303720899144.00      
06 OCT 2026,BPL,EQ,BPL LTD                  ,Listed    ,06 OCT 2026,              10.00,          48975751,             44.45,     2176972131.95       
06 OCT 2026,BPLPHARMA,EQ,BHARAT PARENTERALS LTD.  ,Permitted ,06 OCT 2026,              10.00,           6891963,           1836.40,    12656400853.20 
06 OCT 2026,BRACEPORT,SM,BRACE PORT LOGISTICS LTD ,Listed    ,06 OCT 2026,              10.00,          11301200,             65.00,      734578000.00 
06 OCT 2026,BRAHMINFRA,EQ,BRAHMAPUTRA INFRA L      ,Permitted ,06 OCT 2026,              10.00,          29018400,            145.60,     4224498672.00
06 OCT 2026,BRANDMAN,SM,BRANDMAN RETAIL LIMITED  ,Listed    ,06 OCT 2026,              10.00,          18457186,            161.65,     2983604116.90  
06 OCT 2026,BRIGADE,EQ,BRIGADE ENTER. LTD       ,Listed    ,06 OCT 2026,              10.00,         326259283,            569.10,   185674157955.30   
06 OCT 2026,BRIGHOTEL,EQ,BRIGADE HOTEL VENTURE LTD,Listed    ,06 OCT 2026,              10.00,         379842565,             56.95,    21624437225.45 
06 OCT 2026,BRIGHTBR,EQ,BRIGHT BROTHERS LTD.     ,Permitted ,06 OCT 2026,              10.00,           5680235,            235.00,     1334855225.00  
06 OCT 2026,BRITANNIA,EQ,BRITANNIA INDUSTRIES LTD ,Listed    ,06 OCT 2026,               1.00,         240868296,           4883.80,  1176352584004.80 
06 OCT 2026,BRNL,EQ,BHARAT ROAD NETWORK LTD  ,Listed    ,06 OCT 2026,              10.00,          83950000,             16.05,     1345718500.00      
06 OCT 2026,BROOKS,EQ,BROOKS LAB LIMITED       ,Listed    ,06 OCT 2026,              10.00,          29457248,             59.65,     1757419415.70    
06 OCT 2026,BSE,EQ,BSE LIMITED              ,Listed    ,06 OCT 2026,               2.00,         407884077,           3305.00,  1348056874485.00       
06 OCT 2026,BSHSL,EQ,BOMBAY SUPER HYBRID SEEDS,Listed    ,06 OCT 2026,               1.00,         104937280,             80.10,     8405476128.00     
06 OCT 2026,BSL,EQ,BSL LTD                  ,Listed    ,06 OCT 2026,              10.00,          10292168,            119.75,     1232590039.70       
06 OCT 2026,BSOFT,EQ,BIRLASOFT LIMITED        ,Listed    ,06 OCT 2026,               2.00,         279667056,            279.45,    78152958799.20     
06 OCT 2026,BTML,EQ,BODHI TREE MULTIMEDIA LTD,Listed    ,06 OCT 2026,               1.00,         181697777,              6.85,     1246446750.20      
06 OCT 2026,BTTL,BE,BHILWARA TECHNICAL TEXT L,Permitted ,06 OCT 2026,               1.00,          58373305,             39.30,     2294070886.50      
06 OCT 2026,BUILDPRO,EQ,SHANKARA BUILDPRO LIMITED,Listed    ,06 OCT 2026,              10.00,          24249326,           1301.50,    31560497789.00  
06 OCT 2026,BULKCORP,ST,BULKCORP INTERNATIONAL L ,Listed    ,06 OCT 2026,              10.00,           7514064,             81.75,      614274732.00  
06 OCT 2026,BURNPUR,BE,BURNPUR CEMENT LIMITED   ,Listed    ,06 OCT 2026,              10.00,          17224873,             13.85,      238219993.60   
06 OCT 2026,BUTTERFLY,EQ,BTRFLY GANDHI APPL LTD   ,Listed    ,06 OCT 2026,              10.00,          17879551,            543.25,     9713066080.75 
06 OCT 2026,BVCL,EQ,BARAK VALLEY CEM. LTD.   ,Listed    ,06 OCT 2026,              10.00,          22160000,             41.45,      918310400.00      
06 OCT 2026,BYKE,EQ,THE BYKE HOSPITALITY LTD ,Listed    ,06 OCT 2026,              10.00,          52279300,             29.45,     1540148178.00      
06 OCT 2026,C2C,SM,C2C ADVANCED SYSTEMS LTD ,Listed    ,06 OCT 2026,              10.00,          16968433,            187.65,     3184126452.45       
06 OCT 2026,CADSYS,SM,CADSYS (INDIA) LIMITED   ,Listed    ,05 OCT 2026,              10.00,          10002500,             37.95,      379594875.00    
06 OCT 2026,CALSOFT,BE,CALIFORNIA SOFTWARE CO LT,Listed    ,06 OCT 2026,              10.00,          35035310,             33.45,     1171580766.40   
06 OCT 2026,CAMLINFINE,EQ,CAMLIN FINE SCIENCES LTD ,Listed    ,06 OCT 2026,               1.00,         192096613,             95.00,    18249178235.00
06 OCT 2026,CAMPUS,EQ,CAMPUS ACTIVEWEAR LIMITED,Listed    ,06 OCT 2026,               5.00,         305679721,            208.70,    63789244178.30    
06 OCT 2026,CAMS,EQ,COMPUTER AGE MNGT SER LTD,Listed    ,06 OCT 2026,               2.00,         248418378,            693.90,   172377512494.20      
06 OCT 2026,CANARYS,SM,CANARYS AUTOMATIONS LTD  ,Listed    ,06 OCT 2026,               2.00,          58744893,             28.50,     1674229450.50   
06 OCT 2026,CANBK,EQ,CANARA BANK              ,Listed    ,06 OCT 2026,               2.00,        9070651260,            117.80,  1068704131453.20     
06 OCT 2026,CANFINHOME,EQ,CAN FIN HOMES LTD        ,Listed    ,06 OCT 2026,               2.00,         133154591,            734.75,    97835335737.25
06 OCT 2026,CANHLIFE,EQ,CANARA HSBC LIFE INS CO L,Listed    ,06 OCT 2026,              10.00,         950000000,            143.15,   135973500000.00  
06 OCT 2026,CANTABIL,EQ,CANTABIL RETAIL LTD      ,Listed    ,06 OCT 2026,               2.00,          83638040,            229.85,    19223367113.60  
06 OCT 2026,CAPACITE,EQ,CAPACITE INFRAPROJECT LTD,Listed    ,06 OCT 2026,              10.00,          84604043,            184.50,    15610291973.95  
06 OCT 2026,CAPILLARY,EQ,CAPILLARY TECHNO INDIA L ,Listed    ,06 OCT 2026,               2.00,          79588731,            587.20,    46734502843.20 
06 OCT 2026,CAPINVIT,IV,CAPITAL INFRA TRUST      ,Listed    ,06 OCT 2026,              99.00,         491551733,             77.25,    37962540339.60  
06 OCT 2026,CAPITALSFB,EQ,CAPITAL SMALL FIN BANK L ,Listed    ,06 OCT 2026,              10.00,          45465185,            263.80,    11993715803.00
06 OCT 2026,CAPLIPOINT,EQ,CAPLIN POINT LAB LTD.    ,Listed    ,06 OCT 2026,               2.00,          76011696,           2679.70,   203688541771.20
06 OCT 2026,CAPTRUST,BE,CAPITAL TRUST LIMITED    ,Listed    ,06 OCT 2026,              10.00,          34019404,             21.00,      713727095.90  
06 OCT 2026,CARBORUNIV,EQ,CARBORUNDUM UNIVERSAL LTD,Listed    ,06 OCT 2026,               1.00,         190505384,           1269.60,   241865635526.40
06 OCT 2026,CARERATING,EQ,CARE RATINGS LIMITED     ,Listed    ,06 OCT 2026,              10.00,          30118412,           1588.20,    47834061938.40
06 OCT 2026,CARRARO,EQ,CARRARO INDIA LIMITED    ,Listed    ,06 OCT 2026,              10.00,          56851538,            525.65,    29884010949.70   
06 OCT 2026,CARTRADE,EQ,CARTRADE TECH LIMITED    ,Listed    ,06 OCT 2026,              10.00,          48614885,           2911.70,   141551960654.50  
06 OCT 2026,CARYSIL,EQ,CARYSIL LIMITED          ,Listed    ,06 OCT 2026,               2.00,          28442606,           1033.10,    29384056258.60   
06 OCT 2026,CASTROLIND,EQ,CASTROL INDIA LIMITED    ,Listed    ,06 OCT 2026,               5.00,         989122384,            200.20,   198022301276.80
06 OCT 2026,CBAZAAR,SM,NET AVENUE TECHNOLOGIES L,Listed    ,06 OCT 2026,               1.00,          21454078,              5.05,      108343093.90   
06 OCT 2026,CCAVENUE,EQ,AVENUESAI LIMITED        ,Listed    ,06 OCT 2026,               1.00,        3488398375,             15.35,    53546915056.25  
06 OCT 2026,CCCL,EQ,CONS. CONST. CONSORT LTD ,Listed    ,06 OCT 2026,               2.00,         446759451,             13.10,     5852548808.10      
06 OCT 2026,CCHHL,EQ,COUNTRY CLUB HOSP HOL LTD,Listed    ,06 OCT 2026,               2.00,         163464735,             12.80,     2093983255.35     
06 OCT 2026,CCL,EQ,CCL PRODUCTS (I) LTD     ,Listed    ,06 OCT 2026,               2.00,         133527920,           1054.90,   140858602808.00       
06 OCT 2026,CDSL,EQ,CENTRAL DEPO SER (I) LTD ,Listed    ,06 OCT 2026,              10.00,         209000000,           1263.40,   264050600000.00      
06 OCT 2026,CEATLTD,EQ,CEAT LIMITED             ,Listed    ,06 OCT 2026,              10.00,          40450092,           3328.70,   134646221240.40   
06 OCT 2026,CEDAAR,SM,CEDAAR TEXTILE LIMITED   ,Listed    ,06 OCT 2026,              10.00,          13878600,             11.00,      152664600.00    
06 OCT 2026,CEIGALL,EQ,CEIGALL INDIA LIMITED    ,Listed    ,06 OCT 2026,               5.00,         174204861,            376.20,    65535868708.20   
06 OCT 2026,CEINSYS,EQ,CEINSYS TECH LIMITED     ,Listed    ,06 OCT 2026,              10.00,          20937661,            718.45,    15042662545.45   
06 OCT 2026,CELEBRITY,EQ,CELEBRITY FASHIONS LTD   ,Listed    ,06 OCT 2026,              10.00,          64548346,              6.35,      409881997.10 
06 OCT 2026,CELLECOR,SM,CELLECOR GADGETS LIMITED ,Listed    ,06 OCT 2026,               1.00,         222326938,             29.85,     6636459099.30  
06 OCT 2026,CELLO,EQ,CELLO WORLD LIMITED      ,Listed    ,06 OCT 2026,               5.00,         225538273,            369.15,    83257453477.95     
06 OCT 2026,CELLPOINT,SM,CELL POINT (INDIA) LTD   ,Listed    ,06 OCT 2026,              10.00,          18685600,             16.20,      302706720.00 
06 OCT 2026,CEMPRO,EQ,CEMINDIA PROJECTS LIMITED,Listed    ,06 OCT 2026,               1.00,         171787584,           1159.80,   199239239923.20    
06 OCT 2026,CENTENKA,EQ,CENTURY ENKA LTD         ,Listed    ,06 OCT 2026,              10.00,          21850589,            566.60,    12380543727.40  
06 OCT 2026,CENTEXT,EQ,CENTURY EXTRUSIONS LTD   ,Listed    ,06 OCT 2026,               1.00,          80000000,             17.90,     1430400000.00   
06 OCT 2026,CENTEXT-RE,BE,CENTURY EXTRUSIONS LTD   ,Permitted ,06 OCT 2026,               1.00,          29978165,              2.40,       71947596.00
06 OCT 2026,CENTRALBK,EQ,CENTRAL BANK OF INDIA    ,Listed    ,06 OCT 2026,              10.00,        9051401274,             30.20,   273261804462.05 
06 OCT 2026,CENTRUM,EQ,CENTRUM CAPITAL LIMITED  ,Listed    ,06 OCT 2026,               1.00,         486829194,             19.80,     9639218041.20   
06 OCT 2026,CENTUM,EQ,CENTUM ELECTRONICS LTD   ,Listed    ,06 OCT 2026,              10.00,          14762016,           4451.00,    65705733216.00    
06 OCT 2026,CENTURYPLY,EQ,CENTURY PLYBOARDS (I) LTD,Listed    ,06 OCT 2026,               1.00,         222172990,            679.85,   151044307251.50
06 OCT 2026,CERA,EQ,CERA SANITARYWARE LTD    ,Listed    ,06 OCT 2026,               5.00,          12897541,           5122.50,    66067653772.50      
06 OCT 2026,CESC,EQ,CESC LTD                 ,Listed    ,06 OCT 2026,               1.00,        1325570430,            134.45,   178196432904.90      
06 OCT 2026,CEWATER,EQ,CONCORD ENVIRO SYSTEMS L ,Listed    ,06 OCT 2026,               5.00,          20696233,            260.65,     5394473131.45   
06 OCT 2026,CFEL,BE,CONFIDENCE FUTURIST ENE L,Permitted ,06 OCT 2026,               5.00,          25020000,             45.00,     1125900000.00      
06 OCT 2026,CGCL,EQ,CAPRI GLOBAL CAPITAL LTD ,Listed    ,06 OCT 2026,               1.00,         962153962,            246.90,   237536570138.55      
06 OCT 2026,CGPOWER,EQ,CG POWER AND IND SOL LTD ,Listed    ,06 OCT 2026,               2.00,        1575450059,            912.00,  1436810453808.00   
06 OCT 2026,CGRAPHICS,SM,CREATIVE GRAPHICS S IND L,Listed    ,06 OCT 2026,              10.00,          24286000,            156.00,     3788616000.00 
06 OCT 2026,CGVAK,EQ,C G V A K SOFTWARE & EX L,Permitted ,06 OCT 2026,              10.00,           5050200,            146.15,      738137232.00     
06 OCT 2026,CHALET,EQ,CHALET HOTELS LIMITED    ,Listed    ,06 OCT 2026,              10.00,         218994127,            818.20,   179180994711.40    
06 OCT 2026,CHAMBLFERT,EQ,CHAMBAL FERTILIZERS LTD  ,Listed    ,06 OCT 2026,              10.00,         400652297,            404.80,   162184049825.60
06 OCT 2026,CHAMUNDA,SM,CHAMUNDA ELECTRICAL LTD  ,Listed    ,30 SEP 2026,              10.00,          11004594,             44.95,      494656500.30  
06 OCT 2026,CHANDAN,SM,CHANDAN HEALTHCARE LTD   ,Listed    ,06 OCT 2026,              10.00,          24452064,            235.95,     5769464500.80   
06 OCT 2026,CHAVDA,ST,CHAVDA INFRA LIMITED     ,Listed    ,06 OCT 2026,              10.00,          65312000,             58.35,     3810955200.00    
06 OCT 2026,CHEMBOND,EQ,CHEMBOND MATERIALTECH LTD,Listed    ,06 OCT 2026,               5.00,          13448288,            191.85,     2579785087.05  
06 OCT 2026,CHEMBONDCH,BE,CHEMBOND CHEMICAL LIMITED,Listed    ,06 OCT 2026,               5.00,          26896576,            222.95,     5996322653.45
06 OCT 2026,CHEMCON,EQ,CHEMCON SPECIAL CHEM LTD ,Listed    ,06 OCT 2026,              10.00,          36630701,            217.40,     7963514397.40   
06 OCT 2026,CHEMCRUX,EQ,CHEMCRUX ENTERPRISES LTD.,Permitted ,06 OCT 2026,              10.00,          14808840,             80.20,     1187817056.40  
06 OCT 2026,CHEMFAB,EQ,CHEMFAB ALKALIS LIMITED  ,Listed    ,06 OCT 2026,              10.00,          14373702,            338.50,     4865498127.00   
06 OCT 2026,CHEMPLASTS,EQ,CHEMPLAST SANMAR LIMITED ,Listed    ,06 OCT 2026,               5.00,         158109574,            210.25,    33240956837.75
06 OCT 2026,CHENNPETRO,EQ,CHENNAI PETROLEUM CORP LT,Listed    ,06 OCT 2026,              10.00,         148911400,           1405.70,   209324754980.00
06 OCT 2026,CHETANA,SM,CHETANA EDUCATION LIMITED,Listed    ,06 OCT 2026,              10.00,          20400000,             39.00,      795600000.00   
06 OCT 2026,CHEVIOT,EQ,CHEVIOT COMPANY LIMITED  ,Listed    ,06 OCT 2026,              10.00,           5841875,           1152.90,     6735097687.50   
06 OCT 2026,CHOICEIN,EQ,CHOICE INTERNATIONAL LTD ,Listed    ,06 OCT 2026,              10.00,         222776500,            727.15,   161991931975.00  
06 OCT 2026,CHOLAFIN,EQ,CHOLAMANDALAM IN & FIN CO,Listed    ,06 OCT 2026,               2.00,         854310592,           1611.00,  1376294363712.00  
06 OCT 2026,CHOLAHLDNG,EQ,CHOLAMANDALAM FIN HOL LTD,Listed    ,06 OCT 2026,               1.00,         187777462,           1424.60,   267507772365.20
06 OCT 2026,CIEINDIA,EQ,CIE AUTOMOTIVE INDIA LTD ,Listed    ,06 OCT 2026,              10.00,         379362377,            379.00,   143778340883.00  
06 OCT 2026,CIFL,EQ,CAPITAL INDIA FINANCE LTD,Listed    ,06 OCT 2026,               2.00,         391056300,             20.70,     8087044284.00      
06 OCT 2026,CINELINE,EQ,CINELINE INDIA LIMITED   ,Listed    ,06 OCT 2026,               5.00,          34266434,             87.70,     3005851590.50  
06 OCT 2026,CINEVISTA,EQ,CINEVISTA LIMITED        ,Listed    ,06 OCT 2026,               2.00,          57436475,             13.85,      794346449.25 
06 OCT 2026,CIPLA,EQ,CIPLA LTD                ,Listed    ,06 OCT 2026,               2.00,         807858447,           1340.20,  1082691890669.40     
06 OCT 2026,CITIUSINVT,IV,CITIUS TRANSNET INV TRUST,Listed    ,06 OCT 2026,             100.00,         610000000,            115.30,    70339100000.00
06 OCT 2026,CKKRETAIL,SM,C K K RETAIL MART LIMITED,Listed    ,06 OCT 2026,              10.00,          19368000,            171.00,     3311928000.00 
06 OCT 2026,CLASSICEIL,SM,CLASSIC ELECTRODE (IND) L,Listed    ,06 OCT 2026,              10.00,          17964950,             49.95,      897349252.50
06 OCT 2026,CLAYCRAFT,SM,CLAY CRAFT INDIA LIMITED ,Listed    ,06 OCT 2026,              10.00,          20570280,            174.20,     3583342776.00 
06 OCT 2026,CLEAN,EQ,CLEAN SCIENCE & TECH LTD ,Listed    ,06 OCT 2026,               1.00,         106284121,            823.15,    87487774201.15     
06 OCT 2026,CLEANMAX,EQ,CLEAN MAX ENVIRO EN SOL L,Listed    ,06 OCT 2026,               1.00,         117549370,           1392.50,   163687497725.00  
06 OCT 2026,CLEDUCATE,EQ,CL EDUCATE LIMITED       ,Listed    ,06 OCT 2026,               5.00,          54292947,             54.00,     2930733279.05 
06 OCT 2026,CLSEL,EQ,CHAMAN LAL SETIA EXP LTD ,Listed    ,06 OCT 2026,               2.00,          49725620,            291.95,    14517394759.00     
06 OCT 2026,CLSL,ST,CROP LIFE SCIENCE LIMITED,Listed    ,06 OCT 2026,              10.00,          17140000,             60.00,     1028400000.00      
06 OCT 2026,CMLL,EQ,CALIBER MINING AND LOG L ,Listed    ,06 OCT 2026,              10.00,          65375785,            517.20,    33812356002.00      
06 OCT 2026,CMNL,SM,CHAMAN METALLICS LIMITED ,Listed    ,06 OCT 2026,              10.00,          24134764,            119.35,     2880484083.40      
06 OCT 2026,CMPDI,EQ,CENTRAL MINE P N D INST L,Listed    ,06 OCT 2026,               2.00,         714000000,            210.05,   149982840000.00     
06 OCT 2026,CMRGREEN,EQ,CMR GREEN TECHNOLOGIES L ,Listed    ,06 OCT 2026,               2.00,         219055489,            226.65,    49644545472.05  
06 OCT 2026,CMRSL,SM,CYBER MEDIA RES & SER LTD,Listed    ,05 OCT 2026,              10.00,           2928000,             74.15,      217111200.00     
06 OCT 2026,CMSINFO,EQ,CMS INFO SYSTEMS LIMITED ,Listed    ,06 OCT 2026,              10.00,         160063415,            220.35,    35269973495.25   
06 OCT 2026,CNL,EQ,CREATIVE NEWTECH LIMITED ,Listed    ,06 OCT 2026,              10.00,          15016675,           1070.00,    16067842250.00       
06 OCT 2026,COALINDIA,EQ,COAL INDIA LTD           ,Listed    ,06 OCT 2026,              10.00,        6162728327,            411.65,  2536887115809.55 
06 OCT 2026,COASTCORP,EQ,COASTAL CORPORATION LTD  ,Listed    ,06 OCT 2026,               2.00,          66977230,             36.20,     2423236181.40 
06 OCT 2026,COCHINSHIP,EQ,COCHIN SHIPYARD LIMITED  ,Listed    ,06 OCT 2026,               5.00,         263080780,           1282.00,   337269559960.00
06 OCT 2026,COCKERILL,EQ,JOHN COCKERILL INDIA LTD.,Permitted ,06 OCT 2026,              10.00,           4937813,           7978.50,    39396341020.50 
06 OCT 2026,COFFEEDAY,EQ,COFFEE DAY ENTERPRISE LTD,Listed    ,06 OCT 2026,              10.00,         211251719,             30.05,     6343889121.55 
06 OCT 2026,COFORGE,EQ,COFORGE LIMITED          ,Listed    ,06 OCT 2026,               2.00,         442978090,           1849.70,   819376573073.00   
06 OCT 2026,COHANCE,EQ,COHANCE LIFESCIENCES LTD ,Listed    ,06 OCT 2026,               1.00,         382597330,            457.00,   174846979810.00   
06 OCT 2026,COLPAL,EQ,COLGATE PALMOLIVE LTD.   ,Listed    ,06 OCT 2026,               1.00,         271985634,           1809.40,   492130806159.60    
06 OCT 2026,COMFINTE,EQ,COMFORT INTECH LTD.      ,Permitted ,06 OCT 2026,               1.00,         319938080,              6.25,     1993214238.40  
06 OCT 2026,COMMITTED,SM,COMMITTED CARGO CARE LTD ,Listed    ,30 SEP 2026,              10.00,          11574600,            323.80,     3747855480.00 
06 OCT 2026,COMPEAU,EQ,COMPETENT AUTOMOB CO. L  ,Permitted ,06 OCT 2026,              10.00,           6409500,            358.10,     2295241950.00   
06 OCT 2026,COMPINFO,BZ,COMPUAGE INFOCOM LTD     ,Listed    ,06 OCT 2026,               2.00,          85768064,              1.10,       92629509.10  
06 OCT 2026,COMPUSOFT,EQ,COMPUCOM SOFTWARE LTD    ,Listed    ,06 OCT 2026,               2.00,          79125188,             12.90,     1020714925.20 
06 OCT 2026,COMSYN,EQ,COMMERCIAL SYN BAGS LTD  ,Listed    ,06 OCT 2026,              10.00,          40339200,            263.00,    10609209600.00    
06 OCT 2026,CONCOR,EQ,CONTAINER CORP OF IND LTD,Listed    ,06 OCT 2026,               5.00,         761617935,            445.85,   339567356319.75    
06 OCT 2026,CONCORDBIO,EQ,CONCORD BIOTECH LIMITED  ,Listed    ,06 OCT 2026,               1.00,         104616204,           1368.80,   143198660035.20
06 OCT 2026,CONFIPET,EQ,CONFIDENCE PETRO IND LTD.,Listed    ,06 OCT 2026,               1.00,         332241043,             86.65,    28795331196.80  
06 OCT 2026,CONNPLEX,SM,CONNPLEX CINEMAS LIMITED ,Listed    ,06 OCT 2026,              10.00,          19100000,            247.50,     4727250000.00  
06 OCT 2026,CONSOFINVT,BE,CONSO. FIN. & HOLD. LTD. ,Listed    ,06 OCT 2026,              10.00,          32326366,            283.20,     9154826851.20
06 OCT 2026,CONTI,SM,CONTINENTAL SEED CHEM LTD,Listed    ,06 OCT 2026,              10.00,          13942414,              9.80,      136635657.20     
06 OCT 2026,CONTROLPR,EQ,CONTROL PRINT LIMITED    ,Listed    ,06 OCT 2026,              10.00,          15994212,            622.65,     9958796101.80 
06 OCT 2026,COOLCAPS,SM,COOL CAPS INDUSTRIES LTD ,Listed    ,06 OCT 2026,               2.00,         117624370,             21.45,     2523042736.50  
06 OCT 2026,CORALFINAC,EQ,CORAL INDIA FIN & HOUS LT,Listed    ,06 OCT 2026,               2.00,          40302225,             31.20,     1256623375.50
06 OCT 2026,CORDELIA,EQ,WATERWAYS LEISURE TOUR L ,Listed    ,06 OCT 2026,               1.00,         723945430,            104.30,    75521987257.60  
06 OCT 2026,CORDSCABLE,BE,CORDS CABLE INDUS LTD.   ,Listed    ,06 OCT 2026,              10.00,          12927780,            314.35,     4063847643.00
06 OCT 2026,COREIN,ST,COREINTEGRA CONSULT SER L,Listed    ,06 OCT 2026,              10.00,          10487005,             86.65,      908698983.25    
06 OCT 2026,COROMANDEL,EQ,COROMANDEL INTERNTL. LTD ,Listed    ,06 OCT 2026,               1.00,         295060899,           1788.30,   527657405681.70
06 OCT 2026,CORONA,EQ,CORONA REMEDIES LIMITED  ,Listed    ,06 OCT 2026,              10.00,          61160088,           2038.30,   124662607370.40    
06 OCT 2026,COSMOFIRST,EQ,COSMO FIRST LIMITED      ,Listed    ,06 OCT 2026,              10.00,          26249727,            829.15,    21764961142.05
06 OCT 2026,COUNCODOS,BE,COUNTRY CONDO S LIMITED  ,Listed    ,06 OCT 2026,               1.00,          77597300,              6.50,      505158423.00 
06 OCT 2026,CPCAP,EQ,CP CAPITAL LIMITED       ,Listed    ,06 OCT 2026,              10.00,          18192939,            154.55,     2811354863.65     
06 OCT 2026,CPEDU,EQ,CAREER POINT EDUTECH LTD ,Listed    ,06 OCT 2026,              10.00,          18192939,            181.30,     3298197911.30     
06 OCT 2026,CPL,EQ,CAPTAIN POLYPLAST LIMITED,Listed    ,06 OCT 2026,               2.00,          60178790,             62.10,     3738306434.80       
06 OCT 2026,CPPLUS,EQ,ADITYA INFOTECH LIMITED  ,Listed    ,06 OCT 2026,               1.00,         118300435,           3976.00,   470362529560.00    
06 OCT 2026,CPS,SM,C P S SHAPERS LIMITED    ,Listed    ,06 OCT 2026,              10.00,           2309295,           1100.00,     2540224500.00       
06 OCT 2026,CRAFTSMAN,EQ,CRAFTSMAN AUTOMATION LTD ,Listed    ,06 OCT 2026,               5.00,          26154433,          10348.00,   270646072684.00 
06 OCT 2026,CRAMC,EQ,CANARA ROBECO AMC LIMITED,Listed    ,06 OCT 2026,              10.00,         199417428,            224.90,    44844991208.65     
06 OCT 2026,CRAVATEX,EQ,CRAVATEX LTD.            ,Permitted ,06 OCT 2026,              10.00,           2584160,            374.60,      968026336.00  
06 OCT 2026,CRAYONS,SM,CRAYONS ADVERTISING LTD  ,Listed    ,05 OCT 2026,              10.00,          24430000,             23.95,      585098500.00   
06 OCT 2026,CREATIVEYE,EQ,CREATIVE EYE LIMITED     ,Listed    ,06 OCT 2026,               5.00,          20058250,              5.90,      118343675.00
06 OCT 2026,CREDENT,SM,CREDENT CONNECT N CARE L ,Listed    ,06 OCT 2026,              10.00,          18222900,            375.50,     6842698950.00   
06 OCT 2026,CREDITACC,EQ,CREDITACCESS GRAMEEN LTD ,Listed    ,06 OCT 2026,              10.00,         160484490,           1265.80,   203141267442.00 
06 OCT 2026,CREST,EQ,CREST VENTURES LIMITED   ,Listed    ,06 OCT 2026,              10.00,          28449775,            359.90,    10239074022.50     
06 OCT 2026,CRESTO,BE,CRESTO TECHNO LIMITED    ,Listed    ,06 OCT 2026,              10.00,          13835837,             20.00,      276993456.75    
06 OCT 2026,CRISIL,EQ,CRISIL LTD               ,Listed    ,06 OCT 2026,               1.00,          73130017,           4523.30,   330789005896.10    
06 OCT 2026,CRIZAC,EQ,CRIZAC LIMITED           ,Listed    ,06 OCT 2026,               2.00,         174982500,            168.85,    29545795125.00    
06 OCT 2026,CROMPTON,EQ,CROMPT GREA CON ELEC LTD ,Listed    ,06 OCT 2026,               2.00,         643914875,            212.00,   136497075202.50  
06 OCT 2026,CROWN,EQ,CROWN LIFTERS LIMITED    ,Listed    ,06 OCT 2026,              10.00,          11590000,            112.40,     1302484200.00     
06 OCT 2026,CRSL,BZ,CRESSANDA RAILWAY SOLUT L,Permitted ,06 OCT 2026,               1.00,         423144706,              2.05,      867446647.30      
06 OCT 2026,CSBBANK,EQ,CSB BANK LIMITED         ,Listed    ,06 OCT 2026,              10.00,         173485827,            305.85,    53060640187.95   
06 OCT 2026,CSLFINANCE,EQ,CSL FINANCE LIMITED      ,Listed    ,06 OCT 2026,              10.00,          22782621,            207.50,     4726938205.10
06 OCT 2026,CSM,EQ,CSM TECHNOLOGIES LIMITED ,Listed    ,06 OCT 2026,              10.00,          51603472,             92.85,     4791898409.90       
06 OCT 2026,CSSL,SM,CLEAR SECURED SERVICES L ,Listed    ,06 OCT 2026,              10.00,          24047112,             77.35,     1860044113.20      
06 OCT 2026,CTE,BE,CAMBRIDGE TECH ENTER LTD ,Listed    ,06 OCT 2026,              10.00,          19631015,             37.45,      735181511.75       
06 OCT 2026,CUB,EQ,CITY UNION BANK LTD      ,Listed    ,06 OCT 2026,               1.00,         990787238,            223.75,   221688644502.50       
06 OCT 2026,CUBEINVIT,IV,CUBE HIGHWAYS TRUST      ,Listed    ,06 OCT 2026,             100.00,        1344069762,            154.90,   208209846831.40 
06 OCT 2026,CUBEXTUB,BE,CUBEXTUBINGS-ROLLSETT    ,Listed    ,06 OCT 2026,              10.00,          14318975,            149.90,     2146557542.25  
06 OCT 2026,CUDML,SM,CASH UR DRIVE MARKETING L,Listed    ,06 OCT 2026,              10.00,          17645800,            100.75,     1777814350.00     
06 OCT 2026,CUMMINSIND,EQ,CUMMINS INDIA LTD        ,Listed    ,06 OCT 2026,               2.00,         277200000,           4919.00,  1363546800000.00
06 OCT 2026,CUPID,EQ,CUPID LIMITED            ,Listed    ,06 OCT 2026,               1.00,        1344660700,            324.20,   435938998940.00     
06 OCT 2026,CURAA,BE,CURA TECHNOLOGIES LIMITED,Listed    ,06 OCT 2026,              10.00,           9900000,             72.30,      715770000.00     
06 OCT 2026,CURIS,ST,CURIS LIFESCIENCES LTD   ,Listed    ,05 OCT 2026,              10.00,           8084434,            207.00,     1673477838.00     
06 OCT 2026,CURRENT,SM,CURRENT INFRAPROJECTS LTD,Listed    ,06 OCT 2026,              10.00,          19148000,             94.00,     1799912000.00   
06 OCT 2026,CYBERMEDIA,BE,CYBER MEDIA (INDIA) LTD. ,Listed    ,06 OCT 2026,              10.00,          20658392,             17.85,      368752297.20
06 OCT 2026,CYBERTECH,EQ,CYBERTECH SYSTEMS & SOFTW,Listed    ,06 OCT 2026,              10.00,          30380593,            143.10,     4347462858.30 
06 OCT 2026,CYIENT,EQ,CYIENT LIMITED           ,Listed    ,06 OCT 2026,               5.00,         104752989,           1119.40,   117260495886.60    
06 OCT 2026,CYIENTDLM,EQ,CYIENT DLM LIMITED       ,Listed    ,06 OCT 2026,              10.00,          79383368,            939.00,    74540982552.00 
06 OCT 2026,DABUR,EQ,DABUR INDIA LTD          ,Listed    ,06 OCT 2026,               1.00,        1773957026,            388.90,   689891887411.40     
06 OCT 2026,DAICHI,BE,DAI-ICHI KARKARIA LTD.   ,Permitted ,06 OCT 2026,              10.00,           7451229,            316.50,     2358313978.50    
06 OCT 2026,DALBHARAT,EQ,DALMIA BHARAT LIMITED    ,Listed    ,06 OCT 2026,               2.00,         187565953,           1682.60,   315598472517.80 
06 OCT 2026,DALMIASUG,EQ,DALMIA BHARAT SUG IN LTD ,Listed    ,06 OCT 2026,               2.00,          80939303,            453.00,    36665504259.00 
06 OCT 2026,DAMCAPITAL,EQ,DAM CAPITAL ADVISORS LTD ,Listed    ,06 OCT 2026,               2.00,          70686000,            152.50,    10780321860.00
06 OCT 2026,DAMODARIND,BE,DAMODAR INDUSTRIES LTD   ,Listed    ,06 OCT 2026,               5.00,          23300000,             26.95,      627935000.00
06 OCT 2026,DANGEE,EQ,DANGEE DUMS LIMITED      ,Listed    ,06 OCT 2026,               1.00,         153975000,              3.10,      474243000.00    
06 OCT 2026,DANISH,SM,DANISH POWER LIMITED     ,Listed    ,06 OCT 2026,              10.00,          19691610,           1010.00,    19888526100.00    
06 OCT 2026,DATAMATICS,EQ,DATAMATICS GLOBAL SER LTD,Listed    ,06 OCT 2026,               5.00,          59106389,            771.20,    45582847196.80
06 OCT 2026,DATAPATTNS,EQ,DATA PATTERNS INDIA LTD  ,Listed    ,06 OCT 2026,               2.00,          55983969,           4299.20,   240686279524.80
06 OCT 2026,DAVANGERE,EQ,DAVANGERE SUGAR COMPANY L,Listed    ,06 OCT 2026,               1.00,        1429990798,              2.25,     3246079111.45 
06 OCT 2026,DBCORP,EQ,D.B.CORP LTD             ,Listed    ,06 OCT 2026,              10.00,         178254679,            173.55,    30939664634.05    
06 OCT 2026,DBEIL,EQ,DEEPAK BUILDERS & ENG I L,Listed    ,06 OCT 2026,               1.00,         465808600,              6.50,     3037072072.00     
06 OCT 2026,DBL,EQ,DILIP BUILDCON LIMITED   ,Listed    ,06 OCT 2026,              10.00,         162444833,            400.80,    65107889066.40       
06 OCT 2026,DBOL,EQ,DHAMPUR BIO ORGANICS LTD ,Listed    ,06 OCT 2026,              10.00,          66387590,            137.90,     9154848661.00      
06 OCT 2026,DBREALTY,EQ,VALOR ESTATE LIMITED     ,Listed    ,06 OCT 2026,              10.00,         542406761,             90.10,    48860001030.90  
06 OCT 2026,DBSTOCKBRO,BE,DB (INT) STOCK BROKERS   ,Listed    ,06 OCT 2026,               2.00,          35000000,             32.50,     1137150000.00
06 OCT 2026,DCAL,EQ,DISHMAN CARBO AMCIS LTD  ,Listed    ,06 OCT 2026,               2.00,         156783095,            153.55,    24077179899.15      
06 OCT 2026,DCBBANK,EQ,DCB BANK LIMITED         ,Listed    ,06 OCT 2026,              10.00,         322178962,            200.80,    64687091990.35   
06 OCT 2026,DCCL,SM,DAR CREDIT & CAPITAL LTD ,Listed    ,01 OCT 2026,              10.00,          14276000,             41.90,      598164400.00      
06 OCT 2026,DCG,ST,DCG CABLES & WIRES LTD   ,Listed    ,06 OCT 2026,              10.00,          18149600,             71.95,     1305863720.00       
06 OCT 2026,DCI,EQ,DC INFOTECH AND COMUN LTD,Listed    ,06 OCT 2026,              10.00,          16400000,            343.05,     5626020000.00       
06 OCT 2026,DCM,EQ,DCM LTD                  ,Listed    ,06 OCT 2026,              10.00,          18677749,             71.95,     1344050818.05       
06 OCT 2026,DCMFINSERV,EQ,DCM FINANCIAL SERVICES LT,Listed    ,06 OCT 2026,              10.00,          18781987,              5.20,       97854152.25
06 OCT 2026,DCMNVL,BE,DCM NOUVELLE LIMITED     ,Listed    ,06 OCT 2026,              10.00,          18677749,            172.00,     3212572828.00    
06 OCT 2026,DCMSHRIRAM,EQ,DCM SHRIRAM LIMITED      ,Listed    ,06 OCT 2026,               2.00,         155942296,            988.85,   154203539399.60
06 OCT 2026,DCMSIL,EQ,DCM SHRIRAM INTERNATNL L ,Listed    ,06 OCT 2026,               2.00,          86992185,             78.85,     6861073630.95    
06 OCT 2026,DCMSRIND,EQ,DCM SHRIRAM IND LTD      ,Listed    ,06 OCT 2026,               2.00,          86992185,             39.80,     3460549119.30  
06 OCT 2026,DCW,EQ,DCW LTD                  ,Listed    ,06 OCT 2026,               2.00,         295155017,             46.35,    13686338138.30       
06 OCT 2026,DCXINDIA,EQ,DCX SYSTEMS LIMITED      ,Listed    ,06 OCT 2026,               2.00,         111386427,            160.25,    17847447198.20  
06 OCT 2026,DDEVPLSTIK,EQ,DDEV PLASTIKS IND LTD    ,Listed    ,06 OCT 2026,               1.00,         103476664,            249.80,    25847435900.55
06 OCT 2026,DECCANCE,EQ,DECCAN CEMENTS LIMITED   ,Listed    ,06 OCT 2026,               5.00,          14007500,            556.85,     7800076375.00  
06 OCT 2026,DECCANTRAN,SM,DECCAN TRANSCON LEASING L,Listed    ,06 OCT 2026,              10.00,          22723448,             20.55,      466966856.40
06 OCT 2026,DECNGOLD,EQ,DECCAN GOLD MINES LTD.   ,Permitted ,06 OCT 2026,               1.00,         197901715,            199.15,    39414105559.40  
06 OCT 2026,DEEDEV,EQ,DEE DEVELOPMENT ENG LTD  ,Listed    ,06 OCT 2026,              10.00,          75239438,            651.70,    49033541744.60    
06 OCT 2026,DEEM,SM,DEEM ROLL TECH LIMITED   ,Listed    ,29 SEP 2026,              10.00,           8337272,             47.00,      391851784.00      
06 OCT 2026,DEEP,BE,DEEP POLYMERS LTD.       ,Permitted ,06 OCT 2026,              10.00,          24180000,             41.05,      992105400.00      
06 OCT 2026,DEEPA,EQ,DEEPA JEWELLERS LIMITED  ,Listed    ,06 OCT 2026,               2.00,          96124293,            214.05,    20574443673.70     
06 OCT 2026,DEEPAKFERT,EQ,DEEPAK FERTILIZERS & PETR,Listed    ,06 OCT 2026,              10.00,         126237825,           1385.60,   174915130320.00
06 OCT 2026,DEEPAKNTR,EQ,DEEPAK NITRITE LTD       ,Listed    ,06 OCT 2026,               2.00,         136393041,           1560.60,   212854979784.60 
06 OCT 2026,DEEPINDS,EQ,DEEP INDUSTRIES LIMITED  ,Listed    ,06 OCT 2026,               5.00,          64000000,            748.95,    47932800000.00  
06 OCT 2026,DELAPLEX,SM,DELAPLEX LIMITED         ,Listed    ,06 OCT 2026,              10.00,           9158480,             95.50,      874634840.00  
06 OCT 2026,DELHIVERY,EQ,DELHIVERY LIMITED        ,Listed    ,06 OCT 2026,               1.00,         749294369,            407.50,   305337455367.50 
06 OCT 2026,DELPHIFX,BE,DELPHI WORLD MONEY LTD   ,Listed    ,06 OCT 2026,               2.00,         245267775,              7.15,     1758569946.75  
06 OCT 2026,DELTACORP,EQ,DELTA CORP LIMITED       ,Listed    ,06 OCT 2026,               1.00,         267771097,             84.35,    22583814321.00 
06 OCT 2026,DELTAMAGNT,EQ,DELTA MANUFACTURING LTD  ,Listed    ,06 OCT 2026,              10.00,          10851120,             56.25,      610266988.80
06 OCT 2026,DELTIC,SM,DELTA AUTOCORP LIMITED   ,Listed    ,06 OCT 2026,              10.00,          15289698,             35.90,      548900158.20    
06 OCT 2026,DEN,EQ,DEN NETWORKS LTD         ,Listed    ,06 OCT 2026,              10.00,         477223845,             25.80,    12302830724.10       
06 OCT 2026,DENEERS,SM,DE NEERS TOOLS LIMITED   ,Listed    ,06 OCT 2026,              10.00,           8846400,            167.05,     1477791120.00   
06 OCT 2026,DENORA,EQ,DE NORA INDIA LIMITED    ,Listed    ,06 OCT 2026,              10.00,           5308634,            729.10,     3870525049.40    
06 OCT 2026,DENTA,EQ,DENTA WATER N INFRA SOL L,Listed    ,06 OCT 2026,              10.00,          26700000,            263.20,     7027440000.00     
06 OCT 2026,DENTALKART,SM,VASA DENTICITY LIMITED   ,Listed    ,06 OCT 2026,              10.00,          17493549,            490.15,     8574463042.35
06 OCT 2026,DESTINY,SM,DESTINY LOGISTICS & I LTD,Listed    ,11 AUG 2026,              10.00,          22423000,            100.65,     2256874950.00   
06 OCT 2026,DEVIT,EQ,DEV INFO TECHNOLOGY LTD  ,Listed    ,06 OCT 2026,               2.00,          56363714,             21.35,     1203928931.05     
06 OCT 2026,DEVX,EQ,DEV ACCELERATOR LIMITED  ,Listed    ,06 OCT 2026,               2.00,          94631955,             39.60,     3749318057.10      
06 OCT 2026,DEVYANI,EQ,DEVYANI INTERNATIONAL LTD,Listed    ,06 OCT 2026,               1.00,        1232939791,            129.55,   159702691128.25   
06 OCT 2026,DGCONTENT,EQ,DIGICONTENT LIMITED      ,Listed    ,06 OCT 2026,               2.00,          58187078,             24.75,     1438966438.95 
06 OCT 2026,DHABRIYA,BE,DHABRIYA POLYWOOD LTD.   ,Permitted ,06 OCT 2026,              10.00,          10824245,            454.35,     4917995715.75  
06 OCT 2026,DHAMPURSUG,EQ,DHAMPUR SUGAR MILLS LTD. ,Listed    ,06 OCT 2026,              10.00,          64306509,            188.80,    12141711964.30
06 OCT 2026,DHANBANK,EQ,DHANLAXMI BANK LIMITED   ,Listed    ,06 OCT 2026,              10.00,         394698851,             28.85,    11379167874.35  
06 OCT 2026,DHANLAXMI,SM,DHANLAXMI CROP SCIENCE L ,Listed    ,06 OCT 2026,              10.00,          16328000,             26.50,      432692000.00 
06 OCT 2026,DHANSA,ST,DHANSA LABS LIMITED      ,Listed    ,06 OCT 2026,              10.00,          26903340,             27.10,      729080514.00    
06 OCT 2026,DHANUKA,EQ,DHANUKA AGRITECH LTD     ,Listed    ,06 OCT 2026,               2.00,          44578324,            909.55,    40546214594.20   
06 OCT 2026,DHARAN,BZ,DHARAN INFRA-EPC LIMITED ,Listed    ,06 OCT 2026,               1.00,        5228758452,              0.15,      732026183.30    
06 OCT 2026,DHARARAIL,SM,DHARA RAIL PROJECTS LTD  ,Listed    ,06 OCT 2026,              10.00,          15084000,            141.10,     2128352400.00 
06 OCT 2026,DHARIWAL,SM,DHARIWALCORP LIMITED     ,Listed    ,06 OCT 2026,               2.00,          94014000,             27.85,     2618289900.00  
06 OCT 2026,DHARMAJ,EQ,DHARMAJ CROP GUARD LTD   ,Listed    ,06 OCT 2026,              10.00,          33797296,            266.55,     9008669248.80   
06 OCT 2026,DHATRE,EQ,DHATRE UDYOG LTD.        ,Permitted ,06 OCT 2026,               1.00,         108954500,              3.95,      428191185.00    
06 OCT 2026,DHOOTTRANS,EQ,DHOOT TRANSMISSION LTD   ,Listed    ,06 OCT 2026,               2.00,         204548057,           1474.10,   301524290823.70
06 OCT 2026,DHRUV,EQ,DHRUV CONSULTANCY SER LTD,Listed    ,06 OCT 2026,              10.00,          18966569,             19.50,      369848095.50     
06 OCT 2026,DHTL,SM,DOCMODE HEALTH TECH LTD  ,Listed    ,06 OCT 2026,              10.00,           3142800,             23.55,       74012940.00      
06 OCT 2026,DHUNINV,EQ,DHUNSERI INVESTMENTS LTD ,Listed    ,06 OCT 2026,              10.00,           6097178,            966.90,     5895361408.20   
06 OCT 2026,DIACABS,BE,DIAMOND POWER INFRA LTD  ,Listed    ,06 OCT 2026,               1.00,         598071060,            368.30,   220269571398.00   
06 OCT 2026,DIAMINESQ,EQ,DIAMINES & CHEMICALS LTD ,Listed    ,06 OCT 2026,              10.00,          10055519,            244.55,     2458976616.25 
06 OCT 2026,DIAMONDYD,EQ,PRATAAP SNACKS LIMITED   ,Listed    ,06 OCT 2026,               5.00,          23929955,           1088.20,    26040577031.00 
06 OCT 2026,DICIND,EQ,DIC INDIA LIMITED        ,Listed    ,06 OCT 2026,              10.00,           9178977,            619.20,     5683622558.40    
06 OCT 2026,DIFFNKG,EQ,DIFFUSION ENGINEERS LTD  ,Listed    ,06 OCT 2026,              10.00,          37426259,            454.10,    16995264211.90   
06 OCT 2026,DIGIDRIVE,EQ,DIGIDRIVE DISTRIBUTORS L ,Listed    ,06 OCT 2026,              10.00,          38561898,             17.95,      692186069.10 
06 OCT 2026,DIGIKORE,SM,DIGIKORE STUDIOS LIMITED ,Listed    ,06 OCT 2026,              10.00,          12665600,             36.15,      457861440.00  
06 OCT 2026,DIGISPICE,EQ,DIGISPICE TECHNOLOGIES LT,Listed    ,06 OCT 2026,               3.00,         234671106,             15.10,     3548227122.70 
06 OCT 2026,DIGITIDE,EQ,DIGITIDE SOLUTIONS LTD   ,Listed    ,06 OCT 2026,              10.00,         149179830,             74.00,    11040799218.30  
06 OCT 2026,DIGJAMLMTD,BE,DIGJAM LTD               ,Listed    ,06 OCT 2026,              10.00,          20000000,             47.50,      950400000.00
06 OCT 2026,DIRL,SM,DHANUKA INFRA REALTY LTD ,Listed    ,19 AUG 2026,              10.00,           9540040,              9.50,       90630380.00      
06 OCT 2026,DISAQ,EQ,DISA INDIA LTD.          ,Permitted ,06 OCT 2026,              10.00,           1454205,          11540.00,    16781525700.00     
06 OCT 2026,DISHTV,EQ,DISH TV INDIA LTD.       ,Listed    ,06 OCT 2026,               1.00,        1841256054,              2.10,     3903462834.50    
06 OCT 2026,DIVGIITTS,EQ,DIVGI TORQTRANSFER SYST L,Listed    ,06 OCT 2026,               5.00,          30582927,           1119.20,    34228411898.40 
06 OCT 2026,DIVINEHIRA,ST,DIVINE HIRA JEWELLERS LTD,Listed    ,06 OCT 2026,              10.00,          39141300,            106.40,     4164634320.00
06 OCT 2026,DIVISLAB,EQ,DIVI S LABORATORIES LTD  ,Listed    ,06 OCT 2026,               2.00,         265468580,           9550.00,  2535224939000.00  
06 OCT 2026,DIVYADHAN,SM,DIVYADHAN RECYCLING IND L,Listed    ,05 OCT 2026,              10.00,          14306714,             40.85,      584429266.90 
06 OCT 2026,DIXON,EQ,DIXON TECHNO (INDIA) LTD ,Listed    ,06 OCT 2026,               2.00,          61170586,          13015.00,   796135176790.00     
06 OCT 2026,DJML,EQ,DJ MEDIAPRINT & LOG LTD  ,Listed    ,06 OCT 2026,              10.00,          34669852,             73.85,     2561061967.25      
06 OCT 2026,DKEGL,SM,D K ENTERPRISES GLOBAL L ,Listed    ,30 SEP 2026,              10.00,           7508000,             69.50,      521806000.00     
06 OCT 2026,DLF,EQ,DLF LIMITED              ,Listed    ,06 OCT 2026,               2.00,        2475315036,            666.10,  1648807345479.60       
06 OCT 2026,DLINKINDIA,EQ,D-LINK INDIA LTD         ,Listed    ,06 OCT 2026,               2.00,          35504850,            419.95,    14910261757.50
06 OCT 2026,DMART,EQ,AVENUE SUPERMARTS LIMITED,Listed    ,06 OCT 2026,              10.00,         652245977,           3581.90,  2336279865016.30     
06 OCT 2026,DMCC,EQ,DMCC SPECIALITY CHEMICALS,Listed    ,06 OCT 2026,              10.00,          24939933,            355.80,     8873628161.40      
06 OCT 2026,DNAMEDIA,EQ,DILIGENT MEDIA CORP LTD. ,Listed    ,06 OCT 2026,               1.00,         117708018,              2.40,      284853403.55  
06 OCT 2026,DODLA,EQ,DODLA DAIRY LIMITED      ,Listed    ,06 OCT 2026,              10.00,          60327809,           1019.90,    61528332399.10     
06 OCT 2026,DOLATALGO,EQ,DOLAT ALGOTECH LIMITED   ,Listed    ,06 OCT 2026,               1.00,         176000000,             62.45,    10992960000.00 
06 OCT 2026,DOLLAR,EQ,DOLLAR INDUSTRIES LIMITED,Listed    ,06 OCT 2026,               2.00,          56716120,            278.55,    15798275226.00    
06 OCT 2026,DOLLEX,EQ,DOLLEX AGROTECH LIMITED  ,Listed    ,06 OCT 2026,              10.00,          39948800,             36.90,     1474909696.00    
06 OCT 2026,DOLPHIN,EQ,DOLPHIN OFF ENT (IND) L  ,Listed    ,06 OCT 2026,               1.00,          40004580,            643.35,    25736946543.00   
06 OCT 2026,DOMS,EQ,DOMS INDUSTRIES LIMITED  ,Listed    ,06 OCT 2026,              10.00,          60688336,           2073.20,   125819058195.20      
06 OCT 2026,DONEAR,EQ,DONEAR IND. LIMITED      ,Listed    ,06 OCT 2026,               2.00,          52000000,             80.40,     4180280000.00    
06 OCT 2026,DPABHUSHAN,EQ,D. P. ABHUSHAN LIMITED   ,Listed    ,06 OCT 2026,              10.00,          22827920,           2174.00,    49627898080.00
06 OCT 2026,DPEL,SM,DIVINE POWER ENERGY LTD  ,Listed    ,06 OCT 2026,              10.00,          24965080,            612.60,    15293608008.00      
06 OCT 2026,DPSCLTD,BE,DPSC LIMITED             ,Listed    ,06 OCT 2026,               1.00,         973789640,              6.55,     6388060038.40   
06 OCT 2026,DPWIRES,EQ,D P WIRES LIMITED        ,Listed    ,06 OCT 2026,              10.00,          15500444,            221.55,     3433968363.75   
06 OCT 2026,DRAGARWQ,EQ,DR. AGARWAL'S EYE HOSP L ,Permitted ,06 OCT 2026,              10.00,           4832827,           5195.00,    25106536265.00  
06 OCT 2026,DRCSYSTEMS,EQ,DRC SYSTEMS INDIA LIMITED,Listed    ,06 OCT 2026,               1.00,         144081330,             12.90,     1861530783.60
06 OCT 2026,DREAMFOLKS,EQ,DREAMFOLKS SERVICES LTD  ,Listed    ,06 OCT 2026,               2.00,          53269862,             60.65,     3231349828.90
06 OCT 2026,DREDGECORP,EQ,DREDGING CORP OF INDIA   ,Listed    ,06 OCT 2026,              10.00,          28000000,            909.00,    25452000000.00
06 OCT 2026,DRONE,SM,DRONE DESTINATION LIMITED,Listed    ,06 OCT 2026,              10.00,          24399998,             33.30,      812519933.40     
06 OCT 2026,DRREDDY,EQ,DR. REDDY S LABORATORIES ,Listed    ,06 OCT 2026,               1.00,         834680285,           1208.00,  1008293784280.00   
06 OCT 2026,DRSCARGO,SM,DRS CARGO MOVERS LIMITED ,Listed    ,15 APR 2026,              10.00,           7531201,             21.80,      164180181.80  
06 OCT 2026,DRSDILIP,SM,DRS DILIP ROADLINES LTD. ,Listed    ,01 SEP 2026,              10.00,          15062403,            107.00,     1611677121.00  
06 OCT 2026,DSFCL,BE,DCM SHRIRAM FINE CHEM LTD,Listed    ,06 OCT 2026,               2.00,          86992185,             27.95,     2430561648.90     
06 OCT 2026,DSKULKARNI,BE,DS KULKARNI DEVELOPERS L ,Listed    ,06 OCT 2026,              10.00,          10000000,             27.10,      271200000.00
06 OCT 2026,DSSL,EQ,DYNACONS SYS & SOLN LTD  ,Listed    ,06 OCT 2026,              10.00,          12737080,           1013.05,    12903298894.00      
06 OCT 2026,DTIL,BE,DHUNSERI TEA & IND. LTD. ,Listed    ,06 OCT 2026,              10.00,          10507427,            154.00,     1618143758.00      
06 OCT 2026,DTL,SM,DIENSTEN TECH LIMITED    ,Listed    ,28 SEP 2026,              10.00,           8260646,            120.05,      991690552.30       
06 OCT 2026,DUCOL,SM,DUCOL ORGS AND COLOURS LT,Listed    ,06 OCT 2026,              10.00,          18058655,            122.00,     2203155910.00     
06 OCT 2026,DUCON,EQ,DUCON INFRATECHNOLOGIES L,Listed    ,06 OCT 2026,               1.00,         574868346,              1.40,      816313051.30     
06 OCT 2026,DUGLOBAL,SM,DUDIGITAL GLOBAL LIMITED ,Listed    ,05 OCT 2026,               2.00,          71941741,             21.80,     1568329953.80  
06 OCT 2026,DURLAX,SM,DURLAX TOP SURFACE LTD   ,Listed    ,06 OCT 2026,              10.00,          28932198,             63.75,     1844427622.50    
06 OCT 2026,DVL,EQ,DHUNSERI VENTURES LIMITED,Listed    ,06 OCT 2026,              10.00,          35024754,            278.60,     9757896464.40       
06 OCT 2026,DWARKESH,EQ,DWARIKESH SUGAR IND LTD  ,Listed    ,06 OCT 2026,               1.00,         185301470,             46.85,     8683226884.20  
06 OCT 2026,DYCL,EQ,DYNAMIC CABLES LIMITED   ,Listed    ,06 OCT 2026,              10.00,          48458638,            446.05,    21614975479.90      
06 OCT 2026,DYNAMATECH,EQ,DYNAMATIC TECHNOLOGIES   ,Listed    ,06 OCT 2026,              10.00,           6791443,          14279.00,    96975014597.00
06 OCT 2026,DYNAMIC,SM,DYNAMIC SRVCS & SEC LTD  ,Listed    ,06 OCT 2026,              10.00,          23518192,            131.00,     3080883152.00   
06 OCT 2026,DYNPRO,EQ,DYNEMIC PRODUCTS LIMITED ,Listed    ,06 OCT 2026,              10.00,          12428387,            221.55,     2753509139.85    
06 OCT 2026,E2E,BE,E2E NETWORKS LIMITED     ,Listed    ,06 OCT 2026,               1.00,         205564890,            688.90,   141613652721.00       
06 OCT 2026,E2ERAIL,SM,E TO E TRANS INFRA LTD   ,Listed    ,06 OCT 2026,              10.00,          17257570,            312.65,     5395579260.50   
06 OCT 2026,EASEMYTRIP,EQ,EASY TRIP PLANNERS LTD   ,Listed    ,06 OCT 2026,               1.00,        3984651865,              5.80,    23110980817.00
06 OCT 2026,EASTSILK,BE,EASTERN SILK INDUSTRIES L,Listed    ,06 OCT 2026,               2.00,           5000000,             67.20,      336000000.00  
06 OCT 2026,EASTWEST,EQ,EAST WEST FREIGHT CARRI L,Permitted ,06 OCT 2026,               2.00,         127575000,              2.20,      283216500.00  
06 OCT 2026,EBGNG,EQ,GNG ELECTRONICS LIMITED  ,Listed    ,06 OCT 2026,               2.00,         114011517,            685.15,    78114990872.55     
06 OCT 2026,EBIX,BE,EBIX LIMITED             ,Permitted ,06 OCT 2026,               1.00,         214294160,             17.00,     3645143661.60      
06 OCT 2026,ECLERX,EQ,ECLERX SERVICES LTD      ,Listed    ,06 OCT 2026,              10.00,          94050718,           1917.20,   180314036549.60    
06 OCT 2026,ECOLINE,SM,ECOLINE EXIM LIMITED     ,Listed    ,06 OCT 2026,              10.00,          20515376,            184.95,     3794318791.20   
06 OCT 2026,ECORECO,EQ,ECO RECYCLING LTD.       ,Permitted ,06 OCT 2026,              10.00,          19296750,            438.70,     8465484225.00   
06 OCT 2026,ECOSMOBLTY,EQ,ECOS (INDIA) MOB & HOSP L,Listed    ,06 OCT 2026,               2.00,          60000000,            110.40,     6625200000.00
06 OCT 2026,EDELWEISS,EQ,EDELWEISS FIN SERV LTD   ,Listed    ,06 OCT 2026,               1.00,         946541103,            135.55,   128284715689.60 
06 OCT 2026,EEPL,ST,EPPELTONE ENGINEERS LTD  ,Listed    ,06 OCT 2026,              10.00,          12959312,            136.00,     1762466432.00      
06 OCT 2026,EFACTOR,SM,E FACTOR EXPERIENCES LTD ,Listed    ,06 OCT 2026,              10.00,          13131398,            183.50,     2409611533.00   
06 OCT 2026,EFCIL,EQ,EFC (I) LIMITED          ,Listed    ,06 OCT 2026,               2.00,         147946162,            170.10,    25165642156.20     
06 OCT 2026,EFFWA,SM,EFFWA INFRA & RESEARCH L ,Listed    ,06 OCT 2026,              10.00,          23147167,            343.35,     7947579789.45     
06 OCT 2026,EFORCE,SM,ELECTRO FORCE (INDIA) LTD,Listed    ,06 OCT 2026,              10.00,          23400001,             18.00,      421200018.00    
06 OCT 2026,EICHERMOT,EQ,EICHER MOTORS LTD        ,Listed    ,06 OCT 2026,               1.00,         274521706,           7051.00,  1935652549006.00 
06 OCT 2026,EIDPARRY,EQ,EID PARRY INDIA LTD      ,Listed    ,06 OCT 2026,               1.00,         177955692,            699.20,   124426619846.40  
06 OCT 2026,EIEL,EQ,ENVIRO INFRA ENGINEERS L ,Listed    ,06 OCT 2026,              10.00,         175530000,            185.55,    32567836200.00      
06 OCT 2026,EIFFL,BE,EURO (I) FRESH FOODS LTD ,Listed    ,06 OCT 2026,              10.00,          24800000,            259.50,     6435600000.00     
06 OCT 2026,EIHAHOTELS,EQ,EIH ASSOCIATED HOTELS LTD,Listed    ,06 OCT 2026,              10.00,          60936294,            297.80,    18146828353.20
06 OCT 2026,EIHOTEL,EQ,EIH LIMITED              ,Listed    ,06 OCT 2026,               2.00,         625364182,            300.70,   188047009527.40   
06 OCT 2026,EIMCOELECO,EQ,EIMCO ELECON (INDIA) LTD ,Listed    ,06 OCT 2026,              10.00,           5768385,           2371.80,    13681455543.00
06 OCT 2026,EKC,EQ,EVEREST KANTO CYLINDERLTD,Listed    ,06 OCT 2026,               2.00,         112207682,            106.55,    11954606440.30       
06 OCT 2026,EKI,BE,EKI ENERGY SERVICES LTD  ,Permitted ,06 OCT 2026,              10.00,          27686750,             88.40,     2447785567.50       
06 OCT 2026,ELANTAS,EQ,ELANTAS BECK INDIA LTD.  ,Permitted ,06 OCT 2026,              10.00,           7927682,          13937.00,   110488104034.00   
06 OCT 2026,ELCIDIN,EQ,ELCID INVESTMENTS LTD.   ,Permitted ,06 OCT 2026,              10.00,            200000,         102975.00,    20595000000.00   
06 OCT 2026,ELDEHSG,EQ,ELDECO HSG & IND LTD.    ,Listed    ,06 OCT 2026,               2.00,           9833000,            785.20,     7720871600.00   
06 OCT 2026,ELECON,EQ,ELECON ENG. CO. LTD      ,Listed    ,06 OCT 2026,               1.00,         224399930,            446.30,   100149688759.00    
06 OCT 2026,ELECTCAST,EQ,ELECTROSTEEL CASTINGS LTD,Listed    ,06 OCT 2026,               1.00,         618184591,             78.95,    48818037151.25 
06 OCT 2026,ELECTHERM,EQ,ELECTROTHERM (I) LTD.    ,Listed    ,06 OCT 2026,              10.00,          12742814,            735.25,     9369153993.50 
06 OCT 2026,ELEVATE,EQ,ELEVATE CAMPUSES LIMITED ,Listed    ,06 OCT 2026,               1.00,         168531037,            337.75,    56921357746.75   
06 OCT 2026,ELGIEQUIP,EQ,ELGI EQUIPMENTS LTD      ,Listed    ,06 OCT 2026,               1.00,         316909016,            599.25,   189907727838.00 
06 OCT 2026,ELGIRUBCO,EQ,ELGI RUBBER CO. LTD      ,Listed    ,06 OCT 2026,               1.00,          50050000,             55.95,     2801298500.00 
06 OCT 2026,ELGNZ,SM,ELEGANZ INTERIORS LIMITED,Listed    ,06 OCT 2026,              10.00,          22599626,             80.00,     1807970080.00     
06 OCT 2026,ELIN,EQ,ELIN ELECTRONICS LIMITED ,Listed    ,06 OCT 2026,               5.00,          49709220,             78.85,     3919074904.80      
06 OCT 2026,ELITECON,EQ,ELITECON INTERNATIONAL L ,Permitted ,06 OCT 2026,               1.00,        1598500000,              7.25,    11573140000.00  
06 OCT 2026,ELLEN,EQ,ELLENBARRIE INDUS GASES L,Listed    ,06 OCT 2026,               2.00,         140935600,            348.20,    49073775920.00     
06 OCT 2026,ELPROINTL,EQ,ELPRO INTERNATIONAL LTD  ,Permitted ,06 OCT 2026,               1.00,         169479130,            174.40,    29555465480.70 
06 OCT 2026,EMAMILTD,EQ,EMAMI LIMITED            ,Listed    ,06 OCT 2026,               1.00,         436500000,            384.00,   167616000000.00  
06 OCT 2026,EMAMIPAP,BE,EMAMI PAPER MILLS LIMITED,Listed    ,06 OCT 2026,               2.00,          60499050,            115.20,     6969490560.00  
06 OCT 2026,EMAMIREAL,EQ,EMAMI REALTY LIMITED     ,Listed    ,06 OCT 2026,               2.00,          52033889,             68.45,     3560679024.25 
06 OCT 2026,EMAPARTNER,SM,EMA PARTNERS INDIA LTD   ,Listed    ,06 OCT 2026,               5.00,          22521426,             82.05,     1847883003.30
06 OCT 2026,EMBASSY,RR,EMBASSY OFFICE PARKS REIT,Listed    ,06 OCT 2026,             300.00,         947893743,            431.20,   408741260919.05   
06 OCT 2026,EMBDL,EQ,EMBASSY DEVELOPMENTS LTD ,Listed    ,06 OCT 2026,               2.00,        1390633433,             57.35,    79725014713.90     
06 OCT 2026,EMCURE,EQ,EMCURE PHARMACEUTICALS L ,Listed    ,06 OCT 2026,              10.00,         189710647,           1922.40,   364699747792.80    
06 OCT 2026,EMIL,EQ,ELECTRONICS MART IND LTD ,Listed    ,06 OCT 2026,              10.00,         384748762,            201.40,    77496095642.05      
06 OCT 2026,EMKAY,EQ,EMKAY GLOBAL FIN SERV LTD,Listed    ,06 OCT 2026,              10.00,          27380131,            285.60,     7819765413.60     
06 OCT 2026,EMKAYTOOLS,SM,EMKAY TAP & CUT. TOOL LTD,Listed    ,06 OCT 2026,              10.00,          10671300,             94.00,     1003102200.00
06 OCT 2026,EMMBI,EQ,EMMBI INDUSTRIES LIMITED ,Listed    ,06 OCT 2026,              10.00,          19240250,             88.15,     1696028037.50     
06 OCT 2026,EMMIL,SM,ENERGY MISSION MACH IND L,Listed    ,06 OCT 2026,              10.00,          11326500,            129.95,     1471878675.00     
06 OCT 2026,EMMVEE,EQ,EMMVEE PHOTOVOLTAIC PWR L,Listed    ,06 OCT 2026,               2.00,         692345033,            296.50,   205280302284.50    
06 OCT 2026,EMPIND,EQ,EMPIRE INDUSTRIES LTD.   ,Permitted ,06 OCT 2026,              10.00,           5999998,           1040.00,     6239997920.00    
06 OCT 2026,EMPOWER,EQ,EMPOWER INDIA LTD.       ,Permitted ,06 OCT 2026,               1.00,        1163798560,              1.70,     1955181580.80   
06 OCT 2026,EMSLIMITED,EQ,EMS LIMITED              ,Listed    ,06 OCT 2026,              10.00,          55530807,            334.25,    18561172239.75
06 OCT 2026,EMUDHRA,EQ,EMUDHRA LIMITED          ,Listed    ,06 OCT 2026,               5.00,          82811707,            607.90,    50341236685.30   
06 OCT 2026,ENCOMPAS,SM,ENCOMPASS DESIGN INDIA L ,Listed    ,06 OCT 2026,              10.00,          14183544,            254.00,     3602620176.00  
06 OCT 2026,ENDURANCE,EQ,ENDURANCE TECHNO. LTD.   ,Listed    ,06 OCT 2026,              10.00,         140662848,           2516.00,   353907725568.00 
06 OCT 2026,ENERGYDEV,EQ,ENERGY DEVE. CO.LTD      ,Listed    ,06 OCT 2026,              10.00,          47500000,             14.35,      682100000.00 
06 OCT 2026,ENFUSE,SM,ENFUSE SOLUTIONS LIMITED ,Listed    ,06 OCT 2026,              10.00,           8847600,            154.00,     1362530400.00    
06 OCT 2026,ENGINERSIN,EQ,ENGINEERS INDIA LTD      ,Listed    ,06 OCT 2026,               5.00,         562042373,            313.30,   176087875460.90
06 OCT 2026,ENIL,EQ,ENTERTAIN NET. IND. LTD. ,Listed    ,06 OCT 2026,              10.00,          47670415,             92.25,     4397119079.60      
06 OCT 2026,ENKEIWHEL,EQ,ENKEI WHEELS (INDIA) LTD.,Permitted ,06 OCT 2026,               5.00,          17974895,            386.60,     6949094407.00 
06 OCT 2026,ENRIN,EQ,SIEMENS ENERGY INDIA LTD ,Listed    ,06 OCT 2026,               2.00,         356120505,           3307.50,  1177868570287.50     
06 OCT 2026,ENSER,SM,ENSER COMMUNICATIONS LTD ,Listed    ,06 OCT 2026,               2.00,          87160590,             15.30,     1333557027.00     
06 OCT 2026,ENTERO,EQ,ENTERO HEALTHCARE SOLU L ,Listed    ,06 OCT 2026,              10.00,          43523072,           1721.60,    74929320755.20    
06 OCT 2026,ENVIRO,SM,ENVIROTECH SYSTEMS LTD   ,Listed    ,06 OCT 2026,              10.00,          18790000,             71.80,     1349122000.00    
06 OCT 2026,EPACK,EQ,EPACK DURABLE LIMITED    ,Listed    ,06 OCT 2026,              10.00,          96276695,            173.75,    16728075756.25     
06 OCT 2026,EPACKPEB,EQ,EPACK PREFAB TECHN LTD   ,Listed    ,06 OCT 2026,               2.00,         100631006,            247.80,    24938375906.90  
06 OCT 2026,EPIGRAL,EQ,EPIGRAL LIMITED          ,Listed    ,06 OCT 2026,              10.00,          43141338,           1036.20,    44703054435.60   
06 OCT 2026,EPL,EQ,EPL LIMITED              ,Listed    ,06 OCT 2026,               2.00,         320371279,            237.25,    76001678517.15       
06 OCT 2026,EPWINDIA,SM,EPW INDIA LIMITED        ,Listed    ,06 OCT 2026,               5.00,          11479600,            228.60,     2624236560.00  
06 OCT 2026,EQUIPPP,BE,EQUIPPP SOC IMP TECH LTD ,Listed    ,06 OCT 2026,               1.00,         103095225,             22.50,     2319642562.50   
06 OCT 2026,EQUITASBNK,EQ,EQUITAS SMALL FIN BNK LTD,Listed    ,06 OCT 2026,              10.00,        1144126917,             67.95,    77754865279.30
06 OCT 2026,ERIS,EQ,ERIS LIFESCIENCES LIMITED,Listed    ,06 OCT 2026,               1.00,         138583305,           1184.70,   164179641433.50      
06 OCT 2026,ESABINDIA,EQ,ESAB INDIA LTD           ,Listed    ,06 OCT 2026,              10.00,          15393020,           5608.00,    86324056160.00 
06 OCT 2026,ESAFSFB,BE,ESAF SMALL FINANCE BANK L,Listed    ,06 OCT 2026,              10.00,         516108544,             42.15,    21753975129.60   
06 OCT 2026,ESCONET,ST,ESCONET TECHNOLOGIES LTD ,Listed    ,06 OCT 2026,              10.00,          13196238,            232.85,     3072744018.30   
06 OCT 2026,ESCORTS,EQ,ESCORTS KUBOTA LIMITED   ,Listed    ,06 OCT 2026,              10.00,         111877754,           2811.70,   314566680921.80   
06 OCT 2026,ESDS,EQ,ESDS SOFTWARE SOLUTION L ,Listed    ,06 OCT 2026,               1.00,         117210969,           1294.30,   151706157176.70      
06 OCT 2026,ESFL,SM,ESSEN SPECIALITY FILMS L ,Listed    ,06 OCT 2026,              10.00,          24839040,            112.55,     2795633952.00      
06 OCT 2026,ESPRIT,SM,ESPRIT STONES LIMITED    ,Listed    ,06 OCT 2026,              10.00,          21945200,             62.00,     1360602400.00    
06 OCT 2026,ESSARSHPNG,EQ,ESSAR SHIPPING LTD       ,Listed    ,06 OCT 2026,              10.00,         206976072,             16.70,     3460639923.85
06 OCT 2026,ESSENTIA,EQ,INTEGRA ESSENTIA LIMITED ,Listed    ,06 OCT 2026,               1.00,        1755283254,              1.00,     1772836086.55  
06 OCT 2026,ESTER,EQ,ESTER INDUSTRIES LTD     ,Listed    ,06 OCT 2026,               5.00,         104295042,             93.85,     9790175592.55     
06 OCT 2026,ETERNAL,EQ,ETERNAL LIMITED          ,Listed    ,06 OCT 2026,               1.00,        9650350647,            329.00,  3174965362863.00   
06 OCT 2026,ETHOSLTD,EQ,ETHOS LIMITED            ,Listed    ,06 OCT 2026,              10.00,          26757693,           2621.20,    70137264891.60  
06 OCT 2026,ETL,SM,EMKAY TOOLS LIMITED      ,Listed    ,06 OCT 2026,               1.00,          10671300,           1125.00,    12005212500.00       
06 OCT 2026,ETML,SM,EMERALD TYRE MANUF LTD   ,Listed    ,06 OCT 2026,              10.00,          19476512,             72.95,     1420811550.40      
06 OCT 2026,EUREKAFORB,EQ,EUREKA FORBES LIMITED    ,Listed    ,06 OCT 2026,              10.00,         193549186,            353.80,    68477702006.80
06 OCT 2026,EUROBOND,EQ,EURO PANEL PRODUCTS LTD  ,Listed    ,06 OCT 2026,              10.00,          24500000,            143.40,     3513300000.00  
06 OCT 2026,EUROPRATIK,EQ,EURO PRATIK SALES LIMITED,Listed    ,06 OCT 2026,               1.00,         102200000,            180.00,    18398044000.00
06 OCT 2026,EUROTEXIND,EQ,EUROTEX INDUSTRIES LTD   ,Listed    ,06 OCT 2026,              10.00,           8749865,             16.35,      142885295.45
06 OCT 2026,EVEREADY,EQ,EVEREADY INDS. IND.  LTD.,Listed    ,06 OCT 2026,               5.00,          72687260,            320.10,    23267191926.00  
06 OCT 2026,EVERESTIND,EQ,EVEREST INDUSTRIES LTD   ,Listed    ,06 OCT 2026,              10.00,          15855754,            515.95,     8180776276.30
06 OCT 2026,EXCELINDUS,EQ,EXCEL INDUSTRIES LTD     ,Listed    ,06 OCT 2026,               5.00,          12570692,            924.10,    11616576477.20
06 OCT 2026,EXCELLENT,ST,EXCELLENT WIRES N PACK L ,Listed    ,06 OCT 2026,              10.00,           4470000,            185.50,      829185000.00 
06 OCT 2026,EXCELSOFT,EQ,EXCELSOFT TECHNOLOGIES L ,Listed    ,06 OCT 2026,              10.00,         115084164,             82.10,     9448409864.40 
06 OCT 2026,EXICOM,EQ,EXICOM TELE SYSTEMS LTD  ,Listed    ,06 OCT 2026,              10.00,         139079771,            156.15,    21720087837.05    
06 OCT 2026,EXIDEIND,EQ,EXIDE INDUSTRIES LTD     ,Listed    ,06 OCT 2026,               1.00,         850000000,            405.75,   344887500000.00  
06 OCT 2026,EXIMROUTES,SM,EXIM ROUTES LIMITED      ,Listed    ,06 OCT 2026,               5.00,          18752000,             87.40,     1638924800.00
06 OCT 2026,EXPLEOSOL,EQ,EXPLEO SOLUTIONS LIMITED ,Listed    ,06 OCT 2026,              10.00,          15519739,            878.85,    13639522620.15 
06 OCT 2026,EXXARO,EQ,EXXARO TILES LIMITED     ,Listed    ,06 OCT 2026,               1.00,         447410700,              6.15,     2747101698.00    
06 OCT 2026,FABTECH,EQ,FABTECH TECHNOLOGIES LTD ,Listed    ,06 OCT 2026,              10.00,          44450794,            141.05,     6269339985.75   
06 OCT 2026,FACT,EQ,FACT LTD                 ,Listed    ,06 OCT 2026,              10.00,         647071974,            759.00,   491127628266.00      
06 OCT 2026,FAIRCHEMOR,EQ,FAIRCHEM ORGANICS LIMITED,Listed    ,06 OCT 2026,              10.00,          12595902,            679.30,     8556396228.60
06 OCT 2026,FALCONTECH,SM,FALCON TECHNOPROJ IND LTD,Listed    ,01 OCT 2026,              10.00,          26783965,             12.90,      345513148.50
06 OCT 2026,FASCINATE,SM,FASCINATE TEXTILES LTD   ,Listed    ,06 OCT 2026,              10.00,          13760893,             81.45,     1120824734.85 
06 OCT 2026,FAZE3Q,EQ,FAZE THREE LIMITED       ,Listed    ,06 OCT 2026,              10.00,          24597840,            445.75,    10964487180.00    
06 OCT 2026,FCL,EQ,FINEOTEX CHEMICAL LIMITED,Listed    ,06 OCT 2026,               1.00,        1164500900,             59.20,    68938453280.00       
06 OCT 2026,FCSSOFT,EQ,FCS SOFTWARE SOLN. LTD.  ,Listed    ,06 OCT 2026,               1.00,        1709553100,              1.40,     2410469871.00   
06 OCT 2026,FDC,EQ,FDC LIMITED              ,Listed    ,06 OCT 2026,               1.00,         162810084,            333.65,    54321584526.60       
06 OCT 2026,FEDDERSHOL,EQ,FEDDERS HOLDING LTD.     ,Permitted ,06 OCT 2026,               1.00,         201415970,             64.25,    12940976072.50
06 OCT 2026,FEDERALBNK,EQ,FEDERAL BANK LTD         ,Listed    ,06 OCT 2026,               2.00,        2473577902,            320.00,   791544928640.00
06 OCT 2026,FEDFINA,EQ,FEDBANK FINANCIAL SER L  ,Listed    ,06 OCT 2026,              10.00,         375141782,            150.70,    56541369383.05   
06 OCT 2026,FEL,BZ,FUTURE ENTERPRISES LTD   ,Listed    ,06 OCT 2026,               2.00,         454930401,              0.35,      168324248.35       
06 OCT 2026,FELDVR,BZ,FUTURE ENTERPRISES LTD   ,Listed    ,06 OCT 2026,               2.00,          39374679,              1.95,       77174370.85    
06 OCT 2026,FELIX,SM,FELIX INDUSTRIES LTD.    ,Listed    ,06 OCT 2026,              10.00,          17206350,            194.40,     3344914440.00     
06 OCT 2026,FERMENTA,EQ,FERMENTA BIOTECH LTD.    ,Listed    ,06 OCT 2026,               5.00,          29430987,            569.45,    16759475547.15  
06 OCT 2026,FIBERWEB,EQ,FIBERWEB INDIA LIMITED   ,Listed    ,06 OCT 2026,              10.00,          28791710,             26.45,      762116563.70  
06 OCT 2026,FIDEL,SM,FIDEL SOFTECH LIMITED    ,Listed    ,06 OCT 2026,              10.00,          13750560,            177.60,     2442099456.00     
06 OCT 2026,FIEMIND,EQ,FIEM INDUSTRIES LIMITED  ,Listed    ,06 OCT 2026,              10.00,          26319660,           1779.50,    46835834970.00   
06 OCT 2026,FILATEX,EQ,FILATEX INDIA LTD        ,Listed    ,06 OCT 2026,               1.00,         444058375,            111.35,    49450340640.00   
06 OCT 2026,FILATFASH,EQ,FILATEX FASHIONS LIMITED ,Listed    ,06 OCT 2026,               1.00,        8334072725,              0.20,     1500133090.50 
06 OCT 2026,FINBUD,SM,FINBUD FINANCIAL SERV LTD,Listed    ,06 OCT 2026,              10.00,          19049480,            118.00,     2247838640.00    
06 OCT 2026,FINCABLES,EQ,FINOLEX CABLES LTD       ,Listed    ,06 OCT 2026,               2.00,         152939345,           1474.00,   225432594530.00 
06 OCT 2026,FINEORG,EQ,FINE ORGANIC IND. LTD.   ,Listed    ,06 OCT 2026,               5.00,          30659976,           5537.00,   169764287112.00   
06 OCT 2026,FINKURVE,EQ,FINKURVE FINANCIAL SERV L,Listed    ,06 OCT 2026,               1.00,         140143988,             69.30,     9713379808.30  
06 OCT 2026,FINOPB,EQ,FINO PAYMENTS BANK LTD   ,Listed    ,06 OCT 2026,              10.00,          83218402,            128.30,    10676088792.60    
06 OCT 2026,FINPIPE,EQ,FINOLEX INDUSTRIES LTD   ,Listed    ,06 OCT 2026,               2.00,         620476905,            154.70,    96000186741.60   
06 OCT 2026,FIRSTCRY,EQ,BRAINBEES SOLUTIONS LTD  ,Listed    ,06 OCT 2026,               2.00,         522090584,            177.55,    92707625000.90  
06 OCT 2026,FISCHER,EQ,FISCHER MEDICAL VENTURE L,Listed    ,06 OCT 2026,               1.00,         654515470,             33.15,    21690642675.80   
06 OCT 2026,FIVESTAR,EQ,FIVE-STAR BUS FIN LTD    ,Listed    ,06 OCT 2026,               1.00,         295195658,            514.35,   151833886692.30  
06 OCT 2026,FLAIR,EQ,FLAIR WRITING INDUST LTD ,Listed    ,06 OCT 2026,               5.00,         105395378,            227.85,    24013282923.50     
06 OCT 2026,FLEXITUFF,BE,FLEXITUFF VENTURES INT L ,Listed    ,06 OCT 2026,              10.00,          32822806,              3.15,      102735382.80 
06 OCT 2026,FLFL,BZ,FUT LIFESTYLE FASH LTD   ,Listed    ,06 OCT 2026,               2.00,         201774874,              1.00,      205810371.50      
06 OCT 2026,FLUOROCHEM,EQ,GUJARAT FLUOROCHEM LTD   ,Listed    ,06 OCT 2026,               1.00,         109850000,           4577.20,   502805420000.00
06 OCT 2026,FLYSBS,SM,FLYSBS AVIATION LIMITED  ,Listed    ,06 OCT 2026,              10.00,          17303751,            648.40,    11219752148.40    
06 OCT 2026,FMGOETZE,EQ,FEDERAL-MOGUL GOETZE (IND,Listed    ,06 OCT 2026,              10.00,          55632130,            448.50,    24951010305.00  
06 OCT 2026,FMNL,EQ,FUTURE MKT NETWORKS LTD  ,Listed    ,06 OCT 2026,              10.00,          63644381,              7.95,      506609272.75      
06 OCT 2026,FOCE,SM,FOCE INDIA LIMITED       ,Listed    ,30 SEP 2026,              10.00,          11743020,            575.00,     6752236500.00      
06 OCT 2026,FOCUS,EQ,FOCUS LIGHTG & FIXTRS LTD,Listed    ,06 OCT 2026,               2.00,          67444950,             55.95,     3773544952.50     
06 OCT 2026,FONEBOX,ST,FONEBOX RETAIL LIMITED   ,Listed    ,06 OCT 2026,              10.00,          10260000,            127.50,     1308150000.00   
06 OCT 2026,FOODSIN,EQ,FOODS & INNS LIMITED     ,Listed    ,06 OCT 2026,               1.00,          73531558,             50.80,     3733932515.25   
06 OCT 2026,FORCAS,ST,FORCAS STUDIO LIMITED    ,Listed    ,06 OCT 2026,              10.00,          17580000,            233.70,     4108446000.00    
06 OCT 2026,FORCEMOT,EQ,FORCE MOTORS LIMITED     ,Listed    ,06 OCT 2026,              10.00,          13032914,          17110.00,   222993158540.00  
06 OCT 2026,FORGEAUTO,SM,FORGE AUTO INTERNATION L ,Listed    ,06 OCT 2026,              10.00,          10920000,             99.45,     1085994000.00 
06 OCT 2026,FORTIS,EQ,FORTIS HEALTHCARE LTD    ,Listed    ,06 OCT 2026,              10.00,         754958148,            764.00,   576788025072.00    
06 OCT 2026,FOSECOIND,EQ,FOSECO INDIA LTD         ,Listed    ,06 OCT 2026,              10.00,           7537259,           6440.00,    48539947960.00 
06 OCT 2026,FRACTAL,EQ,FRACTAL ANALYTICS LIMITED,Listed    ,06 OCT 2026,               1.00,         173255040,            742.15,   128581227936.00   
06 OCT 2026,FREDUN,EQ,FREDUN PHARMACEUTICALS L ,Permitted ,06 OCT 2026,              10.00,          16538070,           1406.70,    23264103069.00    
06 OCT 2026,FRESHARA,ST,FRESHARA AGRO EXPORTS LTD,Listed    ,06 OCT 2026,              10.00,          23499200,            391.30,     9195236960.00  
06 OCT 2026,FROG,SM,FROG INNOVATIONS LIMITED ,Listed    ,06 OCT 2026,              10.00,          15554300,            255.00,     3966346500.00      
06 OCT 2026,FRONTSP,EQ,FRONTIER SPRINGS LTD.    ,Permitted ,06 OCT 2026,              10.00,          11815533,           1392.50,    16453129702.50   
06 OCT 2026,FSL,EQ,FIRSTSOURCE SOLU. LTD.   ,Listed    ,06 OCT 2026,              10.00,         696990826,            260.25,   181391862466.50       
06 OCT 2026,FUSION,EQ,FUSION FINANCE LIMITED   ,Listed    ,06 OCT 2026,              10.00,         161911840,            169.00,    27363100960.00    
06 OCT 2026,FWSTC,SM,FLYWINGS SIMULAT T C LTD ,Listed    ,06 OCT 2026,              10.00,          10177128,            191.00,     1943831448.00     
06 OCT 2026,GABRIEL,EQ,GABRIEL INDIA LTD        ,Listed    ,06 OCT 2026,               1.00,         177230023,           1352.90,   239774498116.70   
06 OCT 2026,GAEL,EQ,GUJARAT AMBUJA EXPORTS LT,Listed    ,06 OCT 2026,               1.00,         458670660,            162.80,    74676170154.60      
06 OCT 2026,GAIL,EQ,GAIL (INDIA) LTD         ,Listed    ,06 OCT 2026,              10.00,        6575099644,            172.10,  1131443146739.50      
06 OCT 2026,GAJA,EQ,GAJA ALT ASSET MGT LTD   ,Listed    ,06 OCT 2026,               5.00,         141010230,            141.70,    19982559693.30      
06 OCT 2026,GAJANAND,SM,GAJANAND INTERNATIONAL L ,Listed    ,05 OCT 2026,              10.00,          18835568,              7.20,      135616089.60  
06 OCT 2026,GALAPREC,EQ,GALA PRECISION ENG LTD   ,Listed    ,06 OCT 2026,              10.00,          12816200,           1161.00,    14879608200.00  
06 OCT 2026,GALAXYSURF,EQ,GALAXY SURFACTANTS LTD   ,Listed    ,06 OCT 2026,              10.00,          35454752,           2442.40,    86594686284.80
06 OCT 2026,GALLANTT,EQ,GALLANTT ISPAT LIMITED   ,Listed    ,06 OCT 2026,              10.00,         241280945,            530.05,   127890964897.25  
06 OCT 2026,GANDHAR,EQ,GANDHAR OIL REFINE IND L ,Listed    ,06 OCT 2026,               2.00,          97879530,            282.50,    27650967225.00   
06 OCT 2026,GANDHITUBE,EQ,GANDHI SPL. TUBES LTD    ,Listed    ,06 OCT 2026,               5.00,          12152000,            981.50,    11927188000.00
06 OCT 2026,GANECOS,EQ,GANESHA ECOSPHERE LIMITED,Listed    ,06 OCT 2026,              10.00,          26795984,            990.10,    26530703758.40   
06 OCT 2026,GANESHBE,BE,GANESH BENZOPLAST LIMITED,Listed    ,06 OCT 2026,               1.00,          71989421,            112.30,     8082972189.90  
06 OCT 2026,GANESHCP,EQ,GANESH CONSUMER PRODUCT L,Listed    ,06 OCT 2026,              10.00,          40412946,            145.45,     5878871254.60  
06 OCT 2026,GANESHHOU,EQ,GANESH HOUSING LIMITED   ,Listed    ,06 OCT 2026,              10.00,          83387090,            713.65,    59509196778.50 
06 OCT 2026,GANESHIN,SM,GANESH INFRAWORLD LIMITED,Listed    ,06 OCT 2026,               5.00,          43770997,             87.05,     3810265288.85  
06 OCT 2026,GANGABATH,SM,GANGA BATH FITTINGS LTD  ,Listed    ,06 OCT 2026,              10.00,          22207848,             20.30,      450819314.40 
06 OCT 2026,GANGAFORGE,EQ,GANGA FORGING LIMITED    ,Listed    ,06 OCT 2026,               1.00,         337005575,              1.50,      512248474.00
06 OCT 2026,GANGESSECU,EQ,GANGES SECURITIES LIMITED,Listed    ,06 OCT 2026,              10.00,          10003687,            115.80,     1158627028.35
06 OCT 2026,GARFIBRES,EQ,GARWARE TECH FIBRES LTD  ,Listed    ,06 OCT 2026,              10.00,          97648345,            770.05,    75194108067.25 
06 OCT 2026,GARUDA,EQ,GARUDA CONSTRUCT N ENG L ,Listed    ,06 OCT 2026,               5.00,          93041742,            173.35,    16129716393.10    
06 OCT 2026,GATECH,BE,GACM TECHNOLOGIES LIMITED,Listed    ,06 OCT 2026,               1.00,        1597742236,              0.65,     1038532453.40    
06 OCT 2026,GATECHDVR,BE,GACM TECHNOLOGIES LIMITED,Listed    ,06 OCT 2026,               1.00,         189665894,              0.45,       89142970.20 
06 OCT 2026,GATEWAY,EQ,GATEWAY DISTRIPARKS LTD  ,Listed    ,06 OCT 2026,              10.00,         499643836,             50.90,    25436867690.75   
06 OCT 2026,GAUDIUMIVF,EQ,GAUDIUM IVF N WOMEN H L  ,Listed    ,06 OCT 2026,               5.00,          72786884,            109.30,     7954150683.50
06 OCT 2026,GAYAHWS,EQ,GAYATRI HIGHWAYS LIMITED ,Listed    ,06 OCT 2026,               2.00,         239651900,              1.80,      426580382.00   
06 OCT 2026,GAYAPROJ,EQ,GAYATRI PROJECTS LTD     ,Listed    ,06 OCT 2026,               2.00,         464299000,             21.45,     9963856540.00  
06 OCT 2026,GCHOTELS,SM,GRAND CONTINENT HOTELS L ,Listed    ,06 OCT 2026,              10.00,          24919403,            113.05,     2817138509.15  
06 OCT 2026,GCSL,EQ,GRETEX CORPORATE SERVICES,Listed    ,06 OCT 2026,              10.00,          24159346,            693.05,    16743634745.30      
06 OCT 2026,GEECEE,EQ,GEECEE VENTURES LIMITED  ,Listed    ,06 OCT 2026,              10.00,          20911729,            369.60,     7728975038.40    
06 OCT 2026,GEEKAYWIRE,EQ,GEEKAY WIRES LIMITED     ,Listed    ,06 OCT 2026,               1.00,         104520000,             32.70,     3419894400.00
06 OCT 2026,GEMAROMA,EQ,GEM AROMATICS LIMITED    ,Listed    ,06 OCT 2026,               2.00,          52237138,            152.25,     7952059517.75  
06 OCT 2026,GENCON,EQ,GENERIC ENG CONS PROJ LTD,Listed    ,06 OCT 2026,               5.00,          56986219,             37.80,     2152939353.80    
06 OCT 2026,GENESYS,EQ,GENESYS INTL CORPN LTD   ,Listed    ,06 OCT 2026,               5.00,          66864603,            301.05,    20129588733.15   
06 OCT 2026,GENSOL,BZ,GENSOL ENGINEERING LTD   ,Listed    ,06 OCT 2026,              10.00,          38002434,             12.35,      469330059.90    
06 OCT 2026,GENUSPAPER,EQ,GENUS P&B LIMITED        ,Listed    ,06 OCT 2026,               1.00,         257125940,             10.55,     2717821185.80
06 OCT 2026,GENUSPOWER,EQ,GENUS POWER INFRASTRU LTD,Listed    ,06 OCT 2026,               1.00,         304242615,            307.20,    93463331328.00
06 OCT 2026,GENXAI,SM,GENXAI ANALYTICS LIMITED ,Listed    ,06 OCT 2026,              10.00,          17943610,             80.80,     1449843688.00    
06 OCT 2026,GEOJITFSL,EQ,GEOJIT FINANCIAL SER L   ,Listed    ,06 OCT 2026,               1.00,         279122119,             78.70,    21961328322.90 
06 OCT 2026,GERMAN,EQ,GERMAN GREEN STEEL N PW L,Listed    ,06 OCT 2026,              10.00,          75349197,            118.10,     8900247149.65    
06 OCT 2026,GESHIP,EQ,THE GE SHPG.LTD          ,Listed    ,06 OCT 2026,              10.00,         142767161,           1532.60,   218804950948.60    
06 OCT 2026,GFLLIMITED,EQ,GFL LIMITED              ,Listed    ,06 OCT 2026,               1.00,         109850000,             55.85,     6136221000.00
06 OCT 2026,GFSTEELS,BE,GRAND FOUNDRY LTD        ,Listed    ,06 OCT 2026,               4.00,          30430000,             39.85,     1212026900.00  
06 OCT 2026,GGBL,SM,GANESH GREEN BHARAT LTD  ,Listed    ,06 OCT 2026,              10.00,          24801000,            214.45,     5318574450.00      
06 OCT 2026,GHCL,EQ,GHCL LIMITED             ,Listed    ,06 OCT 2026,              10.00,          92130655,            408.85,    37667618296.75      
06 OCT 2026,GHCLTEXTIL,EQ,GHCL TEXTILES LIMITED    ,Listed    ,06 OCT 2026,               2.00,          95585786,            131.60,    12577177721.90
06 OCT 2026,GICHSGFIN,EQ,GIC HOUSING FINANCE LTD  ,Listed    ,06 OCT 2026,              10.00,          53851066,            134.50,     7241891355.70 
06 OCT 2026,GICL,BE,GLOBE INTL CARRIERS LTD  ,Listed    ,06 OCT 2026,               5.00,         111954588,             21.05,     2356644077.40      
06 OCT 2026,GICRE,EQ,GENERAL INS CORP OF INDIA,Listed    ,06 OCT 2026,               5.00,        1754400000,            314.25,   551320200000.00     
06 OCT 2026,GILLANDERS,EQ,GILLANDERS ARBUTHNOT LTD ,Listed    ,06 OCT 2026,              10.00,          21342346,            111.75,     2385434012.40
06 OCT 2026,GILLETTE,EQ,GILLETTE INDIA LTD       ,Listed    ,06 OCT 2026,              10.00,          32585217,           7057.00,   229953876369.00  
06 OCT 2026,GINNIFILA,BE,GINNIFILAMENTS LTD.      ,Listed    ,06 OCT 2026,              10.00,          85650065,             40.95,     3508226662.40 
06 OCT 2026,GIPCL,EQ,GUJ IND POW CO. LTD      ,Listed    ,06 OCT 2026,              10.00,         155215944,            174.05,    27016887212.65     
06 OCT 2026,GIRIRAJ,SM,GIRIRAJ CIVIL DEVP LTD   ,Listed    ,06 OCT 2026,              10.00,          23920500,             57.50,     1375428750.00   
06 OCT 2026,GJL,ST,GROVER JEWELLS LIMITED   ,Listed    ,06 OCT 2026,              10.00,          14507200,            510.10,     7400122720.00       
06 OCT 2026,GKB,EQ,GKB OPHTHALMICS LTD.     ,Permitted ,06 OCT 2026,              10.00,           5040580,             61.75,      311306220.80       
06 OCT 2026,GKENERGY,EQ,GK ENERGY LIMITED        ,Listed    ,06 OCT 2026,               2.00,         202817266,            114.45,    23212436093.70  
06 OCT 2026,GKSL,EQ,GUJARAT KIDNEY N SUP SP L,Listed    ,06 OCT 2026,               2.00,          78843250,            193.60,    15265630065.00      
06 OCT 2026,GKWLIMITED,EQ,GKW LIMITED              ,Listed    ,06 OCT 2026,              10.00,           5966500,           1545.40,     9220629100.00
06 OCT 2026,GLAND,EQ,GLAND PHARMA LIMITED     ,Listed    ,06 OCT 2026,               1.00,         165010854,           3006.10,   496039128209.40     
06 OCT 2026,GLASSWALL,EQ,GLASS WALL SYSTEM (I) LTD,Listed    ,06 OCT 2026,               2.00,          87935253,            275.75,    24248146014.75 
06 OCT 2026,GLAXO,EQ,GLAXOSMITHKLINE PHARMA LT,Listed    ,06 OCT 2026,              10.00,         169406034,           2755.00,   466713623670.00     
06 OCT 2026,GLENMARK,EQ,GLENMARK PHARMACEUTICALS ,Listed    ,06 OCT 2026,               1.00,         282224672,           2311.00,   652221216992.00  
06 OCT 2026,GLFL,EQ,GUJARAT LEASE FINANCING L,Listed    ,06 OCT 2026,              10.00,          27125767,              5.40,      146207884.15      
06 OCT 2026,GLOBAL,EQ,GLOBAL EDUCATION LIMITED ,Listed    ,06 OCT 2026,               2.00,          50901500,            142.60,     7259571930.00    
06 OCT 2026,GLOBALE,EQ,GLOBALE TESSILE LIMITED  ,Listed    ,06 OCT 2026,              10.00,          10620275,             10.65,      113105928.75   
06 OCT 2026,GLOBALPET,SM,GLOBAL PET INDUSTRIES LTD,Listed    ,06 OCT 2026,              10.00,          11787408,            175.00,     2062796400.00 
06 OCT 2026,GLOBALVECT,EQ,GLOBAL VEC HELICORP LTD  ,Listed    ,06 OCT 2026,              10.00,          14000000,            130.75,     1830780000.00
06 OCT 2026,GLOBE,EQ,GLOBE ENTERPRISE (I) LTD ,Listed    ,06 OCT 2026,               2.00,         450418788,              2.10,      936871079.05     
06 OCT 2026,GLOBECIVIL,EQ,GLOBE CIVIL PROJECTS LTD ,Listed    ,06 OCT 2026,              10.00,          59718999,             42.30,     2525516467.70
06 OCT 2026,GLOBUSSPR,EQ,GLOBUS SPIRITS LTD       ,Listed    ,06 OCT 2026,              10.00,          31461293,            812.70,    25568592821.10 
06 OCT 2026,GLOSTERLTD,EQ,GLOSTER LIMITED          ,Listed    ,06 OCT 2026,              10.00,          10943260,            551.60,     6036302216.00
06 OCT 2026,GLOTTIS,EQ,GLOTTIS LIMITED          ,Listed    ,06 OCT 2026,               2.00,          92403000,             58.35,     5390791020.00   
06 OCT 2026,GMBREW,EQ,G M BREWERIES LTD        ,Listed    ,06 OCT 2026,              10.00,          22846923,            981.35,    22420827886.05    
06 OCT 2026,GMDCLTD,EQ,GUJARAT MINERAL DEV CORP ,Listed    ,06 OCT 2026,               2.00,         318000000,            491.55,   156312900000.00   
06 OCT 2026,GML,SM,GALAXY MEDICARE LIMITED  ,Listed    ,01 OCT 2026,              10.00,          15171983,             17.00,      257923711.00       
06 OCT 2026,GMMPFAUDLR,EQ,GMM PFAUDLER LIMITED     ,Listed    ,06 OCT 2026,               2.00,          44957224,           1425.70,    64095514256.80
06 OCT 2026,GMRAIRPORT,EQ,GMR AIRPORTS LIMITED     ,Listed    ,06 OCT 2026,               1.00,       10558975952,             93.05,   982618302093.10
06 OCT 2026,GMRP&UI,EQ,GMR POW AND URBAN INFRA L,Listed    ,06 OCT 2026,               5.00,         781017529,            102.25,    79843421989.65   
06 OCT 2026,GNA,EQ,GNA AXLES LIMITED        ,Listed    ,06 OCT 2026,              10.00,          42930800,            615.80,    26436786640.00       
06 OCT 2026,GNFC,EQ,GUJ NAR VAL FER & CHEM L ,Listed    ,06 OCT 2026,              10.00,         146940683,            629.50,    92499159948.50      
06 OCT 2026,GNRL,EQ,GUJARAT NATURAL RES L    ,Permitted ,06 OCT 2026,              10.00,         128402632,             98.80,    12684896015.30      
06 OCT 2026,GOACARBON,EQ,GOA CARBON LIMITED       ,Listed    ,06 OCT 2026,              10.00,           9151052,            414.65,     3794483711.80 
06 OCT 2026,GOCLCORP,EQ,GOCL CORPORATION LIMITED ,Listed    ,06 OCT 2026,               2.00,          49572490,            372.45,    18463273900.50  
06 OCT 2026,GOCOLORS,EQ,GO FASHION INDIA LTD     ,Listed    ,06 OCT 2026,              10.00,          54008984,            306.45,    16551053146.80  
06 OCT 2026,GODAVARIB,EQ,GODAVARI BIOREFINERIES L ,Listed    ,06 OCT 2026,              10.00,          51175977,            228.55,    11697293062.90 
06 OCT 2026,GODFRYPHLP,EQ,GODFREY PHILLIPS INDIA LT,Listed    ,06 OCT 2026,               2.00,         155981760,           1900.00,   296365344000.00
06 OCT 2026,GODIGIT,EQ,GO DIGIT GENERAL INS LTD ,Listed    ,06 OCT 2026,              10.00,         925144582,            258.60,   239242388905.20   
06 OCT 2026,GODREJAGRO,EQ,GODREJ AGROVET LIMITED   ,Listed    ,06 OCT 2026,              10.00,         192411390,            648.10,   124701821859.00
06 OCT 2026,GODREJCP,EQ,GODREJ CONSUMER PRODUCTS ,Listed    ,06 OCT 2026,               1.00,        1023304953,            872.50,   892833571492.50  
06 OCT 2026,GODREJIND,EQ,GODREJ INDUSTRIES LTD    ,Listed    ,06 OCT 2026,               1.00,         336851055,           1045.00,   352009352475.00 
06 OCT 2026,GODREJPROP,EQ,GODREJ PROPERTIES LTD    ,Listed    ,06 OCT 2026,               5.00,         301226497,           1610.00,   484974660170.00
06 OCT 2026,GOKEX,EQ,GOKALDAS EXPORTS LTD.    ,Listed    ,06 OCT 2026,               5.00,          73277628,            682.75,    50030300517.00     
06 OCT 2026,GOKUL,EQ,GOKUL REFOILS & SOLV LTD ,Listed    ,06 OCT 2026,               2.00,          98995000,             38.80,     3839026100.00     
06 OCT 2026,GOKULAGRO,EQ,GOKUL AGRO RESOURCES LTD ,Listed    ,06 OCT 2026,               1.00,         295086716,            210.95,    62248542740.20 
06 OCT 2026,GOLDENTOBC,BZ,GOLDEN TOBACCO LIMITED   ,Listed    ,06 OCT 2026,              10.00,          17608802,             22.75,      400424157.50
06 OCT 2026,GOLDIAM,EQ,GOLDIAM INTERNATIONAL LTD,Listed    ,06 OCT 2026,               2.00,         150557125,            317.50,    47801887187.50   
06 OCT 2026,GOLDKART,SM,GOLDKART JEWELS LIMITED  ,Listed    ,05 OCT 2026,              10.00,          16785350,            104.00,     1745676400.00  
06 OCT 2026,GOLDSTAR,SM,GOLDSTAR POWER LIMITED   ,Listed    ,06 OCT 2026,               1.00,         286198500,             11.65,     3334212525.00  
06 OCT 2026,GOLDTECH,BE,AION-TECH SOLUTIONS LTD  ,Listed    ,06 OCT 2026,              10.00,          52261836,             42.05,     2198655440.50  
06 OCT 2026,GOODLUCK,EQ,GOODLUCK INDIA LIMITED   ,Listed    ,06 OCT 2026,               2.00,          99715527,            491.30,    48990238415.10  
06 OCT 2026,GOODYEAR,EQ,GOODYEAR INDIA LIMITED   ,Permitted ,06 OCT 2026,              10.00,          23066507,            685.95,    15822470476.65  
06 OCT 2026,GOPAL,EQ,GOPAL SNACKS LIMITED     ,Listed    ,06 OCT 2026,               1.00,         124666819,            255.85,    31896005641.15     
06 OCT 2026,GOYALALUM,EQ,GOYAL ALUMINIUMS LIMITED ,Listed    ,06 OCT 2026,               1.00,         142732780,              5.90,      843550729.80 
06 OCT 2026,GOYALSALT,SM,GOYAL SALT LIMITED       ,Listed    ,06 OCT 2026,              10.00,          17900250,            102.00,     1825825500.00 
06 OCT 2026,GPECO,SM,GP ECO SOLUTIONS INDIA L ,Listed    ,06 OCT 2026,              10.00,          12329800,            469.65,     5790690570.00     
06 OCT 2026,GPIL,EQ,GODAWARI POW & ISP LTD   ,Listed    ,06 OCT 2026,               1.00,         673238965,            219.00,   147425868555.70      
06 OCT 2026,GPPL,EQ,GUJARAT PIPAVAV PORT LTD ,Listed    ,06 OCT 2026,              10.00,         483439910,            168.20,    81319427261.10      
06 OCT 2026,GPTHEALTH,EQ,GPT HEALTHCARE LIMITED   ,Listed    ,06 OCT 2026,              10.00,          82054823,            148.00,    12144934352.25 
06 OCT 2026,GPTINFRA,EQ,GPT INFRAPROJECTS LTD    ,Listed    ,06 OCT 2026,              10.00,         126364600,            121.60,    15368462652.00  
06 OCT 2026,GRADIENTE,BE,GRADIENTE INFOTAINMENT L ,Listed    ,06 OCT 2026,              10.00,         332400000,              2.55,      854268000.00 
06 OCT 2026,GRANDOAK,EQ,GRAND OAK CANYONS DIST L ,Permitted ,06 OCT 2026,              10.00,         518883550,             36.15,    18768018003.50  
06 OCT 2026,GRANULES,EQ,GRANULES INDIA LIMITED   ,Listed    ,06 OCT 2026,               1.00,         247796921,            836.40,   207257344724.40  
06 OCT 2026,GRAPHISAD,SM,GRAPHISADS LIMITED       ,Listed    ,06 OCT 2026,              10.00,          18276500,             24.40,      445946600.00 
06 OCT 2026,GRAPHITE,EQ,GRAPHITE INDIA LTD       ,Listed    ,06 OCT 2026,               2.00,         195375594,            851.20,   166303705612.80  
06 OCT 2026,GRASIM,EQ,GRASIM INDUSTRIES LTD    ,Listed    ,06 OCT 2026,               2.00,         680537721,           2969.00,  2020516493649.00    
06 OCT 2026,GRAUWEIL,EQ,GRAUER & WEIL IND LTD    ,Permitted ,06 OCT 2026,               1.00,         453411500,             82.30,    37324834680.00  
06 OCT 2026,GRAVISSHO,BE,GRAVISS HOSPITALITY LTD. ,Permitted ,06 OCT 2026,               2.00,          70519135,             30.75,     2169168592.60 
06 OCT 2026,GRAVITA,EQ,GRAVITA INDIA LIMITED    ,Listed    ,06 OCT 2026,               2.00,          73808451,           1500.90,   110779104105.90   
06 OCT 2026,GRCL,SM,GAYATRI RUBB AND CHEM LTD,Listed    ,06 OCT 2026,              10.00,           5738000,            570.00,     3270660000.00      
06 OCT 2026,GREAVESCOT,EQ,GREAVES COTTON LTD.      ,Listed    ,06 OCT 2026,               2.00,         232951434,            222.80,    51896920466.50
06 OCT 2026,GREENCHEF,SM,GREENCHEF APPLIANCES LTD ,Listed    ,06 OCT 2026,              10.00,          23271840,             68.85,     1602266184.00 
06 OCT 2026,GREENLAM,EQ,GREENLAM INDUSTRIES LTD. ,Listed    ,06 OCT 2026,               1.00,         255147702,            212.00,    54096415778.05  
06 OCT 2026,GREENLEAF,SM,GREENLEAF ENVIROTECH LTD ,Listed    ,06 OCT 2026,              10.00,           5929250,            114.35,      678009737.50 
06 OCT 2026,GREENPANEL,EQ,GREENPANEL INDUSTRIES LTD,Listed    ,06 OCT 2026,               1.00,         122627395,            159.90,    19610573008.40
06 OCT 2026,GREENPLY,EQ,GREENPLY INDUSTRIES LTD  ,Listed    ,06 OCT 2026,               1.00,         124902045,            315.30,    39381614788.50  
06 OCT 2026,GREENPOWER,EQ,ORIENT GREEN POWER CO LTD,Listed    ,06 OCT 2026,              10.00,        1173031669,              8.75,    10252296787.05
06 OCT 2026,GRETEX,SM,GRETEX INDUSTRIES LTD.   ,Listed    ,25 SEP 2026,              10.00,          15506060,            214.00,     3318296840.00    
06 OCT 2026,GRINDWELL,EQ,GRINDWELL NORTON LIMITED ,Listed    ,06 OCT 2026,               5.00,         110720000,           2033.10,   225104832000.00 
06 OCT 2026,GRINFRA,EQ,G R INFRAPROJECTS LIMITED,Listed    ,06 OCT 2026,               5.00,          96760529,            815.00,    78859831135.00   
06 OCT 2026,GRMOVER,EQ,GRM OVERSEAS LIMITED     ,Listed    ,06 OCT 2026,               2.00,         207210000,             79.05,    16377878400.00   
06 OCT 2026,GROBTEA,EQ,THE GROB TEA COMPANY LTD ,Listed    ,06 OCT 2026,              10.00,           1162330,            873.95,     1015818303.50   
06 OCT 2026,GROWW,EQ,BILLIONBRAINS GARAGE VN L,Listed    ,06 OCT 2026,               2.00,        6273596631,            193.20,  1211996133142.90     
06 OCT 2026,GRPLTD,EQ,GRP LIMITED              ,Listed    ,06 OCT 2026,              10.00,           5333332,           1853.00,     9882664196.00    
06 OCT 2026,GRSE,EQ,GARDEN REACH SHIP&ENG LTD,Listed    ,06 OCT 2026,              10.00,         114552000,           2137.30,   244831989600.00      
06 OCT 2026,GRWRHITECH,EQ,GARWARE HI-TECH FILMS LTD,Listed    ,06 OCT 2026,              10.00,          23232394,           7102.50,   165008078385.00
06 OCT 2026,GSFC,EQ,GUJ STATE FERT & CHEM LTD,Listed    ,06 OCT 2026,               2.00,         398477530,            153.45,    61154346529.10      
06 OCT 2026,GSLSU,EQ,GLOBAL SURFACES LIMITED  ,Listed    ,06 OCT 2026,              10.00,          42381818,             28.90,     1224410722.00     
06 OCT 2026,GSMFOILS,SM,GSM FOILS LIMITED        ,Listed    ,06 OCT 2026,              10.00,          14092749,             70.15,      988606342.35  
06 OCT 2026,GSPCROP,EQ,GSP CROP SCIENCE LIMITED ,Listed    ,06 OCT 2026,              10.00,          46518750,            476.65,    22173162187.50   
06 OCT 2026,GSPLTRANS,BE,GSPL TRANSMISSION LIMITED,Listed    ,06 OCT 2026,              10.00,         312743617,            123.80,    38723914656.95 
06 OCT 2026,GSS,EQ,GSS INFOTECH LIMITED     ,Listed    ,06 OCT 2026,              10.00,          26156843,             10.15,      264968819.60       
06 OCT 2026,GSTL,SM,GLOBESECURE TECHNO LTD   ,Listed    ,06 OCT 2026,              10.00,          15939349,             10.95,      174535871.55      
06 OCT 2026,GTECJAINX,EQ,G-TEC JAINX EDUCATION LTD,Listed    ,06 OCT 2026,              10.00,          10189098,             36.20,      368743456.60 
06 OCT 2026,GTL,EQ,GTL LTD                  ,Listed    ,06 OCT 2026,              10.00,         157296781,              6.85,     1079055917.65       
06 OCT 2026,GTLINFRA,EQ,GTL INFRA.LTD            ,Listed    ,06 OCT 2026,              10.00,       12809111895,              1.10,    13961931965.55  
06 OCT 2026,GTPL,EQ,GTPL HATHWAY LIMITED     ,Listed    ,06 OCT 2026,              10.00,         112463038,             54.70,     6149478917.85      
06 OCT 2026,GUFICBIO,EQ,GUFIC BIOSCIENCES LTD.   ,Listed    ,06 OCT 2026,               1.00,         100282506,            427.80,    42900856066.80  
06 OCT 2026,GUJALKALI,EQ,GUJARAT ALKALIES & CHEM  ,Listed    ,06 OCT 2026,              10.00,          73445242,            613.10,    45029277870.20 
06 OCT 2026,GUJAPOLLO,EQ,GUJ. APOLLO IND. LTD.    ,Listed    ,06 OCT 2026,              10.00,          12970000,            346.70,     4496699000.00 
06 OCT 2026,GUJENERGY,EQ,GUJARAT ENERGY LIMITED   ,Listed    ,06 OCT 2026,               2.00,         959087130,            229.95,   220561267286.10 
06 OCT 2026,GUJRAFFIA,EQ,GUJARAT RAFFIA INDUST LTD,Listed    ,06 OCT 2026,              10.00,           5404500,             41.85,      226232370.00 
06 OCT 2026,GUJTHEM,EQ,GUJARAT THEMIS BIOSYN LTD,Listed    ,06 OCT 2026,               1.00,         130151705,            390.00,    50759164950.00   
06 OCT 2026,GULFOILLUB,EQ,GULF OIL LUB. IND. LTD.  ,Listed    ,06 OCT 2026,               2.00,          49555526,           1087.90,    53911456735.40
06 OCT 2026,GULFPETRO,BE,GP PETROLEUMS LIMITED    ,Listed    ,06 OCT 2026,               5.00,          50984383,             62.50,     3187543625.15 
06 OCT 2026,GULPOLY,EQ,GULSHAN POLYOLS LIMITED  ,Listed    ,06 OCT 2026,               1.00,          62370586,            167.90,    10473268801.10   
06 OCT 2026,GURUNANAK,SM,GURUNANAK AGRICULTUR IN L,Listed    ,06 OCT 2026,              10.00,          12000000,             34.25,      411000000.00 
06 OCT 2026,GVKPIL,BE,GVK POW. & INFRA LTD.    ,Listed    ,06 OCT 2026,               1.00,        1578620550,              2.40,     3820261731.00    
06 OCT 2026,GVPIL,EQ,GE POWER INDIA LIMITED   ,Listed    ,06 OCT 2026,              10.00,          67227471,            734.85,    49402107064.35     
06 OCT 2026,GVPTECH,BE,GVP INFOTECH LIMITED     ,Listed    ,06 OCT 2026,               2.00,         182644280,              7.30,     1335129686.80   
06 OCT 2026,GVT&D,EQ,GE VERNOVA T&D INDIA LTD ,Listed    ,06 OCT 2026,               2.00,         256046535,           4245.10,  1086943145728.50     
06 OCT 2026,GYFTR,EQ,GYFTR LIMITED            ,Listed    ,06 OCT 2026,              10.00,          76808250,            169.30,    13003636725.00     
06 OCT 2026,HAL,EQ,HINDUSTAN AERONAUTICS LTD,Listed    ,06 OCT 2026,               5.00,         668775000,           4816.00,  3220820400000.00       
06 OCT 2026,HALDER,EQ,HALDER VENTURE LIMITED   ,Listed    ,06 OCT 2026,              10.00,          12438135,            263.85,     3281677538.40    
06 OCT 2026,HALDYNGL,EQ,HALDYN GLASS LTD.        ,Permitted ,06 OCT 2026,               1.00,          53751700,            142.25,     7647254359.00  
06 OCT 2026,HALEOSLABS,EQ,HALEOS LABS LIMITED      ,Listed    ,06 OCT 2026,              10.00,           3023287,           1587.80,     4800375098.60
06 OCT 2026,HAMPTON,EQ,HAMPTON SKY REALTY LTD.  ,Permitted ,06 OCT 2026,               1.00,         274207700,              8.10,     2218340293.00   
06 OCT 2026,HAPPSTMNDS,EQ,HAPPIEST MINDS TECHNO LTD,Listed    ,06 OCT 2026,               2.00,         152274811,            303.35,    46192563916.85
06 OCT 2026,HAPPY,SM,HAPPY STEELS LIMITED     ,Listed    ,06 OCT 2026,              10.00,          14286180,             80.10,     1144323018.00     
06 OCT 2026,HAPPYFORGE,EQ,HAPPY FORGINGS LIMITED   ,Listed    ,06 OCT 2026,               2.00,          94401146,           1989.40,   187801639852.40
06 OCT 2026,HARDWYN,EQ,HARDWYN INDIA LIMITED    ,Listed    ,06 OCT 2026,               1.00,         683795494,              9.20,     6304594454.70   
06 OCT 2026,HARIOMPIPE,EQ,HARIOM PIPE INDUSTRIES L ,Listed    ,06 OCT 2026,              10.00,          30967289,            336.50,    10420492748.50
06 OCT 2026,HARRMALAYA,EQ,HARRISON MALAYALAM LTD   ,Listed    ,06 OCT 2026,              10.00,          18455405,            175.10,     3231172307.40
06 OCT 2026,HARSHA,EQ,HARSHA ENGINEERS INT LTD ,Listed    ,06 OCT 2026,              10.00,          91044105,            464.65,    42303643388.25    
06 OCT 2026,HATHWAY,EQ,HATHWAY CABLE & DATACOM  ,Listed    ,06 OCT 2026,               2.00,        1770104500,              9.80,    17347024100.00   
06 OCT 2026,HATSUN,EQ,HATSUN AGRO PRODUCT LTD. ,Listed    ,06 OCT 2026,               1.00,         222748268,           1150.00,   256160508200.00    
06 OCT 2026,HAVELLS,EQ,HAVELLS INDIA LIMITED    ,Listed    ,06 OCT 2026,               1.00,         627561652,           1057.00,   663332666164.00   
06 OCT 2026,HAVISHA,EQ,SRI HAVISHA HOSP & INFR L,Listed    ,06 OCT 2026,               2.00,         153535800,              1.35,      208808688.00   
06 OCT 2026,HAWKINCOOK,EQ,HAWKINS COOKERS LTD      ,Permitted ,06 OCT 2026,              10.00,           5287815,           8009.50,    42352754242.50
06 OCT 2026,HAZOOR,EQ,HAZOOR MULTI PROJECTS LTD,Permitted ,06 OCT 2026,               1.00,         287627340,             18.00,     5177292120.00    
06 OCT 2026,HBESD,EQ,H B ESTATE DEVELOPERS L  ,Permitted ,06 OCT 2026,              10.00,          22959947,             75.05,     1722684823.40     
06 OCT 2026,HBLENGINE,EQ,HBL ENGINEERING LTD      ,Listed    ,06 OCT 2026,               1.00,         277194946,            764.30,   211860097227.80 
06 OCT 2026,HBPOR,EQ,HB PORTFOLIO LTD.        ,Permitted ,06 OCT 2026,              10.00,          10764230,             59.25,      637995912.10     
06 OCT 2026,HBSL,EQ,HB STOCKHOLDINGS LIMITED ,Listed    ,06 OCT 2026,              10.00,           7137665,             57.90,      413342180.15      
06 OCT 2026,HCC,EQ,HINDUSTAN CONSTRUCTION CO,Listed    ,06 OCT 2026,               1.00,        2619468062,             20.25,    53070422936.10       
06 OCT 2026,HCG,EQ,HEALTHCARE GLOB. ENT. LTD,Listed    ,06 OCT 2026,              10.00,         149302203,            680.55,   101607614251.65       
06 OCT 2026,HCL-INSYS,EQ,HCL INFOSYSTEMS LTD      ,Listed    ,06 OCT 2026,               2.00,         329209928,             10.15,     3341480769.20 
06 OCT 2026,HCLTECH,EQ,HCL TECHNOLOGIES LTD     ,Listed    ,06 OCT 2026,               2.00,        2713665096,           1204.40,  3268338241622.40   
06 OCT 2026,HDBFS,EQ,HDB FINANCIAL SERVICES L ,Listed    ,06 OCT 2026,              10.00,         830764935,            616.75,   512374273661.25     
06 OCT 2026,HDFCAMC,EQ,HDFC AMC LIMITED         ,Listed    ,06 OCT 2026,               5.00,         429073398,           2352.40,  1009352261455.20   
06 OCT 2026,HDFCBANK,EQ,HDFC BANK LTD            ,Listed    ,06 OCT 2026,               1.00,       15416700168,            711.45, 10968211334523.60  
06 OCT 2026,HDFCLIFE,EQ,HDFC LIFE INS CO LTD     ,Listed    ,06 OCT 2026,              10.00,        2172588981,            543.95,  1181779776214.95  
06 OCT 2026,HDIL,BZ,HOUSING DEV & INFRA LTD  ,Listed    ,06 OCT 2026,              10.00,         474003986,              1.45,      682565739.85      
06 OCT 2026,HEADSUP,EQ,HEADS UP VENTURES LIMITED,Listed    ,06 OCT 2026,              10.00,          22082609,              6.50,      143978610.70   
06 OCT 2026,HEALTHX,EQ,HEALTH X PLATFORM LIMITED,Listed    ,06 OCT 2026,              10.00,          31810500,            284.95,     9064401975.00   
06 OCT 2026,HECPROJECT,EQ,HEC INFRA PROJECTS LTD   ,Listed    ,06 OCT 2026,              10.00,          10838160,            112.80,     1222436066.40
06 OCT 2026,HEGAM,EQ,HEG ADVANCED MATERIAL LTD,Listed    ,06 OCT 2026,               2.00,         192977530,            252.20,    48670862841.30     
06 OCT 2026,HEIDELBERG,EQ,HEIDELBERGCEMENT (I) LTD ,Listed    ,06 OCT 2026,              10.00,         226613116,            127.80,    28956623962.50
06 OCT 2026,HEMIPROP,EQ,HEMISPHERE PROP IND LTD  ,Listed    ,06 OCT 2026,              10.00,         285000000,            113.55,    32356050000.00  
06 OCT 2026,HERANBA,EQ,HERANBA INDUSTRIES LTD   ,Listed    ,06 OCT 2026,              10.00,          40013467,            169.00,     6762275923.00   
06 OCT 2026,HERITGFOOD,EQ,HERITAGE FOODS LTD       ,Listed    ,06 OCT 2026,               5.00,          92796000,            406.10,    37684455600.00
06 OCT 2026,HEROMOTOCO,EQ,HERO MOTOCORP LIMITED    ,Listed    ,06 OCT 2026,               2.00,         200141207,           5075.00,  1015716625525.00
06 OCT 2026,HEROMOTORS,EQ,HERO MOTORS LIMITED      ,Listed    ,06 OCT 2026,              10.00,         454215576,            167.50,    76090193291.50
06 OCT 2026,HESTERBIO,EQ,HESTER BIOSCIENCES LTD   ,Listed    ,06 OCT 2026,              10.00,           8506865,           2174.10,    18494775196.50 
06 OCT 2026,HEXAGON,BE,HEXAGON NUTRITION LIMITED,Listed    ,06 OCT 2026,               1.00,         122918109,             71.15,     8743165093.15   
06 OCT 2026,HEXATRADEX,EQ,HEXA TRADEX LIMITED      ,Listed    ,06 OCT 2026,               2.00,          55244704,            155.85,     8609887118.40
06 OCT 2026,HEXT,EQ,HEXAWARE TECHNOLOGIES LTD,Listed    ,06 OCT 2026,               1.00,         611015992,            500.30,   305691300797.60      
06 OCT 2026,HFCL,BE,HFCL LIMITED             ,Listed    ,06 OCT 2026,               1.00,        1530602463,            262.80,   402211715227.15      
06 OCT 2026,HGINFRA,EQ,H.G.INFRA ENGINEERING LTD,Listed    ,06 OCT 2026,              10.00,          65171111,            417.20,    27189387509.20   
06 OCT 2026,HGM,EQ,HANDSON GBL MNGMNT LTD   ,Listed    ,06 OCT 2026,              10.00,          12594972,             39.30,      494730500.15       
06 OCT 2026,HGS,EQ,HINDUJA GLOBAL SOLS. LTD.,Listed    ,06 OCT 2026,              10.00,          46520285,            361.40,    16812430999.00       
06 OCT 2026,HIGREEN,SM,HI GREEN CARBON LIMITED  ,Listed    ,06 OCT 2026,              10.00,          24990000,            118.80,     2968812000.00   
06 OCT 2026,HIKAL,EQ,HIKAL LIMITED            ,Listed    ,06 OCT 2026,               2.00,         123300750,            226.45,    27918988822.50     
06 OCT 2026,HILINFRA,EQ,HIGHWAY INFRASTRUCTURE L ,Listed    ,06 OCT 2026,               5.00,          71720632,             45.35,     3253247867.50  
06 OCT 2026,HILTON,EQ,HILTON METAL FORGING LTD ,Listed    ,06 OCT 2026,              10.00,          51466551,             16.75,      862064729.25    
06 OCT 2026,HIMALAYAN,ST,HIMALAYAN SOLAR LIMITED  ,Listed    ,06 OCT 2026,              10.00,          22109699,             80.80,     1786463679.20 
06 OCT 2026,HIMATSEIDE,EQ,HIMATSINGKA SEIDE LTD    ,Listed    ,06 OCT 2026,               5.00,         125742289,             65.35,     8218516009.05
06 OCT 2026,HINDADH,EQ,HINDUSTAN ADHESIVES LTD. ,Permitted ,06 OCT 2026,              10.00,           5116300,            384.35,     1966449905.00   
06 OCT 2026,HINDALCO,EQ,HINDALCO  INDUSTRIES  LTD,Listed    ,06 OCT 2026,               1.00,        2247226523,            940.50,  2113516544881.50  
06 OCT 2026,HINDALUMI,EQ,HIND ALUMINIUM INDS. LTD.,Permitted ,06 OCT 2026,              10.00,           6300200,             90.30,      569034064.00 
06 OCT 2026,HINDCOMPOS,EQ,HINDUSTAN COMPOSITES LTD.,Listed    ,06 OCT 2026,               5.00,          14769000,            401.45,     5929015050.00
06 OCT 2026,HINDCON,BE,HINDCON CHEMICALS LIMITED,Listed    ,06 OCT 2026,               2.00,          51190625,             30.05,     1538790187.50   
06 OCT 2026,HINDCOPPER,EQ,HINDUSTAN COPPER LTD     ,Listed    ,06 OCT 2026,               5.00,         967024020,            485.50,   469490161710.00
06 OCT 2026,HINDOILEXP,EQ,HINDUSTAN OIL EXPLORATION,Listed    ,06 OCT 2026,              10.00,         132294300,            166.35,    22007156805.00
06 OCT 2026,HINDPETRO,EQ,HINDUSTAN PETROLEUM CORP ,Listed    ,06 OCT 2026,              10.00,        2127822518,            351.00,   746865703818.00 
06 OCT 2026,HINDUNILVR,EQ,HINDUSTAN UNILEVER LTD.  ,Listed    ,06 OCT 2026,               1.00,        2349591262,           1895.20,  4452945359742.40
06 OCT 2026,HINDWAREAP,EQ,HINDWARE HME INOVATON LTD,Listed    ,06 OCT 2026,               2.00,          83646357,            170.75,    14282615457.75
06 OCT 2026,HINDZINC,EQ,HINDUSTAN ZINC LIMITED   ,Listed    ,06 OCT 2026,               2.00,        4225319000,            557.65,  2356249140350.00  
06 OCT 2026,HIRECT,EQ,HIRECT LIMITED           ,Listed    ,06 OCT 2026,               2.00,          35458605,           1146.80,    40663928214.00    
06 OCT 2026,HISARMETAL,EQ,HISAR METAL IND. LIMITED ,Listed    ,06 OCT 2026,              10.00,           5400000,            145.30,      784620000.00
06 OCT 2026,HITECH,EQ,HI-TECH PIPES LIMITED    ,Listed    ,06 OCT 2026,               1.00,         203107734,             74.70,    15168085575.10    
06 OCT 2026,HITECHCORP,BE,HITECH CORPORATION LTD   ,Listed    ,06 OCT 2026,              10.00,          17175700,            342.40,     5880959680.00
06 OCT 2026,HITECHGEAR,BE,THE HI-TECH GEARS LIMITED,Permitted ,06 OCT 2026,              10.00,          18820044,            568.90,    10706723031.60
06 OCT 2026,HLEGLAS,EQ,HLE GLASCOAT LIMITED     ,Listed    ,06 OCT 2026,               2.00,          69454739,            447.10,    31053213806.90   
06 OCT 2026,HLVLTD,EQ,HLV LIMITED              ,Listed    ,06 OCT 2026,               2.00,         659259899,              6.15,     4041263180.85    
06 OCT 2026,HMAAGRO,EQ,HMA AGRO INDUSTRIES LTD  ,Listed    ,06 OCT 2026,               1.00,         500769770,             24.55,    12298905551.20   
06 OCT 2026,HMT,BZ,HMT LTD -                ,Listed    ,06 OCT 2026,              10.00,         470670740,             58.55,    27548358412.20       
06 OCT 2026,HMVL,BE,HINDUSTAN MEDIA VENT LTD ,Listed    ,06 OCT 2026,              10.00,          73671548,             74.90,     5518735660.70      
06 OCT 2026,HNDFDS,EQ,HINDUSTAN FOODS LIMITED  ,Listed    ,06 OCT 2026,               2.00,         121162702,            584.75,    70849889994.50    
06 OCT 2026,HOACFOODS,ST,HOAC FOODS INDIA LIMITED ,Listed    ,06 OCT 2026,              10.00,           4340460,            930.00,     4036627800.00 
06 OCT 2026,HOLMARC,SM,HOLMARC OPTO MECHATRO L  ,Listed    ,06 OCT 2026,              10.00,          10050000,            125.40,     1260270000.00   
06 OCT 2026,HOMEFIRST,EQ,HOME FIRST FIN CO IND LTD,Listed    ,06 OCT 2026,               2.00,         104563142,           1111.50,   116221932333.00 
06 OCT 2026,HOMESFY,SM,HOMESFY REALTY LIMITED   ,Listed    ,06 OCT 2026,              10.00,           3226200,            121.60,      392305920.00   
06 OCT 2026,HONASA,EQ,HONASA CONSUMER LIMITED  ,Listed    ,06 OCT 2026,              10.00,         326024216,            478.30,   155937382512.80    
06 OCT 2026,HONAUT,EQ,HONEYWELL AUTOMATION IND ,Listed    ,06 OCT 2026,              10.00,           8841523,          33780.00,   298666646940.00    
06 OCT 2026,HONDAPOWER,EQ,HONDA I POWER PRODUCT LTD,Listed    ,06 OCT 2026,              10.00,          10143071,           1885.90,    19128817598.90
06 OCT 2026,HORIZONIND,EQ,HORIZON INDUSTRIAL PRKS L,Listed    ,06 OCT 2026,              10.00,        2882902834,             49.20,   141838819432.80
06 OCT 2026,HPAL,EQ,HP ADHESIVES LIMITED     ,Listed    ,06 OCT 2026,               2.00,          91874735,             34.35,     3157734641.95      
06 OCT 2026,HPIL,EQ,HINDPRAKASH INDUSTRY LTD ,Listed    ,06 OCT 2026,              10.00,          11424110,            116.50,     1330794573.90      
06 OCT 2026,HPL,EQ,HPL ELECTRIC & POWER LTD ,Listed    ,06 OCT 2026,              10.00,          64300486,            272.70,    17534742532.20       
06 OCT 2026,HPTL,ST,HP TELECOM INDIA LIMITED ,Listed    ,06 OCT 2026,              10.00,          11914710,            430.00,     5123325300.00      
06 OCT 2026,HRHNEXT,SM,HRH NEXT SERVICES LIMITED,Listed    ,06 OCT 2026,              10.00,          13204438,             23.20,      306342961.60   
06 OCT 2026,HRYNSHP,EQ,HARIYANA SHIP BREAKERS L ,Permitted ,06 OCT 2026,              10.00,           6166667,             95.90,      591383365.30   
06 OCT 2026,HSCL,EQ,HIMADRI SPECIALITY CHEM L,Listed    ,06 OCT 2026,               1.00,         504574175,            668.55,   337333064696.25      
06 OCT 2026,HTEL,EQ,HY-TECH ENGINEERS LIMITED,Listed    ,06 OCT 2026,               5.00,          94852594,             73.80,     7001069963.15      
06 OCT 2026,HTMEDIA,EQ,HT MEDIA LIMITED         ,Listed    ,06 OCT 2026,               2.00,         182655286,             23.00,     4199245025.15   
06 OCT 2026,HUBTOWN,EQ,HUBTOWN LIMITED          ,Listed    ,06 OCT 2026,              10.00,         142100657,            170.00,    24157111690.00   
06 OCT 2026,HUDCO,EQ,HSG & URBAN DEV CORPN LTD,Listed    ,06 OCT 2026,              10.00,        2001900000,            161.05,   322385976000.00     
06 OCT 2026,HUHTAMAKI,EQ,HUHTAMAKI INDIA LIMITED  ,Listed    ,06 OCT 2026,               2.00,          75521934,            233.45,    17630595492.30 
06 OCT 2026,HVAX,SM,HVAX TECHNOLOGIES LIMITED,Listed    ,06 OCT 2026,              10.00,           2776875,            714.00,     1982688750.00      
06 OCT 2026,HYBRIDFIN,EQ,HYBRID FINANCIAL SERVICE ,Listed    ,06 OCT 2026,               5.00,          29436275,             17.55,      516900989.00 
06 OCT 2026,HYUNDAI,EQ,HYUNDAI MOTOR INDIA LTD  ,Listed    ,06 OCT 2026,              10.00,         812541100,           1989.00,  1616144247900.00   
06 OCT 2026,IBLFL,SM,IBL FINANCE LIMITED      ,Listed    ,06 OCT 2026,              10.00,          24730650,             61.00,     1508569650.00     
06 OCT 2026,IBULLSLTD,EQ,INDIABULLS LIMITED       ,Listed    ,06 OCT 2026,               2.00,        2332204302,             30.95,    72181723146.90 
06 OCT 2026,ICDSLTD,BE,ICDSLTD                  ,Listed    ,06 OCT 2026,              10.00,          13026700,             44.25,      576692009.00   
06 OCT 2026,ICELCO,SM,IC ELECTRICALS COMPANY L ,Listed    ,06 OCT 2026,              10.00,          18261600,            116.05,     2119258680.00    
06 OCT 2026,ICEMAKE,EQ,ICE MAKE REFRIGERAT LTD  ,Listed    ,06 OCT 2026,              10.00,          15779735,            631.20,     9960168732.00   
06 OCT 2026,ICICIAMC,EQ,ICICI PRUDENTIAL AMC LTD ,Listed    ,06 OCT 2026,               1.00,         494258520,           3071.50,  1518115044180.00  
06 OCT 2026,ICICIBANK,EQ,ICICI BANK LTD.          ,Listed    ,06 OCT 2026,               2.00,        7178461591,           1342.80,  9639238224394.80 
06 OCT 2026,ICICIGI,EQ,ICICI LOMBARD GIC LIMITED,Listed    ,06 OCT 2026,              10.00,         499614796,           1598.30,   798534328446.80   
06 OCT 2026,ICICIPRULI,EQ,ICICI PRU LIFE INS CO LTD,Listed    ,06 OCT 2026,              10.00,        1451230779,            459.50,   666840542950.50
06 OCT 2026,ICIL,EQ,INDO COUNT INDUSTRIES LTD,Listed    ,06 OCT 2026,               2.00,         198054340,            473.15,    93709410971.00      
06 OCT 2026,ICRA,EQ,ICRA LIMITED             ,Listed    ,06 OCT 2026,              10.00,           9651231,           4356.70,    42047518097.70      
06 OCT 2026,IDBI,EQ,IDBI BANK LIMITED        ,Listed    ,06 OCT 2026,              10.00,       10752402175,             87.00,   935566513246.75      
06 OCT 2026,IDEA,EQ,VODAFONE IDEA LIMITED    ,Listed    ,06 OCT 2026,              10.00,      108343035001,             13.20,  1431211492363.20      
06 OCT 2026,IDEAFORGE,EQ,IDEAFORGE TECHNO LTD     ,Listed    ,06 OCT 2026,              10.00,          49708506,            723.40,    35959133240.40 
06 OCT 2026,IDEALTECHO,SM,IDEAL TECHNOPLAST IND LTD,Listed    ,01 OCT 2026,              10.00,          10000000,             85.60,      856000000.00
06 OCT 2026,IDENTICAL,SM,IDENTICAL BRAINS STUDIO L,Listed    ,06 OCT 2026,              10.00,          14025958,             21.35,      299454203.30 
06 OCT 2026,IDFCFIRSTB,EQ,IDFC FIRST BANK LIMITED  ,Listed    ,06 OCT 2026,              10.00,        8622196236,             81.55,   703226325008.15
06 OCT 2026,IEML,ST,INDIAN EMULSIFIERS LTD   ,Listed    ,06 OCT 2026,              10.00,          18333333,             47.35,      868083317.55      
06 OCT 2026,IEX,EQ,INDIAN ENERGY EXC LTD    ,Listed    ,06 OCT 2026,               1.00,         891692735,            104.85,    93502900192.10       
06 OCT 2026,IFBAGRO,EQ,IFB AGRO INDUSTRIES LTD  ,Listed    ,06 OCT 2026,              10.00,           9367111,            874.15,     8188260080.65   
06 OCT 2026,IFBIND,EQ,IFB INDUSTRIES LTD       ,Listed    ,06 OCT 2026,              10.00,          40518796,           1212.30,    49120936390.80    
06 OCT 2026,IFCI,EQ,IFCI LTD                 ,Listed    ,06 OCT 2026,              10.00,        2694314331,             65.50,   176504531823.80      
06 OCT 2026,IFGLEXPOR,EQ,IFGL REFRACTORIES LIMITED,Listed    ,06 OCT 2026,              10.00,          72078624,            180.65,    13021003425.60 
06 OCT 2026,IGARASHI,EQ,IGARASHI MOTORS INDIA LTD,Listed    ,06 OCT 2026,              10.00,          31475048,            401.40,    12634084267.20  
06 OCT 2026,IGCL,EQ,INDOGULF CROPSCIENCES LTD,Listed    ,06 OCT 2026,              10.00,          63223997,             57.35,     3626528467.90      
06 OCT 2026,IGIL,EQ,INTL GEMOLOGICAL INST LTD,Listed    ,06 OCT 2026,               2.00,         432159696,            319.60,   138118238841.60      
06 OCT 2026,IGL,EQ,INDRAPRASTHA GAS LTD     ,Listed    ,06 OCT 2026,               2.00,        1400001600,            141.40,   197932226208.00       
06 OCT 2026,IGPL,EQ,I G PETROCHEMICALS LTD   ,Listed    ,06 OCT 2026,              10.00,          30794850,            589.50,    18153564075.00      
06 OCT 2026,IIFL,EQ,IIFL FINANCE LIMITED     ,Listed    ,06 OCT 2026,               2.00,         426811890,            601.70,   256812714213.00      
06 OCT 2026,IIFLCAPS,EQ,IIFL CAPITAL SERVICES LTD,Listed    ,06 OCT 2026,               2.00,         315178863,            345.15,   108783984564.45  
06 OCT 2026,IITL,EQ,INDUSTRIAL INV TRUST LTD ,Listed    ,06 OCT 2026,              10.00,          21827550,            132.25,     2886693487.50      
06 OCT 2026,IKIO,EQ,IKIO TECHNOLOGIES LIMITED,Listed    ,06 OCT 2026,              10.00,          77280701,            195.85,    15136970904.85      
06 OCT 2026,IKS,EQ,INVENTURUS KNOWLEDGE SO L,Listed    ,06 OCT 2026,               1.00,         171573159,           1761.00,   302140332999.00       
06 OCT 2026,IL&FSENGG,BZ,IL&FS ENG AND CONS CO LTD,Listed    ,06 OCT 2026,              10.00,         131121078,             39.55,     5184527424.10 
06 OCT 2026,IL&FSTRANS,BZ,IL&FS TRANS NET LTD      ,Listed    ,06 OCT 2026,              10.00,         328960027,              1.95,      638182452.40
06 OCT 2026,IMAGICAA,EQ,IMAGICAAWORLD ENT LTD    ,Listed    ,06 OCT 2026,              10.00,         565861447,             49.90,    28247803434.25  
06 OCT 2026,IMFA,EQ,INDIAN METALS & FERRO    ,Listed    ,06 OCT 2026,              10.00,          53954106,           1190.60,    64237758603.60      
06 OCT 2026,IMPAL,EQ,IND MOTOR PART & ACC LTD ,Listed    ,06 OCT 2026,              10.00,          12480000,           1036.50,    12935520000.00     
06 OCT 2026,INA,EQ,INSOLATION ENERGY LIMITED,Listed    ,06 OCT 2026,               1.00,         220451875,             83.80,    18476071643.75       
06 OCT 2026,INCREDIBLE,EQ,INCREDIBLE INDUSTRIES LTD,Listed    ,06 OCT 2026,              10.00,          46763750,             31.40,     1469317025.00
06 OCT 2026,INDBANK,EQ,INDBANK MERCH BANK       ,Listed    ,06 OCT 2026,              10.00,          44378200,             25.25,     1119661986.00   
06 OCT 2026,INDGN,EQ,INDEGENE LIMITED         ,Listed    ,06 OCT 2026,               2.00,         240966756,            596.30,   143688476602.80     
06 OCT 2026,INDHOTEL,EQ,THE INDIAN HOTELS CO. LTD,Listed    ,06 OCT 2026,               1.00,        1423432227,            736.00,  1047646119072.00  
06 OCT 2026,INDIACEM,EQ,THE INDIA CEMENTS LIMITED,Listed    ,06 OCT 2026,              10.00,         309897201,            295.25,    91497148595.25  
06 OCT 2026,INDIAGLYCO,EQ,INDIA GLYCOLS LTD        ,Listed    ,06 OCT 2026,               5.00,          67026765,            318.95,    21378186696.75
06 OCT 2026,INDIAMART,EQ,INDIAMART INTERMESH LTD  ,Listed    ,06 OCT 2026,              10.00,          60143148,           1592.90,    95802020449.20 
06 OCT 2026,INDIANB,EQ,INDIAN BANK              ,Listed    ,06 OCT 2026,              10.00,        1346963981,            813.00,  1095081716553.00   
06 OCT 2026,INDIANCARD,EQ,INDIAN CARD CLOTHING CO. ,Listed    ,06 OCT 2026,              10.00,           5941120,            187.85,     1116098803.20
06 OCT 2026,INDIANHUME,EQ,INDIAN HUME PIPE CO. LTD.,Listed    ,06 OCT 2026,               2.00,          52681770,            341.20,    17975019924.00
06 OCT 2026,INDIASHLTR,EQ,INDIA SHELTER FIN CORP L ,Listed    ,06 OCT 2026,               5.00,         109167317,            636.35,    69468622172.95
06 OCT 2026,INDIFRA,SM,INDIFRA LIMITED          ,Listed    ,05 OCT 2026,              10.00,           7290000,             11.65,       84928500.00   
06 OCT 2026,INDIGO,EQ,INTERGLOBE AVIATION LTD  ,Listed    ,06 OCT 2026,              10.00,         386666597,           5050.50,  1952859648148.50    
06 OCT 2026,INDIGOPNTS,EQ,INDIGO PAINTS LIMITED    ,Listed    ,06 OCT 2026,              10.00,          47732637,           1062.40,    50711153548.80
06 OCT 2026,INDIGRID,IV,INDIGRID INFRASTRUCT TRST,Listed    ,06 OCT 2026,             100.00,         952564719,            169.40,   161373989045.80  
06 OCT 2026,INDIQUBE,EQ,INDIQUBE SPACES LIMITED  ,Listed    ,06 OCT 2026,               1.00,         211997634,            197.30,    41831373140.90  
06 OCT 2026,INDNIPPON,EQ,INDIA NIPPON ELECT  LTD  ,Listed    ,06 OCT 2026,               5.00,          22621424,           1241.70,    28089022180.80 
06 OCT 2026,INDOAMIN,EQ,INDO AMINES LIMITED      ,Listed    ,06 OCT 2026,               5.00,          72587560,            161.15,    11698211169.60  
06 OCT 2026,INDOBORAX,EQ,INDO BORAX & CHEMICAL LTD,Listed    ,06 OCT 2026,               1.00,          32090000,            491.75,    15780257500.00 
06 OCT 2026,INDOCO,EQ,INDOCO REMEDIES LTD.     ,Listed    ,06 OCT 2026,               2.00,          92303605,            247.15,    22812835975.75    
06 OCT 2026,INDOFARM,EQ,INDO FARM EQUIPMENT LTD  ,Listed    ,06 OCT 2026,              10.00,          48051600,            134.30,     6454290912.00  
06 OCT 2026,INDOKEM,EQ,INDOKEM LTD.             ,Permitted ,06 OCT 2026,              10.00,          27888255,            596.85,    16645104996.75   
06 OCT 2026,INDOMIM,EQ,INDO-MIM LIMITED         ,Listed    ,06 OCT 2026,               1.00,         494480907,           1350.20,   667648120631.40   
06 OCT 2026,INDORAMA,EQ,INDO RAMA SYNTHETICS LTD ,Listed    ,06 OCT 2026,              10.00,         261113151,             95.10,    24831860660.10  
06 OCT 2026,INDOSTAR,EQ,INDOSTAR CAPITAL FIN LTD ,Listed    ,06 OCT 2026,              10.00,         161704023,            199.55,    32268037789.65  
06 OCT 2026,INDOTECH,EQ,INDO TECH TRANSFORM LTD. ,Listed    ,06 OCT 2026,              10.00,          10620000,           3352.80,    35606736000.00  
06 OCT 2026,INDOTHAI,EQ,INDO THAI SEC LTD        ,Listed    ,06 OCT 2026,               1.00,         129618190,             38.80,     5026593408.20  
06 OCT 2026,INDOUS,EQ,INDO US BIOTECH LTD      ,Listed    ,06 OCT 2026,              10.00,          20052000,             75.55,     1514527560.00    
06 OCT 2026,INDOWIND,EQ,INDOWIND ENERGY LTD      ,Listed    ,06 OCT 2026,              10.00,         161002170,              8.55,     1378178575.20  
06 OCT 2026,INDPRUD,EQ,INDUSTRIAL & PRU INV CO L,Permitted ,06 OCT 2026,              10.00,           1675840,           6299.50,    10556954080.00   
06 OCT 2026,INDRAMEDCO,EQ,INDRAPRASTHA MEDICAL CORP,Listed    ,06 OCT 2026,              10.00,          91673000,            335.15,    30724205950.00
06 OCT 2026,INDSWFTLAB,EQ,IND SWIFT LABORATORIES LT,Listed    ,06 OCT 2026,              10.00,          86961558,            400.45,    34823755901.10
06 OCT 2026,INDTERRAIN,EQ,IND TERRAIN FASHIONS LTD ,Listed    ,06 OCT 2026,               2.00,          50667367,             29.20,     1480500463.75
06 OCT 2026,INDUSINDBK,EQ,INDUSIND BANK LIMITED    ,Listed    ,06 OCT 2026,              10.00,         779140552,            906.10,   705979254167.20
06 OCT 2026,INDUSINVIT,IV,INDUS INFRA TRUST        ,Listed    ,06 OCT 2026,             100.00,         611005831,            130.15,    79510188788.05
06 OCT 2026,INDUSTOWER,EQ,INDUS TOWERS LIMITED     ,Listed    ,06 OCT 2026,              10.00,        2638162757,            389.10,  1026509128748.70
06 OCT 2026,INFINIUM,SM,INFINIUM PHARMACHEM LTD  ,Listed    ,06 OCT 2026,              10.00,          15583120,            307.35,     4789471932.00  
06 OCT 2026,INFLUX,SM,INFLUX HEALTHTECH LIMITED,Listed    ,06 OCT 2026,              10.00,          23150400,            272.00,     6296908800.00    
06 OCT 2026,INFOBEAN,EQ,INFOBEANS TECHNO. LTD.   ,Listed    ,06 OCT 2026,              10.00,          96959440,            149.45,    14491557902.40  
06 OCT 2026,INFOLLION,SM,INFOLLION RESEARCH SER L ,Listed    ,06 OCT 2026,              10.00,           9706759,            159.80,     1551140088.20 
06 OCT 2026,INFOMEDIA,EQ,INFOMEDIA PRESS LIMITED  ,Listed    ,06 OCT 2026,              10.00,          50194172,              5.20,      261511636.10 
06 OCT 2026,INFY,EQ,INFOSYS LIMITED          ,Listed    ,06 OCT 2026,               5.00,        4058232462,           1013.85,  4114438981598.70      
06 OCT 2026,INGERRAND,EQ,INGERSOLL-RAND INDIA LTD ,Listed    ,06 OCT 2026,              10.00,          31568000,           4130.80,   130401094400.00 
06 OCT 2026,INM,SM,INTERIORS & MORE LIMITED ,Listed    ,06 OCT 2026,              10.00,          13990800,            139.50,     1951716600.00       
06 OCT 2026,INNOMET,ST,INNOMET ADVANCED MATERI L,Listed    ,06 OCT 2026,              10.00,          12940138,            277.25,     3587653260.50   
06 OCT 2026,INNOVACAP,EQ,INNOVA CAPTAB LIMITED    ,Listed    ,06 OCT 2026,              10.00,          57224929,           1141.80,    65339423932.20 
06 OCT 2026,INNOVANA,EQ,INNOVANA THINKLABS LTD   ,Listed    ,06 OCT 2026,              10.00,          20660000,            294.85,     6091601000.00  
06 OCT 2026,INNOVISION,EQ,INNOVISION LIMITED       ,Listed    ,06 OCT 2026,              10.00,          23813294,            256.50,     6108109911.00
06 OCT 2026,INOXGREEN,EQ,INOX GREEN ENERGY SER LTD,Listed    ,06 OCT 2026,              10.00,         401492045,            146.60,    58854718876.55 
06 OCT 2026,INOXINDIA,EQ,INOX INDIA LIMITED       ,Listed    ,06 OCT 2026,               2.00,          90922459,           2077.30,   188873224080.70 
06 OCT 2026,INOXWIND,EQ,INOX WIND LIMITED        ,Listed    ,06 OCT 2026,              10.00,        1728237822,             68.70,   118729938371.40  
06 OCT 2026,INSECTICID,EQ,INSECTICIDES (I) LTD     ,Listed    ,06 OCT 2026,              10.00,          29097837,            584.15,    16997501483.55
06 OCT 2026,INSPIRE,SM,INSPIRE FILMS LIMITED    ,Listed    ,06 OCT 2026,              10.00,          13609299,              9.90,      134732060.10   
06 OCT 2026,INSPIRISYS,EQ,INSPIRISYS SOLUTIONS LTD ,Listed    ,06 OCT 2026,              10.00,          39616873,             83.75,     3318309282.50
06 OCT 2026,INTEGRITY,SM,INTEGRITY INFRABUILD DE L,Listed    ,05 OCT 2026,              10.00,           4400000,            191.50,      842600000.00 
06 OCT 2026,INTELLECT,EQ,INTELLECT DESIGN ARENA   ,Listed    ,06 OCT 2026,               5.00,         140463287,            601.40,    84474620801.80 
06 OCT 2026,INTENTECH,EQ,INTENSE TECHNOLOGIES LTD ,Listed    ,06 OCT 2026,               2.00,          23626449,             84.10,     1986984360.90 
06 OCT 2026,INTERARCH,EQ,INTERARCH BLDNG SOLTN LTD,Listed    ,06 OCT 2026,              10.00,          16817032,           1685.60,    28346789139.20 
06 OCT 2026,INTERISE,IV,INTERISE TRUST           ,Listed    ,16 SEP 2025,             100.00,        1042411177,            107.20,   111725629950.85  
06 OCT 2026,INTLCONV,EQ,INTL CONVEYORS LIMITED   ,Listed    ,06 OCT 2026,               1.00,          63781000,             80.00,     5103755620.00  
06 OCT 2026,INVENTURE,EQ,INVENTURE GRO & SEC LTD  ,Listed    ,06 OCT 2026,               1.00,        1050000000,              0.85,      892500000.00 
06 OCT 2026,INVICTA,SM,INVICTA DIAGNOSTIC LTD   ,Listed    ,06 OCT 2026,              10.00,          12571973,             66.80,      839807796.40   
06 OCT 2026,INVPRECQ,BE,INVESTMENT & PREC CAST L ,Permitted ,06 OCT 2026,              10.00,          10000000,           1571.30,    15713000000.00  
06 OCT 2026,IOB,EQ,INDIAN OVERSEAS BANK     ,Listed    ,06 OCT 2026,              10.00,       19256589795,             31.45,   605812314950.70       
06 OCT 2026,IOC,EQ,INDIAN OIL CORP LTD      ,Listed    ,06 OCT 2026,              10.00,       14121238383,            131.60,  1858354971202.80       
06 OCT 2026,IOLCP,EQ,IOL CHEM AND PHARMA LTD  ,Listed    ,06 OCT 2026,               2.00,         293527510,            214.90,    63079061899.00     
06 OCT 2026,IONEXCHANG,EQ,ION EXCHANGE (INDIA) LTD ,Listed    ,06 OCT 2026,               1.00,         146666590,            409.20,    60015968628.00
06 OCT 2026,IPCALAB,EQ,IPCA LABORATORIES LTD    ,Listed    ,06 OCT 2026,               1.00,         253704218,           1945.50,   493581556119.00   
06 OCT 2026,IPHL,SM,INDIAN PHOSPHATE LIMITED ,Listed    ,06 OCT 2026,              10.00,          24989609,             68.00,     1699293412.00      
06 OCT 2026,IPL,EQ,INDIA PESTICIDES LIMITED ,Listed    ,06 OCT 2026,               1.00,         115163508,            132.60,    15270681160.80       
06 OCT 2026,IPRINGLTD,EQ,IP RINGS LTD.            ,Permitted ,06 OCT 2026,              10.00,          12675865,            143.65,     1821141524.55 
06 OCT 2026,IPSL,SM,INTEGRATED PERSO SER LTD ,Listed    ,06 OCT 2026,              10.00,          10213010,            204.90,     2092645749.00      
06 OCT 2026,IRB,EQ,IRB INFRA DEV LTD.       ,Listed    ,06 OCT 2026,               1.00,       12078000000,             17.85,   215471520000.00       
06 OCT 2026,IRBINVIT,IV,IRB INVIT FUND           ,Listed    ,06 OCT 2026,             102.00,        1281600000,             63.85,    81830160000.00  
06 OCT 2026,IRBIT,IV,IRB INFRASTRUCTURE TRUST ,Listed    ,13 JUN 2024,             100.00,        1172093265,            214.25,   251097540160.95     
06 OCT 2026,IRCON,EQ,IRCON INTERNATIONAL LTD  ,Listed    ,06 OCT 2026,               2.00,         940515740,            107.85,   101444027716.40     
06 OCT 2026,IRCTC,EQ,INDIAN RAIL TOUR CORP LTD,Listed    ,06 OCT 2026,               2.00,         800000000,            454.80,   363840000000.00     
06 OCT 2026,IREDA,EQ,INDIAN RENEWABLE ENERGY  ,Listed    ,06 OCT 2026,              10.00,        2809231268,            109.00,   306206208212.00     
06 OCT 2026,IRFC,EQ,INDIAN RAILWAY FIN CORP L,Listed    ,06 OCT 2026,              10.00,       13068506000,             77.10,  1007581812600.00      
06 OCT 2026,IRIS,EQ,IRIS REGTECH SOLUTION LTD,Listed    ,06 OCT 2026,              10.00,          20568247,            221.55,     4557306487.80      
06 OCT 2026,IRISDOREME,EQ,IRIS CLOTHINGS LIMITED   ,Listed    ,06 OCT 2026,               2.00,         190331470,             58.45,    11124874421.50
06 OCT 2026,IRMENERGY,EQ,IRM ENERGY LIMITED       ,Listed    ,06 OCT 2026,              10.00,          41059677,            262.10,    10761741341.70 
06 OCT 2026,ISFT,BE,INTRASOFT TECH. LTD      ,Listed    ,06 OCT 2026,              10.00,          16311678,             98.30,     1603764180.95      
06 OCT 2026,ISGEC,EQ,ISGEC HEAVY ENG LTD      ,Listed    ,06 OCT 2026,               1.00,          73529510,            905.00,    66544206550.00     
06 OCT 2026,ISHAN,SM,ISHAN INTERNATIONAL LTD  ,Listed    ,06 OCT 2026,               1.00,         216235290,              0.45,       97305880.50     
06 OCT 2026,ISHANCH,EQ,ISHAN DYES N CHEMICALS L ,Listed    ,06 OCT 2026,              10.00,          27304397,             47.90,     1308426704.25   
06 OCT 2026,ISTLTD,EQ,I S T LTD.               ,Permitted ,06 OCT 2026,               5.00,          11664112,            637.20,     7432372166.40    
06 OCT 2026,ITALIANE,SM,ITALIAN EDIBLES LIMITED  ,Listed    ,05 OCT 2026,              10.00,          14777151,             28.20,      416715658.20  
06 OCT 2026,ITC,EQ,ITC LTD                  ,Listed    ,06 OCT 2026,               1.00,       12530517082,            266.70,  3341888905769.40       
06 OCT 2026,ITCHOTELS,EQ,ITC HOTELS LIMITED       ,Listed    ,06 OCT 2026,               1.00,        2083005769,            160.20,   333718354251.50 
06 OCT 2026,ITDC,EQ,INDIA TOUR. DEV. CO. LTD.,Listed    ,06 OCT 2026,              10.00,          85769400,            675.25,    57915787350.00      
06 OCT 2026,ITI,EQ,ITI LTD                  ,Listed    ,06 OCT 2026,              10.00,         962851967,            247.85,   238633231501.30       
06 OCT 2026,ITL,EQ,ITL INDUSTRIES LTD.      ,Permitted ,06 OCT 2026,              10.00,           3204300,            366.75,     1175177025.00       
06 OCT 2026,ITTL,ST,INNOVATIVE TYRE & TUBE LT,Listed    ,06 OCT 2026,              10.00,          10000000,             60.75,      607500000.00      
06 OCT 2026,IVALUE,EQ,IVALUE INFOSOLUTIONS LTD ,Listed    ,06 OCT 2026,               2.00,          54753660,            229.45,    12563227287.00    
06 OCT 2026,IVC,EQ,IL&FS INVESTMENT MANAGERS,Listed    ,06 OCT 2026,               2.00,         314032740,              8.00,     2512261920.00       
06 OCT 2026,IVP,BE,IVP LIMITED              ,Listed    ,06 OCT 2026,              10.00,          10326263,            228.90,     2363888125.95       
06 OCT 2026,IWARE,ST,IWARE SUPPLYCHAIN SER LTD,Listed    ,06 OCT 2026,              10.00,          11506800,            373.00,     4292036400.00     
06 OCT 2026,IWP,EQ,INDIAN WOOD PRODUCTS CO L,Permitted ,06 OCT 2026,               2.00,          63972720,             37.40,     2391300273.60       
06 OCT 2026,IXIGO,EQ,LE TRAVENUES TECHNOLOGY L,Listed    ,06 OCT 2026,               1.00,         441085150,            160.15,    70630965069.50     
06 OCT 2026,IZMO,EQ,IZMO LIMITED             ,Listed    ,06 OCT 2026,              10.00,          14980321,            864.30,    12947491440.30      
06 OCT 2026,J&KBANK,EQ,J & K BANK LTD.          ,Listed    ,06 OCT 2026,               1.00,        1101182463,            139.50,   153614953588.50   
06 OCT 2026,JAGRAN,EQ,JAGRAN PRAKASHAN LIMITED ,Listed    ,06 OCT 2026,               2.00,         217654272,             61.70,    13433621667.85    
06 OCT 2026,JAGSNPHARM,EQ,JAGSONPAL PHARMACEUTICALS,Listed    ,06 OCT 2026,               2.00,          65957420,            233.65,    15409632034.60
06 OCT 2026,JAIBALAJI,EQ,JAI BALAJI INDUSTRIES LTD,Listed    ,06 OCT 2026,               2.00,         912256930,             64.15,    58539527198.10 
06 OCT 2026,JAICORPLTD,EQ,JAI CORP LIMITED         ,Listed    ,06 OCT 2026,               1.00,         175504995,             90.15,    15825285399.15
06 OCT 2026,JAINAM,SM,JAINAM FER ALLOYS (I) LTD,Listed    ,06 OCT 2026,              10.00,          11711200,            211.55,     2477504360.00    
06 OCT 2026,JAINIK,ST,JAINIK POWER CABLES LTD  ,Listed    ,06 OCT 2026,              10.00,          14347700,            185.90,     2667237430.00    
06 OCT 2026,JAINREC,EQ,JAIN RESOURCE RECYCLING L,Listed    ,06 OCT 2026,               2.00,         345085814,            290.15,   100126648932.10   
06 OCT 2026,JAIPURKURT,EQ,NANDANI CREATION LIMITED ,Listed    ,06 OCT 2026,              10.00,          19090714,             27.35,      522512842.20
06 OCT 2026,JAKHARIA,ST,JAKHARIA FABRIC LIMITED  ,Listed    ,17 SEP 2026,              10.00,          12191490,             59.50,      725393655.00  
06 OCT 2026,JALAN,ST,JALAN TRANSOLU. INDIA LTD,Listed    ,06 OCT 2026,              10.00,          14537220,              1.65,       23986413.00     
06 OCT 2026,JAMNAAUTO,EQ,JAMNA AUTO IND LTD       ,Listed    ,06 OCT 2026,               1.00,         399985135,            144.20,    57681856318.35 
06 OCT 2026,JARO,EQ,JARO INS OF TEC MG N RE L,Listed    ,06 OCT 2026,              10.00,          22270387,            413.85,     9216599659.95      
06 OCT 2026,JASH,EQ,JASH ENGINEERING LIMITED ,Listed    ,06 OCT 2026,               2.00,          63193720,            594.95,    37597103714.00      
06 OCT 2026,JAYAGROGN,EQ,JAYANT AGRO ORGANICS LTD ,Listed    ,06 OCT 2026,               5.00,          30000000,            219.15,     6574800000.00 
06 OCT 2026,JAYBARMARU,EQ,JAY BHARAT MARUTI LTD    ,Listed    ,06 OCT 2026,               2.00,         108250000,            134.35,    14545552500.00
06 OCT 2026,JAYBEE,SM,JAY BEE LAMINATIONS LTD  ,Listed    ,06 OCT 2026,              10.00,          22567600,             93.55,     2111198980.00    
06 OCT 2026,JAYESH,SM,JAYESH LOGISTICS LIMITED ,Listed    ,06 OCT 2026,              10.00,           8691449,            124.45,     1081650828.05    
06 OCT 2026,JAYKAY,EQ,JAYKAY ENTERPRISES LTD   ,Listed    ,06 OCT 2026,               1.00,         130287066,            240.00,    31271501581.30    
06 OCT 2026,JAYNECOIND,EQ,JAYASWAL NECO INDUSTR LTD,Listed    ,06 OCT 2026,              10.00,         970998244,             94.45,    91710784145.80
06 OCT 2026,JAYSREETEA,EQ,JAYSHREE TEA & INDUSTRIES,Listed    ,06 OCT 2026,               5.00,          28877488,             85.75,     2475955821.10
06 OCT 2026,JBMA,EQ,JBM AUTO LIMITED         ,Listed    ,06 OCT 2026,               1.00,         236494264,            555.65,   131408037791.60      
06 OCT 2026,JENBURPH,EQ,JENBURKT PHARMACEUTICAL L,Permitted ,06 OCT 2026,              10.00,           4413300,            905.55,     3996463815.00  
06 OCT 2026,JETFREIGHT,EQ,JET FREIGHT LOGISTICS LTD,Listed    ,06 OCT 2026,               5.00,          46403784,             19.80,      918794923.20
06 OCT 2026,JETKNIT,ST,JET KNITWEARS LTD.       ,Listed    ,27 AUG 2026,              10.00,           4083200,             48.45,      197831040.00   
06 OCT 2026,JEYYAM,SM,JEYYAM GLOBAL FOODS LTD  ,Listed    ,06 OCT 2026,               5.00,          47496756,             21.90,     1040178956.40    
06 OCT 2026,JFLLIFE,SM,JFL LIFE SCIENCES LIMITED,Listed    ,06 OCT 2026,              10.00,          65990646,              9.80,      646708330.80   
06 OCT 2026,JGCHEM,EQ,J.G.CHEMICALS LIMITED    ,Listed    ,06 OCT 2026,              10.00,          39186063,            665.45,    26076365623.35    
06 OCT 2026,JHS,BE,JHS SVEND. LAB. LTD      ,Listed    ,06 OCT 2026,              10.00,          87405767,             10.35,      905523746.10       
06 OCT 2026,JINDALPHOT,EQ,JINDAL PHOTO LIMITED     ,Listed    ,06 OCT 2026,              10.00,          10258326,           1024.80,    10512732484.80
06 OCT 2026,JINDALPOLY,EQ,JINDAL POLY FILMS LIMITED,Listed    ,06 OCT 2026,              10.00,          43786413,            658.35,    28826784998.55
06 OCT 2026,JINDALSAW,EQ,JINDAL SAW LIMITED       ,Listed    ,06 OCT 2026,               1.00,         639508234,            282.40,   180597125281.60 
06 OCT 2026,JINDALSTEL,EQ,JINDAL STEEL LIMITED     ,Listed    ,06 OCT 2026,               1.00,        1020088097,           1085.90,  1107713664532.30
06 OCT 2026,JINDRILL,EQ,JINDAL DRILLING IND. LTD ,Listed    ,06 OCT 2026,               5.00,          28981104,            590.70,    17119138132.80  
06 OCT 2026,JINDWORLD,EQ,JINDAL WORLDWIDE LTD     ,Listed    ,06 OCT 2026,               1.00,        1002602000,             45.40,    45508104780.00 
06 OCT 2026,JIOFIN,EQ,JIO FIN SERVICES LTD     ,Listed    ,06 OCT 2026,              10.00,        6603141623,            217.90,  1438824559651.70    
06 OCT 2026,JISLDVREQS,EQ,JAIN DVR EQUITY SHARES   ,Listed    ,06 OCT 2026,               2.00,          19294304,             18.95,      365820003.85
06 OCT 2026,JISLJALEQS,EQ,JAIN IRRIGATION SYSTEMS  ,Listed    ,06 OCT 2026,               2.00,         714609991,             26.65,    19044356260.15
06 OCT 2026,JITFINFRA,EQ,JITF INFRALOGISTICS LTD  ,Listed    ,06 OCT 2026,               2.00,          25703706,            275.10,     7071089520.60 
06 OCT 2026,JIWANRAM,SM,JIWANRAM SHEODUTTRA IND L,Listed    ,05 OCT 2026,              10.00,          24748225,              4.05,      100230311.25  
06 OCT 2026,JKCEMENT,EQ,JK CEMENT LIMITED        ,Listed    ,06 OCT 2026,              10.00,          77268251,           4960.00,   383250524960.00  
06 OCT 2026,JKIL,EQ,JKUMAR INFR.LTD.         ,Listed    ,06 OCT 2026,               5.00,          75665506,            448.30,    33920846339.80      
06 OCT 2026,JKIPL,EQ,JINKUSHAL INDUSTRIES LTD ,Listed    ,06 OCT 2026,              10.00,          38386000,             95.50,     3666630720.00     
06 OCT 2026,JKLAKSHMI,EQ,JK LAKSHMI CEMENT LTD    ,Listed    ,06 OCT 2026,               5.00,         124144426,            478.45,    59396900619.70 
06 OCT 2026,JKPAPER,EQ,JK PAPER LIMITED         ,Listed    ,06 OCT 2026,              10.00,         181318771,            393.45,    71339870449.95   
06 OCT 2026,JKTYRE,EQ,JK TYRE & INDUSTRIES LTD ,Listed    ,06 OCT 2026,               2.00,         288289511,            339.35,    97831045557.85    
06 OCT 2026,JLHL,EQ,JUPITER LIFE LINE HOSP L ,Listed    ,06 OCT 2026,               2.00,         327830110,            253.85,    83219673423.50      
06 OCT 2026,JMA,EQ,JULLUNDUR MOT AGENCY LTD ,Listed    ,06 OCT 2026,               2.00,          22841054,             86.90,     1985344413.70       
06 OCT 2026,JMFINANCIL,EQ,JM FINANCIAL LIMITED     ,Listed    ,06 OCT 2026,               1.00,         956959936,            124.00,   118663032064.00
06 OCT 2026,JNKINDIA,EQ,JNK INDIA LIMITED        ,Listed    ,06 OCT 2026,               2.00,          55953915,            440.95,    24672878819.25  
06 OCT 2026,JNPR,EQ,JUNIPER GREEN ENERGY LTD ,Listed    ,06 OCT 2026,              10.00,         568998442,            280.60,   159660962825.20      
06 OCT 2026,JOCIL,EQ,JOCIL LIMITED            ,Listed    ,06 OCT 2026,              10.00,           8881150,            148.45,     1318584340.50     
06 OCT 2026,JPOLYINVST,EQ,JIND POL INV & FIN CO LTD,Listed    ,06 OCT 2026,              10.00,          10511929,            923.90,     9711971203.10
06 OCT 2026,JPPOWER,EQ,JAIPRAKASH POWER VEN. LTD,Listed    ,06 OCT 2026,              10.00,        6853458827,             15.00,   102801882405.00   
06 OCT 2026,JSFB,EQ,JANA SMALL FIN BANK LTD  ,Listed    ,06 OCT 2026,              10.00,         105752539,            499.85,    52860406619.15      
06 OCT 2026,JSIPL,BE,JINDAL SUPREME (INDIA) L ,Listed    ,06 OCT 2026,              10.00,          51023769,            186.10,     9496543886.30     
06 OCT 2026,JSL,EQ,JINDAL STAINLESS LIMITED ,Listed    ,06 OCT 2026,               2.00,         824419588,            750.95,   619097889608.60       
06 OCT 2026,JSLL,EQ,JEENA SIKHO LIFECARE LTD ,Listed    ,06 OCT 2026,               2.00,         124300730,            441.25,    54847697112.50      
06 OCT 2026,JSWCEMENT,EQ,JSW CEMENT LIMITED       ,Listed    ,06 OCT 2026,              10.00,        1363364936,            113.20,   154332910755.20 
06 OCT 2026,JSWDULUX,EQ,JSW DULUX LIMITED        ,Listed    ,06 OCT 2026,              10.00,          45540314,           3004.80,   136839535507.20  
06 OCT 2026,JSWENERGY,EQ,JSW ENERGY LIMITED       ,Listed    ,06 OCT 2026,              10.00,        1833482736,            494.90,   907390606046.40 
06 OCT 2026,JSWHL,EQ,JSW HOLDINGS LIMITED     ,Listed    ,06 OCT 2026,              10.00,          11099625,          11313.00,   125570057625.00     
06 OCT 2026,JSWINFRA,EQ,JSW INFRASTRUCTURE LTD   ,Listed    ,06 OCT 2026,               2.00,        2330001567,            363.05,   845907068899.35  
06 OCT 2026,JSWSTEEL,EQ,JSW STEEL LIMITED        ,Listed    ,06 OCT 2026,               1.00,        2445453966,           1259.60,  3080293815573.60  
06 OCT 2026,JTEKTINDIA,EQ,JTEKT INDIA LIMITED      ,Listed    ,06 OCT 2026,               1.00,         277396890,            115.40,    32006053168.20
06 OCT 2026,JTLIND,EQ,JTL INDUSTRIES LIMITED   ,Listed    ,06 OCT 2026,               1.00,         393081630,             84.55,    33227190183.90    
06 OCT 2026,JUBLCPL,EQ,JUBILANT AGRI N CON PRO L,Listed    ,06 OCT 2026,              10.00,          15152493,           2003.50,    30358019725.50   
06 OCT 2026,JUBLFOOD,EQ,JUBILANT FOODWORKS LTD   ,Listed    ,06 OCT 2026,               2.00,         659845200,            449.75,   296765378700.00  
06 OCT 2026,JUBLINGREA,EQ,JUBILANT INGREVIA LIMITED,Listed    ,06 OCT 2026,               1.00,         159281139,            644.25,   102616873800.75
06 OCT 2026,JUBLPHARMA,EQ,JUBILANT PHARMOVA LTD    ,Listed    ,06 OCT 2026,               1.00,         159281139,            989.20,   157560902698.80
06 OCT 2026,JUNIPER,EQ,JUNIPER HOTELS LIMITED   ,Listed    ,06 OCT 2026,              10.00,         222502384,            218.35,    48585620570.25   
06 OCT 2026,JUSTDIAL,EQ,JUSTDIAL LTD.            ,Listed    ,06 OCT 2026,              10.00,          85049032,            658.95,    56043059636.40  
06 OCT 2026,JWL,EQ,JUPITER WAGONS LIMITED   ,Listed    ,06 OCT 2026,              10.00,         427370389,            224.65,    96004484184.95       
06 OCT 2026,JYOTHYLAB,EQ,JYOTHY LABS LIMITED      ,Listed    ,06 OCT 2026,               1.00,         367214511,            183.30,    67317764156.50 
06 OCT 2026,JYOTICNC,EQ,JYOTI CNC AUTOMATION LTD ,Listed    ,06 OCT 2026,               2.00,         227423096,           1073.10,   244047724317.60  
06 OCT 2026,JYOTIGLOBL,SM,JYOTI GLOBAL PLAST LTD   ,Listed    ,06 OCT 2026,              10.00,          19820000,             44.20,      876044000.00
06 OCT 2026,JYOTIRES,EQ,JYOTI RESINS & ADHESIVE L,Permitted ,06 OCT 2026,              10.00,          12000000,            849.60,    10195200000.00  
06 OCT 2026,JYOTISTRUC,EQ,JYOTI STRUCTURES LTD     ,Listed    ,06 OCT 2026,               2.00,        1193659937,              8.95,    10671319836.80
06 OCT 2026,K2INFRA,SM,K2 INFRAGEN LIMITED      ,Listed    ,06 OCT 2026,              10.00,          12618394,             40.10,      505997599.40   
06 OCT 2026,KABRAEXTRU,BE,KABRAEXTRUSION           ,Listed    ,06 OCT 2026,               5.00,          34972836,            815.70,    28527342325.20
06 OCT 2026,KAJARIACER,EQ,KAJARIA CERAMICS LTD     ,Listed    ,06 OCT 2026,               1.00,         157143050,           1213.80,   190740234090.00
06 OCT 2026,KAKATCEM,EQ,KAKATIYA CEM SUGAR &IND L,Listed    ,06 OCT 2026,              10.00,           7773858,            105.45,      819675587.50  
06 OCT 2026,KALAMANDIR,EQ,SAI SILKS (KALAMANDIR) L ,Listed    ,06 OCT 2026,               2.00,         153366112,             77.35,    11864402424.30
06 OCT 2026,KALANA,SM,KALANA ISPAT LIMITED     ,Listed    ,05 OCT 2026,              10.00,          13039185,             17.95,      234053370.75    
06 OCT 2026,KALPATARU,EQ,KALPATARU LIMITED        ,Listed    ,06 OCT 2026,              10.00,         205926918,            269.80,    55559082476.40 
06 OCT 2026,KALYANI,BE,KALYANI COMMERCIALS LTD  ,Listed    ,28 AUG 2026,              10.00,           1000000,            145.00,      144990000.00   
06 OCT 2026,KALYANIFRG,BE,KALYANI FORGE LIMITED    ,Listed    ,06 OCT 2026,              10.00,           3638000,            905.00,     3292390000.00
06 OCT 2026,KALYANKJIL,EQ,KALYAN JEWELLERS IND LTD ,Listed    ,06 OCT 2026,              10.00,        1032750972,            548.15,   566102445301.80
06 OCT 2026,KAMAHOLD,EQ,KAMA HOLDINGS LTD.       ,Permitted ,06 OCT 2026,              10.00,          32090575,           2253.30,    72309692647.50  
06 OCT 2026,KAMANWALA,EQ,KAMANWALA HOUSING CONST L,Permitted ,06 OCT 2026,              10.00,          14093160,             17.40,      245220984.00 
06 OCT 2026,KAMATHOTEL,EQ,KAMAT HOTELS (I) LTD     ,Listed    ,06 OCT 2026,              10.00,          29480072,            258.80,     7630032235.05
06 OCT 2026,KAMDHENU,EQ,KAMDHENU LIMITED         ,Listed    ,06 OCT 2026,               1.00,         281883000,             37.30,    10517054730.00  
06 OCT 2026,KAMOPAINTS,EQ,KAMDHENU VENTURES LIMITED,Listed    ,06 OCT 2026,               1.00,         329000000,              4.10,     1352190000.00
06 OCT 2026,KANANIIND,EQ,KANANI INDUSTRIES LTD    ,Listed    ,06 OCT 2026,               1.00,         197868000,              1.35,      267121800.00 
06 OCT 2026,KANCHI,EQ,KANCHI KARPOORAM LTD.    ,Permitted ,06 OCT 2026,              10.00,           4343891,            371.65,     1614407090.15    
06 OCT 2026,KANCOTEA,EQ,KANCO TEA & INDS. LTD.   ,Permitted ,06 OCT 2026,              10.00,           5122827,             50.45,      258549078.70  
06 OCT 2026,KANDARP,SM,KANDARP DG SMART BPO LTD ,Listed    ,06 OCT 2026,              10.00,           8973000,             59.00,      529407000.00   
06 OCT 2026,KANOHAR,EQ,KANOHAR ELECTRICALS LTD  ,Listed    ,06 OCT 2026,               2.00,          79186835,            942.50,    74633591987.50   
06 OCT 2026,KANORICHEM,BE,KANORIACHEMICALS-        ,Listed    ,06 OCT 2026,               5.00,          43693333,            182.10,     7956555939.30
06 OCT 2026,KANPRPLA,EQ,KANPUR PLASTIPACK LIMITED,Listed    ,06 OCT 2026,              10.00,          24478958,            250.90,     6141770562.20  
06 OCT 2026,KANSAINER,EQ,KANSAI NEROLAC PAINTS LTD,Listed    ,06 OCT 2026,               1.00,         808778779,            184.00,   148815295336.00 
06 OCT 2026,KAPSTON,EQ,KAPSTON SERVICES LIMITED ,Listed    ,06 OCT 2026,               5.00,          30432183,            547.25,    16654012146.75   
06 OCT 2026,KARAMTARA,EQ,KARAMTARA ENGINEERING L  ,Listed    ,06 OCT 2026,              10.00,         321822799,            438.80,   141215844201.20 
06 OCT 2026,KARMAENG,EQ,KARMA ENERGY LIMITED     ,Listed    ,06 OCT 2026,              10.00,          11569918,             36.30,      419756625.05  
06 OCT 2026,KARNIKA,SM,KARNIKA INDUSTRIES LTD   ,Listed    ,06 OCT 2026,              10.00,          61997500,            120.95,     7498597625.00   
06 OCT 2026,KARURVYSYA,EQ,KARUR VYSYA BANK LTD     ,Listed    ,06 OCT 2026,               2.00,         966561189,            325.20,   314325698662.80
06 OCT 2026,KATARIA,ST,KATARIA INDUSTRIES LTD   ,Listed    ,06 OCT 2026,              10.00,          21531234,            162.60,     3500978648.40   
06 OCT 2026,KAUSHALYA,BE,KAUSHALYA INFRA DEV LTD. ,Listed    ,06 OCT 2026,            1000.00,            346306,            822.70,      284905946.20 
06 OCT 2026,KAVDEFENCE,BE,KAVVERI DFS & WIR TEC LTD,Listed    ,06 OCT 2026,              10.00,          60124260,             85.55,     5143630443.00
06 OCT 2026,KAYA,BE,KAYA LIMITED             ,Listed    ,06 OCT 2026,              10.00,          15187609,            305.55,     4640573929.95      
06 OCT 2026,KAYNES,EQ,KAYNES TECHNOLOGY IND LTD,Listed    ,06 OCT 2026,              10.00,          67034654,           3405.00,   228252996870.00    
06 OCT 2026,KAYTEX,SM,KAYTEX FABRICS LIMITED   ,Listed    ,06 OCT 2026,              10.00,          14699200,             57.75,      848878800.00    
06 OCT 2026,KCEIL,SM,KAY CEE ENERGY & INFRA L ,Listed    ,06 OCT 2026,              10.00,          12224000,             77.25,      944304000.00     
06 OCT 2026,KCK,ST,KCK INDUSTRIES LTD       ,Listed    ,06 OCT 2026,               2.00,          63601700,             15.00,      954025500.00       
06 OCT 2026,KCP,EQ,KCP LTD                  ,Listed    ,06 OCT 2026,               1.00,         128921160,            154.40,    19906716315.60       
06 OCT 2026,KCPSUGIND,BE,KCPSUGARINDUS            ,Listed    ,06 OCT 2026,               1.00,         113385050,             24.45,     2769996771.50 
06 OCT 2026,KDDL,EQ,KDDL LIMITED             ,Listed    ,06 OCT 2026,              10.00,          12299280,           3999.90,    49195890072.00      
06 OCT 2026,KDGREEN,EQ,KD GREEN INDUSTRIES LTD  ,Permitted ,06 OCT 2026,               1.00,          58010500,             49.20,     2853536495.00   
06 OCT 2026,KDL,SM,KORE DIGITAL LIMITED     ,Listed    ,06 OCT 2026,              10.00,          12024000,             42.65,      512823600.00       
06 OCT 2026,KEC,EQ,KEC INTL. LIMITED        ,Listed    ,06 OCT 2026,               2.00,         266200000,            374.90,    99798380000.00       
06 OCT 2026,KECL,EQ,KIRLOSKAR ELECTRIC CO LTD,Listed    ,06 OCT 2026,              10.00,          66414071,            128.10,     8508306635.80      
06 OCT 2026,KEEPLEARN,EQ,DSJ KEEP LEARNING LTD    ,Listed    ,06 OCT 2026,               1.00,         155712083,              1.80,      278724628.55 
06 OCT 2026,KEI,EQ,KEI INDUSTRIES LTD.      ,Listed    ,06 OCT 2026,               2.00,          95600595,           4557.40,   435690151653.00       
06 OCT 2026,KELLTONTEC,EQ,KELLTON TECH SOL LTD     ,Listed    ,06 OCT 2026,               1.00,         531404670,             12.40,     6594731954.70
06 OCT 2026,KEN,SM,KEN ENTERPRISES LIMITED  ,Listed    ,06 OCT 2026,              10.00,          24565480,             42.85,     1052630818.00       
06 OCT 2026,KENNAMET,EQ,KENNAMETAL INDIA LIMITED ,Permitted ,06 OCT 2026,              10.00,          21978240,           4268.60,    93816315264.00  
06 OCT 2026,KERNEX,EQ,KERNEX MICROSYS(I) LTD   ,Listed    ,06 OCT 2026,              10.00,          16803622,           1749.70,    29401297413.40    
06 OCT 2026,KESORAMIND,EQ,KESORAM INDUSTRIES LTD   ,Listed    ,06 OCT 2026,              10.00,         310663663,             10.75,     3342741013.90
06 OCT 2026,KEYFINSERV,EQ,KEYNOTE FIN SERV LTD.    ,Listed    ,06 OCT 2026,              10.00,           5566637,            241.55,     1344509834.60
06 OCT 2026,KFINTECH,EQ,KFIN TECHNOLOGIES LIMITED,Listed    ,06 OCT 2026,              10.00,         172872079,            863.80,   149326901840.20  
06 OCT 2026,KHADIM,BE,KHADIM INDIA LIMITED     ,Listed    ,06 OCT 2026,              10.00,          18378382,            114.70,     2108000415.40    
06 OCT 2026,KHAICHEM,EQ,KHAITAN CHEM & FERT LTD  ,Listed    ,06 OCT 2026,               1.00,          96989200,             48.75,     4726283716.00  
06 OCT 2026,KHAITANLTD,EQ,KHAITAN (INDIA)LTD.      ,Listed    ,06 OCT 2026,              10.00,           4750000,            145.60,      691600000.00
06 OCT 2026,KHANDSE,EQ,KHANDWALA SECURITIES LTD ,Listed    ,06 OCT 2026,              10.00,          15253805,             16.95,      258857070.85   
06 OCT 2026,KHERIAAUTO,ST,KHERIA AUTOCOMP LIMITED  ,Listed    ,06 OCT 2026,              10.00,          15848400,             89.45,     1417639380.00
06 OCT 2026,KHFM,SM,KHFM HOS FAC MANA SER LTD,Listed    ,01 OCT 2026,              10.00,          23110499,             41.95,      969485433.05      
06 OCT 2026,KICL,EQ,KALYANI INVEST CO LTD    ,Listed    ,06 OCT 2026,              10.00,           4365306,           4808.30,    20989700839.80      
06 OCT 2026,KILITCH,EQ,KILITCH DRUGS INDIA LTD  ,Listed    ,06 OCT 2026,              10.00,          34961564,            260.70,     9114479734.80   
06 OCT 2026,KIMS,EQ,KRISHNA INST OF MED SCI L,Listed    ,06 OCT 2026,               2.00,         420006484,            693.40,   291232496005.60      
06 OCT 2026,KINGFA,EQ,KINGFA SCI & TEC IND LTD.,Listed    ,06 OCT 2026,              10.00,          13551381,           6932.00,    93938173092.00    
06 OCT 2026,KIOCL,EQ,KIOCL LIMITED            ,Listed    ,06 OCT 2026,              10.00,         607751096,            344.60,   209431027681.60     
06 OCT 2026,KIRANVYPAR,EQ,KIRAN VYAPAR LTD.        ,Permitted ,06 OCT 2026,              10.00,          27284211,            177.05,     4830669557.55
06 OCT 2026,KIRIINDUS,EQ,KIRI INDUSTRIES LIMITED  ,Listed    ,06 OCT 2026,              10.00,          65168000,            564.10,    36761268800.00 
06 OCT 2026,KIRLFER,EQ,KIRLOSKAR FERROUS IND LTD,Permitted ,06 OCT 2026,               5.00,         164921643,            472.75,    77966706728.25   
06 OCT 2026,KIRLOSBROS,EQ,KIRLOSKAR BROTHERS LTD   ,Listed    ,06 OCT 2026,               2.00,          79408926,           1745.30,   138592398547.80
06 OCT 2026,KIRLOSENG,EQ,KIRLOSKAR OIL ENG LTD    ,Listed    ,06 OCT 2026,               2.00,         145519854,           2266.10,   329762541149.40 
06 OCT 2026,KIRLOSIND,EQ,KIRLOSKAR INDUSTRIES LTD ,Listed    ,06 OCT 2026,              10.00,          10509580,           3542.50,    37230187150.00 
06 OCT 2026,KIRLPNU,EQ,KIRLOSKAR PNEUMATIC COM L,Listed    ,06 OCT 2026,               1.00,         129926380,            710.85,    92358167223.00   
06 OCT 2026,KISSHT,EQ,ONEMI TECHNOLOGY SOL LTD ,Listed    ,06 OCT 2026,               1.00,         177269272,            383.10,    67911858103.20    
06 OCT 2026,KITEX,EQ,KITEX GARMENTS LTD       ,Listed    ,06 OCT 2026,               1.00,         199500000,            118.95,    23732520000.00     
06 OCT 2026,KJMCFIN,EQ,K J M C FINANCIAL SERV L ,Permitted ,06 OCT 2026,              10.00,           4785740,             59.05,      282502232.20   
06 OCT 2026,KKCL,EQ,KEWAL KIRAN CLOTHING LTD ,Listed    ,06 OCT 2026,              10.00,          61625185,            474.55,    29244231541.75      
06 OCT 2026,KKJEWELS,SM,KABRA JEWELS LIMITED     ,Listed    ,06 OCT 2026,              10.00,          10485000,             99.90,     1047451500.00  
06 OCT 2026,KKVAPOW,SM,KKV AGRO POWERS LTD.     ,Listed    ,06 OCT 2026,              10.00,            623562,            290.10,      180895336.20   
06 OCT 2026,KLBRENG-B,EQ,KILBURN ENGINEERING LTD. ,Permitted ,06 OCT 2026,              10.00,          52312858,            528.40,    27642114167.20 
06 OCT 2026,KLL,ST,KAUSHALYA LOGISTICS LTD  ,Listed    ,06 OCT 2026,              10.00,          18530000,             40.90,      757877000.00       
06 OCT 2026,KMCSHIL,EQ,K M C SPECIALITY HOSP I L,Permitted ,06 OCT 2026,               1.00,         163085000,            170.35,    27783160600.00   
06 OCT 2026,KMEW,EQ,KNOWLEDGE MARINE & EN W L,Listed    ,06 OCT 2026,               5.00,          25364317,           3202.30,    81224152329.10      
06 OCT 2026,KMSUGAR,BE,K M SUGAR MILLS LTD      ,Listed    ,06 OCT 2026,               2.00,          92000170,             26.55,     2440764510.10   
06 OCT 2026,KNACK,EQ,KNACK PACKAGING LIMITED  ,Listed    ,06 OCT 2026,              10.00,         122365164,            197.35,    24147541463.75     
06 OCT 2026,KNAGRI,EQ,KN AGRI RESOURCES LIMITED,Listed    ,06 OCT 2026,              10.00,          24998910,            205.00,     5124776550.00    
06 OCT 2026,KNRCON,EQ,KNR CONSTRU LTD.         ,Listed    ,06 OCT 2026,               2.00,         281234600,            115.65,    32524781490.00    
06 OCT 2026,KODYTECH,ST,KODY TECHNOLAB LIMITED   ,Listed    ,06 OCT 2026,              10.00,          14293460,           1556.55,    22248485163.00  
06 OCT 2026,KOHINOOR,EQ,KOHINOOR FOODS LIMITED   ,Listed    ,06 OCT 2026,              10.00,          37071530,             28.90,     1070996501.70  
06 OCT 2026,KOKUYOCMLN,EQ,KOKUYO CAMLIN LIMITED    ,Listed    ,06 OCT 2026,               1.00,         100303806,             74.55,     7479654813.40
06 OCT 2026,KOLTEPATIL,EQ,KOLTE PATIL DEV. LTD.    ,Listed    ,06 OCT 2026,              10.00,          88680094,            433.55,    38447254753.70
06 OCT 2026,KONSTELEC,ST,KONSTELEC ENGINEERS LTD  ,Listed    ,06 OCT 2026,              10.00,          15100000,             50.00,      755000000.00 
06 OCT 2026,KONTOR,SM,KONTOR SPACE LIMITED     ,Listed    ,06 OCT 2026,              10.00,           6180000,             54.50,      336810000.00    
06 OCT 2026,KOPRAN,EQ,KOPRAN LTD               ,Listed    ,06 OCT 2026,              10.00,          48287601,            269.60,    13018337229.60    
06 OCT 2026,KORE,ST,JAY JALARAM TECHNO LTD   ,Listed    ,06 OCT 2026,              10.00,          12125000,            195.00,     2364375000.00      
06 OCT 2026,KOTAKBANK,EQ,KOTAK MAHINDRA BANK LTD  ,Listed    ,06 OCT 2026,               1.00,        9947656028,            431.90,  4296392638493.20 
06 OCT 2026,KOTARISUG,BE,KOTHARI SUG & CHEM LTD.  ,Listed    ,06 OCT 2026,              10.00,          82888580,             26.15,     2167536367.00 
06 OCT 2026,KOTHARIPET,EQ,KOTHARI PETROCHEM LTD    ,Listed    ,06 OCT 2026,              10.00,          58846400,            127.55,     7504681392.00
06 OCT 2026,KOTHARIPRO,EQ,KOTHARI PRODUCTS LTD     ,Listed    ,06 OCT 2026,              10.00,          59687730,             64.65,     3858214867.20
06 OCT 2026,KOTIC,EQ,KOTHARI INDUSTRIAL CORP L,Permitted ,06 OCT 2026,               5.00,         108021773,            147.35,    15914847816.10     
06 OCT 2026,KOTYARK,EQ,KOTYARK INDUSTRIES LTD   ,Listed    ,06 OCT 2026,              10.00,         113070276,             30.00,     3389846874.50   
06 OCT 2026,KOVAI,EQ,KOVAI MEDICAL CENTER & HO,Permitted ,06 OCT 2026,              10.00,          10942262,           5936.00,    64953267232.00     
06 OCT 2026,KPEL,EQ,K.P. ENERGY LIMITED      ,Listed    ,06 OCT 2026,               5.00,          67798099,            215.45,    14608456391.55      
06 OCT 2026,KPIGREEN,EQ,KPI GREEN ENERGY LIMITED ,Listed    ,06 OCT 2026,               5.00,         197671968,            326.80,    64599199142.40  
06 OCT 2026,KPIL,EQ,KALPATARU PROJECT INT LTD,Listed    ,06 OCT 2026,               2.00,         170772546,           1451.50,   247876350519.00      
06 OCT 2026,KPITTECH,EQ,KPIT TECHNOLOGIES LIMITED,Listed    ,06 OCT 2026,              10.00,         274143808,            492.70,   135070654201.60  
06 OCT 2026,KPL,EQ,KWALITY PHARMACEUTICALS L,Permitted ,06 OCT 2026,              10.00,          10376198,           3745.00,    38858861510.00       
06 OCT 2026,KPRMILL,EQ,KPR MILL LTD.            ,Listed    ,06 OCT 2026,               1.00,         341814000,           1100.40,   376132125600.00   
06 OCT 2026,KRBL,EQ,KRBL LIMITED             ,Listed    ,06 OCT 2026,               1.00,         228889892,            389.15,    89072501471.80      
06 OCT 2026,KREBSBIO,EQ,KREBS BIOCHEMICALS & IND ,Listed    ,06 OCT 2026,              10.00,          21560586,             58.85,     1269056091.95  
06 OCT 2026,KRIDHANINF,EQ,KRIDHAN INFRA LIMITED    ,Listed    ,06 OCT 2026,               2.00,          94779205,              1.90,      178184905.40
06 OCT 2026,KRISHANA,EQ,KRISHANA PHOSCHEM LIMITED,Listed    ,06 OCT 2026,               2.00,         309138000,            193.65,    59867665080.00  
06 OCT 2026,KRISHCA,SM,KRISHCA STRAPPING SLTN L ,Listed    ,06 OCT 2026,              10.00,          15927750,            209.90,     3343234725.00   
06 OCT 2026,KRISHIVAL,EQ,KRISHIVAL FOODS LIMITED  ,Listed    ,06 OCT 2026,              10.00,          25067236,            404.45,    10138443600.20 
06 OCT 2026,KRISHNADEF,EQ,KRISHNA DEF AND ALD IND L,Listed    ,06 OCT 2026,              10.00,          14947746,           1312.30,    19615927075.80
06 OCT 2026,KRITI,EQ,KRITI INDUSTRIES IND LTD ,Listed    ,06 OCT 2026,               1.00,          52696000,             60.05,     3163340880.00     
06 OCT 2026,KRITIKA,EQ,KRITIKA WIRES LIMITED    ,Listed    ,06 OCT 2026,               2.00,         266280000,              4.95,     1318086000.00   
06 OCT 2026,KRITINUT,EQ,KRITI NUTRIENTS LIMITED  ,Listed    ,06 OCT 2026,               1.00,          50103520,             72.60,     3638016587.20  
06 OCT 2026,KRMAYURVED,SM,KRM AYURVEDA LIMITED     ,Listed    ,06 OCT 2026,              10.00,          21260800,            291.80,     6203901440.00
06 OCT 2026,KRN,EQ,KRN HEAT EXCHANGE N REF L,Listed    ,06 OCT 2026,              10.00,          65458486,           1462.30,    95719944077.80       
06 OCT 2026,KRONOX,BE,KRONOX LAB SCIENCES LTD  ,Listed    ,06 OCT 2026,              10.00,          37104000,            206.65,     7667541600.00    
06 OCT 2026,KROSS,EQ,KROSS LIMITED            ,Listed    ,06 OCT 2026,               5.00,          64509422,            253.20,    16333785650.40     
06 OCT 2026,KRSNAA,EQ,KRSNAA DIAGNOSTICS LTD   ,Listed    ,06 OCT 2026,               5.00,          32438672,            552.70,    17928854014.40    
06 OCT 2026,KRT,RR,KNOWLEDGE REALTY TRUST   ,Listed    ,06 OCT 2026,             100.00,        4434399541,            112.40,   498426508408.40       
06 OCT 2026,KRYSTAL,EQ,KRYSTAL INTEGRATED SER L ,Listed    ,06 OCT 2026,              10.00,          13971952,            656.65,     9174682280.80   
06 OCT 2026,KSB,EQ,KSB LIMITED              ,Listed    ,06 OCT 2026,               2.00,         174039220,            809.10,   140815132902.00       
06 OCT 2026,KSCL,EQ,KAVERI SEED CO. LTD.     ,Listed    ,06 OCT 2026,               2.00,          51439071,            717.45,    36904961488.95      
06 OCT 2026,KSE,EQ,KSE LTD.                 ,Permitted ,06 OCT 2026,               1.00,          32000000,            176.85,     5659520000.00       
06 OCT 2026,KSHINTL,EQ,KSH INTERNATIONAL LIMITED,Listed    ,06 OCT 2026,               5.00,          67755700,           1034.10,    70066169370.00   
06 OCT 2026,KSHITIJPOL,BE,KSHITIJ POLYLINE LIMITED ,Listed    ,06 OCT 2026,               2.00,         214131761,              3.65,      779439610.05
06 OCT 2026,KSL,EQ,KALYANI STEELS LIMITED   ,Listed    ,06 OCT 2026,               5.00,          43653060,            942.80,    41156104968.00       
06 OCT 2026,KSOLVES,EQ,KSOLVES INDIA LIMITED    ,Listed    ,06 OCT 2026,               5.00,          23720400,            248.95,     5905430784.00   
06 OCT 2026,KSR,BE,KSR FOOTWEAR LIMITED     ,Listed    ,06 OCT 2026,              10.00,          18378382,             38.30,      703892030.60       
06 OCT 2026,KTKBANK,EQ,KARNATAKA BANK LIMITED   ,Listed    ,06 OCT 2026,              10.00,         378387004,            324.25,   122691986047.00   
06 OCT 2026,KUANTUM,EQ,KUANTUM PAPERS LIMITED   ,Listed    ,06 OCT 2026,               1.00,          87263630,             75.30,     6571823975.30   
06 OCT 2026,KUSUMGAR,EQ,KUSUMGAR LIMITED         ,Listed    ,06 OCT 2026,               1.00,         104991372,            611.00,    64149728292.00  
06 OCT 2026,KWIL,EQ,KWALITY WALL'S (INDIA) L ,Listed    ,06 OCT 2026,               1.00,        2349591262,             38.30,    89965849422.00      
06 OCT 2026,LADDERUP,BE,LADDERUP FINANCE LTD.    ,Permitted ,06 OCT 2026,              10.00,          10602477,             52.20,      553449299.40  
06 OCT 2026,LAGNAM,EQ,LAGNAM SPINTEX LIMITED   ,Listed    ,06 OCT 2026,              10.00,          17669000,             73.60,     1300261710.00    
06 OCT 2026,LAHOTIOV,EQ,LAHOTI OVERSEAS LTD.     ,Permitted ,06 OCT 2026,               2.00,          29171500,             39.10,     1141189080.00  
06 OCT 2026,LAKPRE,BZ,LAKSHMI PRE SCRE LTD     ,Listed    ,06 OCT 2026,              10.00,          10941667,              5.25,       57443751.75    
06 OCT 2026,LAKSHMIMIL,EQ,LAKSHMI MILLS CO. LTD.   ,Permitted ,06 OCT 2026,             100.00,            695915,           7733.50,     5381858652.50
06 OCT 2026,LAKSHYA,SM,LAKSHYA POWERTECH LIMITED,Listed    ,06 OCT 2026,              10.00,          10083920,             93.05,      938308756.00   
06 OCT 2026,LAL,EQ,LORENZINI APPARELS LTD   ,Listed    ,06 OCT 2026,               1.00,         172736551,              8.50,     1468260683.50       
06 OCT 2026,LALITHAA,EQ,LALITHAA JEWELLERY MART L,Listed    ,06 OCT 2026,               5.00,         559709811,            405.45,   226934342869.95  
06 OCT 2026,LALPATHLAB,EQ,DR. LAL PATH LABS LTD.   ,Listed    ,06 OCT 2026,              10.00,         167848820,           1964.20,   329688652244.00
06 OCT 2026,LAMBODHARA,EQ,LAMBODHARA TEXTILES LTD. ,Listed    ,06 OCT 2026,               5.00,          10377600,            135.95,     1410834720.00
06 OCT 2026,LAMOSAIC,ST,LAMOSAIC INDIA LIMITED   ,Listed    ,06 OCT 2026,              10.00,          10338008,             47.70,      493122981.60  
06 OCT 2026,LANCER,EQ,LANCER CONTAINER LINES L ,Permitted ,06 OCT 2026,               5.00,         353263718,             11.30,     3984814739.05    
06 OCT 2026,LANCORHOL,BE,LANCOR HOLDINGS LIMITED  ,Listed    ,06 OCT 2026,               2.00,          73550560,             32.20,     2369063537.60 
06 OCT 2026,LANDMARK,EQ,LANDMARK CARS LIMITED    ,Listed    ,06 OCT 2026,               5.00,          41464910,            480.60,    19928035746.00  
06 OCT 2026,LANDSMILL,EQ,LANDSMILL GREEN LIMITED  ,Listed    ,06 OCT 2026,               1.00,        1410695055,              0.95,     1311946401.15 
06 OCT 2026,LAOPALA,EQ,LA OPALA RG LIMITED      ,Listed    ,06 OCT 2026,               2.00,         111000000,            159.05,    17656770000.00   
06 OCT 2026,LASERPOWER,EQ,LASER POWER & INFRA LTD  ,Listed    ,06 OCT 2026,               5.00,         140368342,            278.80,    39134693749.60
06 OCT 2026,LATENTVIEW,EQ,LATENT VIEW ANALYTICS LTD,Listed    ,06 OCT 2026,               1.00,         207083230,            233.30,    48308375894.40
06 OCT 2026,LATTEYS,EQ,LATTEYS INDUSTRIES LTD   ,Listed    ,06 OCT 2026,               2.00,          57495825,             21.90,     1258583609.25   
06 OCT 2026,LAURUSLABS,EQ,LAURUS LABS LIMITED      ,Listed    ,06 OCT 2026,               2.00,         540312218,           2050.00,  1107640046900.00
06 OCT 2026,LAXMICOT,EQ,LAXMI COTSPIN LIMITED    ,Listed    ,06 OCT 2026,              10.00,          17147670,             12.65,      216575072.10  
06 OCT 2026,LAXMIDENTL,EQ,LAXMI DENTAL LIMITED     ,Listed    ,06 OCT 2026,               2.00,          55029420,            190.55,    10484755392.60
06 OCT 2026,LAXMIINDIA,EQ,LAXMI INDIA FINANCE LTD  ,Listed    ,06 OCT 2026,               5.00,          52393078,            111.60,     5846543574.00
06 OCT 2026,LCCINFOTEC,BE,LCC INFOTECH LTD         ,Listed    ,06 OCT 2026,               2.00,         168593350,              3.60,      605250126.50
06 OCT 2026,LCCPROJECT,EQ,LCC PROJECTS LIMITED     ,Listed    ,06 OCT 2026,               5.00,         289671232,            144.10,    41735831106.55
06 OCT 2026,LCL,EQ,LOHIA CORP LIMITED       ,Listed    ,06 OCT 2026,               1.00,         105650000,            627.55,    66300657500.00       
06 OCT 2026,LEAPIND,EQ,LEAP INDIA LIMITED       ,Listed    ,06 OCT 2026,               1.00,         440536458,            142.50,    62767634535.85   
06 OCT 2026,LEENEE,BE,LEE & NEE SOFTWARES (E) L,Permitted ,06 OCT 2026,              10.00,          55774000,              7.40,      412169860.00    
06 OCT 2026,LEMERITE,EQ,LE MERITE EXPORTS LIMITED,Listed    ,06 OCT 2026,               2.00,         125168000,             19.80,     2478326400.00  
06 OCT 2026,LEMONTREE,EQ,LEMON TREE HOTELS LTD    ,Listed    ,06 OCT 2026,              10.00,         792246464,            110.10,    87242180615.70 
06 OCT 2026,LENSKART,EQ,LENSKART SOLUTIONS LTD   ,Listed    ,06 OCT 2026,               2.00,        1739306168,            684.85,  1191163829154.80  
06 OCT 2026,LEXUS,EQ,LEXUS GRANITO (INDIA) LTD,Listed    ,06 OCT 2026,              10.00,          20790724,             10.80,      224747726.45     
06 OCT 2026,LFIC,EQ,LAKSHMI FIN IND CORP LTD ,Listed    ,06 OCT 2026,              10.00,           3000000,            130.40,      391260000.00      
06 OCT 2026,LGBBROSLTD,EQ,LG BALAKRISHNAN & BROS   ,Listed    ,06 OCT 2026,              10.00,          31892416,           1657.80,    52871247244.80
06 OCT 2026,LGEINDIA,EQ,LG ELECTRONICS INDIA LTD ,Listed    ,06 OCT 2026,              10.00,         678772392,           1758.60,  1193689128571.20  
06 OCT 2026,LGHL,EQ,LAXMI GOLDORNA HOUSE LTD ,Listed    ,06 OCT 2026,              10.00,          50092560,            213.70,    10704279146.40      
06 OCT 2026,LIBAS,EQ,LIBAS CONSU PRODUCTS LTD ,Listed    ,06 OCT 2026,              10.00,          26344580,             11.50,      303226115.80     
06 OCT 2026,LIBERTSHOE,EQ,LIBERTY SHOES LTD        ,Listed    ,06 OCT 2026,              10.00,          17040000,            218.55,     3724432800.00
06 OCT 2026,LICHSGFIN,EQ,LIC HOUSING FINANCE LTD  ,Listed    ,06 OCT 2026,               2.00,         550063000,            502.00,   276131626000.00 
06 OCT 2026,LICI,EQ,LIFE INSURA CORP OF INDIA,Listed    ,06 OCT 2026,              10.00,       12649995402,            390.00,  4933498206780.00      
06 OCT 2026,LIKHITHA,EQ,LIKHITHA INFRASTRUC LTD  ,Listed    ,06 OCT 2026,               5.00,          39450000,            226.65,     8941737000.00  
06 OCT 2026,LINC,EQ,LINC LIMITED             ,Listed    ,06 OCT 2026,               5.00,          59489164,             88.25,     5249918723.00      
06 OCT 2026,LINCOLN,EQ,LINCOLN PHARMA LTD       ,Listed    ,06 OCT 2026,              10.00,          20029728,            577.80,    11573176838.40   
06 OCT 2026,LINDEINDIA,EQ,LINDE INDIA LIMITED      ,Listed    ,06 OCT 2026,              10.00,          85284223,           6152.50,   524711182007.50
06 OCT 2026,LKPSEC,EQ,L K P SECURITIES LTD.    ,Permitted ,06 OCT 2026,               2.00,          82738029,             14.30,     1183153814.70    
06 OCT 2026,LLOYDS,SM,LLOYDS LUXURIES LIMITED  ,Listed    ,06 OCT 2026,              10.00,          24134873,             62.00,     1496362126.00    
06 OCT 2026,LLOYDSENGG,EQ,LLOYDS ENGG WORK LIMITED ,Listed    ,06 OCT 2026,               1.00,        1460757205,            101.15,   147755591285.75
06 OCT 2026,LLOYDSENT,EQ,LLOYDS ENTERPRISES LTD   ,Listed    ,06 OCT 2026,               1.00,        1526216272,             78.85,   120311628721.75 
06 OCT 2026,LLOYDSME,EQ,LLOYDS METALS N ENERGY L ,Listed    ,06 OCT 2026,               1.00,         562906951,           1858.20,  1045993696348.20  
06 OCT 2026,LMW,EQ,LMW LIMITED              ,Listed    ,06 OCT 2026,              10.00,          10683000,          16910.00,   180649530000.00       
06 OCT 2026,LODHA,EQ,LODHA DEVELOPERS LIMITED ,Listed    ,06 OCT 2026,              10.00,         999335096,           1135.60,  1134844935017.60     
06 OCT 2026,LOKESHMACH,EQ,LOKESH MACHINES LTD      ,Listed    ,06 OCT 2026,              10.00,          21796770,            455.70,     9932788089.00
06 OCT 2026,LORDSCHLO,EQ,LORDS CHLORO ALKALI LTD  ,Listed    ,06 OCT 2026,              10.00,          28653861,            139.20,     3988903989.80 
06 OCT 2026,LOTUSCHO,EQ,LOTUS CHOCOLATE CO. LTD. ,Permitted ,06 OCT 2026,              10.00,          12841049,            579.65,     7443314052.85  
06 OCT 2026,LOTUSDEV,BE,SRI LOTUS DEVLPRS N RTY L,Listed    ,06 OCT 2026,               1.00,         488723710,            244.75,   119605353548.30  
06 OCT 2026,LOTUSEYE,EQ,LOTUS EYE HOSP & INST L  ,Listed    ,06 OCT 2026,              10.00,          20796330,            115.35,     2399272592.10  
06 OCT 2026,LOVABLE,EQ,LOVABLE LINGERIE LTD     ,Listed    ,06 OCT 2026,              10.00,          14800000,             69.00,     1021200000.00   
06 OCT 2026,LOYALTEX,EQ,LOYAL TEXTILE MILLS LTD  ,Listed    ,06 OCT 2026,              10.00,           4816446,            207.00,      997004322.00  
06 OCT 2026,LPDC,EQ,LANDMARK PR.DEV.CO.LTD   ,Listed    ,06 OCT 2026,               1.00,         134143160,              6.25,      835711886.80      
06 OCT 2026,LRRPL,SM,LEAD REC AND RUB PROD LTD,Listed    ,06 OCT 2026,              10.00,           8640675,            100.70,      870115972.50     
06 OCT 2026,LT,EQ,LARSEN & TOUBRO LTD.     ,Listed    ,06 OCT 2026,               2.00,        1375894989,           3770.00,  5187124108530.00        
06 OCT 2026,LTF,EQ,L&T FINANCE LIMITED      ,Listed    ,06 OCT 2026,              10.00,        2506352570,            264.40,   662679619508.00       
06 OCT 2026,LTFOODS,EQ,LT FOODS LIMITED         ,Listed    ,06 OCT 2026,               1.00,         347252944,            408.15,   141731289093.60   
06 OCT 2026,LTM,EQ,LTM LIMITED              ,Listed    ,06 OCT 2026,               1.00,         296621321,           3971.10,  1177912927823.10       
06 OCT 2026,LTTS,EQ,L&T TECHNOLOGY SER. LTD. ,Listed    ,06 OCT 2026,               2.00,         106086268,           3246.00,   344356025928.00      
06 OCT 2026,LUMAXIND,EQ,LUMAX INDUSTRIES LTD     ,Listed    ,06 OCT 2026,              10.00,           9347732,           5435.50,    50809597286.00  
06 OCT 2026,LUMAXTECH,EQ,LUMAX AUTO TECH LTD      ,Listed    ,06 OCT 2026,               2.00,          68157705,           1856.90,   126562042414.50 
06 OCT 2026,LUMINO,EQ,LUMINO INDUSTRIES LIMITED,Listed    ,06 OCT 2026,               5.00,         304553705,            101.65,    30963975187.35    
06 OCT 2026,LUPIN,EQ,LUPIN LIMITED            ,Listed    ,06 OCT 2026,               2.00,         457289972,           2029.30,   927978540179.60     
06 OCT 2026,LUXIND,EQ,LUX INDUSTRIES LIMITED   ,Listed    ,06 OCT 2026,               2.00,          30071681,           1177.00,    35394368537.00    
06 OCT 2026,LXCHEM,EQ,LAXMI ORGANIC INDUS LTD  ,Listed    ,06 OCT 2026,               2.00,         277914693,            188.85,    52486968920.00    
06 OCT 2026,LYKALABS,BE,LYKA LABS LTD.           ,Listed    ,06 OCT 2026,              10.00,          36152711,             75.25,     2720853029.85  
06 OCT 2026,M&M,EQ,MAHINDRA & MAHINDRA LTD  ,Listed    ,06 OCT 2026,               5.00,        1243528831,           2855.00,  3550274812505.00       
06 OCT 2026,M&MFIN,EQ,M&M FIN. SERVICES LTD    ,Listed    ,06 OCT 2026,               2.00,        1390191160,            327.75,   455635152690.00    
06 OCT 2026,MAANALU,EQ,MAAN ALUMINIUM LIMITED   ,Listed    ,06 OCT 2026,               5.00,          59984864,            105.05,     6300210265.90   
06 OCT 2026,MACOBSTECH,SM,MACOBS TECHNOLOGIES LTD  ,Listed    ,06 OCT 2026,              10.00,           9795200,            203.70,     1995282240.00
06 OCT 2026,MACPOWER,EQ,MACPOWER CNC MACHINES LTD,Listed    ,06 OCT 2026,              10.00,          10004160,           2090.10,    20909694816.00  
06 OCT 2026,MADHAV,EQ,MADHAV MARBLE & GRANITE  ,Listed    ,06 OCT 2026,              10.00,           8947000,             33.95,      303571710.00    
06 OCT 2026,MADHAVBAUG,ST,VAIDYA SANE AYUR LAB LTD ,Listed    ,06 OCT 2026,              10.00,          10513450,            173.00,     1818826850.00
06 OCT 2026,MADHAVIPL,EQ,MADHAV INFRA PROJECTS L  ,Permitted ,06 OCT 2026,               1.00,         269581560,              7.35,     1981424466.00 
06 OCT 2026,MADHUCON,EQ,MADHUCON PROJECTS LTD.   ,Listed    ,06 OCT 2026,               1.00,          73794940,              3.95,      292227962.40  
06 OCT 2026,MADHURKNIT,SM,MADHUR KNIT CRAFTS LTD   ,Listed    ,06 OCT 2026,              10.00,          19009232,             55.10,     1047408683.20
06 OCT 2026,MADHUSUDAN,ST,MADHUSUDAN MASALA LIMITED,Listed    ,06 OCT 2026,              10.00,          16135000,            227.15,     3665065250.00
06 OCT 2026,MADRASFERT,EQ,MADRAS FERTILISERS LTD   ,Listed    ,06 OCT 2026,              10.00,         161101300,             59.00,     9501754674.00
06 OCT 2026,MAFATIND,EQ,MAFATLAL INDUSTRIES LTD. ,Permitted ,06 OCT 2026,               2.00,          72163930,            115.65,     8345036865.20  
06 OCT 2026,MAGADSUGAR,EQ,MAGADH SUGAR & ENERGY LTD,Listed    ,06 OCT 2026,              10.00,          14091630,            552.45,     7784920993.50
06 OCT 2026,MAGNUM,EQ,MAGNUM VENTURES LTD.     ,Listed    ,06 OCT 2026,              10.00,          68411317,             18.20,     1244401856.25    
06 OCT 2026,MAGSON,SM,MAGSON RETAIL AND DIST L ,Listed    ,06 OCT 2026,              10.00,          14249094,            183.00,     2607584202.00    
06 OCT 2026,MAHABANK,EQ,BANK OF MAHARASHTRA      ,Listed    ,06 OCT 2026,              10.00,        7691554950,             80.80,   621477639960.00  
06 OCT 2026,MAHAPEXLTD,EQ,MAHA RASHTRA APEX COPR. L,Listed    ,06 OCT 2026,              10.00,          28183792,             50.85,     1432863985.30
06 OCT 2026,MAHASTEEL,BE,MAHAMAYA STEEL INDS LTD  ,Listed    ,06 OCT 2026,              10.00,          16434400,           1139.30,    18723711920.00 
06 OCT 2026,MAHEPC,EQ,MAHINDRA EPC IRRIG LTD   ,Listed    ,06 OCT 2026,              10.00,          27950753,             98.95,     2766286024.40    
06 OCT 2026,MAHESHWARI,EQ,MAHESHWARI LOGISTICS LTD.,Listed    ,06 OCT 2026,              10.00,          29597200,             71.45,     2114423968.00
06 OCT 2026,MAHICKRA,SM,MAHICKRA CHEMICAL LIMITED,Listed    ,05 OCT 2026,              10.00,           9775910,            280.00,     2737254800.00  
06 OCT 2026,MAHLIFE,EQ,MAHINDRA LIFESPACE DEVLTD,Listed    ,06 OCT 2026,              10.00,         213373715,            352.20,    75150222423.00   
06 OCT 2026,MAHLOG,EQ,MAHINDRA LOGISTIC LIMITED,Listed    ,06 OCT 2026,              10.00,          99277402,            415.05,    41205085700.10    
06 OCT 2026,MAHSCOOTER,EQ,MAHARASHTRA SCOOTERS LTD ,Listed    ,06 OCT 2026,              10.00,          11428568,          12315.00,   140742814920.00
06 OCT 2026,MAHSEAMLES,EQ,MAHARASHTRA SEAMLESS LTD ,Listed    ,06 OCT 2026,               5.00,         133999252,            685.70,    91883287096.40
06 OCT 2026,MAITHANALL,EQ,MAITHAN ALLOYS LTD       ,Listed    ,06 OCT 2026,              10.00,          29111550,            911.00,    26520622050.00
06 OCT 2026,MAITREYA,SM,MAITREYA MEDICARE LIMITED,Listed    ,06 OCT 2026,              10.00,           6776000,            113.50,      769076000.00  
06 OCT 2026,MAJESAUT,BE,MAJESTIC AUTO LTD.       ,Permitted ,06 OCT 2026,              10.00,          10397478,            369.15,     3838229003.70  
06 OCT 2026,MAKERSL,EQ,MAKERS LABORATORIES LTD. ,Permitted ,06 OCT 2026,              10.00,           5900376,            183.00,     1079768808.00   
06 OCT 2026,MAKS,SM,MAKS ENERGY SOL INDIA LTD,Listed    ,05 OCT 2026,              10.00,           6934790,             14.95,      103675110.50      
06 OCT 2026,MAL,ST,MANGALAM ALLOYS LIMITED  ,Listed    ,06 OCT 2026,              10.00,          24685927,             38.00,      938065226.00       
06 OCT 2026,MALLCOM,EQ,MALLCOM (INDIA) LIMITED  ,Listed    ,06 OCT 2026,              10.00,           6240000,            903.30,     5636592000.00   
06 OCT 2026,MALUPAPER,EQ,MALU PAPER MILLS LIMITED ,Listed    ,06 OCT 2026,              10.00,          17059250,             32.40,      552719700.00 
06 OCT 2026,MAMATA,EQ,MAMATA MACHINERY LIMITED ,Listed    ,06 OCT 2026,              10.00,          24607800,            395.65,     9736076070.00    
06 OCT 2026,MANAKALUCO,EQ,MANAK ALUMINIUM CO. LTD. ,Listed    ,06 OCT 2026,               1.00,          65534050,             33.25,     2178351822.00
06 OCT 2026,MANAKCOAT,EQ,MAN COAT METAL & IND LTD ,Listed    ,06 OCT 2026,               1.00,         106634050,            129.30,    13789915346.00 
06 OCT 2026,MANAKSIA,EQ,MANAKSIA LTD.            ,Listed    ,06 OCT 2026,               2.00,          65534050,             59.05,     3869785652.50  
06 OCT 2026,MANAKSTEEL,BE,MANAKSIA STEELS LTD      ,Listed    ,06 OCT 2026,               1.00,          65534050,            108.90,     7135347364.00
06 OCT 2026,MANALIPETC,EQ,MANALI PETROCHEMICALS LT ,Listed    ,06 OCT 2026,               5.00,         171999229,             92.35,    15885848790.45
06 OCT 2026,MANAPPURAM,EQ,MANAPPURAM FINANCE LTD   ,Listed    ,06 OCT 2026,               2.00,         939336102,            310.20,   291382058840.40
06 OCT 2026,MANAV,SM,MANAV INFRA PROJECTS LTD ,Listed    ,05 OCT 2026,              10.00,          13160000,             38.75,      509950000.00     
06 OCT 2026,MANBA,EQ,MANBA FINANCE LIMITED    ,Listed    ,06 OCT 2026,              10.00,          50239410,            141.35,     7101340603.50     
06 OCT 2026,MANCREDIT,EQ,MANGAL CREDIT N FINCORP L,Listed    ,06 OCT 2026,              10.00,          21113986,            231.90,     4896333353.40 
06 OCT 2026,MANDEEP,SM,MANDEEP AUTO INDUSTRIES L,Listed    ,01 OCT 2026,              10.00,          11437894,             18.40,      210457249.60   
06 OCT 2026,MANGALAM,EQ,MANGALAM DRUG & CHEM LTD ,Listed    ,06 OCT 2026,              10.00,          15828248,             31.85,      504287981.30  
06 OCT 2026,MANGLMCEM,EQ,MANGALAM CEMENT LTD      ,Listed    ,06 OCT 2026,              10.00,          27497298,            988.10,    27170080153.80 
06 OCT 2026,MANIKA,EQ,MANIKA PLASTECH LIMITED  ,Listed    ,06 OCT 2026,               2.00,         116511627,             51.50,     6002679023.05    
06 OCT 2026,MANILAM,SM,MANILAM INDUSTRIES IND L ,Listed    ,06 OCT 2026,              10.00,          21848000,             34.85,      761402800.00   
06 OCT 2026,MANINDS,EQ,MAN INDUSTRIES (I) LTD.  ,Listed    ,06 OCT 2026,               5.00,          75009571,            922.05,    69162574940.55   
06 OCT 2026,MANINFRA,EQ,MAN INFRA LTD            ,Listed    ,06 OCT 2026,               2.00,         403666505,            123.25,    49747860076.20  
06 OCT 2026,MANIPALHOS,EQ,MANIPAL HEALTH ENTERPRI L,Listed    ,06 OCT 2026,               2.00,        1315377202,            690.50,   908267957981.00
06 OCT 2026,MANKIND,EQ,MANKIND PHARMA LIMITED   ,Listed    ,06 OCT 2026,               1.00,         413045090,           2500.00,  1032612725000.00   
06 OCT 2026,MANOMAY,EQ,MANOMAY TEX INDIA LTD    ,Listed    ,06 OCT 2026,              10.00,          18048735,            240.15,     4334223222.90   
06 OCT 2026,MANORAMA,EQ,MANORAMA INDUSTRIES LTD  ,Listed    ,06 OCT 2026,               2.00,          63122390,           1985.60,   125335817584.00  
06 OCT 2026,MANORG,EQ,MANGALAM ORGANICS LIMITED,Listed    ,06 OCT 2026,              10.00,           8564440,            436.10,     3734952284.00    
06 OCT 2026,MANUGRAPH,BE,MANUGRAPH INDIA LIMITED  ,Listed    ,06 OCT 2026,               2.00,          30415061,             16.45,      500327753.45 
06 OCT 2026,MANYAVAR,EQ,VEDANT FASHIONS LIMITED  ,Listed    ,06 OCT 2026,               1.00,         242978245,            505.40,   122801205023.00  
06 OCT 2026,MAPMYINDIA,EQ,C.E. INFO SYSTEMS LIMITED,Listed    ,06 OCT 2026,               2.00,          54814209,            896.60,    49146419789.40
06 OCT 2026,MARALOVER,EQ,MARAL OVERSEAS LTD       ,Listed    ,06 OCT 2026,              10.00,          41508000,             58.00,     2407048920.00 
06 OCT 2026,MARATHON,EQ,MARATHON NXTGEN REALT LTD,Listed    ,06 OCT 2026,               5.00,          67444551,            374.60,    25264728804.60  
06 OCT 2026,MARC,ST,MARC TECHNOCRATS LIMITED ,Listed    ,06 OCT 2026,              10.00,          17313383,            148.45,     2570171706.35      
06 OCT 2026,MARCO,SM,MARCO CABLE & CONDUCTOR L,Listed    ,06 OCT 2026,              10.00,          18699000,             28.90,      540401100.00     
06 OCT 2026,MARICO,EQ,MARICO LIMITED           ,Listed    ,06 OCT 2026,               1.00,        1300188450,            794.15,  1032544657567.50    
06 OCT 2026,MARINE,EQ,MARINE ELECTRICAL (I) LTD,Listed    ,06 OCT 2026,               2.00,         139944410,            478.85,    67012380728.50    
06 OCT 2026,MARINETRAN,ST,MARINETRANS INDIA LIMITED,Listed    ,29 SEP 2026,              10.00,          12726000,             14.50,      184527000.00
06 OCT 2026,MARKOLINES,EQ,MARKOLINES PAVEMENT TEC L,Listed    ,06 OCT 2026,              10.00,          22203720,            170.40,     3783735925.20
06 OCT 2026,MARKSANS,EQ,MARKSANS PHARMA LIMITED  ,Listed    ,06 OCT 2026,               1.00,         453288438,            324.40,   147046769287.20  
06 OCT 2026,MARSONS,EQ,MARSONS LIMITED          ,Listed    ,06 OCT 2026,               1.00,         172100000,            119.25,    20521204000.00   
06 OCT 2026,MARUSHIKA,SM,MARUSHIKA TECHNOLOGY LTD ,Listed    ,06 OCT 2026,              10.00,           8536768,            114.00,      973191552.00 
06 OCT 2026,MARUTI,EQ,MARUTI SUZUKI INDIA LTD. ,Listed    ,06 OCT 2026,               5.00,         314402574,          11625.00,  3654929922750.00    
06 OCT 2026,MASFIN,EQ,MAS FINANCIAL SERV LTD   ,Listed    ,06 OCT 2026,              10.00,         181453377,            266.90,    48429906321.30    
06 OCT 2026,MASKINVEST,EQ,MASK INVESTMENTS LIMITED ,Listed    ,06 OCT 2026,              10.00,           3051500,            147.50,      450065735.00
06 OCT 2026,MASON,SM,MASON INFRATECH LIMITED  ,Listed    ,06 OCT 2026,              10.00,          23940000,            104.35,     2498139000.00     
06 OCT 2026,MASTEK,EQ,MASTEK LTD               ,Listed    ,06 OCT 2026,               5.00,          31006376,           1616.30,    50115605528.80    
06 OCT 2026,MASTER,SM,MASTER COMPONENTS LIMITED,Listed    ,06 OCT 2026,              10.00,           4000000,            410.50,     1642000000.00    
06 OCT 2026,MASTERTR,EQ,MASTER TRUST LIMITED     ,Listed    ,06 OCT 2026,               1.00,         123016000,             82.60,    10163581920.00  
06 OCT 2026,MATRIMONY,EQ,MATRIMONY.COM LIMITED    ,Listed    ,06 OCT 2026,               5.00,          20673393,            509.60,    10535161072.80 
06 OCT 2026,MAWANASUG,EQ,MAWANA SUGARS LIMITED    ,Listed    ,06 OCT 2026,              10.00,          39116864,            147.90,     5784993016.95 
06 OCT 2026,MAXESTATES,EQ,MAX ESTATES LIMITED      ,Listed    ,06 OCT 2026,              10.00,         163579866,            564.95,    92414445296.70
06 OCT 2026,MAXHEALTH,EQ,MAX HEALTHCARE INS LTD   ,Listed    ,06 OCT 2026,              10.00,         973310251,            902.50,   878412501527.50 
06 OCT 2026,MAXIND,EQ,MAX INDIA LIMITED        ,Listed    ,06 OCT 2026,              10.00,          56320678,            165.85,     9340221239.50    
06 OCT 2026,MAXPOSURE,SM,MAXPOSURE LIMITED        ,Listed    ,06 OCT 2026,              10.00,          22740950,             35.00,      795933250.00 
06 OCT 2026,MAXVOLT,SM,MAXVOLT ENERGY INDUS L   ,Listed    ,06 OCT 2026,              10.00,          10903928,            440.75,     4805906266.00   
06 OCT 2026,MAYASHEEL,SM,MAYASHEEL VENTURES LTD   ,Listed    ,06 OCT 2026,              10.00,          22050000,             36.20,      798210000.00 
06 OCT 2026,MAYURUNIQ,EQ,MAYUR UNIQUOTERS LTD     ,Listed    ,06 OCT 2026,               5.00,          43452600,            761.15,    33073946490.00 
06 OCT 2026,MAZDA,BE,MAZDA LIMITED            ,Listed    ,06 OCT 2026,               2.00,          20025000,            283.40,     5675085000.00     
06 OCT 2026,MAZDOCK,EQ,MAZAGON DOCK SHIPBUIL LTD,Listed    ,06 OCT 2026,               5.00,         403380000,           2101.00,   847501380000.00   
06 OCT 2026,MBAPL,EQ,MADHYA BHARAT AGRO P. LTD,Listed    ,06 OCT 2026,               2.00,         458857700,            166.95,    76606293015.00     
06 OCT 2026,MBECL,BE,MCNALLY BHARAT ENGIN CO L,Listed    ,06 OCT 2026,              10.00,          33333334,            493.80,    16460000329.20     
06 OCT 2026,MBEL,EQ,M AND B ENGINEERING LTD  ,Listed    ,06 OCT 2026,              10.00,          57160718,            255.40,    14599418984.40      
06 OCT 2026,MBLINFRA,EQ,MBL INFRASTRUCTURE LTD   ,Listed    ,06 OCT 2026,              10.00,         155879256,             25.05,     3904775362.80  
06 OCT 2026,MCCHRLS-B,EQ,MAC CHARLES (INDIA) LTD. ,Permitted ,06 OCT 2026,              10.00,          13100452,            674.25,     8832979761.00 
06 OCT 2026,MCL,EQ,M TEK COPPER LIMITED     ,Listed    ,06 OCT 2026,               5.00,          27142800,             54.80,     1487968296.00       
06 OCT 2026,MCLEODRUSS,EQ,MCLEOD RUSSEL INDIA LTD. ,Listed    ,06 OCT 2026,               5.00,         104455735,             42.60,     4449814311.00
06 OCT 2026,MCLOUD,EQ,MAGELLANIC CLOUD LIMITED ,Listed    ,06 OCT 2026,               2.00,         589067120,             24.85,    14638317932.00    
06 OCT 2026,MCON,SM,MCON RASAYAN INDIA LTD   ,Listed    ,06 OCT 2026,              10.00,           7335388,             39.95,      293048750.60      
06 OCT 2026,MCX,EQ,MULTI COMMODITY EXCHANGE ,Permitted ,06 OCT 2026,               2.00,         254991845,           3310.00,   844023006950.00       
06 OCT 2026,MDL,SM,MARVEL DECOR LIMITED     ,Listed    ,06 OCT 2026,              10.00,          17740140,             58.35,     1035137169.00       
06 OCT 2026,MEDANTA,EQ,GLOBAL HEALTH LIMITED    ,Listed    ,06 OCT 2026,               2.00,         268871782,           1300.80,   349748414025.60   
06 OCT 2026,MEDIASSIST,EQ,MEDI ASSIST HEALTH SER L ,Listed    ,06 OCT 2026,               5.00,          74701842,            306.25,    22877439112.50
06 OCT 2026,MEDICAMEQ,BE,MEDICAMEN BIOTECH LIMITED,Listed    ,06 OCT 2026,              10.00,          13562815,            311.95,     4230920139.25 
06 OCT 2026,MEDICAPQ,BE,MEDI CAPS LTD.           ,Permitted ,06 OCT 2026,              10.00,          12469956,             25.00,      311624200.45  
06 OCT 2026,MEDICO,EQ,MEDICO REMEDIES LIMITED  ,Listed    ,06 OCT 2026,               2.00,          82984000,             22.15,     1839755280.00    
06 OCT 2026,MEDIORG,SM,MEDICAMEN ORGANICS LTD   ,Listed    ,01 OCT 2026,              10.00,          14880195,             24.55,      365308787.25   
06 OCT 2026,MEDISTEP,SM,MEDISTEP HEALTHCARE LTD  ,Listed    ,01 OCT 2026,              10.00,          14209546,             20.50,      291295693.00  
06 OCT 2026,MEDPLUS,EQ,MEDPLUS HEALTH SERV LTD  ,Listed    ,06 OCT 2026,               2.00,         120137061,            651.45,    78263288388.45   
06 OCT 2026,MEESHO,EQ,MEESHO LIMITED           ,Listed    ,06 OCT 2026,               1.00,        4626220635,            238.20,  1102058279669.70    
06 OCT 2026,MEGAFLEX,SM,MEGA FLEX PLASTICS LTD   ,Listed    ,06 OCT 2026,              10.00,          12131025,            120.25,     1458755756.25  
06 OCT 2026,MEGASTAR,EQ,MEGASTAR FOODS LIMITED   ,Listed    ,06 OCT 2026,              10.00,          11293700,            289.95,     3274834189.00  
06 OCT 2026,MEGATHERM,SM,MEGATHERM INDUCTION LTD  ,Listed    ,06 OCT 2026,              10.00,          18840729,            245.90,     4632935261.10 
06 OCT 2026,MEIL,EQ,MANGAL ELECTRICAL IND L  ,Listed    ,06 OCT 2026,              10.00,          27630124,            263.45,     7279156167.80      
06 OCT 2026,MENNPIS,BE,MENON PISTONS LTD.       ,Permitted ,06 OCT 2026,               1.00,          51000000,             70.20,     3579690000.00   
06 OCT 2026,MENONBE,EQ,MENON BEARINGS LIMITED   ,Listed    ,06 OCT 2026,               1.00,          56040000,            304.95,    17089398000.00   
06 OCT 2026,MEP,BZ,MEP INFRA. DEVELOPERS LTD,Listed    ,06 OCT 2026,              10.00,         183446051,              0.65,      122908854.15       
06 OCT 2026,MERCANTILE,EQ,MERCANTILE VENTURES LTD. ,Permitted ,06 OCT 2026,              10.00,         111918195,             22.85,     2557330755.75
06 OCT 2026,MERCURYEV,EQ,MERCURY EV-TECH LIMITED  ,Listed    ,06 OCT 2026,               1.00,         189973058,             36.95,     7023303954.25 
06 OCT 2026,METALIC,ST,METALIC TECHNOFORGE LTD  ,Listed    ,06 OCT 2026,              10.00,          23984400,            172.90,     4146902760.00   
06 OCT 2026,METROBRAND,EQ,METRO BRANDS LIMITED     ,Listed    ,06 OCT 2026,               5.00,         272611513,            818.85,   223227937420.05
06 OCT 2026,METROGLOBL,EQ,METROGLOBAL LTD.         ,Permitted ,06 OCT 2026,              10.00,          12334375,            130.00,     1603468750.00
06 OCT 2026,METROPOLIS,EQ,METROPOLIS HEALTHCARE LTD,Listed    ,06 OCT 2026,               2.00,         207387568,            552.65,   114612739455.20
06 OCT 2026,MFML,EQ,MAHALAXMI FABRIC MILLS LT,Listed    ,06 OCT 2026,              10.00,          10620275,             19.20,      203803077.25      
06 OCT 2026,MFSL,EQ,MAX FINANCIAL SERV LTD   ,Listed    ,06 OCT 2026,               2.00,         345114771,           1361.00,   469701203331.00      
06 OCT 2026,MGEL,EQ,MANGALAM GLOBAL ENT LTD  ,Listed    ,06 OCT 2026,               1.00,         329555600,             15.80,     5200387368.00      
06 OCT 2026,MGL,EQ,MAHANAGAR GAS LTD.       ,Listed    ,06 OCT 2026,              10.00,          98777778,           1039.80,   102709133564.40       
06 OCT 2026,MGSL,SM,MATRIX GEO SOLUTIONS LTD ,Listed    ,06 OCT 2026,              10.00,          14581832,             58.95,      859598996.40      
06 OCT 2026,MHHL,SM,MOHINI HEALTH&HYGIENE LTD,Listed    ,30 SEP 2026,              10.00,          18235900,             31.35,      571695465.00      
06 OCT 2026,MHLXMIRU,BE,MAHALAXMI RUBTECH LIMITED,Listed    ,06 OCT 2026,              10.00,          10620275,            171.10,     1817341458.00  
06 OCT 2026,MHRIL,EQ,MAHINDRA HOLIDAYS LTD    ,Listed    ,06 OCT 2026,              10.00,         202068677,            196.70,    39748929452.65     
06 OCT 2026,MICEL,BE,MIC ELECTRONICS LTD      ,Listed    ,06 OCT 2026,               2.00,         241011560,             34.60,     8338999976.00     
06 OCT 2026,MICROPRO,SM,MICROPRO SOFTWARE SOL L  ,Listed    ,05 OCT 2026,              10.00,          14299400,             16.75,      239514950.00  
06 OCT 2026,MIDHANI,EQ,MISHRA DHATU NIGAM LTD   ,Listed    ,06 OCT 2026,              10.00,         187340000,            462.35,    86616649000.00   
06 OCT 2026,MIDWESTLTD,EQ,MIDWEST LIMITED          ,Listed    ,06 OCT 2026,               5.00,          36160816,           1006.20,    36385013059.20
06 OCT 2026,MIEL,SM,MANGLAM INFRA & ENG LTD  ,Listed    ,06 OCT 2026,              10.00,          17596700,             12.50,      219958750.00      
06 OCT 2026,MIIL,EQ,MEGHNA INFRACON INFRA L  ,Permitted ,06 OCT 2026,              10.00,          21723750,            675.50,    14674393125.00      
06 OCT 2026,MILKYMIST,BE,MILKY MIST DAIRY FOOD L  ,Listed    ,06 OCT 2026,               2.00,         769843411,            319.20,   245734016791.20 
06 OCT 2026,MILTON,SM,MILTON INDUSTRIES LIMITED,Listed    ,05 OCT 2026,              10.00,          16995000,             35.50,      603322500.00    
06 OCT 2026,MINALIND,BE,MINAL INDUSTRIES LTD.    ,Permitted ,06 OCT 2026,               2.00,         191900650,              4.15,      800225710.50  
06 OCT 2026,MINDACORP,EQ,MINDA CORPORATION LTD    ,Listed    ,06 OCT 2026,               2.00,         239079428,            659.60,   157696790708.80 
06 OCT 2026,MINDPOOL,SM,MINDPOOL TECHNOLOGIES LTD,Listed    ,28 AUG 2026,              10.00,           4237500,             71.10,      301286250.00  
06 OCT 2026,MINDSPACE,RR,MINDSPACE BUSINESS P REIT,Listed    ,06 OCT 2026,             275.00,         661993482,            496.65,   328765822965.65 
06 OCT 2026,MINDTECK,EQ,MINDTECK (INDIA) LIMITED ,Listed    ,06 OCT 2026,              10.00,          31954221,            143.70,     4592460642.10  
06 OCT 2026,MIRZAINT,EQ,MIRZA INTERNATIONAL LIMIT,Listed    ,06 OCT 2026,               2.00,         138201900,             27.70,     3830956668.00  
06 OCT 2026,MITCON,EQ,MITCON CON & ENG SER LTD ,Listed    ,06 OCT 2026,              10.00,          17418418,             79.35,     1382151468.30    
06 OCT 2026,MITTAL,EQ,MITTAL LIFE STYLE LIMITED,Listed    ,06 OCT 2026,               1.00,         224016720,              0.70,      159051871.20    
06 OCT 2026,MKEXIM,EQ,M K EXIM (INDIA) LTD.    ,Permitted ,06 OCT 2026,              10.00,          40367250,             64.60,     2607320677.50    
06 OCT 2026,MKPL,EQ,M K PROTEINS LIMITED     ,Listed    ,06 OCT 2026,               1.00,         375372000,              4.00,     1497734280.00      
06 OCT 2026,MLKFOOD,EQ,MILKFOOD LTD.            ,Permitted ,06 OCT 2026,               5.00,          25596180,             84.65,     2166972598.80   
06 OCT 2026,MMEL,SM,MOVING MEDIA ENTER LTD   ,Listed    ,06 OCT 2026,              10.00,          18806336,             27.00,      507771072.00      
06 OCT 2026,MMFL,EQ,MM FORGINGS LTD          ,Listed    ,06 OCT 2026,              10.00,          48281600,            579.15,    27962288640.00      
06 OCT 2026,MMP,EQ,MMP INDUSTRIES LIMITED   ,Listed    ,06 OCT 2026,              10.00,          25402613,            480.55,    12207225677.15       
06 OCT 2026,MMTC,EQ,MMTC LIMITED             ,Listed    ,06 OCT 2026,               1.00,        1500000000,             57.00,    85515000000.00      
06 OCT 2026,MMWL,EQ,MEDIA MATRIX WORLDWIDE L ,Permitted ,06 OCT 2026,               1.00,        1132742219,             17.15,    19415201633.65      
06 OCT 2026,MOBIKWIK,EQ,ONE MOBIKWIK SYSTEMS LTD ,Listed    ,06 OCT 2026,               2.00,          78746917,            242.15,    19067778482.40  
06 OCT 2026,MOBILISE,SM,MOBILISE APP LAB LIMITED ,Listed    ,05 OCT 2026,              10.00,           9512000,            103.25,      982114000.00  
06 OCT 2026,MODINATUR,EQ,MODI NATURALS LIMITED    ,Listed    ,06 OCT 2026,              10.00,          13306397,            317.50,     4224781047.50 
06 OCT 2026,MODIRUBBER,EQ,MODI RUBBER LTD          ,Listed    ,06 OCT 2026,              10.00,          25040532,            118.60,     2969306284.55
06 OCT 2026,MODIS,EQ,MODIS NAVNIRMAN LTD      ,Listed    ,06 OCT 2026,              10.00,          19591200,            380.85,     7461308520.00     
06 OCT 2026,MODISONLTD,BE,MODISON LIMITED          ,Listed    ,06 OCT 2026,               1.00,          32450000,            491.30,    15942685000.00
06 OCT 2026,MODTHREAD,EQ,MODERN THREADS INDIA LTD ,Listed    ,06 OCT 2026,              10.00,          34775160,             49.00,     1703635088.40 
06 OCT 2026,MOHITE,EQ,MOHITE INDUSTRIES LTD.   ,Permitted ,06 OCT 2026,               1.00,         200997000,              2.50,      500482530.00    
06 OCT 2026,MOHITIND,EQ,MOHIT INDUSTRIES LTD     ,Listed    ,06 OCT 2026,              10.00,          14157575,             22.80,      322509558.50  
06 OCT 2026,MOIL,EQ,MOIL LIMITED             ,Listed    ,06 OCT 2026,              10.00,         203485211,            239.20,    48673662471.20      
06 OCT 2026,MOKSH,EQ,MOKSH ORNAMENTS LIMITED  ,Listed    ,06 OCT 2026,               2.00,          88248967,              9.30,      821597882.75     
06 OCT 2026,MOL,EQ,MEGHMANI ORGANICS LIMITED,Listed    ,06 OCT 2026,               1.00,         254314211,             60.25,    15322431212.75       
06 OCT 2026,MOLBIO,EQ,MOLBIO DIAGNOSTICS LTD   ,Listed    ,06 OCT 2026,               1.00,         115239996,           1501.10,   172986757995.60    
06 OCT 2026,MOLDTECH,BE,MOLD-TEK TECHNOLOGIES LTD,Listed    ,06 OCT 2026,               2.00,          28805118,            216.70,     6242645172.95  
06 OCT 2026,MOLDTKPAC,EQ,MOLD-TEK PACKAGING LTD   ,Listed    ,06 OCT 2026,               5.00,          33120639,            678.00,    22455793242.00 
06 OCT 2026,MOMSBELIEF,EQ,RAYS OF BELIEF LIMITED   ,Listed    ,06 OCT 2026,              10.00,          20901682,            232.65,     4862567300.50
06 OCT 2026,MONARCH,EQ,MONARCH NETWORTH CAP LTD ,Listed    ,06 OCT 2026,              10.00,          73947387,            344.65,    25485966929.55   
06 OCT 2026,MONEYBOXX,BE,MONEYBOXX FINANCE LIMITED,Listed    ,06 OCT 2026,              10.00,          69809200,             53.50,     3733396016.00 
06 OCT 2026,MONEYVIEW,EQ,MONEYVIEW LIMITED        ,Listed    ,06 OCT 2026,               1.00,        1760231268,             50.50,    88891679034.00 
06 OCT 2026,MONOLITH,SM,MONOLITHISCH INDIA LTD   ,Listed    ,06 OCT 2026,              10.00,          21736000,           1239.85,    26949379600.00  
06 OCT 2026,MONOPHARMA,SM,MONO PHARMACARE LIMITED  ,Listed    ,06 OCT 2026,              10.00,          17668564,              8.30,      146649081.20
06 OCT 2026,MONTECARLO,EQ,MONTE CARLO FASHIONS LTD.,Listed    ,06 OCT 2026,              10.00,          20732064,            524.30,    10869821155.20
06 OCT 2026,MOREPENLAB,EQ,MOREPEN LAB. LTD         ,Listed    ,06 OCT 2026,               2.00,         547953699,            143.95,    78883414508.05
06 OCT 2026,MOS,SM,MOS UTILITY LIMITED      ,Listed    ,06 OCT 2026,               2.00,         257440410,              6.00,     1544642460.00       
06 OCT 2026,MOSCHIP,EQ,MOSCHIP TECHNOLOGIES LTD ,Listed    ,06 OCT 2026,               2.00,         195048016,            197.70,    38560992763.20   
06 OCT 2026,MOTHERSON,EQ,SAMVRDHNA MTHRSN INTL LTD,Listed    ,06 OCT 2026,               1.00,       10554442601,            160.00,  1688710816160.00 
06 OCT 2026,MOTILALOFS,EQ,MOTILAL OSWAL FIN LTD    ,Listed    ,06 OCT 2026,               1.00,         602977213,           1081.15,   651908813834.95
06 OCT 2026,MOTISONS,EQ,MOTISONS JEWELLERS LTD   ,Listed    ,06 OCT 2026,               1.00,        1137506600,             17.60,    20031491226.00  
06 OCT 2026,MOTOGENFIN,EQ,MOTOR & GENERAL FINANCE L,Listed    ,06 OCT 2026,               5.00,          38727190,             25.75,      997999686.30
06 OCT 2026,MOXSH,SM,MOXSH OVERSEAS EDUCON LTD,Listed    ,01 OCT 2026,              10.00,           9500800,             93.30,      886424640.00     
06 OCT 2026,MPDL,BE,MPDL LTD.                ,Permitted ,05 OCT 2026,              10.00,           7412524,             27.35,      202584280.90      
06 OCT 2026,MPEL,SM,MANAS POLYMER N ENERGIE L,Listed    ,06 OCT 2026,              10.00,          23328000,             22.80,      531878400.00      
06 OCT 2026,MPHASIS,EQ,MPHASIS LIMITED          ,Listed    ,06 OCT 2026,              10.00,         190950043,           2298.00,   438803198814.00   
06 OCT 2026,MPIMANIPAL,EQ,MANIPAL PAYMENT & IDE S L,Listed    ,06 OCT 2026,               2.00,         231804528,            366.05,    84852047474.40
06 OCT 2026,MPSLTD,EQ,MPS LIMITED              ,Listed    ,06 OCT 2026,              10.00,          17105816,           2681.20,    45864113859.20    
06 OCT 2026,MPTODAY,SM,M P TODAY MEDIA LIMITED  ,Listed    ,10 SEP 2026,              10.00,           4568000,             41.55,      189800400.00   
06 OCT 2026,MRF,EQ,MRF LTD                  ,Listed    ,06 OCT 2026,              10.00,           4241143,         124080.00,   526241023440.00       
06 OCT 2026,MRIL,ST,MAHENDRA REALTO & INFRA L,Listed    ,06 OCT 2026,              10.00,          22103900,             68.60,     1516327540.00      
06 OCT 2026,MRPL,EQ,MRPL                     ,Listed    ,06 OCT 2026,              10.00,        1752598777,            174.70,   306214058317.45      
06 OCT 2026,MSL,EQ,MANGALAM SEEDS LTD.      ,Permitted ,06 OCT 2026,              10.00,          10980158,            140.00,     1537222120.00       
06 OCT 2026,MSPL,EQ,MSP STEEL & POWER LTD.   ,Listed    ,06 OCT 2026,              10.00,         566796645,             32.35,    18330203499.30      
06 OCT 2026,MSTCLTD,EQ,MSTC LIMITED             ,Listed    ,06 OCT 2026,              10.00,          70400000,            714.30,    50286720000.00   
06 OCT 2026,MSUMI,EQ,MOTHERSON SUMI WRNG IND L,Listed    ,06 OCT 2026,               1.00,        6631661898,             33.30,   220900657822.40     
06 OCT 2026,MTARTECH,BE,MTAR TECHNOLOGIES LIMITED,Listed    ,06 OCT 2026,              10.00,          30759591,           7718.50,   237417903133.50  
06 OCT 2026,MTEDUCARE,BE,MT EDUCARE LTD           ,Listed    ,06 OCT 2026,              10.00,          72228054,              1.65,      117731728.00 
06 OCT 2026,MTNL,EQ,MAHANAGAR TELEPHONE NIGAM,Listed    ,06 OCT 2026,              10.00,         630000000,             23.30,    14666400000.00      
06 OCT 2026,MUFIN,EQ,MUFIN GREEN FINANCE LTD  ,Listed    ,06 OCT 2026,               1.00,         198162188,            135.15,    26785582951.95     
06 OCT 2026,MUFTI,EQ,CREDO BRANDS MARKETING L ,Listed    ,06 OCT 2026,               2.00,          65394103,             69.60,     4552083509.85     
06 OCT 2026,MUKANDLTD,EQ,MUKAND LTD.              ,Listed    ,06 OCT 2026,              10.00,         144495563,            181.55,    26233169462.65 
06 OCT 2026,MUKESHB,EQ,MUKESH BABU FINANC SER L ,Permitted ,05 OCT 2026,              10.00,           6970900,            128.00,      892275200.00   
06 OCT 2026,MUKKA,BE,MUKKA PROTEINS LIMITED   ,Listed    ,06 OCT 2026,               1.00,         300000000,             26.95,     8091000000.00     
06 OCT 2026,MUKTAARTS,EQ,MUKTA ARTS LIMITED       ,Listed    ,06 OCT 2026,               5.00,          22585200,             57.05,     1288259808.00 
06 OCT 2026,MUNISH,SM,MUNISH FORGE LIMITED     ,Listed    ,06 OCT 2026,              10.00,          24070263,             86.45,     2080874236.35    
06 OCT 2026,MUNJALAU,EQ,MUNJAL AUTO IND. LTD.    ,Listed    ,06 OCT 2026,               2.00,         100000000,            105.35,    10533000000.00  
06 OCT 2026,MUNJALSHOW,EQ,MUNJAL SHOWA LTD         ,Listed    ,06 OCT 2026,               2.00,          39995000,            124.80,     4992175900.00
06 OCT 2026,MURUDCERA,EQ,MURUDESHWAR CERAMICS LTD ,Listed    ,06 OCT 2026,              10.00,          60545260,             27.95,     1693450922.20 
06 OCT 2026,MUTHOOTCAP,EQ,MUTHOOT CAP SERV LTD     ,Listed    ,06 OCT 2026,              10.00,          16447533,            216.40,     3559575091.85
06 OCT 2026,MUTHOOTFIN,EQ,MUTHOOT FINANCE LIMITED  ,Listed    ,06 OCT 2026,              10.00,         401468476,           2686.00,  1078344326536.00
06 OCT 2026,MUTHOOTMF,EQ,MUTHOOT MICROFIN LIMITED ,Listed    ,06 OCT 2026,              10.00,         170492176,            176.75,    30136197029.75 
06 OCT 2026,MVELECTRO,EQ,MV ELECTROSYSTEMS LIMITED,Listed    ,06 OCT 2026,               5.00,          27282728,            933.10,    25457513496.80 
06 OCT 2026,MVGJL,EQ,MANOJ VAIBHAV GEM N JEW L,Listed    ,06 OCT 2026,              10.00,          48847441,            203.15,     9923846113.55     
06 OCT 2026,MVKAGRO,SM,M.V.K. AGRO FOOD PROD LTD,Listed    ,06 OCT 2026,              10.00,          50503900,            217.30,    10974497470.00   
06 OCT 2026,MWL,EQ,MANGALAM WORLDWIDE LTD   ,Listed    ,06 OCT 2026,               1.00,         297006740,             41.65,    12373300788.40       
06 OCT 2026,MYMUDRA,SM,MY MUDRA FINCORP LIMITED ,Listed    ,06 OCT 2026,              10.00,          11391800,             82.70,      942101860.00   
06 OCT 2026,MYSORPETRO,BE,MYSORE PETRO CHEMICALS L ,Permitted ,06 OCT 2026,              10.00,           6583488,            117.15,      771123949.45
06 OCT 2026,NACLIND,EQ,NACL INDUSTRIES LIMITED  ,Listed    ,06 OCT 2026,               1.00,         234243330,            136.65,    32004666177.90   
06 OCT 2026,NAGREEKCAP,EQ,NAGREEKA CAP & INFR.LTD  ,Listed    ,06 OCT 2026,               5.00,          12615300,             27.25,      343766925.00
06 OCT 2026,NAGREEKEXP,EQ,NAGREEKA EXPORTS LTD.    ,Listed    ,06 OCT 2026,               5.00,          31249250,             21.95,      686546022.50
06 OCT 2026,NAHARCAP,EQ,NAHAR CAP & FIN.         ,Listed    ,06 OCT 2026,               5.00,          16746167,            234.65,     3929655548.20  
06 OCT 2026,NAHARINDUS,EQ,NAHAR INDS ENT LTD       ,Listed    ,06 OCT 2026,              10.00,          43205581,            127.65,     5515624470.45
06 OCT 2026,NAHARPOLY,EQ,NAHAR POLY FILMS LIMITED ,Listed    ,06 OCT 2026,               5.00,          24587991,            220.35,     5418209696.75 
06 OCT 2026,NAHARSPING,EQ,NAHAR SPINNING MILLS LTD.,Listed    ,06 OCT 2026,               5.00,          36065303,            257.40,     9283208992.20
06 OCT 2026,NAM-INDIA,EQ,NIPPON L I A M LTD       ,Listed    ,06 OCT 2026,              10.00,         640041982,           1073.50,   687085067677.00 
06 OCT 2026,NAMAN,ST,NAMAN INDUSTRE PRXIMA LTD,Listed    ,06 OCT 2026,              10.00,          13065980,             48.20,      629780236.00     
06 OCT 2026,NAMOEWASTE,SM,NAMO EWASTE MANAGEMENT L ,Listed    ,06 OCT 2026,              10.00,          22867515,            382.90,     8755971493.50
06 OCT 2026,NARMADA,EQ,NARMADA AGROBASE LIMITED ,Listed    ,06 OCT 2026,               5.00,          75872798,             12.10,      918060855.80   
06 OCT 2026,NATCAPSUQ,BE,NATURAL CAPSULES LIMITED ,Listed    ,06 OCT 2026,              10.00,          10411154,            166.75,     1735955817.95 
06 OCT 2026,NATCOPHARM,EQ,NATCO PHARMA LTD.        ,Listed    ,06 OCT 2026,               2.00,         196167953,            823.65,   161573734488.45
06 OCT 2026,NATHBIOGEN,EQ,NATH BIO-GENES (I) LTD   ,Listed    ,06 OCT 2026,              10.00,          19004000,            138.30,     2628443240.00
06 OCT 2026,NATIONALUM,EQ,NATIONAL ALUMINIUM CO LTD,Listed    ,06 OCT 2026,               5.00,        1836631787,            337.25,   619404070165.75
06 OCT 2026,NATIONSTD,EQ,NATIONAL STAND (INDIA) L ,Permitted ,06 OCT 2026,              10.00,          20000000,            110.80,     2215800000.00 
06 OCT 2026,NAUKRI,EQ,INFO EDGE (I) LTD        ,Listed    ,06 OCT 2026,               2.00,         648420600,           1241.00,   804689964600.00    
06 OCT 2026,NAVA,EQ,NAVA LIMITED             ,Listed    ,06 OCT 2026,               1.00,         283312597,            575.00,   162904743275.00      
06 OCT 2026,NAVINFLUOR,EQ,NAVIN FLUORINE INT. LTD  ,Listed    ,06 OCT 2026,               2.00,          51292374,           8536.00,   437831704464.00
06 OCT 2026,NAVKARCORP,EQ,NAVKAR CORPORATION LTD.  ,Listed    ,06 OCT 2026,              10.00,         150519181,             85.95,    12938628798.75
06 OCT 2026,NAVKARURB,EQ,NAVKAR URBANSTRUCTURE LTD,Listed    ,06 OCT 2026,               1.00,        1122090422,              0.85,      953776858.70 
06 OCT 2026,NAVNETEDUL,EQ,NAVNEET EDUCATION LTD    ,Listed    ,06 OCT 2026,               2.00,         221213181,            124.25,    27490162002.85
06 OCT 2026,NAZARA,EQ,NAZARA TECHNOLOGIES LTD  ,Listed    ,06 OCT 2026,               2.00,         370465024,            379.55,   140609999859.20    
06 OCT 2026,NBCC,EQ,NBCC (INDIA) LIMITED     ,Listed    ,06 OCT 2026,               1.00,        2700000000,             77.05,   208035000000.00      
06 OCT 2026,NBIFIN,EQ,N.B.I. IND. FIN. CO. LTD ,Listed    ,06 OCT 2026,               5.00,           2954850,           1828.10,     5401761285.00    
06 OCT 2026,NCC,EQ,NCC LIMITED              ,Listed    ,06 OCT 2026,               2.00,         627846588,            128.45,    80659451160.35       
06 OCT 2026,NCLIND,EQ,NCL INDUSTRIES LIMITED   ,Listed    ,06 OCT 2026,              10.00,          45232790,            166.80,     7544829372.00    
06 OCT 2026,NDGL,EQ,NAGA DHUNSERI GROUP LTD  ,Listed    ,06 OCT 2026,              10.00,           1000000,           2371.80,     2371800000.00      
06 OCT 2026,NDL,EQ,NANDAN DENIM LIMITED     ,Listed    ,06 OCT 2026,               1.00,        1441471680,              2.55,     3704582217.60       
06 OCT 2026,NDLVENTURE,EQ,NDL VENTURES LIMITED     ,Listed    ,06 OCT 2026,              10.00,          33671621,            122.90,     4138578937.10
06 OCT 2026,NDRAUTO,EQ,NDR AUTO COMPONENTS LTD  ,Listed    ,06 OCT 2026,              10.00,          23785304,            704.70,    16761503728.80   
06 OCT 2026,NDRINVIT,IV,NDR INVIT TRUST          ,Listed    ,01 OCT 2026,             100.00,         458039043,            151.50,    69392915014.50  
06 OCT 2026,NDTV,EQ,NDTV LTD                 ,Listed    ,06 OCT 2026,               4.00,         112824717,             67.10,     7568282016.35      
06 OCT 2026,NEAGI,EQ,NEELAMALAI AGRO INDS. L  ,Permitted ,06 OCT 2026,              10.00,            622062,           3284.40,     2043100432.80     
06 OCT 2026,NECCLTD,EQ,NORTH EAST CARRY CORP LTD,Listed    ,06 OCT 2026,              10.00,         104500000,             19.40,     2025210000.00   
06 OCT 2026,NECLIFE,EQ,NECTAR LIFESCIENCES LTD. ,Listed    ,06 OCT 2026,               1.00,         194260970,             10.95,     2127157621.50   
06 OCT 2026,NEELAM,SM,NEELAM LINENS & GAR (I) L,Listed    ,01 OCT 2026,              10.00,          20218000,              6.75,      136471500.00    
06 OCT 2026,NELCAST,EQ,NELCAST LIMITED          ,Listed    ,06 OCT 2026,               2.00,          87001200,            124.50,    10829909376.00   
06 OCT 2026,NELCO,EQ,NELCO LTD                ,Listed    ,06 OCT 2026,              10.00,          22818400,            924.15,    21087624360.00     
06 OCT 2026,NEOCHEM,SM,NEOCHEM BIO SOLUTIONS LTD,Listed    ,06 OCT 2026,              10.00,          17120753,            105.80,     1811375667.40   
06 OCT 2026,NEOGEN,EQ,NEOGEN CHEMICALS LIMITED ,Listed    ,06 OCT 2026,              10.00,          30042427,           2429.20,    72979063668.40    
06 OCT 2026,NEPHROCARE,SM,NEPHRO CARE INDIA LIMITED,Listed    ,06 OCT 2026,              10.00,          16486400,             87.30,     1439262720.00
06 OCT 2026,NEPHROPLUS,EQ,NEPHROCARE HEALTH SERV L ,Listed    ,06 OCT 2026,               2.00,         100559014,            634.55,    63809722333.70
06 OCT 2026,NEPTUNE,SM,NEPTUNE PETROCHEMICALS L ,Listed    ,06 OCT 2026,              10.00,          22653500,            178.20,     4036853700.00   
06 OCT 2026,NESCO,EQ,NESCO LTD.               ,Listed    ,06 OCT 2026,               2.00,          70459960,           1037.10,    73074024516.00     
06 OCT 2026,NESTLEIND,EQ,NESTLE INDIA LIMITED     ,Listed    ,06 OCT 2026,               1.00,        1928314320,           1341.40,  2586640828848.00 
06 OCT 2026,NETWEB,EQ,NETWEB TECH INDIA LTD    ,Listed    ,06 OCT 2026,               2.00,          59447551,           4746.20,   282149966556.20    
06 OCT 2026,NETWORK18,EQ,NETWORK18 MEDIA & INV LTD,Listed    ,06 OCT 2026,               5.00,        1542000018,             26.20,    40431240471.95 
06 OCT 2026,NEUEON,BE,NEUEON CORPORATION LTD   ,Listed    ,06 OCT 2026,               1.00,         565445520,             13.80,     7797493720.80    
06 OCT 2026,NEULANDLAB,EQ,NEULAND LAB LTD.         ,Listed    ,06 OCT 2026,              10.00,          12829889,          21905.00,   281038718545.00
06 OCT 2026,NEWGEN,EQ,NEWGEN SOFTWARE TECH LTD ,Listed    ,06 OCT 2026,              10.00,         142510002,            456.60,    65070066913.20    
06 OCT 2026,NEWJAISA,ST,NEWJAISA TECHNOLOGIES LTD,Listed    ,06 OCT 2026,               5.00,          35774694,             16.20,      579550042.80  
06 OCT 2026,NEXTMEDIA,EQ,NEXT MEDIAWORKS LIMITED  ,Listed    ,06 OCT 2026,              10.00,          66892908,              3.55,      238138752.50 
06 OCT 2026,NFL,EQ,NATIONAL FERT. LTD       ,Listed    ,06 OCT 2026,              10.00,         490578400,             64.90,    31843443944.00       
06 OCT 2026,NFPSAMPOOR,SM,NFP SAMPOORNA FOODS LTD  ,Listed    ,06 OCT 2026,              10.00,          12634128,             19.80,      250155734.40
06 OCT 2026,NGIL,EQ,NAKODA GROUP OF IND. LTD ,Listed    ,06 OCT 2026,              10.00,          17538052,             36.15,      634000579.80      
06 OCT 2026,NGLFINE,EQ,NGL FINE CHEM LIMITED    ,Listed    ,06 OCT 2026,               5.00,           6178024,           3122.10,    19288408730.40   
06 OCT 2026,NH,EQ,NARAYANA HRUDAYALAYA LTD.,Listed    ,06 OCT 2026,              10.00,         204360804,           1723.80,   352277153935.20        
06 OCT 2026,NHIT,IV,NATIONAL HIGHW INFRA TRUS,Listed    ,01 OCT 2026,             100.00,        2138550600,            169.90,   363339746940.00      
06 OCT 2026,NHPC,EQ,NHPC LTD                 ,Listed    ,06 OCT 2026,              10.00,       10045034805,             73.10,   734392494593.55      
06 OCT 2026,NIACL,EQ,THE NEW INDIA ASSU CO LTD,Listed    ,06 OCT 2026,               5.00,        1648000000,            160.70,   264866560000.00     
06 OCT 2026,NIBE,EQ,NIBE LIMITED             ,Listed    ,06 OCT 2026,              10.00,          15501773,           1240.90,    19236150115.70      
06 OCT 2026,NIBL,EQ,NRB INDUS. BEARINGS LTD. ,Listed    ,06 OCT 2026,               2.00,          24230650,             31.20,      756480893.00      
06 OCT 2026,NICCOPAR,EQ,NICCO PARKS & RESORTS LTD,Permitted ,06 OCT 2026,               1.00,          46800000,             79.00,     3697200000.00  
06 OCT 2026,NIDAN,SM,NIDAN LABS AND HEALTH LTD,Listed    ,06 OCT 2026,              10.00,          13900000,             13.35,      185565000.00     
06 OCT 2026,NIITLTD,EQ,NIIT LIMITED             ,Listed    ,06 OCT 2026,               2.00,         136993744,             86.80,    11888317104.30   
06 OCT 2026,NIITMTS,EQ,NIIT LEARNING SYSTEMS LTD,Listed    ,06 OCT 2026,               2.00,         138002783,            205.00,    28289190487.15   
06 OCT 2026,NIKITA,SM,NIKITA GRENTEC RECYCL LTD,Listed    ,06 OCT 2026,              10.00,          24667900,             72.00,     1776088800.00    
06 OCT 2026,NILAINFRA,EQ,NILA INFRASTRUCTURES LTD ,Listed    ,06 OCT 2026,               1.00,         393889200,              6.70,     2639057640.00 
06 OCT 2026,NILASPACES,EQ,NILA SPACES LIMITED      ,Listed    ,06 OCT 2026,               1.00,         393889200,             11.15,     4399742364.00
06 OCT 2026,NILE,EQ,NILE LTD.                ,Permitted ,06 OCT 2026,              10.00,           3001900,           1238.00,     3716352200.00      
06 OCT 2026,NILKAMAL,EQ,NILKAMAL LIMITED         ,Listed    ,06 OCT 2026,              10.00,          14922525,           1811.50,    27032154037.50  
06 OCT 2026,NIMBSPROJ,EQ,NIMBUS PROJECTS LIMITED  ,Listed    ,06 OCT 2026,              10.00,          19318735,            191.55,     3700890063.95 
06 OCT 2026,NINSYS,EQ,NINTEC SYSTEMS LIMITED   ,Listed    ,06 OCT 2026,              10.00,          18576000,            822.55,    15279688800.00    
06 OCT 2026,NIPPOBATRY,EQ,INDO-NATIONAL LIMITED    ,Listed    ,06 OCT 2026,               5.00,           7500000,            319.45,     2395875000.00
06 OCT 2026,NIRAJ,EQ,NIRAJ CEMENT STRUC LTD   ,Listed    ,06 OCT 2026,              10.00,          59694340,             27.50,     1640400463.20     
06 OCT 2026,NIRAJISPAT,BE,NIRAJ ISPAT IND LTD      ,Listed    ,06 OCT 2026,              10.00,            600000,            299.00,      179400000.00
06 OCT 2026,NIRLON,EQ,NIRLON LTD               ,Permitted ,06 OCT 2026,              10.00,          90118040,            619.00,    55783066760.00    
06 OCT 2026,NIRMAN,SM,NIRMAN AGRI GENTICS LTD  ,Listed    ,06 OCT 2026,              10.00,           8009676,             27.70,      221868025.20    
06 OCT 2026,NITCO,EQ,NITCO LIMITED            ,Listed    ,06 OCT 2026,              10.00,         240566105,             83.75,    20152222615.85     
06 OCT 2026,NITINSPIN,EQ,NITIN SPINNERS LIMITED   ,Listed    ,06 OCT 2026,              10.00,          56220000,            616.35,    34651197000.00 
06 OCT 2026,NITIRAJ,EQ,NITIRAJ ENGINEERS LTD    ,Listed    ,06 OCT 2026,              10.00,          10251000,            203.30,     2083925790.00   
06 OCT 2026,NITTAGELA,EQ,NITTA GELATIN INDIA LTD. ,Permitted ,06 OCT 2026,              10.00,           9079160,           1668.10,    15144946796.00 
06 OCT 2026,NIVABUPA,EQ,NIVA BUPA HEALTH INS CO L,Listed    ,06 OCT 2026,              10.00,        1849644703,             76.55,   141608798461.70  
06 OCT 2026,NKIND,EQ,NK INDUSTRIES LTD        ,Listed    ,06 OCT 2026,              10.00,           6009900,             57.05,      342924894.00     
06 OCT 2026,NLCINDIA,EQ,NLC INDIA LIMITED        ,Listed    ,06 OCT 2026,              10.00,        1386636609,            254.90,   353453671634.10  
06 OCT 2026,NMDC,EQ,NMDC LTD.                ,Listed    ,06 OCT 2026,               1.00,        8791817550,             74.40,   653935389369.00      
06 OCT 2026,NMSTEEL,SM,NEWMALAYALAM STEEL LTD   ,Listed    ,06 OCT 2026,              10.00,          17287600,             23.20,      401072320.00   
06 OCT 2026,NOCIL,EQ,NOCIL LIMITED            ,Listed    ,06 OCT 2026,              10.00,         167024930,            171.85,    28699893721.90     
06 OCT 2026,NOIDATOLL,EQ,NOIDA TOLL BRIDGE CO LTD ,Listed    ,06 OCT 2026,              10.00,         186195002,              3.65,      683335657.35 
06 OCT 2026,NORBTEAEXP,EQ,NORBEN TEA & EXPORTS LTD ,Listed    ,06 OCT 2026,              10.00,          15544100,             64.20,      998086661.00
06 OCT 2026,NORTHARC,EQ,NORTHERN ARC CAPITAL LTD ,Listed    ,06 OCT 2026,              10.00,         161807875,            298.20,    48251108325.00  
06 OCT 2026,NOVAAGRI,EQ,NOVA AGRITECH LIMITED    ,Listed    ,06 OCT 2026,               2.00,          92519813,             22.65,     2094648566.30  
06 OCT 2026,NOVARTIND,EQ,NOVARTIS INDIA LIMITED   ,Permitted ,06 OCT 2026,               5.00,          24690797,           2051.20,    50645762806.40 
06 OCT 2026,NPST,EQ,NETWORK PEOPLE SRV TECH L,Listed    ,06 OCT 2026,              10.00,          20863500,           1835.50,    38294954250.00      
06 OCT 2026,NRAIL,EQ,N R AGARWAL INDS LTD     ,Listed    ,06 OCT 2026,              10.00,          17019100,            658.25,    11202822575.00     
06 OCT 2026,NRBBEARING,EQ,NRB BEARING LIMITED      ,Listed    ,06 OCT 2026,               2.00,          96922600,            536.95,    52042590070.00
06 OCT 2026,NRL,BE,NUPUR RECYCLERS LIMITED  ,Listed    ,06 OCT 2026,              10.00,          69068995,            157.00,    10843832215.00       
06 OCT 2026,NRVANDANA,SM,N R VANDANA TEX IND LTD  ,Listed    ,06 OCT 2026,              10.00,          23294809,             69.60,     1621318706.40 
06 OCT 2026,NSIL,EQ,NALWA SONS INVESTMENT LTD,Listed    ,06 OCT 2026,              10.00,           5136163,           5297.50,    27208823492.50      
06 OCT 2026,NSLNISP,EQ,NMDC STEEL LIMITED       ,Listed    ,06 OCT 2026,              10.00,        2930605850,             40.90,   119861779265.00   
06 OCT 2026,NTCIND,EQ,N T C INDUSTRIES LTD.    ,Permitted ,06 OCT 2026,              10.00,          14519000,            134.75,     1956580440.00    
06 OCT 2026,NTPC,EQ,NTPC LTD                 ,Listed    ,06 OCT 2026,              10.00,        9696666134,            321.45,  3116993328774.30      
06 OCT 2026,NTPCGREEN,EQ,NTPC GREEN ENERGY LIMITED,Listed    ,06 OCT 2026,              10.00,        8426329669,             90.15,   759465093066.95 
06 OCT 2026,NUCLEUS,EQ,NUCLEUS SOFTWARE EXPORTS ,Listed    ,06 OCT 2026,              10.00,          26325306,            638.05,    16796861493.30   
06 OCT 2026,NURECA,BE,NURECA LIMITED           ,Listed    ,06 OCT 2026,              10.00,           9541920,            338.55,     3230417016.00    
06 OCT 2026,NUVAMA,EQ,NUVAMA WEALTH MANAGE LTD ,Listed    ,06 OCT 2026,               2.00,         184515689,           1838.80,   339287448933.20    
06 OCT 2026,NUVOCO,EQ,NUVOCO VISTAS CORP LTD   ,Listed    ,06 OCT 2026,              10.00,         357156153,            326.50,   116611483954.50    
06 OCT 2026,NXST,RR,NEXUS SELECT TRUST       ,Listed    ,06 OCT 2026,             100.00,        1515000000,            164.80,   249687150000.00      
06 OCT 2026,NXT-INFRA,IV,NXT-INFRA TRUST          ,Listed    ,01 OCT 2026,             100.00,         569210526,             98.00,    55782631548.00 
06 OCT 2026,NYKAA,EQ,FSN E COMMERCE VENTURES  ,Listed    ,06 OCT 2026,               1.00,        2864294813,            338.20,   968704505756.60     
06 OCT 2026,OAL,EQ,ORIENTAL AROMATICS LTD   ,Listed    ,06 OCT 2026,               5.00,          33653576,            511.35,    17208756087.60       
06 OCT 2026,OBCL,EQ,OBCL LIMITED             ,Listed    ,06 OCT 2026,              10.00,          21082790,             57.45,     1210995457.60      
06 OCT 2026,OBEROIRLTY,EQ,OBEROI REALTY LIMITED    ,Listed    ,06 OCT 2026,              10.00,         363602237,           1751.80,   636958398776.60
06 OCT 2026,OBSCP,SM,OBSC PERFECTION LIMITED  ,Listed    ,06 OCT 2026,              10.00,          25845600,            904.80,    23385098880.00     
06 OCT 2026,OCCLLTD,BE,OCCL LIMITED             ,Listed    ,06 OCT 2026,               2.00,          49950460,            207.60,    10369215991.40   
06 OCT 2026,ODIGMA,EQ,ODIGMA CONSULTANCY SOL L ,Listed    ,06 OCT 2026,               1.00,          31258450,             20.90,      653614189.50    
06 OCT 2026,ODYCORP,EQ,ODYSSEY CORPORATION LTD. ,Permitted ,06 OCT 2026,               5.00,          89498486,              6.85,      613064629.10   
06 OCT 2026,OFSS,EQ,ORACLE FIN SERV SOFT LTD.,Listed    ,06 OCT 2026,               5.00,          87083127,          10482.00,   912805337214.00      
06 OCT 2026,OIL,EQ,OIL INDIA LTD            ,Listed    ,06 OCT 2026,              10.00,        1626607791,            447.85,   728476299199.35       
06 OCT 2026,OILCOUNTUB,BE,OIL COUNTRY TUBULAR LTD. ,Listed    ,06 OCT 2026,              10.00,          51989530,             81.30,     4226228893.70
06 OCT 2026,OLAELEC,EQ,OLA ELECTRIC MOBILITY LTD,Listed    ,06 OCT 2026,              10.00,        4628408313,             35.95,   166437562935.50   
06 OCT 2026,OLECTRA,EQ,OLECTRA GREENTECH LIMITED,Listed    ,06 OCT 2026,               4.00,          82080737,           1102.90,    90526844837.30   
06 OCT 2026,OLIL,SM,ONECLICK LOGISTICS IND L ,Listed    ,06 OCT 2026,              10.00,           6844723,            440.65,     3016127189.95      
06 OCT 2026,OMAXAUTO,EQ,OMAX AUTOS LTD           ,Listed    ,06 OCT 2026,              10.00,          21371213,            209.30,     4472781168.75  
06 OCT 2026,OMAXE,EQ,OMAXE LIMITED            ,Listed    ,06 OCT 2026,              10.00,         182900540,            107.70,    19700217163.40     
06 OCT 2026,OMFREIGHT,EQ,OM FREIGHT FORWARDERS LTD,Listed    ,06 OCT 2026,              10.00,          33675442,            105.00,     3535921410.00 
06 OCT 2026,OMFURN,SM,OMFURN INDIA LIMITED     ,Listed    ,06 OCT 2026,              10.00,          11774400,             51.90,      611091360.00    
06 OCT 2026,OMINFRAL,EQ,OM INFRA LIMITED         ,Listed    ,06 OCT 2026,               1.00,          96303809,             73.35,     7061958313.95  
06 OCT 2026,OMNI,EQ,OMNITECH ENGINEERING LTD ,Listed    ,06 OCT 2026,               5.00,         123666020,            656.95,    81242391839.00      
06 OCT 2026,OMPOWER,EQ,OM POWER TRANSMISSION LTD,Listed    ,06 OCT 2026,              10.00,          34245000,            153.50,     5256607500.00   
06 OCT 2026,ONDOOR,SM,ON DOOR CONCEPTS LIMITED ,Listed    ,06 OCT 2026,              10.00,           7000512,            267.00,     1869136704.00    
06 OCT 2026,ONEGLOBAL,EQ,ONE GLOBAL SERVICE PROV L,Permitted ,06 OCT 2026,              10.00,          19543003,            564.00,    11022253692.00 
06 OCT 2026,ONELIFECAP,BE,ONELIFE CAP ADVISORS LTD ,Listed    ,06 OCT 2026,              10.00,          37360000,             45.00,     1681200000.00
06 OCT 2026,ONEPOINT,EQ,ONE POINT ONE SOL LTD    ,Listed    ,06 OCT 2026,               2.00,         262936776,             78.65,    20679977432.40  
06 OCT 2026,ONESOURCE,EQ,ONESOURCE SPECL PHARMA L ,Listed    ,06 OCT 2026,               1.00,         114672891,           1535.80,   176114625997.80 
06 OCT 2026,ONGC,EQ,OIL AND NATURAL GAS CORP.,Listed    ,06 OCT 2026,               5.00,       12580279206,            224.20,  2820498597985.20      
06 OCT 2026,ONIDA,EQ,ONIDA ELECTRONICS LIMITED,Listed    ,06 OCT 2026,               1.00,         369392364,             31.10,    11491796444.05     
06 OCT 2026,ONIXSOLAR,EQ,ONIX SOLAR ENERGY LTD.   ,Permitted ,06 OCT 2026,              10.00,          36867926,            338.20,    12468732573.20 
06 OCT 2026,ONMOBILE,BE,ONMOBILE GLOBAL LTD.     ,Listed    ,06 OCT 2026,              10.00,         106354686,             49.10,     5224142176.30  
06 OCT 2026,ONWARDTEC,EQ,ONWARD TECHNOLOGIES LTD  ,Listed    ,06 OCT 2026,              10.00,          22249390,            294.60,     6554670294.00 
06 OCT 2026,ONYX,ST,ONYX BIOTEC LIMITED      ,Listed    ,06 OCT 2026,              10.00,          18132200,             39.35,      713502070.00      
06 OCT 2026,OPTIEMUS,EQ,OPTIEMUS INFRACOM LTD    ,Listed    ,06 OCT 2026,              10.00,          89261119,            889.90,    79433469798.10  
06 OCT 2026,OPTIFIN,EQ,OPTIMUS FINANCE LTD.     ,Permitted ,06 OCT 2026,               1.00,          74723000,             14.40,     1077505660.00   
06 OCT 2026,OPTIMYSTIX,SM,OPTIMYSTIX ENT INDIA LTD ,Listed    ,06 OCT 2026,              10.00,          23268900,            133.00,     3094763700.00
06 OCT 2026,OPTIVALUE,ST,OPTIVALUE TEK CONSULT LTD,Listed    ,06 OCT 2026,              10.00,          23411400,            235.45,     5512214130.00 
06 OCT 2026,ORBTEXP,EQ,ORBIT EXPORTS LIMITED    ,Listed    ,06 OCT 2026,              10.00,          25659330,            246.85,     6334005610.50   
06 OCT 2026,ORCHASP,EQ,ORCHASP LIMITED          ,Listed    ,06 OCT 2026,               2.00,         346425366,              1.30,      446888722.15   
06 OCT 2026,ORCHPHARMA,EQ,ORCHID PHARMA LIMITED    ,Listed    ,06 OCT 2026,              10.00,          59885200,           1006.55,    60277448060.00
06 OCT 2026,ORIANA,SM,ORIANA POWER LIMITED     ,Listed    ,06 OCT 2026,               2.00,         101595750,            303.30,    30813990975.00    
06 OCT 2026,ORICONENT,EQ,ORICON ENTERPRISES LTD   ,Listed    ,06 OCT 2026,               2.00,         157047715,             52.25,     8208884063.05 
06 OCT 2026,ORIENTALTL,EQ,ORIENTAL TRIMEX LTD      ,Listed    ,06 OCT 2026,              10.00,          73507265,              4.85,      357980380.55
06 OCT 2026,ORIENTBELL,EQ,ORIENT BELL LIMITED      ,Listed    ,06 OCT 2026,              10.00,          14750476,            413.55,     6100059349.80
06 OCT 2026,ORIENTCABL,EQ,ORIENT CABLES (INDIA) LTD,Listed    ,06 OCT 2026,               1.00,         113799705,            396.40,    45110203062.00
06 OCT 2026,ORIENTCEM,EQ,ORIENT CEMENT LTD.       ,Listed    ,06 OCT 2026,               1.00,         205459873,            115.75,    23784034898.50 
06 OCT 2026,ORIENTCER,EQ,ORIENT CERATECH LIMITED  ,Listed    ,06 OCT 2026,               1.00,         119639200,             44.15,     5280874288.00 
06 OCT 2026,ORIENTELEC,EQ,ORIENT ELECTRIC LIMITED  ,Listed    ,06 OCT 2026,               1.00,         213365899,            160.70,    34287899969.30
06 OCT 2026,ORIENTHOT,EQ,ORIENT HOTELS LTD        ,Listed    ,06 OCT 2026,               1.00,         178599180,            143.60,    25648628239.80 
06 OCT 2026,ORIENTLTD,BE,ORIENT PRESS LIMITED     ,Listed    ,06 OCT 2026,              10.00,          10000000,             76.00,      760000000.00 
06 OCT 2026,ORIENTPPR,EQ,ORIENT PAPER AND INDS LTD,Listed    ,06 OCT 2026,               1.00,         212185822,             16.25,     3450141465.70 
06 OCT 2026,ORIENTTECH,EQ,ORIENT TECHNOLOGIES LTD  ,Listed    ,06 OCT 2026,              10.00,          45805916,            226.35,    10368169086.60
06 OCT 2026,ORIRAIL,EQ,ORIENTAL RAIL INFRA L    ,Permitted ,06 OCT 2026,               1.00,          67059000,            122.95,     8245574640.00   
06 OCT 2026,ORISSAMINE,EQ,ORISSA MIN DEV CO LTD    ,Listed    ,06 OCT 2026,               1.00,           6000000,           3609.00,    21654000000.00
06 OCT 2026,ORKLAINDIA,EQ,ORKLA INDIA LIMITED      ,Listed    ,06 OCT 2026,               1.00,         136989230,            545.00,    74659130350.00
06 OCT 2026,ORTINGLOBE,EQ,ORTIN GLOBAL LIMITED     ,Listed    ,06 OCT 2026,              10.00,           8131392,             14.40,      117010730.90
06 OCT 2026,OSEINTRUST,IV,ORIENTAL INFRATRUST      ,Listed    ,Not Traded ,             100.00,         583483081,             80.60,    47040405990.20
06 OCT 2026,OSELDEVICE,SM,OSEL DEVICES LIMITED     ,Listed    ,06 OCT 2026,              10.00,          17794600,            375.70,     6685431220.00
06 OCT 2026,OSIAHYPER,BZ,OSIA HYPER RETAIL LIMITED,Listed    ,06 OCT 2026,               1.00,         176958900,              2.00,      353917800.00 
06 OCT 2026,OSWALAGRO,EQ,OSWAL AGRO MILLS LTD     ,Listed    ,06 OCT 2026,              10.00,         134234776,             32.85,     4409612391.60 
06 OCT 2026,OSWALGREEN,EQ,OSWAL GREENTECH LIMITED  ,Listed    ,06 OCT 2026,              10.00,         256809159,             19.25,     4948712493.95
06 OCT 2026,OSWALPUMPS,EQ,OSWAL PUMPS LIMITED      ,Listed    ,06 OCT 2026,               1.00,         114004897,            264.80,    30188496725.60
06 OCT 2026,OSWALSEEDS,EQ,SHREEOSWAL S AND CHE LTD ,Listed    ,06 OCT 2026,               2.00,          91470000,             12.15,     1109531100.00
06 OCT 2026,OWAIS,SM,OWAIS METAL & MINERAL    ,Listed    ,06 OCT 2026,              10.00,          18182398,             67.00,     1218220666.00     
06 OCT 2026,PACEDIGITK,EQ,PACE DIGITEK LIMITED     ,Listed    ,06 OCT 2026,               2.00,         215851327,            166.30,    35891758653.55
06 OCT 2026,PACIFICI,EQ,PACIFIC INDUSTRIES LTD.  ,Permitted ,06 OCT 2026,              10.00,           6892650,            139.00,      958009423.50  
06 OCT 2026,PAGEIND,EQ,PAGE INDUSTRIES LTD      ,Listed    ,06 OCT 2026,              10.00,          11153874,          37970.00,   423512595780.00   
06 OCT 2026,PAISALO,EQ,PAISALO DIGITAL LIMITED  ,Listed    ,06 OCT 2026,               1.00,         914149114,             83.10,    75965791373.40   
06 OCT 2026,PAKKA,EQ,PAKKA LIMITED            ,Listed    ,06 OCT 2026,              10.00,          47668100,             69.15,     3295295753.00     
06 OCT 2026,PALASHSECU,EQ,PALASH SECURITIES LTD    ,Listed    ,06 OCT 2026,              10.00,          10003102,             86.80,      868269253.60
06 OCT 2026,PALREDTEC,EQ,PALRED TECHNOLOGIES LTD  ,Listed    ,06 OCT 2026,              10.00,          12232566,             41.60,      509119396.90 
06 OCT 2026,PANACEABIO,EQ,PANACEA BIOTEC LTD       ,Listed    ,06 OCT 2026,               1.00,          61250746,            363.20,    22246270947.20
06 OCT 2026,PANACHE,BE,PANACHE DIGILIFE LIMITED ,Listed    ,06 OCT 2026,              10.00,          16014000,            569.00,     9111966000.00   
06 OCT 2026,PANAMAPET,EQ,PANAMA PETROCHEM LTD     ,Listed    ,06 OCT 2026,               2.00,          60493598,            504.10,    30494822751.80 
06 OCT 2026,PANCHMAHQ,EQ,PANCHMAHAL STEEL LTD.    ,Permitted ,06 OCT 2026,              10.00,          19078329,            296.40,     5654816715.60 
06 OCT 2026,PANORAMA,EQ,PANORAMA STUDIOS INTL. L ,Permitted ,06 OCT 2026,               2.00,         260535625,             63.05,    16426771156.25  
06 OCT 2026,PANSARI,EQ,PANSARI DEVELOPERS LTD   ,Listed    ,06 OCT 2026,              10.00,          17446800,            265.70,     4635614760.00   
06 OCT 2026,PAR,BE,PAR DRUGS AND CHEM LTD   ,Listed    ,06 OCT 2026,              10.00,          12304636,            122.75,     1510271022.65       
06 OCT 2026,PARACABLES,EQ,PARAMOUNT COMM LTD       ,Listed    ,06 OCT 2026,               2.00,         327239473,             58.20,    19051882118.05
06 OCT 2026,PARADEEP,EQ,PARADEEP PHOSPHATES LTD  ,Listed    ,06 OCT 2026,              10.00,        1038520250,            156.75,   162798434390.00  
06 OCT 2026,PARAGMILK,EQ,PARAG MILK FOODS LTD.    ,Listed    ,06 OCT 2026,              10.00,         125609554,            308.70,    38775669319.80 
06 OCT 2026,PARAGON,SM,PARAGON FINE S.C. LTD.   ,Listed    ,06 OCT 2026,              10.00,          19566000,             49.20,      962647200.00   
06 OCT 2026,PARAMATRIX,SM,PARAMATRIX TECHNOLOGIES L,Listed    ,06 OCT 2026,              10.00,          11048000,             55.00,      607640000.00
06 OCT 2026,PARAMOUNT,SM,PARAMOUNT DYE TEC LIMITED,Listed    ,30 SEP 2026,              10.00,           6942651,             40.10,      278400305.10 
06 OCT 2026,PARAMPARA,SM,PARAMPARA DAIRY DLGHT LTD,Listed    ,28 JUL 2026,              10.00,          10500000,             11.15,      117075000.00 
06 OCT 2026,PARAS,EQ,PARAS DEF AND SPCE TECH L,Listed    ,06 OCT 2026,               5.00,          80587330,           1323.30,   106641213789.00     
06 OCT 2026,PARASPETRO,EQ,PARAS PETROFILS LTD.     ,Listed    ,06 OCT 2026,               1.00,         334221000,              2.00,      675126420.00
06 OCT 2026,PARIN,EQ,PARIN ENTERPRISES LIMITED,Listed    ,06 OCT 2026,              10.00,          11118000,            700.05,     7783155900.00     
06 OCT 2026,PARKHOSPS,EQ,PARK MEDI WORLD LIMITED  ,Listed    ,06 OCT 2026,               2.00,         431930864,            274.85,   118716197970.40 
06 OCT 2026,PARKHOTELS,EQ,PARKHOTELS               ,Listed    ,06 OCT 2026,               1.00,         213374246,            103.20,    22018088444.75
06 OCT 2026,PARNAXLAB,EQ,PARNAX LAB LTD.          ,Permitted ,06 OCT 2026,              10.00,          11485616,            115.35,     1324750949.45 
06 OCT 2026,PARSVNATH,BE,PARSVNATH DEVELOPER LTD  ,Listed    ,06 OCT 2026,               5.00,         435181170,              2.20,      961750385.70 
06 OCT 2026,PARTH,SM,PARTH ELEC & ENG LTD     ,Listed    ,06 OCT 2026,              10.00,          13967955,            512.85,     7163465721.75     
06 OCT 2026,PARTY-RE,ST,PARTY CRUISERS LTD       ,Permitted ,06 OCT 2026,              10.00,           1997940,              0.30,         599382.00  
06 OCT 2026,PARTYCRUS,SM,PARTY CRUISERS LIMITED   ,Listed    ,06 OCT 2026,              10.00,          11989913,             95.00,     1139041735.00 
06 OCT 2026,PASHUPATI,EQ,PASHUPATI COTSPIN LIMITED,Listed    ,06 OCT 2026,               1.00,         157840000,             69.90,    11034594400.00 
06 OCT 2026,PASUPTAC,EQ,PASUPATI ACRYLON LIMITED ,Listed    ,06 OCT 2026,              10.00,          89133121,             70.90,     6318646947.70  
06 OCT 2026,PATANJALI,EQ,PATANJALI FOODS LIMITED  ,Listed    ,06 OCT 2026,               2.00,        1088108595,            363.00,   394983419985.00 
06 OCT 2026,PATELENG,EQ,PATEL ENGINEERING LTD.   ,Listed    ,06 OCT 2026,               1.00,         992141937,             25.95,    25726240426.40  
06 OCT 2026,PATELRMART,EQ,PATEL RETAIL LIMITED     ,Listed    ,06 OCT 2026,              10.00,          33400528,            227.00,     7582253861.30
06 OCT 2026,PATILAUTOM,ST,PATIL AUTOMATION LIMITED ,Listed    ,06 OCT 2026,              10.00,          21820800,            336.35,     7339426080.00
06 OCT 2026,PATINTLOG,EQ,PATEL INT. LOG. LTD      ,Listed    ,06 OCT 2026,              10.00,          64185746,             13.15,      844042559.90 
06 OCT 2026,PATTECH,SM,PATTECH FITWELL TUB COM L,Listed    ,Not Traded ,              10.00,           9397187,            114.85,     1079266926.95   
06 OCT 2026,PAUSHAKLTD,EQ,PAUSHAK LIMITED          ,Listed    ,06 OCT 2026,               5.00,          24656912,            704.30,    17365863121.60
06 OCT 2026,PAVNAIND,EQ,PAVNA INDUSTRIES LIMITED ,Listed    ,06 OCT 2026,               1.00,         139530000,             15.65,     2183644500.00  
06 OCT 2026,PAYTM,EQ,ONE 97 COMMUNICATIONS LTD,Listed    ,06 OCT 2026,               1.00,         641607824,           1694.00,  1086883653856.00     
06 OCT 2026,PBMPOLY,EQ,P B M POLYTEX LTD.       ,Permitted ,06 OCT 2026,              10.00,           6879020,             58.75,      404142425.00   
06 OCT 2026,PCBL,EQ,PCBL CHEMICAL LIMITED    ,Listed    ,06 OCT 2026,               1.00,         393462604,            327.70,   128937695330.80      
06 OCT 2026,PCCL,SM,PETRO CARBON AND CHEMI L ,Listed    ,06 OCT 2026,              10.00,          24700000,            415.00,    10250500000.00      
06 OCT 2026,PCJEWELLER,EQ,PC JEWELLER LTD          ,Listed    ,06 OCT 2026,               1.00,        9752134855,             12.95,   126095103675.15
06 OCT 2026,PDMJEPAPER,EQ,PUDUMJEE PAPER PRO. LTD  ,Listed    ,06 OCT 2026,               1.00,          94950000,             96.15,     9130392000.00
06 OCT 2026,PDSL,EQ,PDS LIMITED              ,Listed    ,06 OCT 2026,               2.00,         141460433,            347.40,    49143354424.20      
06 OCT 2026,PEARLPOLY,EQ,PEARL POLYMERS LTD       ,Listed    ,06 OCT 2026,              10.00,          16834932,             17.20,      289560830.40 
06 OCT 2026,PELATRO,SM,PELATRO LIMITED          ,Listed    ,06 OCT 2026,              10.00,          10597399,            379.20,     4018533700.80   
06 OCT 2026,PENIND,EQ,PENNAR INDUSTRIES LTD    ,Listed    ,06 OCT 2026,               5.00,         135496231,            177.85,    24098004683.35    
06 OCT 2026,PENINLAND,EQ,PENINSULA LAND LIMITED   ,Listed    ,06 OCT 2026,               2.00,         331728220,             14.65,     4863135705.20 
06 OCT 2026,PENTAGON,ST,PENTAGON RUBBER LIMITED  ,Listed    ,06 OCT 2026,              10.00,           7710000,             89.00,      686190000.00  
06 OCT 2026,PERFECT,SZ,PERFECT INFRAENGINEER LTD,Listed    ,30 SEP 2026,              10.00,          17495778,              1.70,       29742822.60   
06 OCT 2026,PERMAGN,EQ,PERMANENT MAGNETS LTD.   ,Permitted ,06 OCT 2026,              10.00,           8598453,            846.75,     7280740077.75   
06 OCT 2026,PERNIASPOP,EQ,PURPLE STYLE LABS LIMITED,Listed    ,06 OCT 2026,              10.00,          80061086,            518.60,    41519679199.60
06 OCT 2026,PERSISTENT,EQ,PERSISTENT SYSTEMS LTD   ,Listed    ,06 OCT 2026,               5.00,         157750000,           5521.00,   870937750000.00
06 OCT 2026,PETRONET,EQ,PETRONET LNG LIMITED     ,Listed    ,06 OCT 2026,              10.00,        1500000088,            297.50,   446250026180.00  
06 OCT 2026,PFC,EQ,POWER FIN CORP LTD.      ,Listed    ,06 OCT 2026,              10.00,        3300101760,            322.60,  1064612827776.00       
06 OCT 2026,PFIZER,EQ,PFIZER LTD               ,Listed    ,06 OCT 2026,              10.00,          45747732,           3852.20,   176229413210.40    
06 OCT 2026,PFOCUS,EQ,PRIME FOCUS LIMITED      ,Listed    ,06 OCT 2026,               1.00,         778773880,            292.70,   227947114676.00    
06 OCT 2026,PFS,EQ,PTC INDIA FIN SERV LTD   ,Listed    ,06 OCT 2026,              10.00,         642283335,             27.30,    17527912212.15       
06 OCT 2026,PGEL,EQ,PG ELECTROPLAST LTD      ,Listed    ,06 OCT 2026,               1.00,         286757108,            527.65,   151307388036.20      
06 OCT 2026,PGHH,EQ,P&G HYGIENE & HEALTH CARE,Listed    ,06 OCT 2026,              10.00,          32460736,           6865.00,   222842952640.00      
06 OCT 2026,PGHL,EQ,PROCTER & GAMBLE HEALTH L,Listed    ,06 OCT 2026,              10.00,          16599382,           5306.00,    88076320892.00      
06 OCT 2026,PGIL,EQ,PEARL GLOBAL IND LIMITED ,Listed    ,06 OCT 2026,               5.00,          92381084,           1266.70,   117019119102.80      
06 OCT 2026,PGINVIT,IV,POWERGRID INFRA. INVITS  ,Listed    ,06 OCT 2026,             100.00,         909999200,            102.25,    93029218216.00   
06 OCT 2026,PHANTOMFX,SM,PHANTOM DIGITAL EFF LTD  ,Listed    ,06 OCT 2026,              10.00,          15922800,             82.10,     1307261880.00 
06 OCT 2026,PHOENIXLTD,EQ,THE PHOENIX MILLS LTD    ,Listed    ,06 OCT 2026,               2.00,         357677858,           1883.50,   673686245543.00
06 OCT 2026,PHOENXINTL,EQ,PHOENIX INTERNATIONAL LTD,Permitted ,06 OCT 2026,              10.00,          16789560,             28.00,      470275575.60
06 OCT 2026,PHOGLOBAL,SM,PHOENIX OVERSEAS LIMITED ,Listed    ,06 OCT 2026,              10.00,          19346018,             15.20,      294059473.60 
06 OCT 2026,PICCADIL,EQ,PICCADILY AGRO INDUSTRI L,Listed    ,06 OCT 2026,              10.00,          98572144,            594.20,    58571567964.80  
06 OCT 2026,PIDILITIND,EQ,PIDILITE INDUSTRIES LTD  ,Listed    ,06 OCT 2026,               1.00,        1017879688,           1520.50,  1547686065604.00
06 OCT 2026,PIGL,EQ,POWER INSTRUMENT (G) LTD ,Listed    ,06 OCT 2026,              10.00,          20978900,             98.40,     2064743338.00      
06 OCT 2026,PIIND,EQ,PI INDUSTRIES LTD        ,Listed    ,06 OCT 2026,               1.00,         151718118,           2250.00,   341365765500.00     
06 OCT 2026,PILANIINVS,EQ,PILANI INV & IND COR LTD ,Listed    ,06 OCT 2026,              10.00,          11072250,           4067.10,    45031947975.00
06 OCT 2026,PILITA,EQ,PIL ITALICA LIFESTYLE LTD,Listed    ,06 OCT 2026,               1.00,         235000000,              7.35,     1727250000.00    
06 OCT 2026,PINELABS,EQ,PINE LABS LIMITED        ,Listed    ,06 OCT 2026,               1.00,        1153858090,            172.75,   199305907885.70  
06 OCT 2026,PIONEEREMB,EQ,PIONEER EMBROIDERIES LTD ,Listed    ,06 OCT 2026,              10.00,          30807192,             20.60,      634628155.20
06 OCT 2026,PIONRINV,BE,PIONEER INVESTCORP LTD.  ,Permitted ,06 OCT 2026,              10.00,          12296908,             65.90,      810243268.10  
06 OCT 2026,PIRAMALFIN,EQ,PIRAMAL FINANCE LIMITED  ,Listed    ,06 OCT 2026,               2.00,         236630306,           2018.50,   477638272661.00
06 OCT 2026,PITTIENG,EQ,PITTI ENGINEERING LIMITED,Listed    ,06 OCT 2026,               5.00,          37653588,           1122.00,    42247325736.00  
06 OCT 2026,PIXTRANS,EQ,PIX TRANSMISSIONS LIMITED,Listed    ,06 OCT 2026,              10.00,          13625200,           1796.70,    24480396840.00  
06 OCT 2026,PKTEA,BE,THE P K TEA PROD CO LTD  ,Listed    ,06 OCT 2026,              10.00,           3095879,            983.20,     3043868232.80     
06 OCT 2026,PLADAINFO,SM,PLADA INFOTECH SERVICES L,Listed    ,06 OCT 2026,              10.00,           8574000,             12.35,      105888900.00 
06 OCT 2026,PLASTIBLEN,EQ,PLASTIBLENDS INDIA LTD   ,Listed    ,06 OCT 2026,               5.00,          25989200,            202.40,     5260214080.00
06 OCT 2026,PLATIND,EQ,PLATINUM INDUSTRIES LTD  ,Listed    ,06 OCT 2026,              10.00,          54924873,            203.60,    11181605645.35   
06 OCT 2026,PLAZACABLE,EQ,PLAZA WIRES LIMITED      ,Listed    ,06 OCT 2026,              10.00,          43752078,             58.05,     2540683169.45
06 OCT 2026,PML,EQ,PAUL MERCHANTS LTD.      ,Permitted ,06 OCT 2026,              10.00,           3084000,            481.20,     1484020800.00       
06 OCT 2026,PNB,EQ,PUNJAB NATIONAL BANK     ,Listed    ,06 OCT 2026,               2.00,       11492943268,            111.90,  1286290210554.55       
06 OCT 2026,PNBGILTS,EQ,PNB GILTS LIMITED        ,Listed    ,06 OCT 2026,              10.00,         180010134,             71.40,    12856323770.30  
06 OCT 2026,PNBHOUSING,EQ,PNB HOUSING FIN LTD.     ,Listed    ,06 OCT 2026,              10.00,         260803913,           1102.10,   287431992517.30
06 OCT 2026,PNC,EQ,PNC MEDIA AND ENT LTD    ,Listed    ,06 OCT 2026,              10.00,          14467000,             17.40,      251870470.00       
06 OCT 2026,PNCINFRA,EQ,PNC INFRATECH LTD.       ,Listed    ,06 OCT 2026,               2.00,         256539165,            138.75,    35592243752.10  
06 OCT 2026,PNGJL,EQ,P N GADGIL JEWELLERS LTD ,Listed    ,06 OCT 2026,              10.00,         147202585,            588.60,    86643441531.00     
06 OCT 2026,PNGSREVA,EQ,PNGS REVA DIAMOND JEWEL L,Listed    ,06 OCT 2026,              10.00,          31698400,            547.20,    17345364480.00  
06 OCT 2026,POCL,EQ,PONDY OXIDES & CHEM LTD  ,Listed    ,06 OCT 2026,               2.00,          76278197,            447.25,    34115423608.25      
06 OCT 2026,PODDARMENT,EQ,PODDAR PIGMENTS LIMITED  ,Listed    ,06 OCT 2026,              10.00,          10610000,            253.30,     2687513000.00
06 OCT 2026,POEL,EQ,P O C L ENTERPRISES LTD. ,Permitted ,06 OCT 2026,               2.00,          30766083,            133.70,     4113732957.95      
06 OCT 2026,POKARNA,EQ,POKARNA LIMITED          ,Listed    ,06 OCT 2026,               2.00,          31004000,            709.90,    22009739600.00   
06 OCT 2026,POLICYBZR,EQ,PB FINTECH LIMITED       ,Listed    ,06 OCT 2026,               2.00,         462752755,           1034.90,   478902826149.50 
06 OCT 2026,POLYCAB,EQ,POLYCAB INDIA LIMITED    ,Listed    ,06 OCT 2026,              10.00,         150691588,           8147.00,  1227684367436.00   
06 OCT 2026,POLYMED,EQ,POLY MEDICURE LIMITED    ,Listed    ,06 OCT 2026,               5.00,         101361465,           1633.80,   165604361517.00   
06 OCT 2026,POLYPLEX,EQ,POLYPLEX CORPORATION LTD ,Listed    ,06 OCT 2026,              10.00,          31392462,           1034.30,    32469223446.60  
06 OCT 2026,POLYSIL,SM,POLYSIL IRRIGATION SYST L,Listed    ,06 OCT 2026,              10.00,          26505090,             53.10,     1407420279.00   
06 OCT 2026,POLYSPIN,EQ,POLYSPIN EXPORTS LTD.    ,Permitted ,06 OCT 2026,               5.00,          10000000,             28.95,      289500000.00  
06 OCT 2026,PONNIERODE,EQ,PONNIE SUGARS (ERODE) LTD,Listed    ,06 OCT 2026,              10.00,           8598418,            374.55,     3220537461.90
06 OCT 2026,POOJALOGIS,ST,POOJA LOGISTICS LIMITED  ,Listed    ,06 OCT 2026,              10.00,          14284000,            119.90,     1712651600.00
06 OCT 2026,POONAWALLA,EQ,POONAWALLA FINCORP LTD   ,Listed    ,06 OCT 2026,               2.00,         880575662,            460.45,   405461063567.90
06 OCT 2026,POSITRON,SM,POSITRON ENERGY LIMITED  ,Listed    ,06 OCT 2026,              10.00,           7600400,            223.80,     1700969520.00  
06 OCT 2026,POWERGRID,EQ,POWER GRID CORP. LTD.    ,Listed    ,06 OCT 2026,              10.00,        9300603819,            257.20,  2392115302246.80 
06 OCT 2026,POWERICA,EQ,POWERICA LIMITED         ,Listed    ,06 OCT 2026,               5.00,         126551877,            601.70,    76146264390.90  
06 OCT 2026,POWERINDIA,EQ,HITACHI ENERGY INDIA LTD ,Listed    ,06 OCT 2026,               2.00,          44572363,          31640.00,  1410269565320.00
06 OCT 2026,POWERMECH,EQ,POWER MECH PROJECTS LTD. ,Listed    ,06 OCT 2026,              10.00,          31616292,           2426.00,    76701124392.00 
06 OCT 2026,PPAP,BE,PPAP AUTOMOTIVE LIMITED  ,Listed    ,06 OCT 2026,              10.00,          14152987,            239.80,     3394027812.45      
06 OCT 2026,PPL,EQ,PRAKASH PIPES LIMITED    ,Listed    ,06 OCT 2026,              10.00,          23918354,            252.65,     6042972138.10       
06 OCT 2026,PPLPHARMA,EQ,PIRAMAL PHARMA LIMITED   ,Listed    ,06 OCT 2026,              10.00,        1331348130,            200.50,   266961927027.60 
06 OCT 2026,PPSL,SM,PICTUREPOST STUDIOS LTD  ,Listed    ,05 OCT 2026,               1.00,          29300000,              2.85,       83505000.00      
06 OCT 2026,PRABHA,EQ,PRABHA ENERGY LIMITED    ,Listed    ,06 OCT 2026,               1.00,         146419434,            221.35,    32407013327.20    
06 OCT 2026,PRADPME,EQ,PRADEEP METALS LTD.      ,Permitted ,06 OCT 2026,              10.00,          17270000,            544.25,     9399197500.00   
06 OCT 2026,PRAENG,EQ,PRAJAY ENG. SYN. LTD.    ,Listed    ,06 OCT 2026,              10.00,          69935791,             19.70,     1377735082.70    
06 OCT 2026,PRAJIND,EQ,PRAJ INDUSTRIES LTD      ,Listed    ,06 OCT 2026,               2.00,         183813088,            315.05,    57910313374.40   
06 OCT 2026,PRAKASH,EQ,PRAKASH INDUSTRIES LTD   ,Listed    ,06 OCT 2026,              10.00,         179081839,            119.70,    21436096128.30   
06 OCT 2026,PRAKASHSTL,EQ,PRAKASH STEELAGE LTD     ,Listed    ,06 OCT 2026,               1.00,         175000390,              3.55,      617751376.70
06 OCT 2026,PRAMARA,SM,PRAMARA PROMOTIONS LTD   ,Listed    ,06 OCT 2026,              10.00,          13944168,            104.45,     1456468347.60   
06 OCT 2026,PRAMODINI,SM,PRAMODINI MEDICARE LTD   ,Listed    ,06 OCT 2026,              10.00,          22045595,            116.35,     2565004978.25 
06 OCT 2026,PRANAV,EQ,PRANAV CONSTRUCTIONS LTD ,Listed    ,06 OCT 2026,              10.00,         112622782,             90.90,    10237410883.80    
06 OCT 2026,PRANIK,SM,PRANIK LOGISTICS LIMITED ,Listed    ,06 OCT 2026,              10.00,          11010150,             45.15,      497108272.50    
06 OCT 2026,PRASOLCHEM,EQ,PRASOL CHEMICALS LIMITED ,Listed    ,06 OCT 2026,               2.00,          59183431,            821.45,    48616229394.95
06 OCT 2026,PRATHAM,SM,PRATHAM EPC PROJECTS LTD ,Listed    ,06 OCT 2026,              10.00,          18212489,            122.50,     2231029902.50   
06 OCT 2026,PRAVEG,EQ,PRAVEG LTD.              ,Permitted ,06 OCT 2026,              10.00,          26140695,            247.80,     6477925627.95    
06 OCT 2026,PRAXIS,EQ,PRAXIS HOME RETAIL LTD   ,Listed    ,06 OCT 2026,               5.00,         185812210,              4.45,      826864334.50    
06 OCT 2026,PRECAM,EQ,PRECISION CAMSHAFTS LTD. ,Listed    ,06 OCT 2026,              10.00,          94985835,            113.25,    10759045530.45    
06 OCT 2026,PRECISION,ST,PRECISION METALIKS LTD   ,Listed    ,06 OCT 2026,              10.00,          22959066,              7.00,      160713462.00 
06 OCT 2026,PRECOT,EQ,PRECOT LIMITED           ,Listed    ,06 OCT 2026,              10.00,          12000000,            604.50,     7254000000.00    
06 OCT 2026,PRECWIRE,EQ,PRECISION WIRES INDIA LTD,Listed    ,06 OCT 2026,               1.00,         182807975,            515.15,    94173528321.25  
06 OCT 2026,PREMCO,EQ,PREMCO GLOBAL LTD.       ,Permitted ,06 OCT 2026,              10.00,           3304800,            405.90,     1341418320.00    
06 OCT 2026,PREMEXPLN,EQ,PREMIER EXPLOSIVES LTD   ,Listed    ,06 OCT 2026,               2.00,          53761195,            685.10,    36831794694.50 
06 OCT 2026,PREMIER,BE,PREMIER LIMITED          ,Listed    ,06 OCT 2026,              10.00,          30372570,              2.65,       79879859.10   
06 OCT 2026,PREMIERENE,EQ,PREMIER ENERGIES LIMITED ,Listed    ,06 OCT 2026,               1.00,         453951510,            907.00,   411734019570.00
06 OCT 2026,PREMIERPOL,EQ,PREMIER POLYFILM LTD     ,Listed    ,06 OCT 2026,               1.00,         104742475,             97.25,    10184110844.25
06 OCT 2026,PREMIUM,SM,PREMIUM PLAST LIMITED    ,Listed    ,06 OCT 2026,              10.00,          19097100,             46.50,      888015150.00   
06 OCT 2026,PRESSTONIC,ST,PRESSTONIC ENGINEERING L ,Listed    ,06 OCT 2026,              10.00,          15241080,             42.80,      652318224.00
06 OCT 2026,PRESTIGE,EQ,PRESTIGE ESTATE LTD      ,Listed    ,06 OCT 2026,              10.00,         430730232,           1467.70,   632182761506.40  
06 OCT 2026,PRICOLLTD,EQ,PRICOL LIMITED           ,Listed    ,06 OCT 2026,               1.00,         121881498,            677.65,    82592997119.70 
06 OCT 2026,PRIMECAB,ST,PRIME CABLE INDUSTRIES L ,Listed    ,06 OCT 2026,               5.00,          18324060,            201.05,     3684052263.00  
06 OCT 2026,PRIMESECU,EQ,PRIME SECURITIES LIMITED ,Listed    ,06 OCT 2026,               5.00,          33975325,            297.05,    10092370291.25 
06 OCT 2026,PRIMO,EQ,PRIMO CHEMICALS LIMITED  ,Listed    ,06 OCT 2026,               2.00,         242343220,             26.95,     6535996643.40     
06 OCT 2026,PRINCEPIPE,EQ,PRINCE PIPES FITTINGS LTD,Listed    ,06 OCT 2026,              10.00,         110561079,            258.20,    28546870597.80
06 OCT 2026,PRIORITY,EQ,PRIORITY JEWELS LIMITED  ,Listed    ,06 OCT 2026,              10.00,          18000000,            311.85,     5613300000.00  
06 OCT 2026,PRISMX,EQ,PRISMX GLOBAL VENTURES L ,Permitted ,06 OCT 2026,               1.00,         439096811,              0.50,      215157437.40    
06 OCT 2026,PRITI,EQ,PRITI INTERNATIONAL LTD  ,Listed    ,06 OCT 2026,              10.00,          13353328,             31.65,      422766364.50     
06 OCT 2026,PRITIKA,SM,PRITIKA ENG COMPO LTD    ,Listed    ,06 OCT 2026,               5.00,          26365030,             62.90,     1658360387.00   
06 OCT 2026,PRITIKAUTO,EQ,PRITIKA AUTO INDUS LTD   ,Listed    ,06 OCT 2026,               2.00,         166512667,             16.35,     2719151852.10
06 OCT 2026,PRIVISCL,EQ,PRIVI SPECIALITY CHE LTD ,Listed    ,06 OCT 2026,              10.00,          39062706,           3504.90,   136910878259.40  
06 OCT 2026,PRIZOR,ST,PRIZOR VIZTECH LIMITED   ,Listed    ,06 OCT 2026,              10.00,          10796203,           1316.35,    14211581819.05    
06 OCT 2026,PRLIND,SM,PREMIER ROADLINES LIMITED,Listed    ,06 OCT 2026,              10.00,          22862547,             42.95,      981946393.65    
06 OCT 2026,PROFX,SM,PRO FX TECH LIMITED      ,Listed    ,06 OCT 2026,              10.00,          17503686,             67.05,     1173622146.30     
06 OCT 2026,PROLIFE,SM,PROLIFE INDUSTRIES LTD   ,Listed    ,06 OCT 2026,              10.00,           4094080,             79.80,      326707584.00   
06 OCT 2026,PROPEQUITY,SM,P. E. ANALYTICS LIMITED  ,Listed    ,06 OCT 2026,              10.00,          10879904,            195.00,     2121581280.00
06 OCT 2026,PROPSHOP,SM,PROPSHOP EVENTS AND EXH L,Listed    ,06 OCT 2026,              10.00,          14630804,             71.50,     1046102486.00  
06 OCT 2026,PROSTARM,EQ,PROSTARM INFO SYSTEMS LTD,Listed    ,06 OCT 2026,              10.00,          58874592,            132.90,     7825022022.70  
06 OCT 2026,PROTEAN,EQ,PROTEAN EGOV TECHNO LTD  ,Listed    ,06 OCT 2026,              10.00,          40779165,            689.25,    28107039476.25   
06 OCT 2026,PROV,SM,PROVENTUS AGROCOM LIMITED,Listed    ,06 OCT 2026,              10.00,           3453416,           1960.00,     6768695360.00      
06 OCT 2026,PROZONER,EQ,PROZONE REALTY LIMITED   ,Listed    ,06 OCT 2026,               2.00,         152602883,             52.45,     8004021213.35  
06 OCT 2026,PRSMJOHNSN,EQ,PRISM JOHNSON LIMITED    ,Listed    ,06 OCT 2026,              10.00,         503356580,            103.50,    52087338898.40
06 OCT 2026,PRUDENT,EQ,PRUDENT CORP ADV SER LTD ,Listed    ,06 OCT 2026,               5.00,          41406680,           3204.30,   132679424724.00   
06 OCT 2026,PRUDMOULI,EQ,PRUDENTIAL SUGAR CORPORAT,Listed    ,06 OCT 2026,              10.00,          32252000,             13.80,      445400120.00 
06 OCT 2026,PSB,EQ,PUNJAB & SIND BANK       ,Listed    ,06 OCT 2026,              10.00,        7095585220,             21.05,   149362068881.00       
06 OCT 2026,PSFL,SM,PARAMOUNT SPECIALI FORG L,Listed    ,06 OCT 2026,              10.00,          19682000,             32.50,      639665000.00      
06 OCT 2026,PSPPROJECT,EQ,PSP PROJECTS LIMITED     ,Listed    ,06 OCT 2026,              10.00,          39641791,            761.75,    30197134294.25
06 OCT 2026,PSRAJ,SM,P S RAJ STEELS LIMITED   ,Listed    ,06 OCT 2026,               2.00,          37691570,             99.75,     3759734107.50     
06 OCT 2026,PTC,EQ,PTC INDIA LIMITED        ,Listed    ,06 OCT 2026,              10.00,         296008321,            157.15,    46514747561.95       
06 OCT 2026,PTCIL,EQ,PTC INDUSTRIES LIMITED   ,Listed    ,06 OCT 2026,              10.00,          14992549,          23125.00,   346702695625.00     
06 OCT 2026,PTL,EQ,PTL ENTERPRISES LTD      ,Listed    ,06 OCT 2026,               1.00,         132377000,             38.25,     5060772710.00       
06 OCT 2026,PULZ,SM,PULZ ELECTRONICS LIMITED ,Listed    ,06 OCT 2026,              10.00,          21808000,             21.50,      468872000.00      
06 OCT 2026,PUNJABCHEM,EQ,PUNJAB CHEM & CROP PROT L,Listed    ,06 OCT 2026,              10.00,          12262185,           1039.00,    12740410215.00
06 OCT 2026,PURPLEUTED,SM,PURPLE UNITED SALES LTD  ,Listed    ,06 OCT 2026,              10.00,           9609800,            495.85,     4765019330.00
06 OCT 2026,PURVA,EQ,PURAVANKARA LIMITED      ,Listed    ,06 OCT 2026,               5.00,         237149686,            210.75,    49979296324.50     
06 OCT 2026,PURVFLEXI,SM,PURV FLEXIPACK LIMITED   ,Listed    ,05 OCT 2026,              10.00,          20982750,             42.00,      881275500.00 
06 OCT 2026,PUSHPA,SM,PUSHPA JEWELLERS LIMITED ,Listed    ,06 OCT 2026,              10.00,          24222912,            120.45,     2917649750.40    
06 OCT 2026,PVP,EQ,PVP VENTURES LIMITED     ,Listed    ,06 OCT 2026,              10.00,         260403681,             50.35,    13108721301.55       
06 OCT 2026,PVRINOX,EQ,PVR INOX LIMITED         ,Listed    ,06 OCT 2026,              10.00,          98199962,           1249.40,   122691032522.80   
06 OCT 2026,PVSL,EQ,POPULAR VEHICLES N SER L ,Listed    ,06 OCT 2026,               2.00,          71198198,             94.55,     6733213584.85      
06 OCT 2026,PWL,EQ,PHYSICSWALLAH LIMITED    ,Listed    ,06 OCT 2026,               1.00,        2905008832,            131.85,   383054464587.50       
06 OCT 2026,PYRAMID,EQ,PYRAMID TECHNOPLAST LTD  ,Listed    ,06 OCT 2026,              10.00,          36784800,            159.70,     5874900408.00   
06 OCT 2026,QFIL,SM,QUALITY FOILS (INDIA) LTD,Listed    ,01 OCT 2026,              10.00,           2854000,             49.75,      141986500.00      
06 OCT 2026,QLINE,SM,Q-LINE BIOTECH LIMITED   ,Listed    ,06 OCT 2026,              10.00,          23328199,            658.15,    15353454171.85     
06 OCT 2026,QMSMEDI,BE,QMS MEDICAL ALLIED S LTD ,Listed    ,06 OCT 2026,              10.00,          19337443,            192.70,     3726518640.55   
06 OCT 2026,QPOWER,EQ,QUALITY POWER ELEC EQUP L,Listed    ,06 OCT 2026,              10.00,          77444100,           1648.80,   127689832080.00    
06 OCT 2026,QUADFUTURE,EQ,QUADRANT FUTURE TEK LTD  ,Listed    ,06 OCT 2026,              10.00,          40000000,            547.40,    21896000000.00
06 OCT 2026,QUADPRO,ST,QUADPRO ITES LIMITED     ,Listed    ,30 SEP 2026,               2.00,          50550000,              4.20,      212310000.00   
06 OCT 2026,QUALIANCE,SM,QUALIANCE INTERNATIONAL L,Listed    ,06 OCT 2026,              10.00,          13452000,            166.40,     2238412800.00 
06 OCT 2026,QUESS,EQ,QUESS CORP LIMITED       ,Listed    ,06 OCT 2026,              10.00,         149385918,            334.45,    49962120275.10     
06 OCT 2026,QUESTLAB,SM,QUEST LABORATORIES LTD   ,Listed    ,06 OCT 2026,              10.00,          16387200,             92.60,     1517454720.00  
06 OCT 2026,QUICKHEAL,EQ,QUICK HEAL TECH LTD      ,Listed    ,06 OCT 2026,              10.00,          54273580,            140.40,     7621096103.60 
06 OCT 2026,QUICKTOUCH,SM,QUICKTOUCH TECHNOLOGIES L,Listed    ,06 OCT 2026,              10.00,          12815996,             14.00,      179423944.00
06 OCT 2026,QUINT,BE,QUINT DIGITAL LTD.       ,Permitted ,06 OCT 2026,              10.00,          47208008,             62.05,     2929256896.40     
06 OCT 2026,QUINTEGRA,EQ,QUINTEGRA SOLUTIONS LTD. ,Listed    ,06 OCT 2026,              10.00,          26813830,              1.45,       39416330.10 
06 OCT 2026,QVCEL,SM,QVC EXPORTS LIMITED      ,Listed    ,06 OCT 2026,              10.00,          10451292,             25.75,      269120769.00     
06 OCT 2026,RACE,EQ,RACE ECO CHAIN LIMITED   ,Listed    ,06 OCT 2026,              10.00,          17257200,            108.75,     1876720500.00      
06 OCT 2026,RACLGEAR,EQ,RACL GEARTECH LIMITED    ,Listed    ,06 OCT 2026,              10.00,          11788080,           1593.40,    18783126672.00  
06 OCT 2026,RADAAN,EQ,RADAAN MEDIAWORKS (I) LTD,Listed    ,06 OCT 2026,               2.00,          54161540,              3.00,      161401389.20    
06 OCT 2026,RADHIKAJWE,BE,RADHIKA JEWELTECH LIMITED,Listed    ,06 OCT 2026,               2.00,         118000000,             67.40,     7952020000.00
06 OCT 2026,RADIANTCMS,EQ,RADIANT CASH MGMT SER LTD,Listed    ,06 OCT 2026,               1.00,         106707906,             34.80,     3715569286.90
06 OCT 2026,RADICO,EQ,RADICO KHAITAN LTD       ,Listed    ,06 OCT 2026,               2.00,         133982398,           4460.10,   597574893319.80    
06 OCT 2026,RADIOCITY,EQ,MUSIC BROADCAST LIMITED  ,Listed    ,06 OCT 2026,               2.00,         345685625,              6.00,     2077570606.25 
06 OCT 2026,RADIOWALLA,ST,RADIOWALLA NETWORK LTD   ,Listed    ,06 OCT 2026,              10.00,           7048236,             28.60,      201579549.60
06 OCT 2026,RAILTEL,EQ,RAILTEL CORP OF IND LTD  ,Listed    ,06 OCT 2026,              10.00,         320938407,            257.65,    82689780563.55   
06 OCT 2026,RAIN,EQ,RAIN INDUSTRIES LIMITED  ,Listed    ,06 OCT 2026,               2.00,         336345679,            212.65,    71517181725.75      
06 OCT 2026,RAINBOW,EQ,RAINBOW CHILDRENS MED LTD,Listed    ,06 OCT 2026,              10.00,         101566639,           1239.70,   125912162368.30   
06 OCT 2026,RAJESHEXPO,BZ,RAJESH EXPORTS LTD       ,Listed    ,06 OCT 2026,               1.00,         295259959,             61.80,    18247065466.20
06 OCT 2026,RAJINDLTD,SM,RAJPUTANA INDUSTRIES LTD ,Listed    ,06 OCT 2026,              10.00,          22215000,             66.45,     1476186750.00 
06 OCT 2026,RAJMET,EQ,RAJNANDINI METAL LIMITED ,Listed    ,06 OCT 2026,               1.00,         276480000,              3.10,      851558400.00    
06 OCT 2026,RAJOOENG,EQ,RAJOO ENGINEERS LIMITED  ,Listed    ,06 OCT 2026,               1.00,         178675293,             56.95,    10175557936.35  
06 OCT 2026,RAJPALAYAM,EQ,RAJAPALAYAM MILLS LTD.   ,Permitted ,06 OCT 2026,              10.00,           9220200,            743.95,     6859367790.00
06 OCT 2026,RAJPUTANA,SM,RAJPUTANA BIODIESEL LTD  ,Listed    ,06 OCT 2026,              10.00,           7033500,            205.25,     1443625875.00 
06 OCT 2026,RAJRATAN,EQ,RAJRATAN GLOBAL WIRE LTD ,Listed    ,06 OCT 2026,               2.00,          50771000,            467.30,    23725288300.00  
06 OCT 2026,RAJRILTD,BE,RAJ RAYON INDUSTRIES LTD ,Listed    ,06 OCT 2026,               1.00,         556082495,             20.00,    11127210724.95  
06 OCT 2026,RAJSREESUG,EQ,RAJSHREE SUGAR & CHEMICAL,Listed    ,06 OCT 2026,              10.00,          33135606,             29.60,      980151225.50
06 OCT 2026,RAJTV,BE,RAJ TV NETWORK LTD       ,Listed    ,06 OCT 2026,               5.00,          51913344,             10.70,      556511047.70     
06 OCT 2026,RALLIS,EQ,RALLIS INDIA LTD         ,Listed    ,06 OCT 2026,               1.00,         194468890,            200.30,    38952118667.00    
06 OCT 2026,RAMANEWS,EQ,SHREE RAMA NEWSPRINT LTD ,Listed    ,06 OCT 2026,              10.00,         147522032,             28.90,     4260436284.15  
06 OCT 2026,RAMAPHO,EQ,RAMA PHOSPHATES LIMITED  ,Listed    ,06 OCT 2026,               5.00,          35386426,            118.00,     4175244403.75   
06 OCT 2026,RAMASTEEL,BE,RAMA STEEL TUBES LIMITED ,Listed    ,06 OCT 2026,               1.00,        1636040979,              4.30,     7051336619.50 
06 OCT 2026,RAMBHAJO,EQ,ADVIT JEWELS LIMITED     ,Listed    ,06 OCT 2026,              10.00,          45810000,            330.35,    15133333500.00  
06 OCT 2026,RAMCOCEM,EQ,THE RAMCO CEMENTS LIMITED,Listed    ,06 OCT 2026,               1.00,         236292380,            848.25,   200435011335.00  
06 OCT 2026,RAMCOIND,EQ,RAMCO INDUSTRIES LIMITED ,Listed    ,06 OCT 2026,               1.00,          86841560,            297.75,    25857074490.00  
06 OCT 2026,RAMCOSYS,EQ,RAMCO SYSTEMS LTD.       ,Listed    ,06 OCT 2026,              10.00,          37596664,            563.50,    21185720164.00  
06 OCT 2026,RAMKY,EQ,RAMKY INFRA LTD          ,Listed    ,06 OCT 2026,              10.00,          69197791,            286.65,    19835546790.15     
06 OCT 2026,RAMRAT,EQ,RAM RATNA WIRES LIMITED  ,Listed    ,06 OCT 2026,               5.00,          93349072,            641.20,    59855424966.40    
06 OCT 2026,RANASUG,EQ,RANA SUGARS LTD.         ,Listed    ,06 OCT 2026,              10.00,         153567820,             13.80,     2120771594.20   
06 OCT 2026,RANEHOLDIN,EQ,RANE HOLDINGS LIMITED    ,Listed    ,06 OCT 2026,              10.00,          14277809,           1547.40,    22093481646.60
06 OCT 2026,RAPIDFLEET,SM,RAPID FLEET MGT SERVICE L,Listed    ,06 OCT 2026,              10.00,           7434800,            205.65,     1528966620.00
06 OCT 2026,RAPPID,SM,RAPPID VALVES (INDIA) LTD,Listed    ,06 OCT 2026,              10.00,           5191984,            338.00,     1754890592.00    
06 OCT 2026,RATEGAIN,EQ,RATEGAIN TRAVEL TECHN LTD,Listed    ,06 OCT 2026,               1.00,         118532882,            854.45,   101280421024.90  
06 OCT 2026,RATNAMANI,EQ,RATNAMANI MET & TUB LTD. ,Listed    ,06 OCT 2026,               2.00,          70092000,           2601.20,   182323310400.00 
06 OCT 2026,RATNAVEER,EQ,RATNAVEER PRECISION ENG L,Listed    ,06 OCT 2026,              10.00,          83926350,            335.25,    28136308837.50 
06 OCT 2026,RAYMOND,EQ,RAYMOND LTD              ,Listed    ,06 OCT 2026,              10.00,          66573731,           1294.30,    86166380033.30   
06 OCT 2026,RAYMONDLSL,EQ,RAYMOND LIFESTYLE LIMITED,Listed    ,06 OCT 2026,               2.00,          60923629,            649.85,    39591220305.65
06 OCT 2026,RAYMONDREL,EQ,RAYMOND REALTY LIMITED   ,Listed    ,06 OCT 2026,              10.00,          66573731,            707.80,    47120886801.80
06 OCT 2026,RBA,EQ,RESTAURANT BRAND ASIA LTD,Listed    ,06 OCT 2026,              10.00,         712078330,             95.10,    67718649183.00       
06 OCT 2026,RBLBANK,EQ,RBL BANK LIMITED         ,Listed    ,06 OCT 2026,              10.00,        1551642481,            414.50,   643155808374.50   
06 OCT 2026,RBMINFRA,SM,RBM INFRACON LIMITED     ,Listed    ,06 OCT 2026,              10.00,          10633000,            239.50,     2546603500.00  
06 OCT 2026,RBS,SM,RAMDEVBABA SOLVENT LTD   ,Listed    ,06 OCT 2026,              10.00,          23998950,             80.00,     1919916000.00       
06 OCT 2026,RBZJEWEL,BE,RBZ JEWELLERS LIMITED    ,Listed    ,06 OCT 2026,              10.00,          40000000,            196.15,     7846000000.00  
06 OCT 2026,RCDL,SM,RAJGOR CASTOR DERIVATI L ,Listed    ,06 OCT 2026,              10.00,          47831704,             15.35,      734216656.40      
06 OCT 2026,RCF,EQ,RASHTRIYA CHEMICALS & FER,Listed    ,06 OCT 2026,              10.00,         551688100,            108.95,    60100901614.00       
06 OCT 2026,RCOM,BE,RELIANCE COMMUNICATIONS L,Listed    ,06 OCT 2026,               5.00,        2765533050,              0.85,     2378358423.00      
06 OCT 2026,READYMIX,SM,READYMIX CONSTRU MACHI L ,Listed    ,06 OCT 2026,              10.00,          10958500,             54.35,      595594475.00  
06 OCT 2026,RECLTD,EQ,REC LIMITED              ,Listed    ,06 OCT 2026,              10.00,        2633224000,            300.00,   789967200000.00    
06 OCT 2026,REDINGTON,EQ,REDINGTON LIMITED        ,Listed    ,06 OCT 2026,               2.00,         781774431,            405.70,   317165886656.70 
06 OCT 2026,REDTAPE,EQ,REDTAPE LIMITED          ,Listed    ,06 OCT 2026,               2.00,         552807600,            114.80,    63462312480.00   
06 OCT 2026,REFEX,EQ,REFEX INDUSTRIES LIMITED ,Listed    ,06 OCT 2026,               2.00,         137228548,            265.15,    36386149502.20     
06 OCT 2026,REFRACTORY,SM,REFRACTORY SHAPES LIMITED,Listed    ,05 OCT 2026,              10.00,          21800000,             39.70,      865460000.00
06 OCT 2026,REGAAL,EQ,REGAAL RESOURCES LIMITED ,Listed    ,06 OCT 2026,               5.00,         102993860,             85.95,     8851292328.40    
06 OCT 2026,REGENCERAM,EQ,REGENCY CERAMICS LTD.    ,Listed    ,06 OCT 2026,              10.00,          26441586,             33.30,      879975982.10
06 OCT 2026,RELAXO,EQ,RELAXO FOOT LTD.         ,Listed    ,06 OCT 2026,               1.00,         248938586,            290.50,    72316659233.00    
06 OCT 2026,RELCHEMQ,EQ,RELIANCE CHEMOTEX IND LTD,Listed    ,06 OCT 2026,              10.00,           7543563,            113.40,      855440044.20  
06 OCT 2026,RELIABLE,EQ,RELIABLE DATA SERVICE LTD,Listed    ,06 OCT 2026,              10.00,          10320000,            139.30,     1437576000.00  
06 OCT 2026,RELIANCE,EQ,RELIANCE INDUSTRIES LTD  ,Listed    ,06 OCT 2026,              10.00,       13532538722,           1218.00, 16482632163396.00  
06 OCT 2026,RELIGARE,EQ,RELIGARE ENTER. LTD.     ,Listed    ,06 OCT 2026,              10.00,         341233742,            227.75,    77715984740.50  
06 OCT 2026,RELINFRA,BE,RELIANCE INFRASTRUCTU LTD,Listed    ,06 OCT 2026,              10.00,         408631194,             51.25,    20938262380.55  
06 OCT 2026,RELTD,EQ,RAVINDRA ENERGY LIMITED  ,Listed    ,06 OCT 2026,              10.00,         198549404,            147.25,    29236399739.00     
06 OCT 2026,REMSONSIND,EQ,REMSONS INDUSTRIES LTD   ,Listed    ,06 OCT 2026,               2.00,          34878785,            108.65,     3790277565.95
06 OCT 2026,REMUS,SM,REMUS PHARMACEUTICALS L  ,Listed    ,06 OCT 2026,              10.00,          11784000,            844.45,     9950998800.00     
06 OCT 2026,RENTOMOJO,EQ,RENTOMOJO LIMITED        ,Listed    ,06 OCT 2026,               1.00,         104114824,            545.20,    56763402044.80 
06 OCT 2026,RENUKA,EQ,SHREE RENUKA SUGARS LTD  ,Listed    ,06 OCT 2026,               1.00,        2128489773,             22.65,    48210293358.45    
06 OCT 2026,REPCOHOME,EQ,REPCO HOME FINANCE LTD   ,Listed    ,06 OCT 2026,              10.00,          62561362,            326.45,    20423156624.90 
06 OCT 2026,REPL,EQ,RUDRABHISHEK ENTERP LTD  ,Listed    ,06 OCT 2026,              10.00,          18122500,             56.85,     1029901675.00      
06 OCT 2026,REPRO,EQ,REPRO INDIA LIMITED      ,Listed    ,06 OCT 2026,              10.00,          14345338,            296.35,     4251240916.30     
06 OCT 2026,RESPONIND,EQ,RESPONSIVE INDUSTRIES LTD,Listed    ,06 OCT 2026,               1.00,         266608544,            156.30,    41673581512.65 
06 OCT 2026,RETAIL,BE,JHS SVENDGAARD RETAIL V L,Listed    ,06 OCT 2026,              10.00,           8204600,             31.55,      258773084.00    
06 OCT 2026,REXPIPES,SM,REX PIPES AND CABLES LTD ,Listed    ,24 AUG 2026,              10.00,           9450000,            160.65,     1518142500.00  
06 OCT 2026,REXPRO,SM,REXPRO ENTERPRISES LTD   ,Listed    ,06 OCT 2026,              10.00,          11206460,             33.60,      376537056.00    
06 OCT 2026,RFBL,ST,RFBL FLEXI PACK LIMITED  ,Listed    ,06 OCT 2026,              10.00,          23315000,            106.80,     2490042000.00      
06 OCT 2026,RGL,EQ,RENAISSANCE GLOBAL LTD   ,Listed    ,06 OCT 2026,               2.00,         107403971,            163.60,    17573437735.00       
06 OCT 2026,RHETAN,EQ,RHETAN TMT LIMITED       ,Listed    ,06 OCT 2026,               1.00,         796875000,             16.60,    13220156250.00    
06 OCT 2026,RHFL,BZ,RELIANCE HOME FINANCE LTD,Listed    ,06 OCT 2026,              10.00,         484555683,              1.55,      755906865.50      
06 OCT 2026,RHIM,EQ,RHI MAGNESITA INDIA LTD  ,Listed    ,06 OCT 2026,               1.00,         206501426,            373.40,    77107632468.40      
06 OCT 2026,RHL,EQ,ROBUST HOTELS LIMITED    ,Listed    ,06 OCT 2026,              10.00,          17291696,            165.25,     2857452764.00       
06 OCT 2026,RICHA,SM,RICHA INFO SYSTEMS LTD   ,Listed    ,06 OCT 2026,              10.00,          13762833,             83.25,     1145755847.25     
06 OCT 2026,RICOAUTO,EQ,RICO AUTO INDUSTRIES LTD ,Listed    ,06 OCT 2026,               1.00,         135285000,            121.85,    16481771550.00  
06 OCT 2026,RIIL,EQ,RELIANCE INDUSTRIAL INFRA,Listed    ,06 OCT 2026,              10.00,          15100000,            681.70,    10293670000.00      
06 OCT 2026,RIIT,IV,RAAJMARG INFRA INVEST T  ,Listed    ,06 OCT 2026,             100.00,         600000000,            120.70,    72414000000.00      
06 OCT 2026,RILINFRA,SM,RACHANA INFRA LTD        ,Listed    ,06 OCT 2026,              10.00,          18605000,             32.50,      604662500.00  
06 OCT 2026,RIR,EQ,RIR POWER ELECTRONICS L  ,Listed    ,06 OCT 2026,               2.00,          79572400,            183.50,    14600739676.00       
06 OCT 2026,RISHABH,EQ,RISHABH INSTRUMENTS LTD  ,Listed    ,06 OCT 2026,              10.00,          38696972,            688.40,    26638995524.80   
06 OCT 2026,RITCO,EQ,RITCO LOGISTICS LIMITED  ,Listed    ,06 OCT 2026,              10.00,          28622757,            285.55,     8173228261.35     
06 OCT 2026,RITES,EQ,RITES LIMITED            ,Listed    ,06 OCT 2026,              10.00,         480603774,            203.50,    97807674046.75     
06 OCT 2026,RITEZONE,SM,RITE ZONE CHEMCON IND LTD,Listed    ,06 OCT 2026,              10.00,           4230270,             17.45,       73818211.50  
06 OCT 2026,RKDL,EQ,RAVI KUMAR DIST. LTD.    ,Listed    ,06 OCT 2026,              10.00,          24000000,             17.25,      414480000.00      
06 OCT 2026,RKEC,BE,RKEC PROJECTS LIMITED    ,Listed    ,06 OCT 2026,              10.00,          25820600,             21.40,      553077252.00      
06 OCT 2026,RKFORGE,EQ,RAMKRISHNA FORGINGS LTD  ,Listed    ,06 OCT 2026,               2.00,         182170017,            732.65,   133466862955.05   
06 OCT 2026,RKSWAMY,EQ,R K SWAMY LIMITED        ,Listed    ,06 OCT 2026,               5.00,          50477241,             87.85,     4435435166.65   
06 OCT 2026,RMC,EQ,RMC SWITCHGEARS LIMITED  ,Listed    ,06 OCT 2026,              10.00,          10581870,            196.05,     2074575613.50       
06 OCT 2026,RMDRIP,BE,R M DRIP & SPRINK SYS LTD,Listed    ,06 OCT 2026,               1.00,         428228571,             23.55,    10084782847.05    
06 OCT 2026,RML,EQ,RANE (MADRAS) LIMITED    ,Listed    ,06 OCT 2026,              10.00,          27637137,           1394.40,    38537223832.80       
06 OCT 2026,RNBDENIMS,BE,R&B DENIMS LIMITED       ,Listed    ,06 OCT 2026,               1.00,         269920320,              9.00,     2423884473.60 
06 OCT 2026,RNFI,SM,RNFI SERVICES LIMITED    ,Listed    ,06 OCT 2026,              10.00,          25393943,            331.00,     8405395133.00      
06 OCT 2026,RNPL,SM,RENOL POLYCHEM LIMITED   ,Listed    ,06 OCT 2026,              10.00,          12084462,             75.95,      917814888.90      
06 OCT 2026,ROADSTAR,IV,ROADSTAR INFRA INVT TRUST,Listed    ,Not Traded ,             100.00,         455477143,            100.00,    45547714300.00  
06 OCT 2026,ROCKINGDCE,SM,ROCKINGDEALS CIRCU ECO L ,Listed    ,01 OCT 2026,              10.00,           5659000,            219.20,     1240452800.00
06 OCT 2026,ROHLTD,EQ,ROYAL ORCHID HOTELS LTD  ,Listed    ,06 OCT 2026,              10.00,          27425215,            300.75,     8248133411.25    
06 OCT 2026,ROLEXRINGS,EQ,ROLEX RINGS LIMITED      ,Listed    ,06 OCT 2026,               1.00,         262333120,            188.20,    49365846521.60
06 OCT 2026,ROLLT,BE,ROLLATAINERS LIMITED     ,Listed    ,06 OCT 2026,               1.00,         250130000,              5.20,     1303177300.00     
06 OCT 2026,ROML,EQ,RAJ OIL MILLS LIMITED    ,Listed    ,06 OCT 2026,              10.00,          14988684,             43.00,      644363525.15      
06 OCT 2026,ROSSARI,EQ,ROSSARI BIOTECH LIMITED  ,Listed    ,06 OCT 2026,               2.00,          55394116,            427.45,    23678214884.20   
06 OCT 2026,ROSSELLIND,EQ,ROSSELL INDIA LIMITED    ,Listed    ,06 OCT 2026,               2.00,          62428270,             50.70,     3163864723.60
06 OCT 2026,ROSSTECH,EQ,ROSSELL TECHSYS LIMITED  ,Listed    ,06 OCT 2026,               2.00,          37696475,           1612.10,    60770487347.50  
06 OCT 2026,ROTO,EQ,ROTO PUMPS LIMITED       ,Listed    ,06 OCT 2026,               1.00,         188445660,             62.25,    11728857878.40      
06 OCT 2026,ROUTE,EQ,ROUTE MOBILE LIMITED     ,Listed    ,06 OCT 2026,              10.00,          63003082,            430.80,    27141727725.60     
06 OCT 2026,ROXHITECH,SM,ROX HI TECH LIMITED      ,Listed    ,06 OCT 2026,              10.00,          23968614,             70.55,     1690985717.70 
06 OCT 2026,ROYALARC,SM,ROYAL ARC ELECTRODES LTD ,Listed    ,01 OCT 2026,              10.00,          11100200,            152.00,     1687230400.00  
06 OCT 2026,RPEL,EQ,RAGHAV PRODUCTIVITY ENH L,Listed    ,06 OCT 2026,              10.00,          45921950,           1835.60,    84294331420.00      
06 OCT 2026,RPGLIFE,EQ,RPG LIFE SCIENCES LTD    ,Listed    ,06 OCT 2026,               8.00,          16539015,           2933.20,    48512238798.00   
06 OCT 2026,RPOWER,EQ,RELIANCE POWER LTD.      ,Listed    ,06 OCT 2026,              10.00,        4135770966,             20.50,    84741947093.35    
06 OCT 2026,RPPINFRA,EQ,R.P.P INFRA PROJECTS LTD ,Listed    ,06 OCT 2026,              10.00,          49585918,             51.55,     2555162354.55  
06 OCT 2026,RPPL,BE,RAJSHREE POLYPACK LTD    ,Listed    ,06 OCT 2026,               5.00,          74244000,             19.05,     1412863320.00      
06 OCT 2026,RPSGVENT,EQ,RPSG VENTURES LIMITED    ,Listed    ,06 OCT 2026,              10.00,          33086409,            833.10,    27564287337.90  
06 OCT 2026,RPTECH,EQ,RASHI PERIPHERALS LIMITED,Listed    ,06 OCT 2026,               5.00,          66405746,            958.25,    63633306104.50    
06 OCT 2026,RRECL,EQ,RDB REAL ESTATE CONS L   ,Permitted ,06 OCT 2026,              10.00,          26308400,            125.15,     3293022428.00     
06 OCT 2026,RRIL,EQ,R R I L LTD.             ,Permitted ,06 OCT 2026,               5.00,         121214290,             16.20,     1961247212.20      
06 OCT 2026,RRKABEL,EQ,R R KABEL LIMITED        ,Listed    ,06 OCT 2026,               5.00,         113105505,           2789.70,   315530427298.50   
06 OCT 2026,RSDFIN,BE,R S D FINANCE LTD.       ,Permitted ,06 OCT 2026,               5.00,          12946480,             92.00,     1191076160.00    
06 OCT 2026,RSL,EQ,RAJPUTANA STAINLESS LTD  ,Listed    ,06 OCT 2026,              10.00,          83567658,            176.05,    14712921867.50       
06 OCT 2026,RSSOFTWARE,EQ,R. S. SOFTWARE (INDIA) LI,Listed    ,06 OCT 2026,               5.00,          25831211,             30.45,      786302062.85
06 OCT 2026,RSWM,EQ,RSWM LIMITED             ,Listed    ,06 OCT 2026,              10.00,          47101684,            207.05,     9751461638.50      
06 OCT 2026,RSYSTEMS,EQ,R SYS INTERNATIONAL LTD  ,Listed    ,06 OCT 2026,               1.00,         118495958,            246.30,    29185554455.40  
06 OCT 2026,RTL,SM,RAMA TELECOM LIMITED     ,Listed    ,06 OCT 2026,              10.00,          13199349,             76.90,     1015029938.10       
06 OCT 2026,RTNINDIA,EQ,RATTANINDIA ENT LIMITED  ,Listed    ,06 OCT 2026,               2.00,        1382269592,             26.15,    36118704438.95  
06 OCT 2026,RTNPOWER,EQ,RATTANINDIA POWER LIMITED,Listed    ,06 OCT 2026,              10.00,        5370105860,              6.75,    36248214555.00  
06 OCT 2026,RTSPOWR,BE,R T S POWER CORPN. LTD.  ,Permitted ,06 OCT 2026,              10.00,           9168500,            103.80,      951506930.00   
06 OCT 2026,RUBFILA,EQ,RUBFILA INTERNATIONAL LTD,Listed    ,06 OCT 2026,               5.00,          54267529,             63.60,     3450872169.10   
06 OCT 2026,RUBICON,EQ,RUBICON RESEARCH LIMITED ,Listed    ,06 OCT 2026,               1.00,         165531908,           1596.80,   264321350694.40   
06 OCT 2026,RUBYMILLS,EQ,THE RUBY MILLS LTD       ,Listed    ,06 OCT 2026,               5.00,          33440000,            512.80,    17148032000.00 
06 OCT 2026,RUCHINFRA,EQ,RUCHI INFRASTRUCTURE LTD ,Listed    ,06 OCT 2026,               1.00,         236024942,              5.00,     1175404211.15 
06 OCT 2026,RUCHIRA,EQ,RUCHIRA PAPERS LIMITED   ,Listed    ,06 OCT 2026,              10.00,          29844985,            102.80,     3067467558.30   
06 OCT 2026,RUDRA,EQ,RUDRA GLOBAL INFRA PROD L,Listed    ,06 OCT 2026,               5.00,         100343828,             17.80,     1787123576.70     
06 OCT 2026,RULKA,SM,RULKA ELECTRICALS LIMITED,Listed    ,06 OCT 2026,              10.00,           4908400,            105.00,      515382000.00     
06 OCT 2026,RUNWALENTR,EQ,RUNWAL ENTERPRISES LTD   ,Listed    ,06 OCT 2026,               2.00,         147788829,            290.60,    42947433707.40
06 OCT 2026,RUPA,EQ,RUPA & COMPANY LTD       ,Listed    ,06 OCT 2026,               1.00,          79524560,            129.00,    10257872994.40      
06 OCT 2026,RUSHIL,EQ,RUSHIL DECOR LIMITED     ,Listed    ,06 OCT 2026,               1.00,         293416820,             15.55,     4559697382.80    
06 OCT 2026,RUSTOMJEE,EQ,KEYSTONE REALTORS LIMITED,Listed    ,06 OCT 2026,              10.00,         126250769,            368.55,    46529720914.95 
06 OCT 2026,RVHL,EQ,RAVINDER HEIGHTS LIMITED ,Listed    ,06 OCT 2026,               1.00,          61325746,             37.25,     2284997295.95      
06 OCT 2026,RVNL,EQ,RAIL VIKAS NIGAM LIMITED ,Listed    ,06 OCT 2026,              10.00,        2085020100,            198.80,   414460295478.00      
06 OCT 2026,RVTH,EQ,REVATHI EQUIPMENT INDIA L,Listed    ,06 OCT 2026,              10.00,           3066943,            756.20,     2319222296.60      
06 OCT 2026,S&SPOWER,EQ,S&S POWER SWITCHGEARS LTD,Listed    ,06 OCT 2026,              10.00,          12341550,            286.00,     3529683300.00  
06 OCT 2026,SAAKSHI,ST,SAAKSHI MEDTEC N PANELS L,Listed    ,06 OCT 2026,              10.00,          19666259,            364.00,     7158518276.00   
06 OCT 2026,SAATVIKGL,EQ,SAATVIK GREEN ENERGY LTD ,Listed    ,06 OCT 2026,               2.00,         127105004,            402.50,    51159764110.00 
06 OCT 2026,SAB,EQ,S A B INDUSTRIES LTD.    ,Permitted ,06 OCT 2026,              10.00,          15210078,            170.00,     2585713260.00       
06 OCT 2026,SABAR,ST,SABAR FLEX INDIA LIMITED ,Listed    ,04 SEP 2026,              10.00,          19219364,              9.50,      182583958.00     
06 OCT 2026,SACHEEROME,SM,SACHEEROME LIMITED       ,Listed    ,06 OCT 2026,              10.00,          22372800,            511.85,    11451517680.00
06 OCT 2026,SADBHAV,EQ,SADBHAV ENGINEERING LTD  ,Listed    ,06 OCT 2026,               1.00,         171570800,              6.85,     1175259980.00   
06 OCT 2026,SADBHIN,EQ,SADBHAV INFRA PROJ LTD.  ,Listed    ,06 OCT 2026,              10.00,         352225216,              2.55,      901696552.95   
06 OCT 2026,SADHAV,SM,SADHAV SHIPPING LIMITED  ,Listed    ,06 OCT 2026,              10.00,          16133043,            114.50,     1847233423.50    
06 OCT 2026,SADHNANIQ,BE,SADHANA NITROCHEM LIMITED,Listed    ,06 OCT 2026,               1.00,        3032194385,              2.70,     8126280951.80 
06 OCT 2026,SAFARI,EQ,SAFARI IND (INDIA) LTD   ,Listed    ,06 OCT 2026,               2.00,          48997306,           1318.00,    64578449308.00    
06 OCT 2026,SAFEENTP,SM,SAFE ENTER RETAIL FIX LTD,Listed    ,06 OCT 2026,               5.00,          46604478,            250.05,    11653449723.90  
06 OCT 2026,SAGARDEEP,EQ,SAGARDEEP ALLOYS LIMITED ,Listed    ,06 OCT 2026,              10.00,          17057400,             23.15,      394708236.00 
06 OCT 2026,SAGCEM,EQ,SAGAR CEMENTS LIMITED    ,Listed    ,06 OCT 2026,               2.00,         130707548,            146.60,    19161726536.80    
06 OCT 2026,SAGILITY,EQ,SAGILITY LIMITED         ,Listed    ,06 OCT 2026,              10.00,        4681328413,             43.90,   205416690762.45  
06 OCT 2026,SAHAJSOLAR,SM,SAHAJ SOLAR LIMITED      ,Listed    ,06 OCT 2026,              10.00,          21972020,             91.15,     2002749623.00
06 OCT 2026,SAHANA,SM,SAHANA SYSTEM LIMITED    ,Listed    ,06 OCT 2026,              10.00,          10604525,            926.60,     9826152865.00    
06 OCT 2026,SAHASRA,SM,SAHASRA ELECTRONIC SOLU L,Listed    ,06 OCT 2026,              10.00,          24992763,            475.90,    11894055911.70   
06 OCT 2026,SAHLIBHFI,EQ,SHALIBHADRA FINANCE LTD  ,Listed    ,06 OCT 2026,              10.00,          30888400,             76.70,     2369449164.00 
06 OCT 2026,SAHYADRI,EQ,SAHYADRI INDUSTRIES LTD  ,Listed    ,06 OCT 2026,              10.00,          10946300,            354.05,     3875537515.00  
06 OCT 2026,SAICAPI,EQ,SAI CAPITAL LTD.         ,Permitted ,06 OCT 2026,              10.00,           2879300,            150.15,      432355688.00   
06 OCT 2026,SAIFL,SM,SAMEERA AGRO AND INFRA L ,Listed    ,06 OCT 2026,              10.00,          26949800,              4.30,      115884140.00     
06 OCT 2026,SAIL,EQ,STEEL AUTHORITY OF INDIA ,Listed    ,06 OCT 2026,              10.00,        4130525289,            178.10,   735646553970.90      
06 OCT 2026,SAILIFE,EQ,SAI LIFE SCIENCES LIMITED,Listed    ,06 OCT 2026,               1.00,         212394216,           1558.10,   330931427949.60   
06 OCT 2026,SAIPARENT,EQ,SAI PARENTERALS LIMITED  ,Listed    ,06 OCT 2026,               5.00,          44179231,            522.90,    23101319889.90 
06 OCT 2026,SAJHOTELS,ST,SAJ HOTELS LIMITED       ,Listed    ,06 OCT 2026,              10.00,          16125000,             29.35,      473268750.00 
06 OCT 2026,SAKAR,EQ,SAKAR HEALTHCARE LIMITED ,Listed    ,06 OCT 2026,              10.00,          22249910,           1048.50,    23329030635.00     
06 OCT 2026,SAKHTISUG,EQ,SAKTHI SUGARS LTD        ,Listed    ,06 OCT 2026,              10.00,         118849036,             18.90,     2243869799.70 
06 OCT 2026,SAKSOFT,EQ,SAKSOFT LIMITED          ,Listed    ,06 OCT 2026,               1.00,         132551250,            142.75,    18920365425.00   
06 OCT 2026,SAKUMA,EQ,SAKUMA EXPORTS LIMITED   ,Listed    ,06 OCT 2026,               1.00,        1567718640,              1.50,     2367255146.40    
06 OCT 2026,SALASAR,EQ,SALASAR TECHNO ENGG. LTD.,Listed    ,06 OCT 2026,               1.00,        1747950290,              4.20,     7376350223.80   
06 OCT 2026,SALONA,EQ,SALONA COTSPIN LTD.      ,Listed    ,06 OCT 2026,              10.00,           5262400,            274.20,     1442950080.00    
06 OCT 2026,SALSTEEL,EQ,S.A.L. STEEL LTD.        ,Listed    ,06 OCT 2026,              10.00,         144766700,             89.60,    12971096320.00  
06 OCT 2026,SALZERELEC,EQ,SALZER ELECTRONICS LTD   ,Listed    ,06 OCT 2026,              10.00,          17682737,            524.95,     9282552788.15
06 OCT 2026,SAMAY,ST,SAMAY PROJECT SERVICES L ,Listed    ,01 OCT 2026,              10.00,          15349320,             45.40,      696859128.00     
06 OCT 2026,SAMBANDAM,EQ,SAMBANDAM SPINNING MILL L,Permitted ,05 OCT 2026,              10.00,           4264600,            102.15,      435628890.00 
06 OCT 2026,SAMBHAAV,EQ,SAMBHAAV MEDIA LTD       ,Listed    ,06 OCT 2026,               1.00,         191110840,              5.25,     1003331910.00  
06 OCT 2026,SAMBHV,EQ,SAMBHV STEEL TUBES LTD   ,Listed    ,06 OCT 2026,              10.00,         294671429,            162.20,    47792759069.50    
06 OCT 2026,SAMHI,EQ,SAMHI HOTELS LIMITED     ,Listed    ,06 OCT 2026,               1.00,         222359672,            149.75,    33293913688.55     
06 OCT 2026,SAMMAANCAP,EQ,SAMMAAN CAPITAL LIMITED  ,Listed    ,06 OCT 2026,               2.00,        1161543321,            134.40,   156111422342.40
06 OCT 2026,SAMPANN,EQ,SAMPANN UTPADAN INDIA LTD,Listed    ,06 OCT 2026,              10.00,          48810000,             24.00,     1170951900.00   
06 OCT 2026,SANATHAN,EQ,SANATHAN TEXTILES LIMITED,Listed    ,06 OCT 2026,              10.00,          84404059,            525.65,    44366993613.35  
06 OCT 2026,SANDESH,EQ,SANDESH LTD              ,Listed    ,06 OCT 2026,              10.00,           7569421,           1017.40,     7701128925.40   
06 OCT 2026,SANDHAR,EQ,SANDHAR TECHNOLOGIES LTD ,Listed    ,06 OCT 2026,              10.00,          60190708,            558.10,    33592434134.80   
06 OCT 2026,SANDUMA,EQ,SANDUR MANG & IRON ORES L,Listed    ,06 OCT 2026,              10.00,         486104814,            183.40,    89141900791.30   
06 OCT 2026,SANGAMIND,EQ,SANGAM (INDIA) LTD       ,Listed    ,06 OCT 2026,              10.00,          50246559,            642.40,    32278389501.60 
06 OCT 2026,SANGANI,SM,SANGANI HOSPITALS LIMITED,Listed    ,06 OCT 2026,              10.00,          13776990,             57.20,      788043828.00   
06 OCT 2026,SANGHVIMOV,EQ,SANGHVI MOVERS LTD       ,Listed    ,06 OCT 2026,               1.00,          86576000,            419.50,    36318632000.00
06 OCT 2026,SANOFI,EQ,SANOFI INDIA LIMITED     ,Listed    ,06 OCT 2026,              10.00,          23030622,           3047.00,    70174305234.00    
06 OCT 2026,SANOFICONR,EQ,SANOFI CONS HEALTHC IND L,Listed    ,06 OCT 2026,              10.00,          23030622,           3736.50,    86053919103.00
06 OCT 2026,SANSERA,EQ,SANSERA ENGINEERING LTD  ,Listed    ,06 OCT 2026,               2.00,          62403568,           4232.90,   264148062987.20   
06 OCT 2026,SANSTAR,EQ,SANSTAR LIMITED          ,Listed    ,06 OCT 2026,               2.00,         200268407,            104.05,    20841933116.50   
06 OCT 2026,SANWARIA,BZ,SANWARIA CONSUMER LIMITED,Listed    ,06 OCT 2026,               1.00,         736100000,              0.20,      132498000.00  
06 OCT 2026,SAPPHIRE,EQ,SAPPHIRE FOODS INDIA LTD ,Listed    ,06 OCT 2026,               2.00,         321382905,            215.15,    69148745839.80  
06 OCT 2026,SAPPL,EQ,SHREE AJIT PULP & PAPER L,Permitted ,06 OCT 2026,              10.00,           8850744,            314.10,     2780018690.40     
06 OCT 2026,SARDAEN,EQ,SARDA ENERGY & MIN LTD   ,Listed    ,06 OCT 2026,               1.00,         352381270,            500.70,   176437301889.00   
06 OCT 2026,SAREGAMA,EQ,SAREGAMA INDIA LIMITED   ,Listed    ,06 OCT 2026,               1.00,         192809490,            503.70,    97118140113.00  
06 OCT 2026,SARLAPOLY,EQ,SARLA PERF. FIBERS LTD   ,Listed    ,06 OCT 2026,               1.00,          79503000,             96.45,     7667269320.00 
06 OCT 2026,SAROJA,SM,SAROJA PHARMA INDUS IND L,Listed    ,30 SEP 2026,              10.00,           4020486,             40.80,      164035828.80    
06 OCT 2026,SARTELE,SM,SAR TELEVENTURE LIMITED  ,Listed    ,06 OCT 2026,               2.00,          50147500,             96.85,     4856785375.00   
06 OCT 2026,SARVESHWAR,EQ,SARVESHWAR FOODS LIMITED ,Listed    ,06 OCT 2026,               1.00,        1231626469,              3.60,     4409222759.00
06 OCT 2026,SASKEN,EQ,SASKEN TECHNOLOGIES LTD  ,Listed    ,06 OCT 2026,              10.00,          15191491,           1679.50,    25514109134.50    
06 OCT 2026,SATECH,SM,S A TECH SOFTWARE INDIA L,Listed    ,06 OCT 2026,              10.00,          13057281,             37.55,      490300901.55    
06 OCT 2026,SATIA,EQ,SATIA INDUSTRIES LIMITED ,Listed    ,06 OCT 2026,               1.00,         100000000,             69.25,     6926000000.00     
06 OCT 2026,SATIN,EQ,SATIN CREDIT NET LTD     ,Listed    ,06 OCT 2026,              10.00,         110470965,            228.35,    25226044857.75     
06 OCT 2026,SATIPOLY,SM,SATI POLY PLAST LIMITED  ,Listed    ,06 OCT 2026,              10.00,           4947000,             34.10,      168692700.00  
06 OCT 2026,SATKARTAR,SM,SAT KARTAR LIFE LIMITED  ,Listed    ,06 OCT 2026,              10.00,          15795276,            166.80,     2634652036.80 
06 OCT 2026,SATTVAENGG,SM,SATTVA ENGINEERING CSTN L,Listed    ,06 OCT 2026,              10.00,          17468616,             56.10,      979989357.60
06 OCT 2026,SAURASHCEM,EQ,SAURASHTRA CEMENT LIMITED,Listed    ,06 OCT 2026,              10.00,         111287280,             51.45,     5727956301.60
06 OCT 2026,SAVY,SM,SAVY INFRA AND LOGI LTD  ,Listed    ,06 OCT 2026,              10.00,          20808480,            135.00,     2809144800.00      
06 OCT 2026,SAWALIYA,SM,SAWALIYA FOOD PRODUCTS L ,Listed    ,06 OCT 2026,              10.00,           9918220,            191.20,     1896363664.00  
06 OCT 2026,SAYAJIHOTL,EQ,SAYAJI HOTELS LTD.       ,Permitted ,06 OCT 2026,              10.00,          17517977,            307.35,     5384150230.95
06 OCT 2026,SAYAJIIND,EQ,SAYAJI INDUSTRIES LTD.   ,Permitted ,06 OCT 2026,               5.00,          25280000,            118.00,     2983040000.00 
06 OCT 2026,SBC,EQ,SBC EXPORTS LIMITED      ,Listed    ,06 OCT 2026,               1.00,         476190000,             61.70,    29380923000.00       
06 OCT 2026,SBCL,EQ,SHIVALIK BIMETAL CON. LTD,Listed    ,06 OCT 2026,               2.00,          57604200,           1099.60,    63341578320.00      
06 OCT 2026,SBFC,EQ,SBFC FINANCE LIMITED     ,Listed    ,06 OCT 2026,              10.00,        1109022567,             83.30,    92359399379.75      
06 OCT 2026,SBGLP,EQ,SURATWWALA BUS GROUP LTD ,Listed    ,06 OCT 2026,               1.00,         173416440,             22.80,     3950426503.20     
06 OCT 2026,SBICARD,EQ,SBI CARDS & PAY SER LTD  ,Listed    ,06 OCT 2026,              10.00,         951643098,            569.40,   541865580001.20   
06 OCT 2026,SBIFUNDS,EQ,SBI FUNDS MANAGEMENT LTD ,Listed    ,06 OCT 2026,               1.00,        2036827612,            502.85,  1024218764694.20  
06 OCT 2026,SBILIFE,EQ,SBI LIFE INSURANCE CO LTD,Listed    ,06 OCT 2026,              10.00,        1003405073,           1750.00,  1755958877750.00   
06 OCT 2026,SBIN,EQ,STATE BANK OF INDIA      ,Listed    ,06 OCT 2026,               1.00,        9230766786,            958.75,  8849997656077.50      
06 OCT 2026,SCANSTL,BE,SCAN STEELS LTD.         ,Permitted ,06 OCT 2026,              10.00,          58602295,             48.05,     2816426297.70   
06 OCT 2026,SCHAEFFLER,EQ,SCHAEFFLER INDIA LIMITED ,Listed    ,06 OCT 2026,               2.00,         156303670,           3818.10,   596783042427.00
06 OCT 2026,SCHAND,EQ,S CHAND AND COMPANY LTD  ,Listed    ,06 OCT 2026,               5.00,          35272192,            145.15,     5120111390.70    
06 OCT 2026,SCHNEIDER,EQ,SCHNEIDER ELECTRIC INFRA ,Listed    ,06 OCT 2026,               2.00,         239104035,           1274.00,   304618540590.00 
06 OCT 2026,SCI,EQ,SHIPPING CORP OF INDIA LT,Listed    ,06 OCT 2026,              10.00,         465799010,            289.00,   134615913890.00       
06 OCT 2026,SCILAL,EQ,SHIPPING CORP OF ILA LTD ,Listed    ,06 OCT 2026,              10.00,         465799010,             37.70,    17551306696.80    
06 OCT 2026,SCML,SM,SHARP CHUCKS N MACHINES L,Listed    ,06 OCT 2026,              10.00,          14496792,            107.95,     1564928696.40      
06 OCT 2026,SCODATUBES,EQ,SCODA TUBES LIMITED      ,Listed    ,06 OCT 2026,              10.00,          59908900,            124.35,     7450869893.00
06 OCT 2026,SCPL,BE,SHEETAL COOL PRODUCTS LTD,Listed    ,06 OCT 2026,              10.00,          10500000,            609.25,     6397125000.00      
06 OCT 2026,SDBL,EQ,SOM DIST & BREW LTD      ,Listed    ,06 OCT 2026,               2.00,         194988432,             74.00,    14433043736.65      
06 OCT 2026,SDREAMS,SM,S D RETAIL LIMITED       ,Listed    ,06 OCT 2026,              10.00,          18722386,             84.75,     1586722213.50   
06 OCT 2026,SEAMECLTD,EQ,SEAMEC LIMITED           ,Listed    ,06 OCT 2026,              10.00,          25425000,           1584.90,    40296082500.00 
06 OCT 2026,SECMARK,EQ,SECMARK CONSULTANCY LTD  ,Listed    ,06 OCT 2026,              10.00,          10447000,            137.00,     1431239000.00   
06 OCT 2026,SECURKLOUD,EQ,SECUREKLOUD TECH LIMITED ,Listed    ,06 OCT 2026,               5.00,          33410605,             15.70,      524880604.55
06 OCT 2026,SEDEMAC,EQ,SEDEMAC MECHATRONICS LTD ,Listed    ,06 OCT 2026,              10.00,          44170500,           3399.60,   150162031800.00   
06 OCT 2026,SEIL,EQ,SHANTI EDU INITIATIVES L ,Permitted ,06 OCT 2026,               1.00,         161000000,            186.15,    29971760000.00      
06 OCT 2026,SEITINVIT,IV,SUSTAINABLE ENERGY INFRA ,Listed    ,06 OCT 2026,             100.00,         324000000,            122.00,    39528000000.00 
06 OCT 2026,SEJALLTD,EQ,SEJAL GLASS LIMITED      ,Listed    ,06 OCT 2026,              10.00,          11400000,            676.55,     7712670000.00  
06 OCT 2026,SEKURITIND,EQ,SAINT GOBAIN SEKUR IND L ,Permitted ,06 OCT 2026,              10.00,          91105700,            110.10,    10028915456.00
06 OCT 2026,SEL,SM,SUNGARNER ENERGIES LTD   ,Listed    ,05 OCT 2026,              10.00,           2318750,            320.00,      742000000.00       
06 OCT 2026,SELLOWRAP,SM,SELLOWRAP INDUSTRIES LTD ,Listed    ,06 OCT 2026,              10.00,          13744220,             60.00,      824653200.00 
06 OCT 2026,SEMAC,EQ,SEMAC CONSTRUCTION LTD   ,Listed    ,06 OCT 2026,              10.00,           3117308,            235.55,      734281899.40     
06 OCT 2026,SENCO,EQ,SENCO GOLD LIMITED       ,Listed    ,06 OCT 2026,               5.00,         163900959,            318.75,    52243430681.25     
06 OCT 2026,SENORES,EQ,SENORES PHARMACEUTICALS L,Listed    ,06 OCT 2026,              10.00,          46053588,           1388.60,    63950012296.80   
06 OCT 2026,SEPC,EQ,SEPC LIMITED             ,Listed    ,06 OCT 2026,              10.00,        1920373759,              5.05,     9697887482.95      
06 OCT 2026,SERVICE,SM,SERVICE CARE LIMITED     ,Listed    ,06 OCT 2026,              10.00,          13328500,             69.15,      921665775.00   
06 OCT 2026,SERVOTECH,EQ,SERVOTECH REN POW SYS LTD,Listed    ,06 OCT 2026,               1.00,         225845348,             72.05,    16274415776.90 
06 OCT 2026,SESHAPAPER,EQ,SESHASAYEE PAPER & BOARDS,Listed    ,06 OCT 2026,               2.00,          63068140,            233.85,    14749745901.80
06 OCT 2026,SETCO,BE,SETCO AUTOMOTIVE LTD     ,Listed    ,06 OCT 2026,               2.00,         133767275,             18.20,     2437239750.50     
06 OCT 2026,SETL,EQ,STANDARD ENGNG TCNLGY LTD,Listed    ,06 OCT 2026,              10.00,         199491662,            428.30,    85442278834.60      
06 OCT 2026,SETUINFRA,BZ,SETUBANDHAN INFRA LTD    ,Listed    ,06 OCT 2026,               1.00,         125678260,              0.50,       61582347.40 
06 OCT 2026,SEYAIND,BE,SEYA INDUSTRIES LIMITED  ,Listed    ,06 OCT 2026,              10.00,          26570540,             12.85,      341697144.40   
06 OCT 2026,SFL,EQ,SHEELA FOAM LIMITED      ,Listed    ,06 OCT 2026,               5.00,         109203314,            623.40,    68077345947.60       
06 OCT 2026,SFML,SM,SUPREME FACILITY MGMT LTD,Listed    ,06 OCT 2026,              10.00,          24829200,             20.95,      520171740.00      
06 OCT 2026,SGFIN,EQ,SG FINSERVE LIMITED      ,Listed    ,06 OCT 2026,              10.00,          65895000,            662.15,    43632374250.00     
06 OCT 2026,SGIL,EQ,SYNERGY GREEN IND. LTD   ,Listed    ,06 OCT 2026,              10.00,          15543000,            603.20,     9375537600.00      
06 OCT 2026,SGL,EQ,STL GLOBAL LIMITED       ,Listed    ,06 OCT 2026,              10.00,          26990914,              8.80,      237520043.20       
06 OCT 2026,SGLRES,EQ,SGL RESOURCES LIMITED    ,Permitted ,06 OCT 2026,               2.00,         250479800,              2.25,      566084348.00    
06 OCT 2026,SGMART,EQ,SG MART LIMITED          ,Listed    ,06 OCT 2026,               1.00,         126035200,            742.85,    93625248320.00    
06 OCT 2026,SGRL,EQ,SHREE GANESH REMEDIES LTD,Permitted ,06 OCT 2026,              10.00,          12834922,            719.05,     9228950664.10      
06 OCT 2026,SHADOWFAX,EQ,SHADOWFAX TECHNOLOGIES L ,Listed    ,06 OCT 2026,              10.00,         586887880,            288.00,   169023709440.00 
06 OCT 2026,SHAH,EQ,SHAH METACORP LIMITED    ,Listed    ,06 OCT 2026,               1.00,         982374228,              3.10,     3035536364.50      
06 OCT 2026,SHAHALLOYS,BE,SHAH ALLOYS LIMITED      ,Listed    ,06 OCT 2026,              10.00,          19797540,             81.05,     1604194666.20
06 OCT 2026,SHAHINVEST,BE,SHAH INVESTORS HOME LTD  ,Listed    ,06 OCT 2026,              10.00,          21153200,            173.80,     3676214628.00
06 OCT 2026,SHAILY,EQ,SHAILY ENG PLASTICS LTD  ,Listed    ,06 OCT 2026,               2.00,          45995248,           3100.30,   142599067374.40    
06 OCT 2026,SHAIVAL,ST,SHAIVAL REALITY LIMITED  ,Listed    ,17 SEP 2026,              10.00,          11574000,             33.00,      381942000.00   
06 OCT 2026,SHAKTIPUMP,EQ,SHAKTI PUMPS (I) LTD     ,Listed    ,06 OCT 2026,              10.00,         123397965,            449.35,    55448875572.75
06 OCT 2026,SHALBY,EQ,SHALBY LIMITED           ,Listed    ,06 OCT 2026,              10.00,         108009770,            136.50,    14744413702.70    
06 OCT 2026,SHALPAINTS,BE,SHALIM PAINTS LTD        ,Listed    ,06 OCT 2026,               2.00,          83711178,             77.65,     6499335859.90
06 OCT 2026,SHANKARA,EQ,SHANKARA BLDG PRODUCT LTD,Listed    ,06 OCT 2026,              10.00,          24249326,            125.60,     3045230359.10  
06 OCT 2026,SHANKESH,EQ,SHANKESH JEWELLERS LTD   ,Listed    ,06 OCT 2026,               5.00,         147031420,             92.20,    13557767238.20  
06 OCT 2026,SHANTHALA,SM,SHANTHALA FMCG PRODUCTS L,Listed    ,06 OCT 2026,              10.00,           6698064,             14.20,       95112508.80 
06 OCT 2026,SHANTI,EQ,SHANTI OVERSEAS INDIA LTD,Listed    ,06 OCT 2026,              10.00,          11106000,              5.50,       60971940.00    
06 OCT 2026,SHANTIGEAR,EQ,SHANTHI GEARS LTD        ,Listed    ,06 OCT 2026,               1.00,          76715853,            602.30,    46205958261.90
06 OCT 2026,SHANTIGOLD,EQ,SHANTI GOLD INTERNATION L,Listed    ,06 OCT 2026,              10.00,          76739471,            336.65,    25834342912.15
06 OCT 2026,SHANTIINOR,SM,SHANTI INORGANICS LIMITED,Listed    ,06 OCT 2026,              10.00,          17247400,            201.65,     3477938210.00
06 OCT 2026,SHARDACROP,EQ,SHARDA CROPCHEM LTD.     ,Listed    ,06 OCT 2026,              10.00,          90220495,            741.75,    66921052166.25
06 OCT 2026,SHARDAMOTR,EQ,SHARDA MOTOR INDS LTD    ,Listed    ,06 OCT 2026,               2.00,          57407706,            928.55,    53305925406.30
06 OCT 2026,SHARDUL,BE,SHARDUL SECURITIES LTD.  ,Permitted ,06 OCT 2026,               2.00,          87492165,             58.25,     5096418611.25   
06 OCT 2026,SHAREINDIA,EQ,SHARE IND. SECURITIES LTD,Listed    ,06 OCT 2026,               2.00,         217492050,            211.40,    45977819370.00
06 OCT 2026,SHBAJRG,EQ,SHRI BAJRANG ALLIANCE L  ,Permitted ,06 OCT 2026,              10.00,           9000000,            162.80,     1465200000.00   
06 OCT 2026,SHEEL,SM,SHEEL BIOTECH LIMITED    ,Listed    ,06 OCT 2026,              10.00,          20352550,             62.00,     1261858100.00     
06 OCT 2026,SHEETAL,SM,SHEETAL UNIVERSAL LIMITED,Listed    ,06 OCT 2026,              10.00,          11716999,            350.00,     4100949650.00   
06 OCT 2026,SHEKHAWATI,BE,SHEKHAWATI INDUSTRIES LTD,Listed    ,06 OCT 2026,              10.00,          34470000,             27.15,      936549900.00
06 OCT 2026,SHEMAROO,EQ,SHEMAROO ENTER. LTD.     ,Listed    ,06 OCT 2026,              10.00,          28730299,            111.75,     3210898216.25  
06 OCT 2026,SHERA,SM,SHERA ENERGY LIMITED     ,Listed    ,06 OCT 2026,              10.00,          24439347,            195.35,     4774226436.45     
06 OCT 2026,SHERVANI,EQ,SHERVANI INDUSTRIAL SYN L,Permitted ,06 OCT 2026,              10.00,           2572973,            304.00,      782183792.00  
06 OCT 2026,SHETHJI,SM,SHREEJI GLOBAL FMCG LTD  ,Listed    ,06 OCT 2026,              10.00,          22760000,            184.50,     4199220000.00   
06 OCT 2026,SHIGAN,SM,SHIGAN QUANTUM TECH LTD  ,Listed    ,05 OCT 2026,              10.00,          20327400,             62.80,     1276560720.00    
06 OCT 2026,SHILCTECH,EQ,SHILCHAR TECHNOLOGIES LTD,Listed    ,06 OCT 2026,              10.00,          11440200,           4094.20,    46838466840.00 
06 OCT 2026,SHILGRAVQ,EQ,SHILP GRAVURES LTD.      ,Permitted ,06 OCT 2026,              10.00,           6149800,            145.30,      893627438.00 
06 OCT 2026,SHILPAMED,EQ,SHILPA MEDICARE LTD      ,Listed    ,06 OCT 2026,               1.00,         195581816,           1073.70,   209996195839.20 
06 OCT 2026,SHINDL,EQ,SHARAT INDUSTRIES LTD.   ,Permitted ,06 OCT 2026,              10.00,          39214451,            158.70,     6222941229.20    
06 OCT 2026,SHIPROCKET,EQ,SHIPROCKET LIMITED       ,Listed    ,06 OCT 2026,              10.00,         727577587,            131.45,    95625522259.40
06 OCT 2026,SHIVAAGRO,EQ,SHIVA GLOBAL AGRO INDS. L,Permitted ,06 OCT 2026,              10.00,           9993000,             39.00,      389926860.00 
06 OCT 2026,SHIVACEM,EQ,SHIVA CEMENT LTD.        ,Permitted ,06 OCT 2026,               2.00,         295000000,             13.20,     3891050000.00  
06 OCT 2026,SHIVALIK,EQ,SHIVALIK RASAYAN LIMITED ,Listed    ,06 OCT 2026,               5.00,          15750365,            386.25,     6083578481.25  
06 OCT 2026,SHIVAMAUTO,EQ,SHIVAM AUTO.LTD          ,Listed    ,06 OCT 2026,               2.00,         131495219,             16.60,     2182820635.40
06 OCT 2026,SHIVAMILLS,EQ,SHIVA MILLS LIMITED      ,Listed    ,06 OCT 2026,              10.00,           8641808,             58.30,      503903824.50
06 OCT 2026,SHIVASHRIT,SM,SHIVASHRIT FOODS LIMITED ,Listed    ,06 OCT 2026,              10.00,          18269000,            116.70,     2131992300.00
06 OCT 2026,SHIVATEX,EQ,SHIVA TEXYARN LIMITED    ,Listed    ,06 OCT 2026,              10.00,          12962713,            170.00,     2203531582.85  
06 OCT 2026,SHIVAUM,EQ,SHIV AUM STEELS LIMITED  ,Listed    ,06 OCT 2026,              10.00,          13600400,            552.65,     7516261060.00   
06 OCT 2026,SHK,EQ,S H KELKAR AND CO. LTD.  ,Listed    ,06 OCT 2026,              10.00,         138420801,            142.30,    19700048398.30       
06 OCT 2026,SHKSIL,SM,SHRI HARE-KRI SPO IRON L ,Listed    ,06 OCT 2026,              10.00,          19191050,             30.45,      584367472.50    
06 OCT 2026,SHOPERSTOP,EQ,SHOPPERS STOP LIMITED    ,Listed    ,06 OCT 2026,               5.00,         110205662,            398.15,    43878384325.30
06 OCT 2026,SHRADDHA,EQ,SHRADDHA PRIME PROJECTS L,Permitted ,06 OCT 2026,              10.00,          40401000,            166.70,     6735654720.00  
06 OCT 2026,SHRADHA,EQ,SHRADHA REALTY LIMITED   ,Listed    ,06 OCT 2026,               2.00,          80997568,             29.85,     2416157453.45   
06 OCT 2026,SHREDIGCEM,EQ,SHREE DIGVIJAY CEM CO LTD,Listed    ,06 OCT 2026,              10.00,         147914278,             65.10,     9632177783.35
06 OCT 2026,SHREECEM,EQ,SHREE CEMENT LIMITED     ,Listed    ,06 OCT 2026,              10.00,          36080748,          22210.00,   801353413080.00  
06 OCT 2026,SHREEDHAR,ST,SHREEDHAR SPINNERS LTD   ,Listed    ,06 OCT 2026,              10.00,          21438000,            153.75,     3296092500.00 
06 OCT 2026,SHREEJISPG,EQ,SHREEJI SHIPPING GLOBAL L,Listed    ,06 OCT 2026,              10.00,         162918254,            796.50,   129764389311.00
06 OCT 2026,SHREEKARNI,SM,SHREE KARNI FABCOM LTD   ,Listed    ,06 OCT 2026,              10.00,           7228750,            377.00,     2725238750.00
06 OCT 2026,SHREEOSFM,SM,SHREE OSFM E-MOBILITY LTD,Listed    ,06 OCT 2026,              10.00,          15403400,             57.65,      888006010.00 
06 OCT 2026,SHREEPUSHK,EQ,SHRE PUSH CHEM & FERT LTD,Listed    ,06 OCT 2026,              10.00,          32337691,            510.10,    16495456179.10
06 OCT 2026,SHREERAMA,EQ,SHREE RAMA MULTI TECH LTD,Listed    ,06 OCT 2026,               5.00,         133468005,             43.55,     5809862257.65 
06 OCT 2026,SHREMINVIT,IV,SHREM INVIT              ,Listed    ,06 OCT 2026,             100.00,         610844160,            100.05,    61114958208.00
06 OCT 2026,SHRENIK,BZ,SHRENIK LIMITED          ,Listed    ,06 OCT 2026,               1.00,         612000000,              0.25,      165240000.00   
06 OCT 2026,SHREYANIND,EQ,SHREYANS INDUSTRIES LTD  ,Listed    ,06 OCT 2026,              10.00,          13825000,            128.95,     1782595500.00
06 OCT 2026,SHRIAHIMSA,SM,SHRI AHIMSA NATURALS LTD ,Listed    ,06 OCT 2026,              10.00,          23808500,            426.50,    10154325250.00
06 OCT 2026,SHRIKANHA,SM,SHRI KANHA STAINLESS LTD ,Listed    ,06 OCT 2026,              10.00,          15582400,             23.75,      370082000.00 
06 OCT 2026,SHRIKRISH,EQ,SHRI KRISHNA DEVCON LTD. ,Permitted ,05 OCT 2026,              10.00,          28000000,             34.05,      953400000.00 
06 OCT 2026,SHRINGARMS,EQ,SHRINGAR HOU OF MANGALS L,Listed    ,06 OCT 2026,              10.00,          96432080,            223.30,    21535212105.60
06 OCT 2026,SHRIPISTON,EQ,SPR AUTO TECHNOLOGIES LTD,Listed    ,06 OCT 2026,              10.00,          46386272,           4405.00,   204331528160.00
06 OCT 2026,SHRIRAMFIN,EQ,SHRIRAM FINANCE LIMITED  ,Listed    ,06 OCT 2026,               2.00,        2353045034,            965.05,  2270806110061.70
06 OCT 2026,SHRIRAMPPS,EQ,SHRIRAM PROPERTIES LTD   ,Listed    ,06 OCT 2026,              10.00,         170654392,             68.15,    11626683726.95
06 OCT 2026,SHRITECH,SM,SHRI TECHTEX LIMITED     ,Listed    ,06 OCT 2026,              10.00,          24950000,             61.30,     1529435000.00  
06 OCT 2026,SHRJAGP,EQ,SHRI JAGDAMBA POLYMERS L ,Permitted ,06 OCT 2026,               1.00,           8758000,            674.60,     5908146800.00   
06 OCT 2026,SHUBHLAXMI,SM,SHUBHLAXMI JEWEL ART LTD ,Listed    ,06 OCT 2026,              10.00,          10604000,             16.45,      174435800.00
06 OCT 2026,SHUBHSHREE,SM,SHUBHSHREE BIOFUELS ENE L,Listed    ,06 OCT 2026,              10.00,           5242000,            348.00,     1824216000.00
06 OCT 2026,SHUKRAPHAR,EQ,SHUKRA PHARMACEUTICALS L ,Listed    ,06 OCT 2026,               1.00,         439614440,             72.60,    31907216055.20
06 OCT 2026,SHYAMCENT,EQ,SHYAM CENTURY FERROUS LTD,Listed    ,06 OCT 2026,               1.00,         212172990,              5.05,     1067230139.70 
06 OCT 2026,SHYAMDHANI,SM,SHYAM DHANI INDUSTRIES L ,Listed    ,06 OCT 2026,              10.00,          20656000,             54.00,     1115424000.00
06 OCT 2026,SHYAMMETL,EQ,SHYAM METALICS AND ENGY L,Listed    ,06 OCT 2026,              10.00,         279131853,           1054.00,   294204973062.00 
06 OCT 2026,SHYAMTEL,EQ,SHYAM TELECOM LIMITED    ,Listed    ,06 OCT 2026,              10.00,          11270000,             10.75,      120927100.00  
06 OCT 2026,SICAGEN,EQ,SICAGEN INDIA LIMITED    ,Permitted ,06 OCT 2026,              10.00,          39571684,             51.85,     2052583249.10   
06 OCT 2026,SICALLOG,BE,SICAL LOGISTICS LIMITED  ,Listed    ,06 OCT 2026,              10.00,          79784870,             89.35,     7127182437.10  
06 OCT 2026,SIDDHICOTS,SM,SIDDHI COTSPIN LIMITED   ,Listed    ,06 OCT 2026,              10.00,          24406491,             25.90,      632128116.90
06 OCT 2026,SIDDHIKA,SM,SIDDHIKA COATINGS LIMITED,Listed    ,06 OCT 2026,              10.00,           6179000,            206.55,     1276272450.00  
06 OCT 2026,SIEL,EQ,SUPERIOR INDUSTRIAL ENT L,Permitted ,06 OCT 2026,              10.00,          13850000,             31.00,      429350000.00      
06 OCT 2026,SIEMENS,EQ,SIEMENS LTD              ,Listed    ,06 OCT 2026,               2.00,         356120505,           3854.00,  1372488426270.00   
06 OCT 2026,SIGACHI,EQ,SIGACHI INDUSTRIES LTD   ,Listed    ,06 OCT 2026,               1.00,         382117010,             29.90,    11421477428.90   
06 OCT 2026,SIGIND,BE,SIGNET INDUSTRIES LIMITED,Listed    ,06 OCT 2026,              10.00,          29437000,             62.85,     1850409820.00    
06 OCT 2026,SIGMA,EQ,SIGMA SOLVE LIMITED      ,Listed    ,06 OCT 2026,               1.00,         102774980,             45.25,     4649540095.20     
06 OCT 2026,SIGMAADV,BE,SIGMA ADVANCED SYSTEM LTD,Listed    ,06 OCT 2026,              10.00,         189496175,           1119.40,   212122018295.00  
06 OCT 2026,SIGNATURE,EQ,SIGNATUREGLOBAL INDIA LTD,Listed    ,06 OCT 2026,               1.00,         140686026,            719.35,   101202492803.10 
06 OCT 2026,SIGNORIA,ST,SIGNORIA CREATION LIMITED,Listed    ,05 OCT 2026,              10.00,           4758000,            149.30,      710369400.00  
06 OCT 2026,SIGNPOST,EQ,SIGNPOST INDIA LIMITED   ,Listed    ,06 OCT 2026,               2.00,          53450000,            262.10,    14009245000.00  
06 OCT 2026,SIKA,EQ,SIKA INTERPLANT SYSTEMS L,Permitted ,06 OCT 2026,               2.00,          21200875,           1029.30,    21822060637.50      
06 OCT 2026,SIKKO,BE,SIKKO INDUSTRIES LIMITED ,Listed    ,06 OCT 2026,               1.00,         436800000,              6.15,     2690688000.00     
06 OCT 2026,SIL,EQ,STANDARD INDUSTRIES LTD. ,Listed    ,06 OCT 2026,               5.00,          64328941,             16.00,     1029263056.00       
06 OCT 2026,SILGO,EQ,SILGO RETAIL LIMITED     ,Listed    ,06 OCT 2026,              10.00,          39290219,             69.50,     2731063122.70     
06 OCT 2026,SILINV,EQ,SIL INVESTMENTS LIMITED  ,Listed    ,06 OCT 2026,              10.00,          10595860,            459.40,     4867738084.00    
06 OCT 2026,SILKFLEX,SM,SILKFLEX POLYMERS INDIA L,Listed    ,06 OCT 2026,              10.00,          11607000,            290.45,     3371253150.00  
06 OCT 2026,SILKY,SM,SILKY OVERSEAS LIMITED   ,Listed    ,06 OCT 2026,              10.00,           6367623,             69.70,      443823323.10     
06 OCT 2026,SILVERTUC,EQ,SILVER TOUCH TECHNO LTD  ,Listed    ,06 OCT 2026,               2.00,         126810000,            137.70,    17459200800.00 
06 OCT 2026,SIMBHALS,BZ,SIMBHAOLI SUGARS LTD.    ,Listed    ,06 OCT 2026,              10.00,          41279020,              7.40,      305464748.00  
06 OCT 2026,SIMCA,ST,SIMCA ADVERTISING LIMITED,Listed    ,06 OCT 2026,              10.00,          11971600,            317.10,     3796194360.00     
06 OCT 2026,SIMPLEXINF,EQ,SIMPLEX INFRASTRUCTURES L,Listed    ,06 OCT 2026,               2.00,          79095346,            259.15,    20495977009.00
06 OCT 2026,SIMPLXREA,EQ,SIMPLEX REALTY LTD.      ,Permitted ,06 OCT 2026,              10.00,           2991382,            113.75,      340269702.50 
06 OCT 2026,SINCLAIR,EQ,SINCLAIRS HOTELS LIMITED ,Listed    ,06 OCT 2026,               2.00,          51260000,             75.95,     3892171800.00  
06 OCT 2026,SINDHUTRAD,EQ,SINDHU TRADE LINKS LTD   ,Listed    ,06 OCT 2026,               1.00,        1541928780,             22.00,    33922433160.00
06 OCT 2026,SINGERIND,EQ,SINGER INDIA LIMITED     ,Listed    ,06 OCT 2026,               2.00,          62219117,             74.95,     4662078436.80 
06 OCT 2026,SINTERCOM,EQ,SINTERCOM INDIA LIMITED  ,Listed    ,06 OCT 2026,              10.00,          27527822,             76.95,     2117715346.45 
06 OCT 2026,SIRCA,EQ,SIRCA PAINT INDIA LIMITED,Listed    ,06 OCT 2026,              10.00,          56792800,            406.60,    23091952480.00     
06 OCT 2026,SIS,EQ,SIS LIMITED              ,Listed    ,06 OCT 2026,               5.00,         141346223,            416.70,    58898971124.10       
06 OCT 2026,SITINET,BZ,SITI NETWORKS LIMITED    ,Listed    ,06 OCT 2026,               1.00,         872053848,              0.25,      218013462.00   
06 OCT 2026,SIYSIL,EQ,SIYARAM SILK MILLS LTD   ,Listed    ,06 OCT 2026,               2.00,          45370088,            553.45,    25110075203.60    
06 OCT 2026,SJLOGISTIC,SM,S J LOGISTICS (INDIA) LTD,Listed    ,06 OCT 2026,              10.00,          15823130,            308.90,     4887764857.00
06 OCT 2026,SJS,EQ,SJS ENTERPRISES LIMITED  ,Listed    ,06 OCT 2026,              10.00,          32249529,           1981.40,    63899216760.60       
06 OCT 2026,SJVN,EQ,SJVN LTD                 ,Listed    ,06 OCT 2026,              10.00,        3929795175,             57.25,   225020071720.50      
06 OCT 2026,SKFINDIA,EQ,SKF INDIA LTD            ,Listed    ,06 OCT 2026,              10.00,          49437963,           1461.90,    72273358109.70  
06 OCT 2026,SKFINDUS,EQ,SKF IND (INDUSTRIAL) LTD ,Listed    ,06 OCT 2026,              10.00,          49437963,           2774.60,   137170572139.80  
06 OCT 2026,SKIPPER,EQ,SKIPPER LIMITED          ,Listed    ,06 OCT 2026,               1.00,         112904035,            551.50,    62266575302.50   
06 OCT 2026,SKMEGGPROD,EQ,SKM EGG PROD EXPORT(I) LT,Listed    ,06 OCT 2026,               5.00,          52660000,            210.05,    11061233000.00
06 OCT 2026,SKP,SM,SKP BEARING INDUSTRI. LTD,Listed    ,06 OCT 2026,              10.00,          16600000,            170.00,     2822000000.00       
06 OCT 2026,SKYGOLD,EQ,SKY GOLD AND DIAMONDS LTD,Listed    ,06 OCT 2026,              10.00,         154873884,            857.65,   132827586612.60   
06 OCT 2026,SKYTECH,SM,SKYTECH INFINITE PLATFM L,Listed    ,06 OCT 2026,              10.00,           9820600,             40.15,      394297090.00   
06 OCT 2026,SKYWAYS,EQ,SKYWAYS AIR SERVICES LTD ,Listed    ,06 OCT 2026,              10.00,         145343544,            113.50,    16497945679.45   
06 OCT 2026,SLONE,SM,SLONE INFOSYSTEMS LIMITED,Listed    ,06 OCT 2026,              10.00,           5269013,            157.30,      828815744.90     
06 OCT 2026,SMARTEN,SM,SMARTEN POWER SYSTEMS LTD,Listed    ,06 OCT 2026,              10.00,          19000800,             53.95,     1025093160.00   
06 OCT 2026,SMARTLINK,BE,SMARTLINK HOLDINGS LTD   ,Listed    ,06 OCT 2026,               2.00,           9975000,            221.90,     2213452500.00 
06 OCT 2026,SMARTWORKS,EQ,SMARTWORKS COWORKING SP L,Listed    ,06 OCT 2026,              10.00,         114381076,            503.90,    57636624196.40
06 OCT 2026,SMCGLOBAL,EQ,SMC GLOBAL SECURITIES LTD,Listed    ,06 OCT 2026,               2.00,         209400000,            110.55,    23149170000.00 
06 OCT 2026,SMLMAH,EQ,SML MAHINDRA LIMITED     ,Listed    ,06 OCT 2026,              10.00,          14471646,           6135.50,    88790784033.00    
06 OCT 2026,SMLT,EQ,SARTHAK METALS LIMITED   ,Listed    ,06 OCT 2026,              10.00,          13689750,             74.05,     1013862885.00      
06 OCT 2026,SMSPHARMA,EQ,SMS PHARMACEUTICALS LTD. ,Listed    ,06 OCT 2026,               1.00,          93652030,            472.20,    44222488566.00 
06 OCT 2026,SMVD,SM,SMVD POLY PACK LIMITED   ,Listed    ,30 SEP 2026,              10.00,          10030108,             14.55,      145938071.40      
06 OCT 2026,SNEHAA,SM,SNEHAA ORGANICS LIMITED  ,Listed    ,06 OCT 2026,              10.00,          10179000,             42.00,      427518000.00    
06 OCT 2026,SNOWMAN,EQ,SNOWMAN LOGISTICS LTD.   ,Listed    ,06 OCT 2026,              10.00,         167087995,             34.25,     5721092948.80   
06 OCT 2026,SOBHA,EQ,SOBHA LIMITED            ,Listed    ,06 OCT 2026,              10.00,         106932806,           1190.70,   127324892104.20     
06 OCT 2026,SOCL,SM,SUNDREX OIL COMPANY LTD  ,Listed    ,06 OCT 2026,              10.00,          13393552,             29.50,      395109784.00      
06 OCT 2026,SOFTTECH,EQ,SOFTTECH ENGINEERS LTD   ,Listed    ,06 OCT 2026,              10.00,          13842138,            461.55,     6388838793.90  
06 OCT 2026,SOLARA,EQ,SOLARA ACTIVE PHA SCI LTD,Listed    ,06 OCT 2026,              10.00,          48070285,            682.65,    32815180055.25    
06 OCT 2026,SOLARINDS,EQ,SOLAR INDUSTRIES (I) LTD ,Listed    ,06 OCT 2026,               2.00,          90490055,          20071.00,  1816225893905.00 
06 OCT 2026,SOLARWORLD,EQ,SOLARWORLD ENERGY SOL LTD,Listed    ,06 OCT 2026,               5.00,          86672654,            130.40,    11301247355.05
06 OCT 2026,SOLEX,EQ,SOLEX ENERGY LIMITED     ,Listed    ,06 OCT 2026,              10.00,          10802489,            690.85,     7462899525.65     
06 OCT 2026,SOMANYCERA,EQ,SOMANY CERAMICS LIMITED  ,Listed    ,06 OCT 2026,               2.00,          41012806,            625.00,    25633003750.00
06 OCT 2026,SOMATEX,EQ,SOMA TEXTILES & INDUST LT,Listed    ,06 OCT 2026,              10.00,          33033000,             79.10,     2612579970.00   
06 OCT 2026,SOMICONVEY,EQ,SOMI CONVEYOR BELT. LTD. ,Listed    ,06 OCT 2026,              10.00,          11779656,             84.05,      990080086.80
06 OCT 2026,SONA,BE,SONASELECTION INDIA LTD  ,Listed    ,06 OCT 2026,              10.00,          56828681,             94.10,     5346442308.50      
06 OCT 2026,SONACOMS,EQ,SONA BLW PRECISION FRGS L,Listed    ,06 OCT 2026,              10.00,         624128424,            820.00,   511785307680.00  
06 OCT 2026,SONAL,EQ,SONAL MERCANTILE LTD.    ,Permitted ,06 OCT 2026,              10.00,          14738525,             83.20,     1226097894.75     
06 OCT 2026,SONAMAC,SM,SONA MACHINERY LIMITED   ,Listed    ,06 OCT 2026,              10.00,          13724000,             31.55,      432992200.00   
06 OCT 2026,SONAMLTD,BE,SONAM LIMITED            ,Listed    ,06 OCT 2026,               5.00,          40032000,             71.55,     2864289600.00  
06 OCT 2026,SONATSOFTW,EQ,SONATA SOFTWARE LTD      ,Listed    ,06 OCT 2026,               1.00,         280424816,            252.05,    70681074872.80
06 OCT 2026,SONUINFRA,SM,SONU INFRATECH LIMITED   ,Listed    ,06 OCT 2026,              10.00,          11764764,             41.40,      487061229.60 
06 OCT 2026,SOTAC,SM,SOTAC PHARMACEUTICALS LTD,Listed    ,01 OCT 2026,              10.00,          11050000,             90.05,      995052500.00     
06 OCT 2026,SOTL,EQ,SAVITA OIL TECHNOLO. LTD ,Listed    ,06 OCT 2026,               2.00,          68560415,            775.50,    53168601832.50      
06 OCT 2026,SOUTHBANK,EQ,THE SOUTH INDIAN BANK LTD,Listed    ,06 OCT 2026,               1.00,        2619301068,             47.25,   123709589441.65 
06 OCT 2026,SOUTHWEST,EQ,SOUTH WEST PINNACLE LTD  ,Listed    ,06 OCT 2026,              10.00,          29830011,            199.70,     5957649796.90 
06 OCT 2026,SPAL,EQ,S. P. APPARELS LIMITED   ,Listed    ,06 OCT 2026,              10.00,          25138883,            949.65,    23873140240.95      
06 OCT 2026,SPANDANA,EQ,SPANDANA SPHOORTY FIN LTD,Listed    ,06 OCT 2026,              10.00,          71305144,            218.10,    15553078009.30  
06 OCT 2026,SPARC,EQ,SUN PHARMA ADV.RES.CO.LTD,Listed    ,06 OCT 2026,               1.00,         324499558,            196.90,    63890717974.60     
06 OCT 2026,SPCENET,EQ,SPACENET ENTERS IND LTD  ,Listed    ,06 OCT 2026,               1.00,         568340236,              3.30,     1881206181.15   
06 OCT 2026,SPCL,SM,SHIVALIC POWER CONTROL L ,Listed    ,06 OCT 2026,              10.00,          24115754,             60.75,     1465032055.50      
06 OCT 2026,SPCON,SM,SRINIBAS PRADHAN CONST L ,Listed    ,06 OCT 2026,              10.00,           7860997,            182.00,     1430701454.00     
06 OCT 2026,SPEB,SM,SPEB ADHESIVES LIMITED   ,Listed    ,01 OCT 2026,              10.00,          22464570,             86.00,     1931953020.00      
06 OCT 2026,SPECIALITY,BE,SPECIALITY REST LTD      ,Listed    ,06 OCT 2026,              10.00,          48235657,            156.30,     7540197902.25
06 OCT 2026,SPECTRAA,ST,SPECTRAA TECH SOLUTIONS L,Listed    ,06 OCT 2026,              10.00,          13347246,            259.60,     3464945061.60  
06 OCT 2026,SPECTRUM,BE,SPECTRUM ELECTRIC IND LTD,Listed    ,06 OCT 2026,              10.00,          15713840,           3915.90,    61533826056.00  
06 OCT 2026,SPECTSTM,SM,SPECTRUM TALENT MGMT LTD ,Listed    ,06 OCT 2026,              10.00,          23093096,             60.40,     1394822998.40  
06 OCT 2026,SPENCERS,EQ,SPENCER S RETAIL LIMITED ,Listed    ,06 OCT 2026,               5.00,          90138789,             28.30,     2550927728.70  
06 OCT 2026,SPIC,EQ,SPIC LTD                 ,Listed    ,06 OCT 2026,              10.00,         203640336,             63.05,    12839523184.80      
06 OCT 2026,SPLIL,EQ,SPL INDUSTRIES LIMITED   ,Listed    ,06 OCT 2026,              10.00,          29000004,             29.50,      855210117.95     
06 OCT 2026,SPLPETRO,EQ,SUPREME PETROCHEM LIMITED,Listed    ,06 OCT 2026,               2.00,         188041342,            819.60,   154118683903.20  
06 OCT 2026,SPMLINFRA,EQ,SPML INFRA LIMITED       ,Listed    ,06 OCT 2026,               2.00,          84843922,            162.65,    13798167034.85 
06 OCT 2026,SPORTKING,EQ,SPORTKING INDIA LIMITED  ,Listed    ,06 OCT 2026,               1.00,         132872000,            202.80,    26946441600.00 
06 OCT 2026,SPPPOLY,SM,SPP POLYMER LIMITED      ,Listed    ,06 OCT 2026,              10.00,          15391160,             12.40,      190850384.00   
06 OCT 2026,SPRL,SM,SP REFRACTORIES LIMITED  ,Listed    ,05 OCT 2026,              10.00,           1789500,            140.25,      250977375.00      
06 OCT 2026,SPUNWEB,SM,SPUNWEB NONWOVEN LIMITED ,Listed    ,06 OCT 2026,              10.00,          24103409,            114.70,     2764661012.30   
06 OCT 2026,SRD,EQ,SHANKAR LAL RAMPAL LTD   ,Listed    ,06 OCT 2026,              10.00,          63966780,             38.30,     2449288006.20       
06 OCT 2026,SREEL,BE,SREELEATHERS LIMITED     ,Listed    ,06 OCT 2026,              10.00,          23155012,            286.85,     6642015192.20     
06 OCT 2026,SRF,EQ,SRF LTD                  ,Listed    ,06 OCT 2026,              10.00,         296424825,           2470.00,   732169317750.00       
06 OCT 2026,SRGHFL,EQ,SRG HOUSING FINANCE L    ,Listed    ,06 OCT 2026,              10.00,          15707588,            122.55,     1924964909.40    
06 OCT 2026,SRHHYPOLTD,EQ,SREE RAYALSEEMA HHP LTD. ,Listed    ,06 OCT 2026,              10.00,          17164821,            548.65,     9417479041.65
06 OCT 2026,SRIKPRIND,BE,SRI KPR INDUSTRIES LTD.  ,Permitted ,06 OCT 2026,              10.00,          20145695,             25.25,      508275884.85 
06 OCT 2026,SRIT,BE,SRIT INDIA LIMITED       ,Listed    ,06 OCT 2026,               5.00,          64271757,            155.10,     9967906793.15      
06 OCT 2026,SRIVASAVI,ST,SRIVASAVI ADHESIVE TAPE L,Listed    ,06 OCT 2026,              10.00,          14174166,             81.25,     1151650987.50 
06 OCT 2026,SRM,EQ,SRM CONTRACTORS LIMITED  ,Listed    ,06 OCT 2026,              10.00,          22944200,            418.45,     9601000490.00       
06 OCT 2026,SRTL,EQ,SHREE RAM TWISTEX LIMITED,Listed    ,06 OCT 2026,              10.00,          39975000,             36.65,     1465883250.00      
06 OCT 2026,SSDL,EQ,SARASWATI SAREE DEPOT LTD,Listed    ,06 OCT 2026,              10.00,          39599800,             68.55,     2715358286.00      
06 OCT 2026,SSEGL,SM,SATHLOKHAR SYN E&C GLOB L,Listed    ,06 OCT 2026,              10.00,          25978592,            397.00,    10313501024.00     
06 OCT 2026,SSFL,ST,SRIVARI SPICES N FOODS L ,Listed    ,06 OCT 2026,              10.00,           8570400,            275.30,     2359431120.00      
06 OCT 2026,SSRETAIL,EQ,SS RETAIL LIMITED        ,Listed    ,06 OCT 2026,              10.00,          74367575,            712.75,    53005489081.25  
06 OCT 2026,SSWL,EQ,STEEL STRIPS WHEELS LTD. ,Listed    ,06 OCT 2026,               1.00,         157265105,            424.70,    66790490093.50      
06 OCT 2026,STALLION,BE,STALLION IND FLUOROCHEM L,Listed    ,06 OCT 2026,              10.00,         116085737,            225.70,    26202872555.65  
06 OCT 2026,STANLEY,EQ,STANLEY LIFESTYLES LTD   ,Listed    ,06 OCT 2026,               2.00,          57125663,            136.55,     7799938026.00   
06 OCT 2026,STAR,EQ,STRIDES PHARMA SCI LTD   ,Listed    ,06 OCT 2026,              10.00,          92172714,           1088.70,   100348433731.80      
06 OCT 2026,STARCEMENT,EQ,STAR CEMENT LIMITED      ,Listed    ,06 OCT 2026,               1.00,         412428997,            176.40,    72756599360.75
06 OCT 2026,STARHEALTH,EQ,STAR HEALTH & AL INS CO L,Listed    ,06 OCT 2026,              10.00,         588623619,            550.55,   324066733440.45
06 OCT 2026,STARPAPER,EQ,STAR PAPER MILLS LTD     ,Listed    ,06 OCT 2026,              10.00,          15608350,            154.15,     2405871069.00 
06 OCT 2026,STARTECK,EQ,STARTECK FINANCE LIMITED ,Listed    ,06 OCT 2026,              10.00,           9910330,            272.50,     2700564925.00  
06 OCT 2026,STCINDIA,EQ,THE STATE TRADING CORPN  ,Listed    ,06 OCT 2026,              10.00,          60000000,            105.85,     6351600000.00  
06 OCT 2026,STEAMHOUSE,EQ,STEAMHOUSE INDIA LIMITED ,Listed    ,06 OCT 2026,               2.00,         276406311,            118.40,    32732035348.60
06 OCT 2026,STEELCAS,EQ,STEELCAST LIMITED        ,Listed    ,06 OCT 2026,               1.00,         101200000,            369.60,    37403520000.00  
06 OCT 2026,STEELCITY,EQ,STEEL CITY SECURITIES LTD,Listed    ,06 OCT 2026,              10.00,          15107095,             82.70,     1249658898.40 
06 OCT 2026,STEELXIND,EQ,STEEL EXCHANGE INDIA LTD ,Listed    ,06 OCT 2026,               1.00,        1275518412,             11.45,    14617441001.50 
06 OCT 2026,STEL,EQ,STEL HOLDINGS LIMITED    ,Listed    ,06 OCT 2026,              10.00,          18455405,            575.95,    10629390509.75      
06 OCT 2026,STERTOOLS,EQ,STERLING TOOLS LIMITED   ,Listed    ,06 OCT 2026,               2.00,          36344426,            218.45,     7939439859.70 
06 OCT 2026,STLNETWORK,EQ,STL NETWORKS LIMITED     ,Listed    ,06 OCT 2026,               2.00,         488108515,             47.10,    22980148886.20
06 OCT 2026,STLSTRINF,EQ,STEEL STRIPS INFRA L     ,Permitted ,06 OCT 2026,              10.00,           8643000,             21.75,      187985250.00 
06 OCT 2026,STLTECH,BE,STERLITE TECHNOLOGIES LTD,Listed    ,06 OCT 2026,               2.00,         514057433,           1016.70,   522642192131.10   
06 OCT 2026,STOVEKRAFT,EQ,STOVE KRAFT LIMITED      ,Listed    ,06 OCT 2026,              10.00,          33107321,            813.45,    26931150267.45
06 OCT 2026,STRIDERS,SM,STRIDERS IMPEX LIMITED   ,Listed    ,06 OCT 2026,              10.00,          18616880,             50.15,      933636532.00  
06 OCT 2026,STUDDS,EQ,STUDDS ACCESSORIES LTD   ,Listed    ,06 OCT 2026,               5.00,          39353400,            407.05,    16018801470.00    
06 OCT 2026,STUDIOLSD,SM,STUDIO LSD LIMITED       ,Listed    ,06 OCT 2026,               2.00,          51891755,              8.50,      441079917.50 
06 OCT 2026,STYL,EQ,SESHAASAI TECHNOLOGIES L ,Listed    ,06 OCT 2026,              10.00,         161805826,            369.70,    59819613872.20      
06 OCT 2026,STYLAMIND,EQ,STYLAM INDUSTRIES LIMITED,Listed    ,06 OCT 2026,               5.00,          16948060,           3303.50,    55987916210.00 
06 OCT 2026,STYLEBAAZA,EQ,BAAZAR STYLE RETAIL LTD  ,Listed    ,06 OCT 2026,               5.00,          76117353,            375.45,    28578260183.85
06 OCT 2026,STYRENIX,EQ,STYRENIX PERFORMANCE LTD ,Listed    ,06 OCT 2026,              10.00,          17585625,           2042.90,    35925673312.50  
06 OCT 2026,SUBAHOTELS,SM,SUBA HOTELS LIMITED      ,Listed    ,06 OCT 2026,              10.00,          24242516,             88.50,     2145462666.00
06 OCT 2026,SUBEXLTD,EQ,SUBEX LTD                ,Listed    ,06 OCT 2026,               5.00,         562002935,             19.60,    11009637496.65  
06 OCT 2026,SUBROS,EQ,SUBROS LIMITED           ,Listed    ,06 OCT 2026,               2.00,          65235750,            682.95,    44552755462.50    
06 OCT 2026,SUDARCOLOR,EQ,SUDARSHAN COLORNT IND LTD,Listed    ,06 OCT 2026,              10.00,          23081798,            368.30,     8501026203.40
06 OCT 2026,SUDARSCHEM,EQ,SUDARSHAN CHEMICAL INDS L,Listed    ,06 OCT 2026,               2.00,          79616357,           1238.60,    98612819780.20
06 OCT 2026,SUDEEPPHRM,EQ,SUDEEP PHARMA LIMITED    ,Listed    ,06 OCT 2026,               1.00,         112948625,           1158.40,   130839687200.00
06 OCT 2026,SUKHJITS,EQ,SUKHJIT STARCH & CHEM LTD,Listed    ,06 OCT 2026,               5.00,          31244000,            147.85,     4619112960.00  
06 OCT 2026,SULA,EQ,SULA VINEYARDS LIMITED   ,Listed    ,06 OCT 2026,               2.00,          84447229,            134.00,    11316773158.30      
06 OCT 2026,SUMAX,SM,SUMAX ENGINEERING LIMITED,Listed    ,06 OCT 2026,              10.00,          19022700,            100.50,     1911781350.00     
06 OCT 2026,SUMEDHA,EQ,SUMEDHA FISCAL SERVICES L,Permitted ,06 OCT 2026,              10.00,           7984424,             43.45,      346923222.80   
06 OCT 2026,SUMEETINDS,EQ,SUMEET IND LIMITED       ,Listed    ,06 OCT 2026,               2.00,         694749897,             11.45,     7940991322.70
06 OCT 2026,SUMICHEM,EQ,SUMITOMO CHEM INDIA LTD  ,Listed    ,06 OCT 2026,              10.00,         499145736,            418.05,   208667874934.80  
06 OCT 2026,SUMIT,EQ,SUMIT WOODS LIMITED      ,Listed    ,06 OCT 2026,              10.00,          47858753,             51.90,     2482912105.65     
06 OCT 2026,SUMMITSEC,EQ,SUMMIT SECURITIES LTD    ,Listed    ,06 OCT 2026,              10.00,          10901781,           1321.00,    14401252701.00 
06 OCT 2026,SUNCLAY,EQ,SUNDARAM CLAYTON LIMITED ,Listed    ,06 OCT 2026,               5.00,          22046162,           1152.80,    25414815553.60   
06 OCT 2026,SUNDARAM,EQ,SUNDARAM MULTI PAP LTD   ,Listed    ,06 OCT 2026,               1.00,         473877773,              1.10,      516526772.55  
06 OCT 2026,SUNDARMFIN,EQ,SUNDARAM FINANCE LTD     ,Listed    ,06 OCT 2026,              10.00,         111103860,           4347.80,   483057362508.00
06 OCT 2026,SUNDRMBRAK,EQ,SUNDARAM BRAK LININGS LTD,Listed    ,06 OCT 2026,              10.00,           3934575,            680.10,     2675904457.50
06 OCT 2026,SUNDRMFAST,EQ,SUNDRAM FASTENERS LTD    ,Listed    ,06 OCT 2026,               1.00,         210128370,           1140.30,   239609380311.00
06 OCT 2026,SUNDROP,EQ,SUNDROP BRANDS LIMITED   ,Listed    ,06 OCT 2026,              10.00,          37696853,            746.80,    28152009820.40   
06 OCT 2026,SUNFLAG,EQ,SUNFLAG IRON AND STEEL CO,Listed    ,06 OCT 2026,              10.00,         180219448,            459.05,    82729737604.40   
06 OCT 2026,SUNLITE,SM,SUNLITE RECYCLING IND LTD,Listed    ,06 OCT 2026,              10.00,          13805848,            643.80,     8888204942.40   
06 OCT 2026,SUNLOC,EQ,SUNIL HEALTHCARE LTD.    ,Permitted ,06 OCT 2026,              10.00,          10254750,             68.00,      697323000.00    
06 OCT 2026,SUNPHARMA,EQ,SUN PHARMACEUTICAL IND L ,Listed    ,06 OCT 2026,               1.00,        2399334970,           1804.10,  4328640219377.00 
06 OCT 2026,SUNRAKSHAK,EQ,SUNRAKSHAKK INDUS IND L  ,Permitted ,06 OCT 2026,               2.00,          31006750,            356.75,    11061658062.50
06 OCT 2026,SUNREST,SM,SUNREST LIFESCIENCE LTD  ,Listed    ,06 OCT 2026,              10.00,          17164800,             38.50,      660844800.00   
06 OCT 2026,SUNSHIEL,EQ,SUNSHIELD CHEMICALS LTD. ,Permitted ,06 OCT 2026,              10.00,           8794836,           1047.40,     9211711226.40  
06 OCT 2026,SUNSHINE,EQ,SUNSHINE PICTURES LIMITED,Listed    ,06 OCT 2026,              10.00,          31148784,            447.20,    13929736204.80  
06 OCT 2026,SUNTECH,SM,SUNTECH INFRA SOLUTIONS L,Listed    ,06 OCT 2026,              10.00,          19362600,             37.25,      721256850.00   
06 OCT 2026,SUNTECK,EQ,SUNTECK REALTY LIMITED   ,Listed    ,06 OCT 2026,               1.00,         146842025,            279.60,    41057030190.00   
06 OCT 2026,SUNTV,EQ,SUN TV NETWORK LIMITED   ,Listed    ,06 OCT 2026,               5.00,         394084620,            632.10,   249100888302.00     
06 OCT 2026,SUPERHOUSE,EQ,SUPERHOUSE LIMITED       ,Listed    ,06 OCT 2026,              10.00,          11025000,            155.25,     1711851750.00
06 OCT 2026,SUPERSPIN,BE,SUPER SPINNING MILLS LTD ,Listed    ,06 OCT 2026,               1.00,          55000000,              7.15,      392700000.00 
06 OCT 2026,SUPRAJIT,EQ,SUPRAJIT ENGINEERING LTD ,Listed    ,06 OCT 2026,               1.00,         137179346,            471.20,    64638907835.20  
06 OCT 2026,SUPREME,EQ,SUPREME HOLDIN N HOSP I L,Listed    ,06 OCT 2026,              10.00,          38646853,             30.25,     1169840240.30   
06 OCT 2026,SUPREMEENG,BZ,SUPREME ENGINEERING LTD  ,Listed    ,06 OCT 2026,               1.00,         249950000,              4.40,     1099780000.00
06 OCT 2026,SUPREMEIND,EQ,SUPREME INDUSTRIES LTD   ,Listed    ,06 OCT 2026,               2.00,         127026870,           3497.90,   444327288573.00
06 OCT 2026,SUPREMEINF,EQ,SUPREME INFRA. LTD.      ,Listed    ,06 OCT 2026,              10.00,          97502760,             61.40,     5986669464.00
06 OCT 2026,SUPREMEPWR,SM,SUPREME POWER EQUIPMENT L,Listed    ,06 OCT 2026,              10.00,          24991135,            239.45,     5984127275.75
06 OCT 2026,SUPRIYA,EQ,SUPRIYA LIFESCIENCE LTD  ,Listed    ,06 OCT 2026,               2.00,          80482800,            915.35,    73669930980.00   
06 OCT 2026,SUPTANERY,BE,SUPER TANNERY LTD.       ,Permitted ,06 OCT 2026,               1.00,         107973360,              8.05,      871345015.20 
06 OCT 2026,SURAJEST,EQ,SURAJ ESTATE DEVELOPERS L,Listed    ,06 OCT 2026,               5.00,          47773388,            205.55,     9818864435.65  
06 OCT 2026,SURAJLTD,EQ,SURAJ LIMITED            ,Listed    ,06 OCT 2026,              10.00,          18364100,            187.40,     3441432340.00  
06 OCT 2026,SURAKSHA,EQ,SURAKSHA DIAGNOSTIC LTD  ,Listed    ,06 OCT 2026,               2.00,          52080758,            332.00,    17290811656.00  
06 OCT 2026,SURANASOL,EQ,SURANA SOLAR LIMITED     ,Listed    ,06 OCT 2026,               5.00,          49206600,             23.65,     1164720222.00 
06 OCT 2026,SURANAT&P,EQ,SURANA TELECOM AND POW LT,Listed    ,06 OCT 2026,               1.00,         135759963,             15.75,     2139577016.90 
06 OCT 2026,SURANI,SM,SURANI STEEL TUBES LTD.  ,Listed    ,06 OCT 2026,              10.00,          15548036,            144.05,     2239694585.80    
06 OCT 2026,SURYALA,EQ,SURYALATA SPINNING MILL L,Permitted ,06 OCT 2026,              10.00,           4267000,            376.30,     1605672100.00   
06 OCT 2026,SURYALAXMI,EQ,SURYALAKSHMI COT MIL LTD ,Listed    ,06 OCT 2026,              10.00,          18805290,             57.00,     1071901530.00
06 OCT 2026,SURYAROSNI,EQ,SURYA ROSHNI LTD         ,Listed    ,06 OCT 2026,               5.00,         217635896,            221.35,    48173705579.60
06 OCT 2026,SURYODAY,EQ,SURYODAY SMALL FIN BK LTD,Listed    ,06 OCT 2026,              10.00,         106289824,            151.45,    16099719641.30  
06 OCT 2026,SUTLEJTEX,EQ,SUTLEJ TEXT & INDUS LTD  ,Listed    ,06 OCT 2026,               1.00,         163828620,             37.05,     6068212084.80 
06 OCT 2026,SUVEN,EQ,SUVEN LIFE SCIENCES LTD  ,Listed    ,06 OCT 2026,               1.00,         282562686,            309.15,    87354254376.90     
06 OCT 2026,SUVIDHAA,EQ,SUVIDHAA INFOSERVE LTD   ,Listed    ,06 OCT 2026,               1.00,         209806690,              2.05,      434299848.30  
06 OCT 2026,SUYOG,EQ,SUYOG TELEMATICS LIMITED ,Listed    ,06 OCT 2026,              10.00,          11717120,            667.25,     7818248320.00     
06 OCT 2026,SUZLON,EQ,SUZLON ENERGY LIMITED    ,Listed    ,06 OCT 2026,               2.00,       13745587012,             39.15,   538277187389.90    
06 OCT 2026,SVGLOBAL,EQ,S V GLOBAL MILL LTD.     ,Permitted ,06 OCT 2026,               5.00,          18082970,            140.90,     2548252132.40  
06 OCT 2026,SVLL,EQ,SHREE VASU LOGISTICS LTD ,Listed    ,06 OCT 2026,              10.00,          11493700,            835.60,     9604135720.00      
06 OCT 2026,SVPGLOB,EQ,SVP GLOBAL TEXTILES LTD  ,Listed    ,06 OCT 2026,               1.00,         126500000,              3.10,      393415000.00   
06 OCT 2026,SWANCORP,EQ,SWAN CORP LIMITED        ,Listed    ,06 OCT 2026,               1.00,         313456886,            268.85,    84272883801.10  
06 OCT 2026,SWANDEF,BE,SWAN DEFENCE N HEVY IND L,Listed    ,06 OCT 2026,              10.00,          52682150,           2760.20,   145413270430.00   
06 OCT 2026,SWARAJ,BE,SWARAJ SUITING LIMITED   ,Listed    ,06 OCT 2026,              10.00,          26418260,            354.70,     9370556822.00    
06 OCT 2026,SWARAJENG,EQ,SWARAJ ENGINES LTD       ,Listed    ,06 OCT 2026,              10.00,          12149865,           3537.80,    42983792397.00 
06 OCT 2026,SWARNSAR,EQ,SWARNSARITA JEWELS IND L ,Permitted ,06 OCT 2026,              10.00,          20876800,             40.60,      848015616.00  
06 OCT 2026,SWASTIK,ST,SWASTIK PIPE LIMITED     ,Listed    ,06 OCT 2026,              10.00,          23231460,             18.05,      419327853.00   
06 OCT 2026,SWASTIKAIN,BE,SWASTIKA INFRA LIMITED   ,Listed    ,06 OCT 2026,              10.00,          34120187,            200.15,     6828473024.30
06 OCT 2026,SWELECTES,EQ,SWELECT ENERGY SYS LTD   ,Listed    ,06 OCT 2026,              10.00,          15158760,            613.80,     9304446888.00 
06 OCT 2026,SWIGGY,EQ,SWIGGY LIMITED           ,Listed    ,06 OCT 2026,               1.00,        2760313555,            244.20,   674068570131.00    
06 OCT 2026,SWISSMLTRY,BE,SWISS MILITARY CON GOOD L,Permitted ,06 OCT 2026,               2.00,         236138290,             14.05,     3322465740.30
06 OCT 2026,SWSOLAR,EQ,STRLNG & WIL REN ENE LTD ,Listed    ,06 OCT 2026,               1.00,         233541391,            172.55,    40295231603.15   
06 OCT 2026,SYLVANPLY,SM,SYLVAN PLYBOARD (INDIA) L,Listed    ,21 SEP 2026,              10.00,          19374830,             52.00,     1007491160.00 
06 OCT 2026,SYMBIOTEC,EQ,SYMBIOTEC PHARMALAB LTD  ,Listed    ,06 OCT 2026,               2.00,          64256112,           1149.50,    73862400744.00 
06 OCT 2026,SYMPHONY,EQ,SYMPHONY LIMITED         ,Listed    ,06 OCT 2026,               2.00,          68671400,            556.95,    38246536230.00  
06 OCT 2026,SYNCOMF,EQ,SYNCOM FORMU (I) LTD     ,Listed    ,06 OCT 2026,               1.00,         940000000,             23.20,    21826800000.00   
06 OCT 2026,SYNGENE,EQ,SYNGENE INTERNATIONAL LTD,Listed    ,06 OCT 2026,              10.00,         403669147,            363.20,   146612634190.40   
06 OCT 2026,SYNOPTICS,SM,SYNOPTICS TECHNOLOGIES L ,Listed    ,06 OCT 2026,              10.00,           8480000,             50.85,      431208000.00 
06 OCT 2026,SYRMA,EQ,SYRMA SGS TECHNOLOGY LTD ,Listed    ,06 OCT 2026,              10.00,         192830485,           1685.10,   324938650273.50     
06 OCT 2026,SYSTANGO,SM,SYSTANGO TECHNOLOGIES LTD,Listed    ,06 OCT 2026,              10.00,          14668800,            219.20,     3215400960.00  
06 OCT 2026,SYSTMTXC,BE,SYSTEMATIX CORP SERVICE L,Listed    ,06 OCT 2026,               1.00,         136538010,             73.05,     9974101630.50  
06 OCT 2026,TAALTECH,EQ,TAAL TECH LTD.           ,Permitted ,06 OCT 2026,               2.00,          15581710,           1093.40,    17037041714.00  
06 OCT 2026,TAC,ST,TAC INFOSEC LIMITED      ,Listed    ,06 OCT 2026,              10.00,          21027280,            409.20,     8604362976.00       
06 OCT 2026,TAINWALCHM,EQ,TAINWALA CHEMICAL AND PLA,Listed    ,06 OCT 2026,              10.00,           9363863,            201.10,     1883260126.55
06 OCT 2026,TAJGVK,EQ,TAJ GVK HOTELS & RESORTS ,Listed    ,06 OCT 2026,               2.00,          62701495,            318.30,    19957885858.50    
06 OCT 2026,TAKE,EQ,TAKE LIMITED             ,Listed    ,06 OCT 2026,               1.00,         147934000,             11.55,     1708637700.00      
06 OCT 2026,TALBROAUTO,EQ,TALBROS AUTO. COMP. LTD  ,Listed    ,06 OCT 2026,               2.00,          61728150,            429.45,    26509154017.50
06 OCT 2026,TAMBOLIIN,BE,TAMBOLI INDUSTRIES LTD.  ,Permitted ,06 OCT 2026,              10.00,           9920000,            300.35,     2979472000.00 
06 OCT 2026,TANAA,EQ,TANEJA AEROSPACE & AVIA L,Permitted ,06 OCT 2026,               5.00,          25500536,            309.30,     7887315784.80     
06 OCT 2026,TANKUP,ST,TANKUP ENGINEERS LIMITED ,Listed    ,06 OCT 2026,              10.00,           5295000,           1787.70,     9465871500.00    
06 OCT 2026,TANLA,EQ,TANLA PLATFORMS LIMITED  ,Listed    ,06 OCT 2026,               1.00,         132634024,            492.15,    65275834911.60     
06 OCT 2026,TAPIFRUIT,SM,TAPI FRUIT PROCESSING LTD,Listed    ,28 SEP 2026,              10.00,           4300500,             43.50,      187071750.00 
06 OCT 2026,TARACHAND,EQ,TARA CHAND INFRA SOLN LTD,Listed    ,06 OCT 2026,               2.00,          78824900,             46.40,     3659051858.00 
06 OCT 2026,TARAPUR,EQ,TARAPUR TRANSFORMERS LTD ,Listed    ,06 OCT 2026,              10.00,          19500011,             11.60,      226395127.70   
06 OCT 2026,TARC,EQ,TARC LIMITED             ,Listed    ,06 OCT 2026,               2.00,         295096335,            124.10,    36621455173.50      
06 OCT 2026,TARIL,EQ,TRANS & RECTI. LTD       ,Listed    ,06 OCT 2026,               1.00,         300165834,            283.65,    85142038814.10     
06 OCT 2026,TARMAT,EQ,TARMAT LIMITED           ,Listed    ,06 OCT 2026,              10.00,          25064255,             56.80,     1423399041.45    
06 OCT 2026,TARSONS,EQ,TARSONS PRODUCTS LIMITED ,Listed    ,06 OCT 2026,               2.00,          53206281,            331.65,    17645863093.65   
06 OCT 2026,TASTYBITE,EQ,TASTY BITE EATABLES LTD  ,Listed    ,06 OCT 2026,              10.00,           2566000,           9413.00,    24153758000.00 
06 OCT 2026,TATACAP,EQ,TATA CAPITAL LIMITED     ,Listed    ,06 OCT 2026,              10.00,        4244869037,            322.10,  1367272316817.70   
06 OCT 2026,TATACHEM,EQ,TATA CHEMICALS LTD       ,Listed    ,06 OCT 2026,              10.00,         254756278,            616.55,   157069983200.90  
06 OCT 2026,TATACOMM,EQ,TATA COMMUNICATIONS LTD  ,Listed    ,06 OCT 2026,              10.00,         285085643,           1681.80,   479457034397.40  
06 OCT 2026,TATACONSUM,EQ,TATA CONSUMER PRODUCT LTD,Listed    ,06 OCT 2026,               1.00,         989695175,            976.00,   965942490800.00
06 OCT 2026,TATAELXSI,EQ,TATA ELXSI LIMITED       ,Listed    ,06 OCT 2026,              10.00,          62305731,           3093.00,   192711625983.00 
06 OCT 2026,TATAINVEST,EQ,TATA INVESTMENT CORP LTD ,Listed    ,06 OCT 2026,               1.00,         505952960,            624.15,   315790539984.00
06 OCT 2026,TATAPOWER,EQ,TATA POWER CO LTD        ,Listed    ,06 OCT 2026,               1.00,        3195339547,            351.65,  1123641151702.55 
06 OCT 2026,TATASTEEL,EQ,TATA STEEL LIMITED       ,Listed    ,06 OCT 2026,               1.00,       12483527171,            178.70,  2230681470186.00 
06 OCT 2026,TATATECH,EQ,TATA TECHNOLOGIES LIMITED,Listed    ,06 OCT 2026,               2.00,         406051830,            703.10,   285495041673.00  
06 OCT 2026,TATVA,EQ,TATVA CHIN PHARM CHEM LTD,Listed    ,06 OCT 2026,              10.00,          23392055,           1877.40,    43916244057.00     
06 OCT 2026,TAURIAN,ST,TAURIAN MPS LIMITED      ,Listed    ,06 OCT 2026,              10.00,           8883200,            645.50,     5734105600.00   
06 OCT 2026,TBI,SM,TBI CORN LIMITED         ,Listed    ,06 OCT 2026,              10.00,          18158405,             73.20,     1329195246.00       
06 OCT 2026,TBOTEK,EQ,TBO TEK LIMITED          ,Listed    ,06 OCT 2026,               1.00,         108587787,           1693.20,   183860840948.40    
06 OCT 2026,TBZ,BE,TRIB BHIMJI ZAVERI LTD   ,Listed    ,06 OCT 2026,              10.00,          66730620,            608.85,    40628937987.00       
06 OCT 2026,TCC,EQ,TCC CONCEPT LIMITED      ,Listed    ,06 OCT 2026,               2.00,         237640305,             47.10,    11190481962.45       
06 OCT 2026,TCI,EQ,TRANSPORT CORPN OF INDIA ,Listed    ,06 OCT 2026,               2.00,          76831142,            888.00,    68226054096.00       
06 OCT 2026,TCIEXP,EQ,TCI EXPRESS LIMITED      ,Listed    ,06 OCT 2026,               2.00,          38444165,            501.40,    19275904331.00    
06 OCT 2026,TCIFINANCE,EQ,TCI FINANCE LTD          ,Listed    ,06 OCT 2026,              10.00,          12872493,             14.15,      182274500.90
06 OCT 2026,TCL,SM,THAAI CASTING LIMITED    ,Listed    ,06 OCT 2026,              10.00,          24341437,            137.45,     3345730515.65       
06 OCT 2026,TCPLPACK,EQ,TCPL PACKAGING LIMITED   ,Listed    ,06 OCT 2026,              10.00,           9100000,           4007.90,    36471890000.00  
06 OCT 2026,TCS,EQ,TATA CONSULTANCY SERV LT ,Listed    ,06 OCT 2026,               1.00,        3618087518,           2100.00,  7597983787800.00       
06 OCT 2026,TDPOWERSYS,EQ,TD POWER SYSTEMS LTD.    ,Listed    ,06 OCT 2026,               1.00,         312456860,            816.00,   254964797760.00
06 OCT 2026,TEAMGTY,EQ,TEAM INDIA GUARANTY LTD  ,Listed    ,06 OCT 2026,              10.00,           8993149,            235.00,     2113569878.00   
06 OCT 2026,TEAMLEASE,EQ,TEAMLEASE SERVICES LTD.  ,Listed    ,06 OCT 2026,              10.00,          15281400,           1130.30,    17272566420.00 
06 OCT 2026,TEAMTECH,ST,TEAMTECH FORMWORK SOL LTD,Listed    ,06 OCT 2026,               5.00,          29976000,            151.80,     4550356800.00  
06 OCT 2026,TECHD,SM,TECHD CYBERSECURITY LTD  ,Listed    ,06 OCT 2026,              10.00,           7479733,            529.80,     3962762543.40     
06 OCT 2026,TECHERA,SM,TECHERA ENGINEER (IND) L ,Listed    ,06 OCT 2026,              10.00,          16520925,            153.30,     2532657802.50   
06 OCT 2026,TECHLABS,SM,TRIDENT TECHLABS LIMITED ,Listed    ,06 OCT 2026,              10.00,          17281064,            113.25,     1957080498.00  
06 OCT 2026,TECHM,EQ,TECH MAHINDRA LIMITED    ,Listed    ,06 OCT 2026,               5.00,         980159085,           1504.50,  1474649343382.50     
06 OCT 2026,TECHNOCRAF,EQ,TECHNOCRAFT VENTURES LTD ,Listed    ,06 OCT 2026,              10.00,          39606200,            467.25,    18505996950.00
06 OCT 2026,TECHNOE,EQ,TECHNO ELEC & ENG CO. LTD,Listed    ,06 OCT 2026,               2.00,         116299574,            996.20,   115857635618.80   
06 OCT 2026,TECHNVISN,EQ,TECHNVISION VENTURES LTD.,Permitted ,06 OCT 2026,              10.00,           6275000,           4012.90,    25180947500.00 
06 OCT 2026,TECILCHEM,EQ,TECIL CHEMICALS          ,Listed    ,06 OCT 2026,              10.00,          18963700,              9.25,      175224588.00 
06 OCT 2026,TEGA,EQ,TEGA INDUSTRIES LIMITED  ,Listed    ,06 OCT 2026,              10.00,          75127698,           2092.50,   157204708065.00      
06 OCT 2026,TEJA,SM,TEJA ENGINEERING IND L   ,Listed    ,06 OCT 2026,              10.00,           6417300,            212.05,     1360788465.00      
06 OCT 2026,TEJASCARGO,SM,TEJAS CARGO INDIA LIMITED,Listed    ,30 SEP 2026,              10.00,          23892840,            404.00,     9652707360.00
06 OCT 2026,TEJASNET,EQ,TEJAS NETWORKS LIMITED   ,Listed    ,06 OCT 2026,              10.00,         178097603,            475.85,    84747744387.55  
06 OCT 2026,TEMBO,EQ,TEMBO GLOBAL IND LTD     ,Listed    ,06 OCT 2026,               1.00,         189501980,             58.25,    11038490335.00     
06 OCT 2026,TEMPSENS,EQ,TEMPSENS INST (INDIA) LTD,Listed    ,06 OCT 2026,               4.00,          83832691,            515.50,    43215752210.50  
06 OCT 2026,TENNIND,EQ,TENNECO CLEAN AIR INDIA L,Listed    ,06 OCT 2026,              10.00,         403604309,            494.15,   199441069292.35   
06 OCT 2026,TERAI,EQ,TERAI TEA CO. LTD.       ,Permitted ,06 OCT 2026,              10.00,           6879300,            120.00,      825516000.00     
06 OCT 2026,TERASOFT,EQ,TERA SOFTWARE LIMITED    ,Listed    ,06 OCT 2026,              10.00,          12511875,            237.75,     2974948518.75  
06 OCT 2026,TEXINFRA,EQ,TEXMACO INFRA & HOLDG LTD,Listed    ,06 OCT 2026,               1.00,         127426590,            125.40,    15981842917.80  
06 OCT 2026,TEXMOPIPES,EQ,TEXMO PIPE & PRODUCTS LTD,Listed    ,06 OCT 2026,              10.00,          29195000,             53.80,     1570691000.00
06 OCT 2026,TEXRAIL,EQ,TEXMACO RAIL & ENG. LTD. ,Listed    ,06 OCT 2026,               1.00,         406864572,            117.40,    47757763461.35   
06 OCT 2026,TFCILTD,EQ,TOURISM FINANCE CORP. OF ,Listed    ,06 OCT 2026,               2.00,         462977240,            140.65,    65117748806.00   
06 OCT 2026,TFL,EQ,TRANSWARRANTY FIN. LTD.  ,Listed    ,06 OCT 2026,              10.00,          55116194,             12.00,      660843166.05       
06 OCT 2026,TGBHOTELS,EQ,TGB BANQUETS&HOTELS LTD  ,Listed    ,06 OCT 2026,              10.00,          29286400,              9.35,      274413568.00 
06 OCT 2026,TGL,ST,TEERTH GOPICON LIMITED   ,Listed    ,06 OCT 2026,              10.00,          11999600,             13.20,      158394720.00       
06 OCT 2026,TGVSL,EQ,T G V SRAAC LTD.         ,Permitted ,06 OCT 2026,              10.00,         107089800,            125.50,    13437628104.00     
06 OCT 2026,THACKER,EQ,THACKER & CO. LTD.       ,Permitted ,06 OCT 2026,               1.00,           1087719,            939.65,     1022075158.35   
06 OCT 2026,THAKDEV,EQ,THAKKERS DEVELOPERS LTD. ,Permitted ,05 OCT 2026,              10.00,           9000000,            135.05,     1215540000.00   
06 OCT 2026,THANGAMAYL,EQ,THANGAMAYIL JEWELLERY LTD,Listed    ,06 OCT 2026,              10.00,          31082021,           4758.50,   147903796928.50
06 OCT 2026,THEINVEST,EQ,THE INVEST TRUST OF IND L,Listed    ,06 OCT 2026,              10.00,          52242217,             90.80,     4744115725.75 
06 OCT 2026,THEJO,EQ,THEJO ENGINEERING LIMITED,Listed    ,06 OCT 2026,              10.00,          10848074,           2098.90,    22769022518.60     
06 OCT 2026,THELEELA,EQ,LEELA PALACES HOTEL LTD  ,Listed    ,06 OCT 2026,              10.00,         333957878,            582.70,   194597255510.60  
06 OCT 2026,THEMISMED,EQ,THEMIS MEDICARE LTD.     ,Listed    ,06 OCT 2026,               1.00,          92100120,            113.50,    10452442618.80 
06 OCT 2026,THERMAX,EQ,THERMAX LTD              ,Listed    ,06 OCT 2026,               2.00,         119156300,           3225.10,   384290983130.00   
06 OCT 2026,THESL,ST,THINKING HATS ENTER SOL L,Listed    ,06 OCT 2026,              10.00,          12487150,             14.80,      184809820.00     
06 OCT 2026,THOMASCOOK,EQ,THOMAS COOK (INDIA) LTD  ,Listed    ,06 OCT 2026,               1.00,         470380562,            101.10,    47550771012.60
06 OCT 2026,THOMASCOTT,EQ,THOMAS SCOTT (INDIA) LTD ,Listed    ,06 OCT 2026,              10.00,          14670380,            280.80,     4119442704.00
06 OCT 2026,THYROCARE,EQ,THYROCARE TECH LTD       ,Listed    ,06 OCT 2026,              10.00,         159165315,            529.80,    84325783887.00 
06 OCT 2026,TI,EQ,TILAKNAGAR INDUSTRIES LTD,Listed    ,06 OCT 2026,              10.00,         247897900,            547.80,   135798469620.00        
06 OCT 2026,TICL,BE,TWAMEV CONS AND INFRA LTD,Listed    ,06 OCT 2026,               1.00,         155000000,              8.55,     1328350000.00      
06 OCT 2026,TIGERLOGS,EQ,TIGER LOGISTICS (INDIA) L,Listed    ,06 OCT 2026,               1.00,         105725000,             25.85,     2734048500.00 
06 OCT 2026,TIIL,EQ,TECHNOCRAFT IND LTD      ,Listed    ,06 OCT 2026,              10.00,          22672798,           2819.10,    63916884841.80      
06 OCT 2026,TIINDIA,EQ,TUBE INVEST OF INDIA LTD ,Listed    ,06 OCT 2026,               1.00,         193572320,           2472.70,   478646275664.00   
06 OCT 2026,TIJARIA,BE,TIJARIA POLYPIPES LTD    ,Listed    ,06 OCT 2026,              10.00,          28626579,              6.40,      183782637.20   
06 OCT 2026,TIL,BE,TIL LTD                  ,Listed    ,06 OCT 2026,              10.00,          82378493,            242.25,    19956189929.25       
06 OCT 2026,TIMESCAN,SM,TIMESCAN LOGISTICS IND L ,Listed    ,05 OCT 2026,              10.00,           6988000,             40.00,      279520000.00  
06 OCT 2026,TIMETECHNO,EQ,TIME TECHNOPLAST LTD.    ,Listed    ,06 OCT 2026,               1.00,         493635379,            183.05,    90369828833.55
06 OCT 2026,TIMEX,EQ,TIMEX GROUP INDIA LTD.   ,Permitted ,06 OCT 2026,               1.00,         100950000,            731.70,    73865115000.00     
06 OCT 2026,TIMKEN,EQ,TIMKEN INDIA LTD.        ,Listed    ,06 OCT 2026,              10.00,          75218734,           3156.90,   237458021364.60    
06 OCT 2026,TINNARUBR,EQ,TINNA RUBBER AND INFR LTD,Listed    ,06 OCT 2026,              10.00,          18015757,            950.25,    17119473089.25 
06 OCT 2026,TIPSFILMS,EQ,TIPS FILMS LIMITED       ,Listed    ,06 OCT 2026,              10.00,           4322886,            334.55,     1446221511.30 
06 OCT 2026,TIPSMUSIC,EQ,TIPS MUSIC LIMITED       ,Listed    ,06 OCT 2026,               1.00,         128426590,            653.10,    83875405929.00 
06 OCT 2026,TIRUMALCHM,EQ,THIRUMALAI CHEMICALS LTD ,Listed    ,06 OCT 2026,               1.00,         120552774,            148.55,    17905703522.20
06 OCT 2026,TIRUPATI,SM,SHREE TIRUPATI BALAJEE   ,Listed    ,29 SEP 2026,              10.00,          10130040,            277.90,     2815138116.00  
06 OCT 2026,TIRUPATIFL,BE,TIRUPATI FORGE LIMITED   ,Listed    ,06 OCT 2026,               2.00,         130040000,             72.20,     9387587600.00
06 OCT 2026,TITAGARH,EQ,TITAGARH RAIL SYSTEMS LTD,Listed    ,06 OCT 2026,               2.00,         134673768,            804.85,   108392182174.80  
06 OCT 2026,TITAN,EQ,TITAN COMPANY LIMITED    ,Listed    ,06 OCT 2026,               1.00,         887786160,           4550.00,  4039427028000.00     
06 OCT 2026,TMB,EQ,TAMILNAD MERCA BANK LTD  ,Listed    ,06 OCT 2026,              10.00,         158351454,            878.95,   139183010493.30       
06 OCT 2026,TMCV,EQ,TATA MOTORS LIMITED      ,Listed    ,06 OCT 2026,               2.00,        3682789352,            433.80,  1597594020897.60      
06 OCT 2026,TMPV,EQ,TATA MOTORS PASS VEH LTD ,Listed    ,06 OCT 2026,               2.00,        3683139553,            285.80,  1052641284247.40      
06 OCT 2026,TNPETRO,EQ,TAMILNADU PETROPRODUCTS L,Listed    ,06 OCT 2026,              10.00,          89971474,            126.05,    11339104868.20   
06 OCT 2026,TNPL,EQ,TAMILNADU NEWSPRT & PAPER,Listed    ,06 OCT 2026,              10.00,          69210600,            145.95,    10100594964.00      
06 OCT 2026,TNTELE,BE,TAMILNADU TELECOMMUNICATI,Listed    ,06 OCT 2026,              10.00,          45671400,             10.45,      477266130.00    
06 OCT 2026,TOKYOPLAST,EQ,TOKYO PLAST INTL LTD     ,Listed    ,06 OCT 2026,              10.00,           9501400,             71.10,      675549540.00
06 OCT 2026,TOLINS,EQ,TOLINS TYRES LIMITED     ,Listed    ,06 OCT 2026,               5.00,          39508831,             90.20,     3563301467.90    
06 OCT 2026,TORNTPHARM,EQ,TORRENT PHARMACEUTICALS L,Listed    ,06 OCT 2026,               5.00,         380367856,           4772.00,  1815115408832.00
06 OCT 2026,TORNTPOWER,EQ,TORRENT POWER LTD        ,Listed    ,06 OCT 2026,              10.00,         503903543,           1234.90,   622270485250.70
06 OCT 2026,TOTAL,BE,TOTAL TRANSPORT SYS LTD  ,Listed    ,06 OCT 2026,              10.00,          16126973,             71.55,     1153723648.40     
06 OCT 2026,TOUCHWOOD,EQ,TOUCHWOOD ENTERTAIN LTD. ,Listed    ,06 OCT 2026,              10.00,          11081245,             58.95,      653239392.75 
06 OCT 2026,TOYAMSL,EQ,TOYAM SPORTS LTD.        ,Permitted ,06 OCT 2026,               1.00,         577815000,              0.70,      392914200.00   
06 OCT 2026,TPHQ,BE,TEAMO PRODUCTIONS HQ LTD ,Listed    ,06 OCT 2026,               1.00,        1096219600,              0.50,      526185408.00      
06 OCT 2026,TPLPLASTEH,EQ,TPL PLASTECH LIMITED     ,Listed    ,06 OCT 2026,               2.00,          78003000,             69.20,     5396247540.00
06 OCT 2026,TRACXN,EQ,TRACXN TECHNOLOGIES LTD  ,Listed    ,06 OCT 2026,               1.00,         106955079,             34.35,     3672837412.85    
06 OCT 2026,TRANSCOR,EQ,TRANSCORP INTERNATIONAL L,Permitted ,06 OCT 2026,               2.00,          32013744,             23.90,      765448619.05  
06 OCT 2026,TRANSPEK,BE,TRANSPEK INDUSTRIES LTD  ,Permitted ,06 OCT 2026,              10.00,           5585569,           1379.50,     7705292435.50  
06 OCT 2026,TRANSRAILL,EQ,TRANSRAIL LIGHTING LTD   ,Listed    ,06 OCT 2026,               2.00,         134256025,            482.40,    64765106460.00
06 OCT 2026,TRANSTEEL,SM,TRANSTEEL SEATING TECH L ,Listed    ,06 OCT 2026,              10.00,          22440010,             80.95,     1816518809.50 
06 OCT 2026,TRANSWIND,SM,TRANSWIND INFRA LIMITED  ,Listed    ,05 OCT 2026,              10.00,           7649000,             11.30,       86433700.00 
06 OCT 2026,TRANSWORLD,BE,TRANSWORLD SHIP LINES LTD,Listed    ,06 OCT 2026,              10.00,          21957533,            153.70,     3374872822.10
06 OCT 2026,TRAVELFOOD,EQ,TRAVEL FOOD SERVICES LTD ,Listed    ,06 OCT 2026,               1.00,         131710153,           1197.90,   157775592278.70
06 OCT 2026,TREEHOUSE,EQ,TREE HOUSE EDU LTD       ,Listed    ,06 OCT 2026,              10.00,          42310724,              5.80,      246248413.70 
06 OCT 2026,TREJHARA,EQ,TREJHARA SOLUTIONS LTD   ,Listed    ,06 OCT 2026,              10.00,          24116754,            130.40,     3144583554.05  
06 OCT 2026,TREL,EQ,TRANSINDIA REAL ESTATE L ,Listed    ,06 OCT 2026,               2.00,         245695524,             26.65,     6545328759.35      
06 OCT 2026,TRENT,EQ,TRENT LTD                ,Listed    ,06 OCT 2026,               1.00,         533251981,           2906.00,  1549630256786.00     
06 OCT 2026,TRF,EQ,TRF LIMITED              ,Listed    ,06 OCT 2026,              10.00,          11004412,            196.30,     2160166075.60       
06 OCT 2026,TRIDENT,EQ,TRIDENT LIMITED          ,Listed    ,06 OCT 2026,               1.00,        5095955670,             22.55,   114964759915.20   
06 OCT 2026,TRIDHYA,SM,TRIDHYA TECH LIMITED     ,Listed    ,29 SEP 2026,              10.00,          23288000,              6.80,      158358400.00   
06 OCT 2026,TRIGYN,EQ,TRIGYN TECHNOLOGIES LTD  ,Listed    ,06 OCT 2026,              10.00,          30785736,             51.70,     1591622551.20    
06 OCT 2026,TRITONV,EQ,TRITON VALVES LTD.       ,Permitted ,06 OCT 2026,              10.00,           5122108,           1093.00,     5598464044.00   
06 OCT 2026,TRITURBINE,EQ,TRIVENI TURBINE LIMITED  ,Listed    ,06 OCT 2026,               1.00,         317898459,            536.10,   170425363869.90
06 OCT 2026,TRIVENI,EQ,TRIVENI ENGG. & INDS. LTD,Listed    ,06 OCT 2026,               1.00,         220363016,            241.95,    53321238981.50   
06 OCT 2026,TROM,SM,TROM INDUSTRIES LIMITED  ,Listed    ,06 OCT 2026,              10.00,           9194866,             52.05,      478592775.30      
06 OCT 2026,TRU,EQ,TRUCAP FINANCE LIMITED   ,Listed    ,06 OCT 2026,               2.00,         118861871,              4.10,      489710908.50       
06 OCT 2026,TRUALT,EQ,TRUALT BIOENERGY LIMITED ,Listed    ,06 OCT 2026,              10.00,          85752591,            444.35,    38104163810.85    
06 OCT 2026,TRUST,SM,TRUST FINTECH LIMITED    ,Listed    ,06 OCT 2026,              10.00,          23825200,             25.55,      608733860.00     
06 OCT 2026,TSC,ST,TSC INDIA LIMITED        ,Listed    ,06 OCT 2026,              10.00,          14518933,             48.00,      696908784.00       
06 OCT 2026,TSFINV,EQ,TSF INVESTMENTS LIMITED  ,Listed    ,06 OCT 2026,               5.00,         222103860,            417.95,    92828308287.00    
06 OCT 2026,TTKHLTCARE,EQ,TTK HEALTHCARE LIMITED   ,Listed    ,06 OCT 2026,              10.00,          14130333,           1033.70,    14606525222.10
06 OCT 2026,TTKPRESTIG,EQ,TTK PRESTIGE LTD         ,Listed    ,06 OCT 2026,               1.00,         136966384,            522.85,    71612873874.40
06 OCT 2026,TTL,EQ,T T LIMITED              ,Listed    ,06 OCT 2026,               1.00,         258310944,              7.40,     1906334766.70       
06 OCT 2026,TTML,EQ,TATA TELESERV(MAHARASTRA),Listed    ,06 OCT 2026,              10.00,        1954927727,             34.20,    66819429708.85      
06 OCT 2026,TUNWAL,SM,TUNWAL E-MOTORS LIMITED  ,Listed    ,06 OCT 2026,               2.00,          57692384,             26.10,     1505771222.40    
06 OCT 2026,TURTLEMINT,EQ,TURTLEMINT FINTECH SOLS L,Listed    ,06 OCT 2026,               1.00,         294478906,             68.90,    20292541412.45
06 OCT 2026,TUTIALKA,EQ,TUTICORIN ALKAL CH & FE L,Permitted ,06 OCT 2026,              10.00,         121835830,             54.00,     6579134820.00  
06 OCT 2026,TVSELECT,EQ,TVS ELECTRONICS LTD      ,Listed    ,06 OCT 2026,              10.00,          18650318,            404.20,     7538458535.60  
06 OCT 2026,TVSHLTD,EQ,TVS HOLDINGS LIMITED     ,Listed    ,06 OCT 2026,               5.00,          20232104,          11763.00,   237990239352.00   
06 OCT 2026,TVSINVIT,IV,TVS INFRASTRUCTURE TRUST ,Listed    ,01 OCT 2026,             100.00,         197200000,            117.50,    23172972000.00  
06 OCT 2026,TVSMOTOR,EQ,TVS MOTOR COMPANY  LTD   ,Listed    ,06 OCT 2026,               1.00,         475087114,           3981.00,  1891321800834.00  
06 OCT 2026,TVSSCS,EQ,TVS SUPPLY CHAIN SOL L   ,Listed    ,06 OCT 2026,               1.00,         441223777,            130.65,    57654710940.60    
06 OCT 2026,TVSSRICHAK,EQ,TVS SRICHAKRA LIMITED    ,Listed    ,06 OCT 2026,              10.00,           7657050,           4390.10,    33615215205.00
06 OCT 2026,TVTODAY,EQ,TV TODAY NETWORK LTD     ,Listed    ,06 OCT 2026,               5.00,          59668615,            101.50,     6055171050.20   
06 OCT 2026,TVVISION,BE,TV VISION LIMITED        ,Listed    ,06 OCT 2026,              10.00,          38744500,              2.60,      100348255.00  
06 OCT 2026,UBL,EQ,UNITED BREWERIES LTD     ,Listed    ,06 OCT 2026,               1.00,         264405149,           1178.30,   311548587066.70       
06 OCT 2026,UCAL,BE,UCAL LIMITED             ,Listed    ,06 OCT 2026,              10.00,          22113625,            142.35,     3148316791.25      
06 OCT 2026,UCL,ST,USHANTI COLOUR CHEM LTD  ,Listed    ,06 OCT 2026,              10.00,          13886700,            199.95,     2776645665.00       
06 OCT 2026,UCOBANK,EQ,UCO BANK                 ,Listed    ,06 OCT 2026,              10.00,       12539558979,             23.25,   291795537441.35   
06 OCT 2026,UDAYJEW,EQ,UDAY JEWELLERY INDS. LTD.,Listed    ,06 OCT 2026,              10.00,          34052925,            160.35,     5459705465.25   
06 OCT 2026,UDS,EQ,UPDATER SERVICES LIMITED ,Listed    ,06 OCT 2026,              10.00,          66953241,            215.40,    14421728111.40       
06 OCT 2026,UEL,EQ,UJAAS ENERGY LIMITED     ,Listed    ,06 OCT 2026,               1.00,         333397890,            179.60,    59884929001.80       
06 OCT 2026,UFBL,BE,UNITED FOODBRANDS LIMITED,Listed    ,06 OCT 2026,               5.00,          39117661,            695.20,    27194597927.20      
06 OCT 2026,UFLEX,EQ,UFLEX LIMITED            ,Listed    ,06 OCT 2026,              10.00,          72211486,            641.25,    46305615397.50     
06 OCT 2026,UFO,EQ,UFO MOVIEZ INDIA LTD.    ,Listed    ,06 OCT 2026,              10.00,          38824757,             57.40,     2227764556.65       
06 OCT 2026,UGARSUGAR,BE,THE UGAR SUGAR WORKS LTD ,Listed    ,06 OCT 2026,               1.00,         112500000,             59.25,     6666750000.00 
06 OCT 2026,UGROCAP,EQ,UGRO CAPITAL LIMITED     ,Listed    ,06 OCT 2026,              10.00,         155288323,             82.95,    12884272159.30   
06 OCT 2026,UHTL,ST,UNITED HEAT TRANSFER LTD ,Listed    ,06 OCT 2026,              10.00,          19004000,            199.80,     3796999200.00      
06 OCT 2026,UJJIVANSFB,EQ,UJJIVAN SMALL FINANC BANK,Listed    ,06 OCT 2026,              10.00,        1951056342,             65.20,   127189362935.00
06 OCT 2026,ULTRACEMCO,EQ,ULTRATECH CEMENT LIMITED ,Listed    ,06 OCT 2026,              10.00,         294679171,          10750.00,  3167801088250.00
06 OCT 2026,ULTRAMAR,EQ,ULTRAMARINE & PIGMENTS L ,Permitted ,06 OCT 2026,               2.00,          29200000,            408.80,    11936960000.00  
06 OCT 2026,UMA,SM,UMA CONVERTER LIMITED    ,Listed    ,05 OCT 2026,              10.00,          20274286,             16.60,      336553147.60       
06 OCT 2026,UMAEXPORTS,BE,UMA EXPORTS LIMITED      ,Listed    ,06 OCT 2026,              10.00,          33809830,             21.10,      713049314.70
06 OCT 2026,UMESLTD,EQ,USHA MARTIN EDU & SOL LTD,Listed    ,06 OCT 2026,               1.00,          26415811,              4.45,      117550358.95   
06 OCT 2026,UMIYA-MRO,EQ,UMIYA BUILDCON LIMITED   ,Listed    ,06 OCT 2026,               5.00,          18684602,             92.55,     1729259915.10 
06 OCT 2026,UNICHEMLAB,EQ,UNICHEM LABORATORIES LTD ,Listed    ,06 OCT 2026,               2.00,          70405750,            548.10,    38589391575.00
06 OCT 2026,UNIDT,EQ,UNITED DRILLING TOOLS LTD,Listed    ,06 OCT 2026,              10.00,          20303126,            226.15,     4591145882.40     
06 OCT 2026,UNIECOM,EQ,UNICOMMERCE ESOLUTIONS L ,Listed    ,06 OCT 2026,               1.00,         112379173,             81.85,     9197111518.30   
06 OCT 2026,UNIENTER,EQ,UNIPHOS ENTERPRISES LTD  ,Listed    ,06 OCT 2026,               2.00,          69545849,             87.10,     6056747989.40  
06 OCT 2026,UNIHEALTH,SM,UNIHEALTH HOSPITALS LTD  ,Listed    ,06 OCT 2026,              10.00,          15899952,            550.00,     8744973600.00 
06 OCT 2026,UNIINFO,EQ,UNIINFO TELECOM SERVI LTD,Listed    ,06 OCT 2026,              10.00,          10693120,             11.00,      117624320.00   
06 OCT 2026,UNILEX,SM,UNILEX COLOURS AND CHEM L,Listed    ,06 OCT 2026,              10.00,          13617000,             30.40,      413956800.00    
06 OCT 2026,UNIMECH,EQ,UNIMECH AEROSPACE N MFG L,Listed    ,06 OCT 2026,               5.00,          50901997,           1873.10,    95344530580.70   
06 OCT 2026,UNIONBANK,EQ,UNION BANK OF INDIA      ,Listed    ,06 OCT 2026,              10.00,        7633605607,            168.45,  1285804528443.10 
06 OCT 2026,UNIPARTS,EQ,UNIPARTS INDIA LIMITED   ,Listed    ,06 OCT 2026,              10.00,          45161027,            824.70,    37244298966.90  
06 OCT 2026,UNITDSPR,EQ,UNITED SPIRITS LIMITED   ,Listed    ,06 OCT 2026,               2.00,         727350853,           1358.00,   987742458374.00  
06 OCT 2026,UNITECH,EQ,UNITECH LTD              ,Listed    ,06 OCT 2026,               2.00,        2616301047,              4.00,    10465204188.00   
06 OCT 2026,UNITEDPOLY,EQ,UNITED POLYFAB GUJ. LTD. ,Listed    ,06 OCT 2026,               1.00,         229515500,             48.50,    11129206595.00
06 OCT 2026,UNITEDTEA,EQ,UNITED NILGIRI TEA LTD   ,Listed    ,06 OCT 2026,              10.00,           4996566,            415.95,     2078321627.70 
06 OCT 2026,UNIVASTU,BE,UNIVASTU INDIA LIMITED   ,Listed    ,06 OCT 2026,              10.00,          35986770,            131.65,     4736938535.10  
06 OCT 2026,UNIVCABLES,EQ,UNIVERSAL CABLES LTD     ,Listed    ,06 OCT 2026,              10.00,          31989828,           1649.20,    52757624337.60
06 OCT 2026,UNIVPHOTO,BE,UNIVERSUS IMAGINGS LTD   ,Listed    ,06 OCT 2026,              10.00,          10946604,            470.25,     5147640531.00 
06 OCT 2026,UNOMINDA,EQ,UNO MINDA LIMITED        ,Listed    ,06 OCT 2026,               2.00,         577558876,           1120.00,   646865941120.00  
06 OCT 2026,UPHOT,EQ,U P HOTELS LTD.          ,Permitted ,01 OCT 2026,              10.00,           5400000,           1530.00,     8262000000.00     
06 OCT 2026,UPL,EQ,UPL LIMITED              ,Listed    ,06 OCT 2026,               2.00,         844169318,            509.55,   430146475986.90       
06 OCT 2026,URAVIDEF,BE,URAVI DEFENCE &TECH LTD  ,Listed    ,06 OCT 2026,              10.00,          11400000,            102.00,     1162800000.00  
06 OCT 2026,URBAN,SM,URBAN ENVIRO WASTE MGMT L,Listed    ,06 OCT 2026,              10.00,           8660000,            122.65,     1062149000.00     
06 OCT 2026,URBANCO,EQ,URBAN COMPANY LIMITED    ,Listed    ,06 OCT 2026,               1.00,        1542180603,            173.55,   267630021844.60   
06 OCT 2026,URJA,EQ,URJA GLOBAL LIMITED      ,Listed    ,06 OCT 2026,               1.00,         525453377,              8.60,     4518899042.20      
06 OCT 2026,USASEEDS,SM,UPSURGE SEEDS OF AGRI LTD,Listed    ,06 OCT 2026,              10.00,          10085429,             86.00,      867346894.00  
06 OCT 2026,USHAFIN,ST,USHA FINANCIAL SERVICES L,Listed    ,06 OCT 2026,              10.00,          43475262,             48.35,     2102028917.70   
06 OCT 2026,USHAMART,EQ,USHA MARTIN LTD.         ,Listed    ,06 OCT 2026,               1.00,         304741780,            516.70,   157460077726.00  
06 OCT 2026,USK,EQ,UDAYSHIVAKUMAR INFRA LTD ,Listed    ,06 OCT 2026,              10.00,          55357142,             18.65,     1031857126.90       
06 OCT 2026,UTIAMC,EQ,UTI ASSET MNGMT CO LTD   ,Listed    ,06 OCT 2026,              10.00,         128540222,            888.20,   114169425180.40    
06 OCT 2026,UTKAL,ST,UTKAL SPEC INDUS INDIA L ,Listed    ,06 OCT 2026,              10.00,          19534000,             50.50,      986467000.00     
06 OCT 2026,UTKARSHBNK,EQ,UTKARSH SMALL FIN BANK L ,Listed    ,06 OCT 2026,              10.00,        1779523684,             13.50,    24059160207.70
06 OCT 2026,UTLSOLAR,EQ,FUJIYAMA POWER SYSTEMS L ,Listed    ,06 OCT 2026,               1.00,         306901762,            418.85,   128545803013.70  
06 OCT 2026,UTSSAV,SM,UTSSAV CZ GOLD JEWELS LTD,Listed    ,06 OCT 2026,              10.00,          24148000,            860.75,    20785391000.00    
06 OCT 2026,UTTAMSUGAR,EQ,UTTAM SUGAR MILLS LTD.   ,Listed    ,06 OCT 2026,              10.00,          38138120,            302.80,    11548222736.00
06 OCT 2026,UWCSL,SM,ULTRA WIRING CONN SYS LTD,Listed    ,05 OCT 2026,              10.00,           5203571,            121.00,      629632091.00     
06 OCT 2026,UYFINCORP,BE,U. Y. FINCORP LIMITED    ,Listed    ,06 OCT 2026,               5.00,         190238329,             22.95,     4365969650.55 
06 OCT 2026,V2RETAIL,EQ,V2 RETAIL LIMITED        ,Listed    ,06 OCT 2026,               1.00,         364637550,            172.20,    62786939734.50  
06 OCT 2026,VADILALIND,EQ,VADILAL INDUSTRIES LTD   ,Listed    ,06 OCT 2026,              10.00,           7187830,           7309.50,    52539443385.00
06 OCT 2026,VADILENT,EQ,VADILAL ENTERPRISES LTD. ,Permitted ,06 OCT 2026,              10.00,            862668,           9860.00,     8505906480.00  
06 OCT 2026,VAIBHAVGBL,EQ,VAIBHAV GLOBAL LIMITED   ,Listed    ,06 OCT 2026,               2.00,         167769696,            202.45,    33961619561.30
06 OCT 2026,VAISHALI,EQ,VAISHALI PHARMA LIMITED  ,Listed    ,06 OCT 2026,               2.00,         134999995,              8.15,     1102949959.15  
06 OCT 2026,VAKRANGEE,EQ,VAKRANGEE LIMITED        ,Listed    ,06 OCT 2026,               1.00,        1083191807,              5.20,     5621765478.35 
06 OCT 2026,VALIANTLAB,BE,VALIANT LABORATORIES LTD ,Listed    ,06 OCT 2026,              10.00,          54312500,            124.35,     6754845625.00
06 OCT 2026,VALIANTORG,EQ,VALIANT ORGANICS LIMITED ,Listed    ,06 OCT 2026,              10.00,          28034610,            496.80,    13927594248.00
06 OCT 2026,VALUE360,SM,VALUE 360 COMMUNICATION L,Listed    ,06 OCT 2026,              10.00,          16090008,             61.55,      990339992.40  
06 OCT 2026,VAML,EQ,VEDANTA ALUMINIUM METAL L,Listed    ,06 OCT 2026,               1.00,        3910388057,            401.05,  1568261130259.85      
06 OCT 2026,VARDHACRLC,EQ,VARDHAMAN ACRYLICS LTD   ,Listed    ,06 OCT 2026,              10.00,          80363746,             43.65,     3506270238.00
06 OCT 2026,VARDMNPOLY,EQ,VARDHMAN POLYTEX LTD.    ,Listed    ,06 OCT 2026,               1.00,         483019004,              5.45,     2627623381.75
06 OCT 2026,VARMORA,EQ,VARMORA GRANITO LIMITED  ,Listed    ,06 OCT 2026,               2.00,         226011824,            132.85,    30023410700.15   
06 OCT 2026,VARROC,EQ,VARROC ENGINEERING LTD.  ,Listed    ,06 OCT 2026,               1.00,         152786400,            814.45,   124436883480.00    
06 OCT 2026,VASA,SM,VASA RETAIL & OVERSEA LTD,Listed    ,30 SEP 2026,              10.00,           5992550,              3.55,       21273552.50      
06 OCT 2026,VASCONEQ,EQ,VASCON ENGINEERS LTD     ,Listed    ,06 OCT 2026,              10.00,         231697111,             32.30,     7486133656.40  
06 OCT 2026,VASUPRADA,EQ,SHRI VASUPRADA PLANTATI L,Permitted ,06 OCT 2026,              10.00,           8284402,             95.00,      787018190.00 
06 OCT 2026,VASWANI,EQ,VASWANI IND LTD          ,Listed    ,06 OCT 2026,              10.00,          32946153,             43.40,     1430192501.75   
06 OCT 2026,VBL,EQ,VARUN BEVERAGES LIMITED  ,Listed    ,06 OCT 2026,               2.00,        3382494644,            439.30,  1485929897109.20       
06 OCT 2026,VCL,BE,VAXTEX COTFAB LIMITED    ,Listed    ,06 OCT 2026,               1.00,         183752220,              1.50,      275628330.00       
06 OCT 2026,VDEAL,SM,VDEAL SYSTEM LIMITED     ,Listed    ,06 OCT 2026,              10.00,           4890460,            110.35,      539662261.00     
06 OCT 2026,VEDAVAAG,EQ,VEDAVAAG SYSTEMS LTD.    ,Permitted ,06 OCT 2026,              10.00,          23464200,             23.25,      545308008.00  
06 OCT 2026,VEDL,EQ,VEDANTA LIMITED          ,Listed    ,06 OCT 2026,               1.00,        3910388057,            265.60,  1038599067939.20      
06 OCT 2026,VEDPOWER,EQ,VEDANTA POWER LIMITED    ,Listed    ,06 OCT 2026,              10.00,        3910388057,             32.55,   127204923494.20  
06 OCT 2026,VEEDOL,EQ,VEEDOL CORPORATION LTD   ,Listed    ,06 OCT 2026,               2.00,          17424000,           1392.40,    24261177600.00    
06 OCT 2026,VEEGALAND,EQ,VEEGALAND DEVELOPERS LTD ,Listed    ,06 OCT 2026,              10.00,          48750000,            148.65,     7246200000.00 
06 OCT 2026,VEEKAYEM,SM,VEEKAYEM FASH & APP LTD  ,Listed    ,05 OCT 2026,              10.00,           5875730,            108.35,      636635345.50  
06 OCT 2026,VELJAN,BE,VELJAN DENISON LTD.      ,Permitted ,06 OCT 2026,              10.00,           4500000,           2531.40,    11391300000.00    
06 OCT 2026,VELS,SM,VELS FILM INTERNATIONAL L,Listed    ,Not Traded ,              10.00,          12908000,             73.00,      942284000.00      
06 OCT 2026,VENKEYS,EQ,VENKY S (INDIA) LIMITED  ,Listed    ,06 OCT 2026,              10.00,          14087335,           1694.80,    23875215358.00   
06 OCT 2026,VENTIVE,EQ,VENTIVE HOSPITALITY LTD  ,Listed    ,06 OCT 2026,               1.00,         233541608,            582.35,   136002955418.80   
06 OCT 2026,VENUSPIPES,EQ,VENUS PIPES & TUBES LTD  ,Listed    ,06 OCT 2026,              10.00,          20716110,           2240.30,    46410301233.00
06 OCT 2026,VENUSREM,BE,VENUS REMEDIES LIMITED   ,Listed    ,06 OCT 2026,              10.00,          13366988,           1746.70,    23348117939.60  
06 OCT 2026,VERA,SM,VERA SYNTHETIC LIMITED   ,Listed    ,18 AUG 2026,              10.00,           4935000,             86.25,      425643750.00      
06 OCT 2026,VERANDA,BE,VERANDA LEARNING SOL LTD ,Listed    ,06 OCT 2026,              10.00,          96350847,             29.70,     2863547172.85   
06 OCT 2026,VERITAAS,SM,VERITAAS ADVERTISING LTD ,Listed    ,06 OCT 2026,              10.00,           2823000,             28.55,       80596650.00  
06 OCT 2026,VERTEXPLUS,ST,VERTEXPLUS TECHNOLOGIES L,Listed    ,15 SEP 2026,              10.00,           5479600,             69.35,      380010260.00
06 OCT 2026,VERTIS,IV,VERTIS INFRASTRUCTURE TST,Listed    ,05 OCT 2026,             100.00,        1509983998,            114.00,   172138175772.00    
06 OCT 2026,VERTOZ,EQ,VERTOZ LIMITED           ,Listed    ,06 OCT 2026,              10.00,          85230000,             33.50,     2856909600.00    
06 OCT 2026,VESUVIUS,EQ,VESUVIUS INDIA LTD       ,Listed    ,06 OCT 2026,               1.00,         202960800,            404.40,    82077347520.00  
06 OCT 2026,VETO,EQ,VETO SWITCHGEAR CABLE LTD,Listed    ,06 OCT 2026,              10.00,          19114955,            138.55,     2648185865.70      
06 OCT 2026,VGCL,EQ,VIBRANT GLOBAL CAPITAL L ,Permitted ,06 OCT 2026,              10.00,          22907380,             47.60,     1090391288.00      
06 OCT 2026,VGINFOTECH,SM,VIRTUAL GALAXY INFOTECH L,Listed    ,06 OCT 2026,              10.00,          24868635,            136.85,     3403272699.75
06 OCT 2026,VGL,EQ,VARVEE GLOBAL LIMITED    ,Listed    ,06 OCT 2026,               5.00,          51528678,             63.75,     3285468509.30       
06 OCT 2026,VGUARD,EQ,V-GUARD IND LTD.         ,Listed    ,06 OCT 2026,               1.00,         436914967,            306.30,   133827054392.10    
06 OCT 2026,VHL,EQ,VARDHMAN HOLDINGS LIMITED,Listed    ,06 OCT 2026,              10.00,           3183808,           3574.20,    11379566553.60       
06 OCT 2026,VHLTD,BE,VICEROY HOTELS LIMITED   ,Listed    ,06 OCT 2026,              10.00,          76781956,            128.95,     9902568865.30     
06 OCT 2026,VIAZ,SM,VIAZ TYRES LIMITED       ,Listed    ,06 OCT 2026,              10.00,          15059500,             81.75,     1231114125.00      
06 OCT 2026,VICTORYEV,SM,VICTORY ELEC VEHICL INT L,Listed    ,06 OCT 2026,               5.00,          24090000,             13.75,      331237500.00 
06 OCT 2026,VIDHIING,EQ,VIDHI SPCLTY F INGRDNTS L,Listed    ,06 OCT 2026,               1.00,          49945000,            352.30,    17595623500.00  
06 OCT 2026,VIDYAWIRES,EQ,VIDYA WIRES LIMITED      ,Listed    ,06 OCT 2026,               1.00,         212692307,             95.85,    20382303779.80
06 OCT 2026,VIESL,SM,VISION INFRA EQUIP SOL L ,Listed    ,06 OCT 2026,              10.00,          24842400,            369.90,     9189203760.00     
06 OCT 2026,VIGOR,SM,VIGOR PLAST INDIA LIMITED,Listed    ,06 OCT 2026,              10.00,          10351700,             74.05,      766543385.00     
06 OCT 2026,VIJAYA,EQ,VIJAYA DIAGNOSTIC CEN LTD,Listed    ,06 OCT 2026,               1.00,         102997715,           1466.70,   151066748590.50    
06 OCT 2026,VIJAYPD,SM,VIJAYPD CEUTICAL LIMITED ,Listed    ,06 OCT 2026,              10.00,          19528686,             83.70,     1634551018.20   
06 OCT 2026,VIJIFIN,BE,VIJI FINANCE LIMITED     ,Listed    ,06 OCT 2026,               1.00,         191500000,             13.70,     2621635000.00   
06 OCT 2026,VIJSOLX,EQ,VIJAY SOLVEX LTD.        ,Permitted ,06 OCT 2026,              10.00,           3201263,            620.00,     1984783060.00   
06 OCT 2026,VIKASECO,EQ,VIKAS ECOTECH LIMITED    ,Listed    ,06 OCT 2026,               1.00,        1768706024,              1.00,     1804080144.50  
06 OCT 2026,VIKASLIFE,EQ,VIKAS LIFECARE LIMITED   ,Listed    ,06 OCT 2026,               1.00,        1857668560,              1.20,     2229202272.00 
06 OCT 2026,VIKRAMSOLR,EQ,VIKRAM SOLAR LIMITED     ,Listed    ,06 OCT 2026,              10.00,         362354381,            151.50,    54896688721.50
06 OCT 2026,VIKRAN,EQ,VIKRAN ENGINEERING LTD   ,Listed    ,06 OCT 2026,               1.00,         257911026,             58.15,    14992367941.40    
06 OCT 2026,VILAS,SM,VILAS TRANSCORE LIMITED  ,Listed    ,06 OCT 2026,              10.00,          24480000,            394.75,     9663480000.00     
06 OCT 2026,VILINBIO,ST,VILIN BIO MED LIMITED    ,Listed    ,06 OCT 2026,              10.00,          15250000,             52.95,      807487500.00  
06 OCT 2026,VIMTALABS,EQ,VIMTA LABS LIMITED       ,Listed    ,06 OCT 2026,               2.00,          44699859,            577.40,    25809698586.60 
06 OCT 2026,VINATIORGA,EQ,VINATI ORGANICS LTD      ,Listed    ,06 OCT 2026,               1.00,         103665632,           1179.50,   122273612944.00
06 OCT 2026,VINCOFE,EQ,VINTAGE COFFEE N BVRGS L ,Listed    ,06 OCT 2026,              10.00,         146488409,            187.20,    27424095048.90   
06 OCT 2026,VINDHYATEL,EQ,VINDHYA TELELINKS LTD    ,Listed    ,06 OCT 2026,              10.00,          11850863,           2829.70,    33534387031.10
06 OCT 2026,VINEETLAB,EQ,VINEET LABORATORIES LTD  ,Listed    ,06 OCT 2026,              10.00,          19206266,             36.50,      701412834.30 
06 OCT 2026,VINNY,EQ,VINNY OVERSEAS LIMITED   ,Listed    ,06 OCT 2026,               1.00,         465246622,              0.90,      418721959.80     
06 OCT 2026,VINOD,SM,VINOD TEXWORLD LIMITED   ,Listed    ,06 OCT 2026,              10.00,          16158800,             41.25,      666550500.00     
06 OCT 2026,VINSYS,ST,VINSYS IT SERVICES IND LT,Listed    ,06 OCT 2026,              10.00,          14749857,            576.00,     8495917632.00    
06 OCT 2026,VINYAS,SM,VINYAS INNOVATIVE TECH L ,Listed    ,06 OCT 2026,              10.00,          12584726,           1412.10,    17770891584.60    
06 OCT 2026,VINYLINDIA,EQ,VINYL CHEMICALS (I) LTD. ,Listed    ,06 OCT 2026,               1.00,          18337111,            212.75,     3901587107.45
06 OCT 2026,VIPCLOTHNG,EQ,VIP CLOTHING LIMITED     ,Listed    ,06 OCT 2026,               2.00,          90129519,             20.30,     1829629235.70
06 OCT 2026,VIPIND,EQ,VIP INDUSTRIES LTD       ,Listed    ,06 OCT 2026,               2.00,         142053696,            288.10,    40925669817.60    
06 OCT 2026,VIPULLTD,BE,VIPUL LIMITED            ,Listed    ,06 OCT 2026,               1.00,         140959480,             10.20,     1437786696.00  
06 OCT 2026,VIRAT,EQ,VIRAT INDUSTRIES LTD.    ,Permitted ,06 OCT 2026,              10.00,          14523339,            347.70,     5049764970.30     
06 OCT 2026,VIRINCHI,EQ,VIRINCHI LIMITED         ,Listed    ,06 OCT 2026,              10.00,         112707372,             13.15,     1483229015.50  
06 OCT 2026,VIRTUALG,BE,VIRTUAL GLOBAL EDU LTD   ,Permitted ,06 OCT 2026,               1.00,         566163698,              0.40,      237788753.15  
06 OCT 2026,VISACHROME,EQ,VISA CHROME LIMITED      ,Listed    ,06 OCT 2026,              10.00,         145789500,             35.20,     5134706190.00
06 OCT 2026,VISAKAIND,BE,VISAKA INDUSTRIES LTD    ,Listed    ,06 OCT 2026,               2.00,          86404760,             81.65,     7053220558.80 
06 OCT 2026,VISAMAN,SM,VISAMAN GLOBAL SALES LTD ,Listed    ,06 OCT 2026,              10.00,          21271099,             24.60,      523269035.40   
06 OCT 2026,VISDEM,SM,VISDEM TECHNOSYS LIMITED ,Listed    ,06 OCT 2026,              10.00,          10272000,             95.10,      976867200.00    
06 OCT 2026,VISHAL,EQ,VISHAL FABRICS LTD.      ,Permitted ,06 OCT 2026,               5.00,         247610003,             17.50,     4333175052.50    
06 OCT 2026,VISHNU,EQ,VISHNU CHEMICALS LIMITED ,Listed    ,06 OCT 2026,               2.00,          67315284,            695.55,    46821145786.20    
06 OCT 2026,VISHNUINFR,SM,VISHNUSURYA PROJ N INFR L,Listed    ,06 OCT 2026,              10.00,          25925538,            146.40,     3795498763.20
06 OCT 2026,VISHWARAJ,EQ,VISHWARAJ SUGAR IND LTD  ,Listed    ,06 OCT 2026,               2.00,         217827700,              5.70,     1245974444.00 
06 OCT 2026,VISHWAS,SM,VISHWAS AGRI SEEDS LTD   ,Listed    ,06 OCT 2026,              10.00,          10000000,             42.25,      422500000.00   
06 OCT 2026,VISL,EQ,VEDANTA IRON AND STEEL L ,Listed    ,06 OCT 2026,               1.00,        3910388057,             30.75,   120244432752.75      
06 OCT 2026,VITAL,EQ,VITAL CHEMTECH LIMITED   ,Listed    ,06 OCT 2026,              10.00,          23951100,             53.20,     1273719498.00     
06 OCT 2026,VIVIANA,EQ,VIVIANA POWER TECH LTD   ,Listed    ,06 OCT 2026,              10.00,          10124800,            824.20,     8344860160.00   
06 OCT 2026,VIVIDEL,SM,VIVID ELECTROMECH LIMITED,Listed    ,06 OCT 2026,              10.00,           8887800,           1713.00,    15224801400.00   
06 OCT 2026,VIVIDHA,EQ,VISAGAR POLYTEX LTD      ,Listed    ,06 OCT 2026,               1.00,         292700534,              0.50,      149277272.35   
06 OCT 2026,VIVIMEDLAB,BE,VIVIMED LABS LIMITED     ,Listed    ,06 OCT 2026,               2.00,          82913915,              6.30,      520699386.20
06 OCT 2026,VIVO,ST,VIVO COLLAB SOLUTIONS LTD,Listed    ,05 OCT 2026,              10.00,           2015000,            147.00,      296205000.00      
06 OCT 2026,VIVOBIOT,EQ,VIVO BIO TECH LTD.       ,Permitted ,06 OCT 2026,              10.00,          22190628,             13.85,      307784010.35  
06 OCT 2026,VIYASH,EQ,VIYASH SCIENTIFIC LIMITED,Listed    ,06 OCT 2026,               2.00,         441627670,            233.25,   103000821474.10    
06 OCT 2026,VLEGOV,EQ,VL E GOV AND IT SOL LTD  ,Listed    ,06 OCT 2026,              10.00,         108451329,              9.35,     1016188952.75    
06 OCT 2026,VLINFRA,SM,V.L.INFRAPROJECTS LIMITED,Listed    ,06 OCT 2026,              10.00,          15712500,             24.75,      388884375.00   
06 OCT 2026,VLSFINANCE,EQ,VLS FINANCE LTD          ,Listed    ,06 OCT 2026,              10.00,          31378663,            233.90,     7339469275.70
06 OCT 2026,VMARCIND,SM,V MARC INDIA LIMITED     ,Listed    ,06 OCT 2026,              10.00,         146524176,            323.05,    47334635056.80  
06 OCT 2026,VMART,EQ,VMART RETAIL LTD         ,Listed    ,06 OCT 2026,              10.00,          79575390,            793.00,    63103284270.00     
06 OCT 2026,VMM,EQ,VISHAL MEGA MART LIMITED ,Listed    ,06 OCT 2026,              10.00,        4684808639,            100.95,   472931432107.05       
06 OCT 2026,VMOBILE,SM,VINIT MOBILE LIMITED     ,Listed    ,06 OCT 2026,              10.00,           6170000,             56.00,      345520000.00   
06 OCT 2026,VMSTMT,EQ,VMS TMT LIMITED          ,Listed    ,06 OCT 2026,              10.00,          49631210,             46.60,     2311821761.80    
06 OCT 2026,VOEPL,EQ,VIRTUOSO OPTOELECTRONIC L,Listed    ,06 OCT 2026,              10.00,          31833079,            511.15,    16271478330.85     
06 OCT 2026,VOGL,EQ,VEDANTA OIL AND GAS LTD  ,Listed    ,06 OCT 2026,               1.00,        3910388057,             31.40,   122825288870.35      
06 OCT 2026,VOITHPAPR,EQ,VOITH PAPER FABRICS IND L,Permitted ,06 OCT 2026,              10.00,           4392559,           1425.00,     6259396575.00 
06 OCT 2026,VOLERCAR,SM,VOLER CAR LIMITED        ,Listed    ,05 OCT 2026,              10.00,          11143527,            219.00,     2440432413.00  
06 OCT 2026,VOLTAMP,EQ,VOLTAMP TRANSFORMERS LTD ,Listed    ,06 OCT 2026,              10.00,          10117120,          10539.00,   106624327680.00   
06 OCT 2026,VOLTAS,EQ,VOLTAS LTD               ,Listed    ,06 OCT 2026,               1.00,         330884740,           1067.90,   353351813846.00    
06 OCT 2026,VPRPL,EQ,VISHNU PRAKASH R PUNGLI L,Listed    ,06 OCT 2026,              10.00,         124644000,             28.75,     3586007880.00     
06 OCT 2026,VR,SM,V R INFRASPACE LIMITED   ,Listed    ,30 SEP 2026,              10.00,           8880000,             95.95,      852036000.00        
06 OCT 2026,VRAJ,EQ,VRAJ IRON AND STEEL LTD  ,Listed    ,06 OCT 2026,              10.00,          32982619,            121.60,     4010686470.40      
06 OCT 2026,VRLLOG,EQ,VRL LOGISTICS LIMITED    ,Listed    ,06 OCT 2026,              10.00,         176686990,            284.95,    50346957800.50    
06 OCT 2026,VSCL,SM,VADIVARHE SPCLTY CHEM LTD,Listed    ,01 OCT 2026,              10.00,          15000000,             20.40,      306000000.00      
06 OCT 2026,VSSL,EQ,VARDHMAN SPC STEEL LTD   ,Listed    ,06 OCT 2026,              10.00,          96701178,            389.75,    37689284125.50      
06 OCT 2026,VSTIND,EQ,VST INDUSTRIES LTD       ,Listed    ,06 OCT 2026,              10.00,         169861120,            202.65,    34420657356.80    
06 OCT 2026,VSTL,EQ,VIBHOR STEEL TUBES LTD   ,Listed    ,06 OCT 2026,              10.00,          18962443,            108.55,     2058562812.10      
06 OCT 2026,VSTTILLERS,EQ,VST TILLERS TRACTORS LTD ,Listed    ,06 OCT 2026,              10.00,           8652754,           4426.30,    38299685030.20
06 OCT 2026,VTL,EQ,VARDHMAN TEXTILES LIMITED,Listed    ,06 OCT 2026,               2.00,         289576800,            549.40,   159093493920.00       
06 OCT 2026,VTMLTD,EQ,V T M LTD.               ,Listed    ,06 OCT 2026,               1.00,         100569000,             35.90,     3612438480.00    
06 OCT 2026,WAAREEENER,EQ,WAAREE ENERGIES LIMITED  ,Listed    ,06 OCT 2026,              10.00,         287651335,           2398.00,   689787901330.00
06 OCT 2026,WAAREEINDO,EQ,INDOSOLAR LIMITED        ,Listed    ,06 OCT 2026,              10.00,          41603691,            208.05,     8655647912.55
06 OCT 2026,WAAREERTL,EQ,WAAREE RENEWABLE TECH LTD,Listed    ,06 OCT 2026,               2.00,         104379217,            825.95,    86212014281.15 
06 OCT 2026,WABAG,EQ,VA TECH WABAG LTD        ,Listed    ,06 OCT 2026,               2.00,          62491568,           2006.90,   125414327819.20     
06 OCT 2026,WAKEFIT,EQ,WAKEFIT INNOVATIONS LTD  ,Listed    ,06 OCT 2026,               1.00,         331645219,            136.00,    45097116879.60   
06 OCT 2026,WALCHANNAG,EQ,WALCHANDNAGAR INDUSTRIES ,Listed    ,06 OCT 2026,               2.00,          67904532,            204.15,    13864068298.45
06 OCT 2026,WALPAR,SM,WALPAR NUTRITIONS LIMITED,Listed    ,05 OCT 2026,              10.00,           9390440,             26.10,      245090484.00    
06 OCT 2026,WANBURY,EQ,WANBURY LIMITED          ,Listed    ,06 OCT 2026,              10.00,          34966928,            197.85,     6918906043.35   
06 OCT 2026,WARDINMOBI,BZ,WARDWIZARD INNO & MOB L  ,Permitted ,06 OCT 2026,               1.00,         300817446,              5.10,     1537177149.05
06 OCT 2026,WATERBASE,EQ,WATERBASE LTD.           ,Permitted ,06 OCT 2026,              10.00,          41426779,             44.80,     1855919699.20 
06 OCT 2026,WCIL,EQ,WESTERN CARRIERS (IND) L ,Listed    ,06 OCT 2026,               5.00,         101955213,             87.75,     8947589492.90      
06 OCT 2026,WEALTH,EQ,WEALTH FRST PORT. MG. LTD,Listed    ,06 OCT 2026,              10.00,          10655000,            855.15,     9111623250.00    
06 OCT 2026,WEBELSOLAR,EQ,WEBSOL ENERGY SYSTEM LTD ,Listed    ,06 OCT 2026,               1.00,         434163470,             70.90,    30777848388.30
06 OCT 2026,WEIZMANIND,EQ,WEIZMANN LTD             ,Listed    ,06 OCT 2026,              10.00,          15493852,             70.40,     1090612242.30
06 OCT 2026,WEL,EQ,WONDER ELECTRICALS LTD   ,Listed    ,06 OCT 2026,               1.00,         134008000,             74.60,     9999676960.00       
06 OCT 2026,WELCORP,EQ,WELSPUN CORP LIMITED     ,Listed    ,06 OCT 2026,               5.00,         263790645,           2660.90,   701920527280.50   
06 OCT 2026,WELENT,EQ,WELSPUN ENTERPRISES LTD. ,Listed    ,06 OCT 2026,              10.00,         138413810,            718.30,    99422639723.00    
06 OCT 2026,WELINV,BE,WELSPUN INV & COMM LTD   ,Listed    ,06 OCT 2026,              10.00,           3654476,           2440.00,     8916921440.00    
06 OCT 2026,WELSPLSOL,EQ,WELSPUN SPECIALTY SOL L  ,Permitted ,06 OCT 2026,               6.00,         662611445,             52.00,    34449169025.55 
06 OCT 2026,WELSPUNLIV,EQ,WELSPUN LIVING LIMITED   ,Listed    ,06 OCT 2026,               1.00,         944752514,            237.85,   224718832980.05
06 OCT 2026,WENDT,EQ,WENDT (INDIA) LIMITED    ,Listed    ,06 OCT 2026,              10.00,           2000000,           8097.50,    16195000000.00     
06 OCT 2026,WESTLIFE,EQ,WESTLIFE FOODWORLD LTD   ,Listed    ,06 OCT 2026,               2.00,         155936165,            594.60,    92719643709.00  
06 OCT 2026,WEWIN,EQ,WE WIN LIMITED           ,Listed    ,06 OCT 2026,              10.00,          10161000,             51.90,      527559120.00     
06 OCT 2026,WEWORK,EQ,WEWORK INDIA MANAGEMENT L,Listed    ,06 OCT 2026,              10.00,         138870213,            664.90,    92334804623.70    
06 OCT 2026,WHBRADY,EQ,W H BRADY & CO. LTD.     ,Permitted ,06 OCT 2026,              10.00,           2550000,            485.00,     1236750000.00   
06 OCT 2026,WHEELS,EQ,WHEELS INDIA LTD         ,Listed    ,06 OCT 2026,              10.00,          25665043,           2289.00,    58747283427.00    
06 OCT 2026,WHIRLPOOL,EQ,WHIRLPOOL OF INDIA LTD   ,Listed    ,06 OCT 2026,              10.00,         126871830,            867.80,   110099374074.00 
06 OCT 2026,WHITEFORCE,SM,HAPPY SQUARE OUTSOURC S L,Listed    ,06 OCT 2026,              10.00,          11600400,             37.50,      435015000.00
06 OCT 2026,WILLAMAGOR,EQ,WILLIAMSON MAGOR         ,Listed    ,06 OCT 2026,              10.00,          10956360,             21.90,      239725156.80
06 OCT 2026,WINDLAS,EQ,WINDLAS BIOTECH LIMITED  ,Listed    ,06 OCT 2026,               5.00,          20636229,           1036.20,    21383260489.80   
06 OCT 2026,WINDMACHIN,EQ,WINDSOR MACHINES LIMITED ,Listed    ,06 OCT 2026,               2.00,         103459417,            294.85,    30505009102.45
06 OCT 2026,WINNY,SM,WINNY IMMIGRA & EDU SER L,Listed    ,05 OCT 2026,              10.00,           2170000,             34.05,       73888500.00     
06 OCT 2026,WINSOL,SM,WINSOL ENGINEERS LIMITED ,Listed    ,06 OCT 2026,              10.00,          11535200,            107.95,     1245224840.00    
06 OCT 2026,WIPL,EQ,THE WESTERN INDIA PLY LTD,Listed    ,06 OCT 2026,              10.00,           8487340,            161.65,     1371978511.00      
06 OCT 2026,WIPRO,EQ,WIPRO LTD                ,Listed    ,06 OCT 2026,               2.00,        9905245732,            161.85,  1603064969266.90     
06 OCT 2026,WOCKPHARMA,EQ,WOCKHARDT LIMITED        ,Listed    ,06 OCT 2026,               5.00,         162492169,           2176.40,   353647956611.60
06 OCT 2026,WOL3D,SM,WOL 3D INDIA LIMITED     ,Listed    ,05 OCT 2026,              10.00,           6452000,            134.00,      864568000.00     
06 OCT 2026,WOMANCART,ST,WOMANCART LIMITED        ,Listed    ,06 OCT 2026,              10.00,           8212800,             93.60,      768718080.00 
06 OCT 2026,WONDERLA,EQ,WONDERLA HOLIDAYS LTD.   ,Listed    ,06 OCT 2026,              10.00,          63465153,            509.70,    32348188484.10  
06 OCT 2026,WORTHPERI,EQ,WORTH PERIPHERALS LIMITED,Listed    ,06 OCT 2026,              10.00,          15751000,            141.10,     2222308590.00 
06 OCT 2026,WPIL,EQ,W P I L LTD.             ,Permitted ,06 OCT 2026,               1.00,          97670800,            444.15,    43380485820.00      
06 OCT 2026,WSI,EQ,W.S.INDUSTRIES (I) LTD.  ,Listed    ,06 OCT 2026,              10.00,          75895318,             51.80,     3930618519.20       
06 OCT 2026,WSTCSTPAPR,EQ,WEST COAST PAPER MILLS LT,Listed    ,06 OCT 2026,               2.00,          66048908,            753.05,    49738130169.40
06 OCT 2026,WTICAB,SM,WISE TRAVEL INDIA LIMITED,Listed    ,06 OCT 2026,              10.00,          23811837,             99.40,     2366896597.80    
06 OCT 2026,XCHANGING,EQ,XCHANGING SOLUTIONS LTD  ,Listed    ,06 OCT 2026,              10.00,         111403716,             61.85,     6891433871.75 
06 OCT 2026,XELPMOC,EQ,XELPMOC DESIGN & TECH LTD,Listed    ,06 OCT 2026,              10.00,          14822321,             85.60,     1269087124.00   
06 OCT 2026,XPROINDIA,EQ,XPRO INDIA LIMITED       ,Listed    ,06 OCT 2026,              10.00,          23470378,           1136.10,    26664696445.80 
06 OCT 2026,XTGLOBAL,EQ,XTGLOBAL INFOTECH LIMITED,Listed    ,06 OCT 2026,               1.00,         134123705,             27.60,     3703155495.05  
06 OCT 2026,XTRANET,EQ,XTRANET TECHNOLOGIES LTD ,Listed    ,06 OCT 2026,              10.00,          52285700,            300.30,    15701395710.00   
06 OCT 2026,YAAP,SM,YAAP DIGITAL LIMITED     ,Listed    ,06 OCT 2026,              10.00,          20933000,            125.00,     2616625000.00      
06 OCT 2026,YASHO,EQ,YASHO INDUSTRIES LIMITED ,Listed    ,06 OCT 2026,              10.00,          12057095,           4282.80,    51638126466.00     
06 OCT 2026,YASHOPTICS,SM,YASH OPTICS & LENS LTD   ,Listed    ,06 OCT 2026,              10.00,          24765600,            127.00,     3145231200.00
06 OCT 2026,YATHARTH,EQ,YATHARTH HOSP & TRA C S L,Listed    ,06 OCT 2026,              10.00,          96354357,           1058.80,   102019993191.60  
06 OCT 2026,YATRA,EQ,YATRA ONLINE LIMITED     ,Listed    ,06 OCT 2026,               1.00,         156916193,            101.50,    15923855265.65     
06 OCT 2026,YCCL,SM,YASONS CHEMEX CARE LTD   ,Listed    ,30 SEP 2026,              10.00,          19303920,              8.50,      164083320.00      
06 OCT 2026,YESBANK,EQ,YES BANK LIMITED         ,Listed    ,06 OCT 2026,               2.00,       31388445931,             20.85,   654762982120.65   
06 OCT 2026,YOGI,EQ,YOGI LTD.                ,Permitted ,06 OCT 2026,              10.00,          45000000,            161.00,     7245000000.00      
06 OCT 2026,YUDIZ,SM,YUDIZ SOLUTIONS LIMITED  ,Listed    ,01 OCT 2026,              10.00,          10319375,             24.05,      248180968.75     
06 OCT 2026,YUKEN,EQ,YUKEN INDIA LIMITED      ,Listed    ,06 OCT 2026,              10.00,          13584000,           1238.60,    16825142400.00     
06 OCT 2026,ZAGGLE,EQ,ZAGGLE PREPA OCEAN SER L ,Listed    ,06 OCT 2026,               1.00,         134458445,            171.90,    23110717526.60    
06 OCT 2026,ZEAL,SM,ZEAL GLOBAL SERVICES LTD ,Listed    ,06 OCT 2026,              10.00,          13309750,             70.70,      940999325.00      
06 OCT 2026,ZEEL,EQ,ZEE ENTERTAINMENT ENT LTD,Listed    ,06 OCT 2026,               1.00,         960519420,             72.40,    69560816396.40      
06 OCT 2026,ZEELEARN,EQ,ZEE LEARN LIMITED        ,Listed    ,06 OCT 2026,               1.00,         327731291,              6.35,     2087648323.65  
06 OCT 2026,ZEEMEDIA,EQ,ZEE MEDIA CORPORATION LTD,Listed    ,06 OCT 2026,               1.00,         655428680,              7.20,     4732195069.60  
06 OCT 2026,ZENITHDRUG,SM,ZENITH DRUGS LIMITED     ,Listed    ,06 OCT 2026,              10.00,          17148800,             42.05,      721107040.00
06 OCT 2026,ZENITHEXPO,EQ,ZENITH EXPORTS LTD       ,Listed    ,06 OCT 2026,              10.00,           5396250,            187.55,     1012120650.00
06 OCT 2026,ZENITHSTL,EQ,ZENITH STEEL PIP IND LTD ,Listed    ,06 OCT 2026,              10.00,         142280448,              5.25,      746972352.00 
06 OCT 2026,ZENSARTECH,EQ,ZENSAR TECHNOLOGIES  LTD ,Listed    ,06 OCT 2026,               2.00,         227580713,            445.45,   101375828605.85
06 OCT 2026,ZENTEC,EQ,ZEN TECHNOLOGIES LIMITED ,Listed    ,06 OCT 2026,               1.00,          90290356,           1614.30,   145755721690.80    
06 OCT 2026,ZFCVINDIA,EQ,ZF COM VE CTR SYS IND LTD,Listed    ,06 OCT 2026,               5.00,         113805504,           2187.40,   248938159449.60 
06 OCT 2026,ZFSTEERING,EQ,Z F STEERING GEAR (I) LTD,Permitted ,06 OCT 2026,              10.00,           9073300,            710.25,     6444311325.00
06 OCT 2026,ZIMLAB,EQ,ZIM LABORATORIES LIMITED ,Listed    ,06 OCT 2026,              10.00,          53658488,            138.55,     7435456682.15    
06 OCT 2026,ZODIAC,EQ,ZODIAC ENERGY LIMITED    ,Listed    ,06 OCT 2026,              10.00,          15152633,            212.65,     3222207407.45    
06 OCT 2026,ZODIACLOTH,EQ,ZODIAC CLOTHING CO. LTD. ,Listed    ,06 OCT 2026,              10.00,          27458131,             66.65,     1830633593.75
06 OCT 2026,ZOTA,EQ,ZOTA HEALTH CARE LIMITED ,Listed    ,06 OCT 2026,              10.00,          34632587,           1278.60,    44281225738.20      
06 OCT 2026,ZSARACOM,EQ,SARASWATI COMM (INDIA) L ,Permitted ,06 OCT 2026,              10.00,           1095928,           9961.00,    10916538808.00  
06 OCT 2026,ZTECH,SM,Z-TECH (INDIA) LIMITED   ,Listed    ,06 OCT 2026,              10.00,          14871448,            488.15,     7259497341.20     
06 OCT 2026,ZUARI,EQ,ZUARI AGRO CHEMICALS LTD ,Listed    ,06 OCT 2026,              10.00,          42058006,            218.30,     9180421549.70     
06 OCT 2026,ZUARIIND,EQ,ZUARI INDUSTRIES LIMITED ,Listed    ,06 OCT 2026,              10.00,          29781184,            288.45,     8590382524.80  
06 OCT 2026,ZYDUSLIFE,EQ,ZYDUS LIFESCIENCES LTD   ,Listed    ,06 OCT 2026,               1.00,         997503832,           1159.50,  1156605693204.00 
06 OCT 2026,ZYDUSWELL,EQ,ZYDUS WELLNESS LIMITED   ,Listed    ,06 OCT 2026,               2.00,         318160720,            502.40,   159843945728.00 
06 OCT 2026,Listed    ,  ,                         ,          ,           ,               0.00,                 0,              0.00,465867428453064.70
06 OCT 2026,Permitted ,  ,                         ,          ,           ,               0.00,                 0,              0.00,  3778952198493.25
06 OCT 2026,Total     ,  ,                         ,          ,           ,               0.00,                 0,              0.00,469646380651557.94
