,09-Jul-2026
The Nifty witnessed an intraday movement of about 209.0 points.The closing index was 0.34 % up as compared to the previous closing index.

, Traded Value (Rs. In Crores), 124498.75
, Traded Quantity (in Lakhs), 52705.58
, Number of Trades, 38450400
, Total Market Capitalisation (Rs. Crores), 47557244.66

,INDEX,PREVIOUS CLOSE,OPEN,HIGH,LOW,CLOSE,GAIN/LOSS
,Nifty 50,     23882.05,     23928.95,     24134.70,     23925.70,     23962.80,80.75
,NIFTY50 EQL Wgt,     32395.55,     32452.85,     32675.20,     32442.75,     32488.20,92.65
,NIFTY100 EQL Wgt,     33997.70,     34039.35,     34307.40,     34039.20,     34200.90,203.20
,NIFTY100 LowVol30,     19864.70,     19883.80,     20054.20,     19875.40,     19941.70,77.00
,NIFTY Alpha 50,     52893.50,     53063.90,     53636.70,     53057.75,     53498.80,605.30
,NIFTY MIDCAP 150,     22537.85,     22606.95,     22901.90,     22604.25,     22855.75,317.90
,NIFTY SMLCAP 50,      9306.85,      9334.85,      9495.15,      9323.70,      9477.95,171.10
,NIFTY SMLCAP 250,     17597.90,     17652.25,     17914.95,     17644.85,     17875.70,277.80
,NIFTY MIDSML 400,     20740.45,     20804.20,     21085.70,     20802.40,     21044.95,304.50
,NIFTY200 QUALTY30,     19776.05,     19807.60,     19929.80,     19764.40,     19840.00,63.95
,Nifty FinSrv25 50,     28678.35,     28731.40,     28986.05,     28722.60,     28872.90,194.55
,NIFTY AlphaLowVol,     26568.75,     26616.20,     26890.90,     26616.20,     26748.75,180.00
,Nifty200Momentm30,     30099.25,     30187.85,     30440.65,     30181.85,     30289.75,190.50
,Nifty100ESGSecLdr,      4018.00,      4023.95,      4060.70,      4023.75,      4032.65,14.65
,NIFTY100 ESG,      4884.20,      4889.70,      4927.60,      4889.35,      4904.60,20.40
,NIFTY M150 QLTY50,     23617.30,     23692.60,     23941.75,     23689.15,     23878.00,260.70
,NIFTY INDIA MFG,     15740.10,     15766.10,     15856.60,     15762.60,     15793.30,53.20
,Nifty200 Alpha 30,     25748.05,     25826.00,     26114.25,     25821.55,     25994.90,246.85
,NiftyM150Momntm50,     61207.70,     61415.40,     62233.85,     61405.95,     62116.65,908.95
,Nifty50 USD,      8659.30,      8659.30,      8765.20,      8659.25,      8710.35,51.05
,Nifty IT,     27555.20,     27495.50,     27646.45,     27014.50,     27471.25,-83.95
,Nifty Next 50,     70898.75,     70970.25,     71681.65,     70964.35,     71485.85,587.10
,Nifty Bank,     56742.60,     56871.00,     57464.20,     56867.30,     57252.45,509.85
,NIFTY MIDCAP 100,     61322.75,     61512.45,     62313.70,     61503.60,     62166.85,844.10
,Nifty 500,     22908.05,     22958.35,     23175.25,     22956.40,     23081.15,173.10
,Nifty 100,     24883.05,     24927.60,     25132.80,     24925.25,     24989.25,106.20
,Nifty Midcap 50,     17604.45,     17651.95,     17892.40,     17648.15,     17844.50,240.05
,Nifty Realty,       875.95,       878.85,       910.20,       878.00,       906.95,31.00
,Nifty Infra,      9249.95,      9277.05,      9398.35,      9277.00,      9325.70,75.75
,Nifty Energy,     38695.65,     38838.20,     39048.00,     38773.75,     38838.10,142.45
,Nifty FMCG,     48977.40,     49094.95,     49657.40,     49094.95,     49350.15,372.75
,Nifty MNC,     32288.05,     32360.15,     32589.05,     32360.15,     32466.20,178.15
,Nifty Pharma,     25429.80,     25422.40,     25935.65,     25382.55,     25656.25,226.45
,Nifty PSE,      9804.25,      9827.05,      9863.05,      9789.10,      9805.25,1.00
,Nifty PSU Bank,      8072.30,      8096.25,      8226.40,      8089.80,      8203.20,130.90
,Nifty Serv Sector,     30679.15,     30728.05,     31039.30,     30722.00,     30861.65,182.50
,Nifty Auto,     26733.40,     26775.95,     26946.20,     26613.90,     26676.35,-57.05
,Nifty Metal,     12468.70,     12506.35,     12579.40,     12422.00,     12503.30,34.60
,Nifty Media,      1452.45,      1455.20,      1492.45,      1450.80,      1482.80,30.35
,NIFTY SMLCAP 100,     18783.30,     18846.40,     19162.60,     18831.35,     19120.85,337.55
,Nifty 200,     13767.70,     13795.95,     13918.35,     13794.60,     13852.55,84.85
,Nifty Div Opps 50,      5711.75,      5719.50,      5751.10,      5697.60,      5725.05,13.30
,Nifty Commodities,      9760.75,      9789.85,      9843.75,      9760.20,      9774.10,13.35
,Nifty Consumption,     11628.60,     11659.30,     11790.00,     11659.30,     11700.40,71.80
,Nifty Fin Service,     26323.75,     26366.80,     26592.95,     26361.25,     26482.45,158.70
,Nifty50 Div Point,       128.89,       130.24,       130.24,       130.24,       130.24,1.35
,Nifty100 Liq 15,      7341.55,      7357.80,      7440.75,      7357.75,      7398.00,56.45
,Nifty CPSE,      6614.75,      6641.95,      6664.00,      6578.70,      6589.65,-25.10
,Nifty GrowSect 15,     10847.00,     10847.30,     10906.40,     10811.45,     10828.90,-18.10
,Nifty50 PR 2x Lev,     11791.55,     11836.15,     12037.95,     11833.85,     11869.55,78.00
,Nifty50 PR 1x Inv,       221.45,       221.05,       221.05,       219.15,       220.70,-0.75
,Nifty50 TR 2x Lev,     17877.90,     17947.60,     18253.55,     17944.05,     17998.20,120.30
,Nifty50 TR 1x Inv,       180.15,       179.80,       179.80,       178.25,       179.55,-0.60
,Nifty50 Value 20,     11867.00,     11891.50,     11961.70,     11859.65,     11880.55,13.55
,Nifty Mid Liq 15,     16356.55,     16408.25,     16685.80,     16407.95,     16651.75,295.20
,Nifty Pvt Bank,     27591.65,     27660.60,     27896.20,     27655.80,     27762.80,171.15
,NIFTY100 Qualty30,      5459.35,      5460.55,      5478.50,      5444.70,      5452.30,-7.05
,Nifty GS 8 13Yr,      3043.45,      3044.01,      3049.82,      3043.66,      3048.27,4.82
,Nifty GS 10Yr,      2669.48,      2669.99,      2674.91,      2669.30,      2673.35,3.87
,Nifty GS 10Yr Cln,       879.35,       879.35,       880.99,       879.12,       880.47,1.12
,Nifty GS 4 8Yr,      3324.16,      3324.76,      3326.16,      3323.78,      3323.85,-0.31
,Nifty GS 11 15Yr,      3370.26,      3370.91,      3373.29,      3366.28,      3370.72,0.46
,Nifty GS 15YrPlus,      3576.43,      3577.15,      3586.37,      3576.57,      3583.34,6.91
,Nifty GS Compsite,      3136.52,      3137.10,      3143.49,      3136.39,      3141.48,4.96
,NIFTY HEALTHCARE,     16145.75,     16142.70,     16467.90,     16123.05,     16307.25,161.50
,NIFTY CONSR DURBL,     37209.60,     37503.85,     38090.50,     37473.75,     37835.85,626.25
,NIFTY OIL AND GAS,     10998.55,     11026.50,     11109.10,     10969.05,     11032.85,34.30
,NIFTY500 MULTICAP,     16199.50,     16238.90,     16406.35,     16237.65,     16354.95,155.45
,NIFTY LARGEMID250,     16380.00,     16419.75,     16584.25,     16418.05,     16530.20,150.20
,NIFTY MID SELECT,     14419.10,     14454.75,     14686.50,     14454.75,     14654.80,235.70
,NIFTY TOTAL MKT,     12920.85,     12949.65,     13076.15,     12948.65,     13024.95,104.10
,NIFTY MICROCAP250,     24682.55,     24755.95,     25237.70,     24755.95,     25157.35,474.80
,NIFTY IND DIGITAL,      7938.65,      7945.55,      8055.40,      7925.90,      8025.65,87.00
,Nifty Tata 25 Cap,     13863.90,     13919.30,     13947.35,     13830.15,     13868.35,4.45
,Nifty MidSml Hlth,     49861.10,     49963.25,     51011.40,     49935.90,     50631.75,770.65
,Nifty Multi Mfg,     16130.70,     16165.55,     16290.05,     16164.30,     16212.40,81.70
,Nifty Multi Infra,     14414.15,     14463.65,     14647.40,     14463.60,     14575.00,160.85
,BHARATBOND-APR30,      1604.94,      1605.26,      1605.26,      1605.18,      1605.18,0.24
,BHARATBOND-APR31,      1459.38,      1459.66,      1459.66,      1459.66,      1459.66,0.28
,BHARATBOND-APR32,      1327.51,      1327.77,      1327.77,      1327.77,      1327.77,0.26
,BHARATBOND-APR33,      1287.11,      1287.36,      1287.36,      1287.35,      1287.35,0.24
,Nifty Ind Defence,      9324.05,      9332.35,      9377.75,      9253.45,      9309.25,-14.80
,Nifty Ind Tourism,      7950.55,      7954.65,      8089.10,      7954.65,      8042.00,91.45
,Nifty Capital Mkt,      5348.50,      5372.35,      5481.50,      5372.00,      5472.15,123.65
,Nifty500Momentm50,     52400.65,     52568.55,     53212.95,     52563.05,     53068.90,668.25
,NiftyMS400 MQ 100,     49611.70,     49755.55,     50418.85,     49750.05,     50323.85,712.15
,NiftySml250MQ 100,     46237.75,     46366.35,     47068.55,     46333.55,     46959.95,722.20
,Nifty Top 10 EW,      8455.45,      8473.55,      8536.00,      8452.85,      8477.95,22.50
,Nifty AQL 30,     22709.65,     22740.70,     22921.45,     22727.75,     22834.60,124.95
,Nifty AQLV 30,     20059.05,     20087.65,     20210.05,     20076.60,     20117.40,58.35
,Nifty EV,      3082.70,      3090.00,      3104.60,      3083.60,      3091.15,8.45
,Nifty HighBeta 50,      4267.25,      4280.45,      4374.05,      4280.45,      4363.65,96.40
,Nifty New Consump,     11527.75,     11566.45,     11710.30,     11566.45,     11676.85,149.10
,Nifty Corp MAATR,     38070.05,     38152.35,     38439.30,     38120.05,     38178.40,108.35
,Nifty Low Vol 50,     24355.15,     24386.55,     24563.40,     24381.85,     24459.65,104.50
,Nifty Mobility,     22236.00,     22266.85,     22463.50,     22266.80,     22356.25,120.25
,Nifty Qlty LV 30,     16388.70,     16404.00,     16543.95,     16395.90,     16451.20,62.50
,Nifty Sml250 Q50,     24570.60,     24660.90,     24964.90,     24609.15,     24887.20,316.60
,Nifty Top 15 EW,      9632.60,      9644.20,      9708.05,      9620.75,      9636.45,3.85
,Nifty100 Alpha 30,     17865.85,     17909.60,     18018.45,     17848.15,     17874.30,8.45
,Nifty100 Enh ESG,      4917.30,      4922.80,      4961.00,      4922.45,      4937.70,20.40
,Nifty200 Value 30,     14822.50,     14858.50,     14956.95,     14831.15,     14903.30,80.80
,Nifty500 EW,     14571.95,     14611.95,     14797.00,     14611.85,     14762.20,190.25
,Nifty Multi MQ 50,     40539.15,     40652.00,     40958.50,     40640.80,     40865.20,326.05
,Nifty500 Value 50,     15817.40,     15854.80,     15976.40,     15827.85,     15915.55,98.15
,Nifty Top 20 EW,      8612.10,      8623.80,      8690.60,      8614.70,      8628.70,16.60
,Nifty CoreHousing,     15427.10,     15468.30,     15724.50,     15468.30,     15679.05,251.95
,Nifty FinSerExBnk,     31414.70,     31430.75,     31879.60,     31422.15,     31785.50,370.80
,Nifty Housing,     11872.55,     11913.15,     12005.55,     11913.05,     11942.80,70.25
,Nifty IPO,      2259.55,      2269.30,      2307.25,      2269.25,      2302.75,43.20
,Nifty MS Fin Serv,     21945.40,     21994.85,     22326.50,     21989.90,     22290.75,345.35
,Nifty MS Ind Cons,     18461.45,     18533.30,     18859.95,     18533.30,     18803.50,342.05
,Nifty MS IT Telcm,      9228.95,      9248.90,      9364.50,      9189.90,      9328.05,99.10
,Nifty NonCyc Cons,     15180.95,     15228.70,     15437.95,     15226.65,     15342.40,161.45
,Nifty Rural,     15182.40,     15214.00,     15359.75,     15214.00,     15272.15,89.75
,Nifty Shariah 25,      7724.75,      7730.70,      7791.75,      7713.30,      7754.80,30.05
,Nifty Trans Logis,     24816.70,     24854.65,     25086.00,     24854.65,     24929.40,112.70
,Nifty50 Shariah,      4174.75,      4173.50,      4197.90,      4146.25,      4169.55,-5.20
,Nifty500 LMS Eql,     18078.80,     18126.65,     18334.10,     18125.30,     18284.45,205.65
,Nifty500 Shariah,      6791.90,      6800.95,      6866.10,      6791.40,      6844.75,52.85
,Nifty500 Qlty50,     19335.45,     19385.85,     19541.80,     19363.40,     19481.90,146.45
,Nifty500 LowVol50,     21918.90,     21954.95,     22143.65,     21952.85,     22006.00,87.10
,Nifty500 MQVLv50,     30546.95,     30619.15,     30881.65,     30584.60,     30811.45,264.50
,Nifty500 Flexicap,      9627.00,      9657.00,      9750.90,      9642.20,      9713.95,86.95
,Nifty TMMQ 50,     42878.40,     43003.45,     43392.00,     43001.85,     43291.65,413.25
,Nifty FPI 150,      1536.70,      1539.50,      1552.85,      1539.30,      1545.40,8.70
,Nifty SME Emerge,     13828.90,     13838.70,     14006.75,     13837.60,     13995.30,166.40
,Nifty Internet,      1313.45,      1315.15,      1349.45,      1315.15,      1344.00,30.55
,Nifty Chemicals,     29147.40,     29201.40,     29453.70,     29160.90,     29345.75,198.35
,Nifty Waves,      1929.25,      1936.70,      1971.10,      1933.35,      1961.75,32.50
,Nifty InfraLog,     12061.85,     12095.20,     12228.75,     12095.20,     12181.80,119.95
,Nifty500 Health,     20900.85,     20910.70,     21307.05,     20889.95,     21112.40,211.55
,Nifty RailwaysPSU,      2795.70,      2800.10,      2820.55,      2797.40,      2806.60,10.90
,NiftyConglomerate,     14597.15,     14623.20,     14717.70,     14610.30,     14636.20,39.05
,Nifty MidSmall 50 50,     20206.85,     20269.00,     20548.20,     20267.65,     20508.90,302.05
,Nifty Cement,     14873.50,     14896.45,     15163.75,     14896.45,     15089.35,215.85
,Nifty Smallcap 500,     19956.35,     20016.55,     20333.75,     20016.30,     20284.65,328.30
,Nifty REITs Realty,      1913.90,      1920.40,      1946.50,      1918.15,      1940.60,26.70
,India VIX,14.6800,14.6800,14.6800,13.0675,13.3625,-1.3175

,ADVANCES,2610
,DECLINES,875
,UNCHANGED,100

,Total securities that have hit their price bands today,222

,TOP 25 Securities Today :
,SYMBOL,SERIES,PREV. CLOSE,CLOSE PRICE,%VAR,VALUE(Rs Crs)
,KALYANKJIL,EQ,       374.15,       443.00,18.40,5005.83
,HDFCBANK,EQ,       810.30,       817.55,0.89,3265.69
,CUPID,EQ,       196.98,       210.01,6.61,2181.58
,BHARTIARTL,EQ,      1888.10,      1931.10,2.28,2161.19
,LT,EQ,      3892.10,      3886.00,-0.16,2004.49
,ICICIBANK,EQ,      1380.60,      1380.70,0.01,1934.69
,RELIANCE,EQ,      1275.90,      1279.80,0.31,1885.02
,SWIGGY,EQ,       261.41,       280.95,7.47,1554.80
,ETERNAL,EQ,       286.70,       292.45,2.01,1467.81
,KAYNES,EQ,      3210.70,      3429.10,6.80,1205.71
,BAJFINANCE,EQ,      1010.40,      1003.80,-0.65,1175.94
,KOTAKBANK,EQ,       370.10,       377.15,1.90,1146.66
,ITDC,EQ,       723.40,       728.10,0.65,1131.24
,DIXON,EQ,     12934.00,     13477.00,4.20,1113.28
,PCJEWELLER,EQ,         9.62,         9.83,2.18,1099.73
,DRREDDY,EQ,      1349.00,      1269.50,-5.89,1088.86
,INFY,EQ,      1069.30,      1050.80,-1.73,947.55
,M&M,EQ,      3102.50,      3085.40,-0.55,906.95
,JINDRILL,EQ,       601.05,       620.75,3.28,882.00
,BSE,EQ,      3739.10,      3805.70,1.78,881.91
,LENSKART,EQ,       536.55,       545.95,1.75,862.36
,SUNPHARMA,EQ,      1888.20,      1938.70,2.67,860.47
,LODHA,EQ,      1115.10,      1192.15,6.91,819.02
,TITAN,EQ,      4586.40,      4555.80,-0.67,818.58
,VISL,EQ,        34.76,        33.03,-4.98,810.79

,Top Five Nifty 50 Gainers:
,SYMBOL,SERIES,CLOSE PRICE,PREV.CLOSE,%CHANGE
,SUNPHARMA,EQ,      1938.70,      1888.20,2.67
,BHARTIARTL,EQ,      1931.10,      1888.10,2.28
,BAJAJFINSV,EQ,      1895.00,      1854.90,2.16
,INDIGO,EQ,      5229.50,      5124.00,2.06
,ETERNAL,EQ,       292.45,       286.70,2.01

,Top Five Nifty 50 Losers:
,SYMBOL,SERIES,CLOSE PRICE,PREV.CLOSE,%CHANGE
,DRREDDY,EQ,      1269.50,      1349.00,-5.89
,INFY,EQ,      1050.80,      1069.30,-1.73
,MARUTI,EQ,     13728.00,     13951.00,-1.60
,NTPC,EQ,       343.70,       348.70,-1.43
,ONGC,EQ,       243.65,       247.00,-1.36

,Securities Price Volume Data in Normal market
,SYMBOL,SERIES,CLOSE PRICE,TRADED VALUE,TRADED QUANTITY
,1003ISFL28,N4,      1019.20,                    20384.10,20
,1015ECL29,NR,      1018.69,                    31534.39,31
,1015SCL29B,N1,      1089.59,                    31598.11,29
,1015UCL27,NF,       999.00,                    84879.50,85
,1018GS2026,GS,       103.50,                  2021524.40,20255
,1025IIFL30,Y3,      1030.00,                  1030000.00,1000
,1025SCL34B,N1,      1025.00,                    72775.00,71
,1050ISFL28,N5,      1051.80,                    21056.00,20
,1050UCL28,NH,      1015.01,                   172551.00,170
,105IIFL29,N7,      1090.00,                    52320.00,48
,1065NFL27,NC,      1018.99,                     2037.98,2
,1075SCL33,YK,      1054.38,                   105438.90,100
,1075WCA28,N0,      9995.00,                     9995.00,1
,10CAGL27,N5,      1015.00,                    31565.00,31
,10IIFL28,N4,      1079.01,                   768958.02,712
,10IIFL28A,NE,      1029.00,                   123480.00,120
,10IIFL29,N6,      1013.00,                   223945.00,221
,10IIFLSF27,NB,       998.56,                   715660.87,727
,10MWL29,N0,     98500.00,                   291375.00,3
,1119NFL27,ND,      1012.56,                   215650.43,214
,118VCCL27B,N0,     99490.00,                    99490.00,1
,1225IFL27,N0,      7464.91,                    97378.92,13
,1225IFL28,N0,      7500.00,                     7500.00,1
,125VCCL31,N0,     96500.00,                  1447500.00,15
,12AFIL27,N0,      9943.97,                  1491595.50,150
,12AFIL27A,N0,      9978.33,                   449024.85,45
,182D081026,TB,        98.00,                     9800.00,100
,20MICRONS,EQ,       193.94,                 23418619.23,120012
,21STCENMGM,EQ,        31.35,                    21668.00,690
,360ONE,EQ,      1100.20,               1124785199.00,1022506
,364D150127,TB,        96.50,                    19300.00,200
,364D280527,TB,        94.85,                     9485.00,100
,3BBLACKBIO,EQ,      1167.70,                  5659737.90,4778
,3IINFOLTD,EQ,        18.24,                  8751986.67,479311
,3MINDIA,EQ,     34745.00,                225278220.00,6446
,3PLAND,EQ,        32.63,                   222683.52,7028
,5PAISA,EQ,       378.10,                 14854994.50,39439
,601GS2030,GS,        99.45,                    19890.00,200
,603GS2029,GS,       101.70,                    40680.00,400
,63MOONS,EQ,       672.65,                 60000988.40,89043
,664GS2035,GS,        97.69,                       97.69,1
,667GS2050,GS,        93.00,                   287901.00,3147
,668GS2040,GS,        97.98,                   338912.00,3460
,676GS2061,GS,        93.50,                  6550229.40,70319
,68GS2060,GS,        92.00,                    58961.42,644
,690GS2065,GS,        94.40,                   687426.50,7285
,694GS2036,GS,       103.00,                    20570.00,200
,695GS2061,GS,        93.09,                   104935.60,1127
,698GR2054,GS,        90.72,                   608867.50,6790
,699GS2051,GS,        97.88,                    39152.00,400
,702GS2027,GS,       101.00,                    20170.30,200
,704IRFC28,N6,      1076.00,                    11836.00,11
,706GS2028,GS,       102.70,                  1129700.00,11000
,709GS2054,GS,        99.90,                   288011.60,2884
,709GS2074,GS,        96.17,                  2159839.00,22567
,710GS2029,GS,       103.74,                  2425219.07,23444
,716GS2050,GS,       100.00,                   400010.01,4000
,717GS2028,GS,       102.00,                     3876.00,38
,717GS2030,GS,       102.99,                    59734.20,580
,718GS2037,GS,       105.95,                   879221.50,8333
,719GS2060,GS,        97.00,                    38800.00,400
,71GS2034,GS,       103.00,                   832180.00,8100
,720PFCL36,N6,      1021.00,                     1021.00,1
,724GS2055,GS,       101.26,                  1404592.77,13858
,725GS2063,GS,        98.14,                  7067726.88,72079
,726GS2032,GS,       105.50,                  1684300.00,16000
,726GS2033,GS,       105.25,                      105.25,1
,730PFCL41,NC,       991.99,                  1990895.87,2013
,733GS2026,GS,       101.24,                   222512.50,2200
,734GS2064,GS,        99.99,                   545640.98,5457
,735NHAI31,N9,      1094.50,                   164175.00,150
,736GS2052,GS,       101.75,                    30125.68,297
,737GS2028,GS,       104.50,                   101365.00,970
,738GS2027,GS,       101.52,                  7187422.96,70674
,738REC27TF,N2,      1069.00,                     5345.00,5
,73GS2053,GS,       100.15,                   209611.62,2100
,741GS2036,GS,       105.65,                   314355.70,3001
,743GS2076,GS,       103.20,                   122738.80,1190
,744AP33,SG,       100.00,                    50000.00,500
,746GS2073,GS,       101.49,                   945960.71,9320
,74GS2062,GS,       101.58,                    44550.90,437
,750GS2056,GS,       100.35,                   125688.15,1250
,753IRFC30,NJ,      1125.35,                  2366133.12,2102
,753NTPC30E,NC,      1130.00,                   226000.00,200
,754GS2036,GS,       106.48,                 18794880.23,176621
,760PFCL35,N3,      1195.20,                   169732.80,142
,764HUDCO31,N8,      1112.00,                    27800.00,25
,764IRFC31,NO,      1136.65,                   113665.00,100
,764NABAR31,N2,      1107.00,                    84132.00,76
,769HUDCO31,N9,      1127.01,                   175912.25,156
,769NHAI31,NE,      1143.00,                   235458.50,206
,76NHAI31,NA,      1104.00,                  3218961.90,2918
,771GS2066,GS,       104.99,                   602468.01,5738
,795GS2032,GS,       110.11,                    11011.00,100
,79IGT28,NF,       875.15,                    87515.00,100
,79NHIT35,N1,       310.00,                   509670.00,1644
,79NHIT40,N2,       315.99,                    58452.03,187
,79NHIT47,N3,       413.25,                   126995.85,307
,7PFCL31,N3,       994.16,                   177050.00,180
,805NMC32,N4,       129.00,                      645.00,5
,810IRFC27,N2,      1071.51,                   559300.30,522
,812REC27,NI,      1022.90,                  1086581.30,1065
,820IIFL27,N9,       995.00,                     1990.00,2
,824GS2027,GS,       105.00,                     3150.00,30
,82HUDCO27,N2,      1040.83,                  1147000.81,1102
,82IGT31,NJ,      1020.00,                    51000.00,50
,830NHAI27,N2,      1078.00,                   720001.75,668
,835SCL23B,YM,      1000.02,                   100002.00,100
,840CIFCL28,N4,      1018.97,                   176183.25,173
,842IIFL26,NL,       995.00,                   151804.08,152
,843IHFL29,NC,       991.00,                    99100.00,100
,848AEL29,NJ,      1010.00,                   166456.00,165
,84TCHF28,NA,      1050.00,                   783280.40,750
,860AEL28,NH,      1049.00,                    66184.00,65
,865IIFL28,NS,       998.00,                     9980.00,10
,865IIFL31,Y6,       995.00,                   104480.00,105
,865IRFC29,NA,      1100.85,                   445845.00,405
,865LTF26,NN,      1047.11,                    20942.20,20
,865SCL26,N8,       999.49,                     3979.00,4
,865SCL27,N4,      1000.00,                   250000.00,250
,865TCAPS27,N8,      1079.82,                  1883604.98,1750
,870IIFL28,Y7,      1023.06,                   220288.38,218
,871REC28,N9,      1113.36,                  1665412.97,1495
,875AEL29,NK,      1030.55,                   179766.00,175
,875NHAI29,N6,      1110.00,                  1820287.90,1647
,876HUDCO28,ND,      1141.00,                   570504.00,500
,879SCL30,N0,     99054.63,                  1287710.19,13
,87HMDA36,N0,    102829.89,                  2056597.80,20
,87LTF27,NH,      1049.50,                    58795.37,56
,880IREDA29,N5,      1129.00,                     2230.61,2
,885AEL28,NB,      1024.92,                     1024.92,1
,885TCAPS29,NC,      1080.35,                    41046.58,38
,888IRFC29,NE,      1109.80,                    38823.00,35
,890AEL31,NN,      1043.69,                  1240254.30,1189
,890SFIL23A,NZ,       440.00,                     4400.00,10
,891IIFCL34,N4,      1252.60,                  1728514.00,1382
,891NTPC33,N6,      1270.20,                     2540.55,2
,892PFCL33,N8,      1275.00,                  1383375.00,1085
,897GS2030,GS,       111.20,                   114113.60,1028
,898LTF29,N7,      1072.00,                     1072.00,1
,89IHFL29,N1,       959.90,                  1888681.49,1960
,8SMC29,N1,       506.00,                   212580.00,420
,8SMC30,N2,       510.00,                   357050.00,710
,901HUDCO34,NE,      1272.00,                   763200.00,600
,901NHB34,N6,      6300.00,                   359100.00,57
,902SCL28,N1,      1001.34,                    50067.00,50
,903SFL28,YI,      1039.00,                    14546.00,14
,905LTF27,NF,      1029.51,                   587243.15,571
,910TCAP28,NA,      1113.70,                  1368399.17,1239
,915AEL28,NC,      1020.00,                  1382667.13,1356
,915APSBC28,N0,    102002.88,                   102002.88,1
,915APSBC31,N0,    102810.00,                   205760.00,2
,915APSBC33,N0,    103782.88,                   311348.64,3
,915APSBC34,N0,    104072.88,                   416291.52,4
,915APSBC35,N0,    104322.88,                   417291.52,4
,91D011026,TB,        98.60,                     9860.00,100
,91D170926,TB,        98.46,                    19713.00,200
,91D240926,TB,        98.15,                    39260.00,400
,91D280826,TB,        99.00,                    49505.00,500
,925ECL28,N2,      1005.00,                    20100.00,20
,925IHFL25E,N8,      1076.00,                    26900.00,25
,92GS2030,GS,       113.20,                   909918.64,7928
,930APMD35,N0,    106555.00,                   319665.00,3
,930SFL28,YP,      1056.00,                   105600.00,100
,931SFL26,Z5,      1000.00,                    18072.09,18
,935LTF29,N5,      1074.00,                   138611.02,129
,935MOFSL29,N5,      1030.00,                   103000.00,100
,935TSI30,N0,    103906.16,                 10494311.00,101
,935TSI31,N0,    104606.16,                  1987517.04,19
,935TSIIC28,N0,    102300.00,                   614000.00,6
,93MOFSL34,N6,      1041.00,                   105760.50,99
,945SCL28,N0,    100320.47,                   300961.41,3
,948SCL26I,AX,       314.00,                     9734.00,31
,948SCL27D,N1,      1010.50,                     5081.00,5
,94SFL28,YL,      1044.50,                   677655.00,649
,950ISF27C,N0,      9850.00,                    29500.00,3
,957ICCL25,YW,      1057.90,                    10579.00,10
,965AEL27,N4,      1080.20,                    55605.20,51
,965ISF28,N0,     99100.00,                   198100.00,2
,965SCL25F,NZ,       870.00,                     1740.00,2
,965SCL26F,N1,      1071.80,                   166129.00,155
,96IIFL28,N5,      1000.57,                  1036729.00,1037
,96IIFL28A,NF,      1002.78,                  1974757.65,1969
,96SFIL24A,NB,       980.00,                  1223214.50,1230
,970CAGL28,ND,      1032.00,                     3096.00,3
,975IIFL28,Y0,      1030.69,                     8245.52,8
,975ISF28,N0,     98000.00,                   294000.00,3
,97SFL29,YZ,      1090.00,                     5450.00,5
,985CCSP27,N0,    100010.46,                   300031.38,3
,990SCL26,N7,       353.00,                     3530.00,10
,990SCL28,N1,      1030.00,                   165020.00,160
,995SCL2035,NM,      1062.00,                     8496.00,8
,99AEL29,N7,      1114.06,                   111074.00,100
,9AEL30,NE,      1030.00,                   123598.00,120
,9IHFL27,N1,      1043.40,                   126251.40,121
,9IIFL28A,NT,      1025.42,                  1136901.73,1109
,9PFL31A,NA,      1002.00,                   224301.60,223
,A2ZINFRA,EQ,        13.56,                  2923893.76,214688
,AAATECH,EQ,        95.50,                  1113544.87,11609
,AADHARHFC,EQ,       531.60,                110566272.35,207910
,AAKAAR,SM,        67.00,                   107200.00,1600
,AAKASH,EQ,         8.83,                   633715.08,72438
,AARADHYA,SM,        78.05,                  1183560.00,15600
,AAREYDRUGS,BE,        84.52,                   250263.72,2961
,AARNAV,EQ,        25.21,                   297652.62,11840
,AARON,EQ,       118.18,                   723560.41,6174
,AARTECH,EQ,        49.66,                  5932730.98,121653
,AARTIDRUGS,EQ,       395.35,                124527541.35,311711
,AARTIIND,EQ,       467.95,                168100606.90,357128
,AARTIPHARM,EQ,       702.95,                 89553167.40,127076
,AARTISURF,EQ,       373.85,                  3492508.65,9282
,AARVI,EQ,       147.09,                  7963877.08,55125
,AASTHA,BE,       117.04,                 40082571.76,342469
,AATMAJ,SM,        18.05,                   144500.00,8000
,AAVAS,EQ,      1505.30,                 72834388.30,48377
,ABAN,BE,        13.56,                   429621.48,31683
,ABANSENT,BE,        27.76,                    66348.42,2398
,ABBOTINDIA,EQ,     26770.00,                662650925.00,24860
,ABCAPITAL,EQ,       397.35,               1164148865.35,2934361
,ABCL26,N3,      1225.98,                   139762.80,114
,ABCOTS,EQ,       207.44,                  2975011.24,14214
,ABDL,EQ,       666.60,                178215872.80,265076
,ABFRL,EQ,        58.55,                164188780.96,2786009
,ABINFRA,EQ,        10.32,                 22081973.08,2139865
,ABLBL,EQ,        95.26,                 38900474.49,408477
,ABMKNO,EQ,       213.99,                   764724.68,3614
,ABREL,EQ,      1404.00,                218373461.50,156055
,ABSL10BANK,EQ,       172.11,                    81811.62,475
,ABSLAMC,EQ,      1136.00,                262722674.30,231867
,ABSLBANETF,EQ,        58.70,                 15702178.14,267021
,ABSLLIQUID,EQ,       999.99,                  5930980.32,5931
,ABSLMSCIN,EQ,        29.16,                  1076612.02,36841
,ABSLNN50ET,EQ,        75.03,                   360824.41,4811
,ABSLPSE,EQ,        10.19,                  1359265.75,133301
,ABSMARINE,ST,       232.00,                  6815925.00,29500
,ACC,EQ,      1362.20,                146387691.10,108220
,ACCELYA,EQ,      1093.30,                  6841528.80,6226
,ACCENTMIC,SM,       492.90,                 36947225.00,74500
,ACCORD,ST,       194.75,                   389500.00,2000
,ACCPL,ST,       160.80,                  3833700.00,24000
,ACCURACY,BE,         5.28,                   190795.99,36619
,ACE,EQ,       976.60,                216656393.60,221133
,ACEINTEG,EQ,        20.83,                    76518.11,3609
,ACETEC,SM,       126.00,                   151200.00,1200
,ACI,EQ,       524.50,                 22758775.25,43252
,ACL,EQ,        49.39,                  1174952.56,23789
,ACMESOLAR,EQ,       367.80,                396189159.65,1075278
,ACSTECH,EQ,        40.61,                  5883566.95,141570
,ACUTAAS,EQ,      3458.80,               1669741001.60,486255
,ADDICTIVE,SM,        40.00,                    20000.00,500
,ADFFOODS,EQ,       317.55,                 79787455.35,251998
,ADISOFT,SM,       180.85,                  4497160.00,24800
,ADL,EQ,        70.49,                   182859.80,2660
,ADOR,EQ,      1325.20,                 54903301.10,42198
,ADROITINFO,EQ,         8.91,                    52152.55,5847
,ADSL,EQ,       117.88,                 13720014.34,116301
,ADVAIT,EQ,      2192.60,                117771639.80,53889
,ADVANCE,EQ,       107.04,                 25818707.36,238823
,ADVANIHOTR,EQ,        53.09,                   604306.73,11455
,ADVENTHTL,EQ,       144.07,                 26513153.87,185476
,ADVENZYMES,EQ,       324.35,                 49600511.30,153172
,AEGISLOG,EQ,      1264.10,               4380497785.20,3536762
,AEGISVOPAK,EQ,       275.53,                666325082.69,2398554
,AEL120924A,N5,      1184.71,                    11847.10,10
,AEL1212026,NO,      1054.00,                    47314.00,46
,AEL12126,NI,      1025.80,                   161264.45,156
,AEPL,EQ,        17.11,                   413437.03,24362
,AEQUS,EQ,       258.07,               6724497243.88,25539209
,AEROENTER,EQ,       119.88,                 81836065.16,676166
,AEROFLEX,EQ,       405.25,                999689413.65,2455103
,AERON,SM,        81.05,                   650250.00,8000
,AERONEU,EQ,        88.41,                  3733469.06,42334
,AETHER,EQ,      1485.80,               2512820176.30,1695025
,AFCONS,EQ,       300.30,                 86990675.80,289095
,AFFLE,EQ,      1468.00,                194724161.70,131905
,AFFORDABLE,BE,       169.72,                  2083039.93,12340
,AFIL,BE,         9.80,                  2298418.31,233703
,AFSL,EQ,       201.07,                   515856.58,2562
,AGARIND,EQ,       524.65,                 13614048.70,26185
,AGARWALEYE,EQ,       485.60,                 64697562.80,132963
,AGARWALTUF,SM,       144.95,                  7945560.00,55200
,AGI,EQ,       710.10,                 58293224.90,82472
,AGIIL,EQ,       334.30,                718768887.60,2108704
,AGL,BE,        17.04,                   842525.76,49444
,AGRITECH,BE,       112.57,                   160197.48,1416
,AGROPHOS,EQ,        29.86,                   223600.34,7519
,AGUL,SM,        54.00,                   306400.00,6000
,AHCL,EQ,        15.47,                 43478329.29,2817959
,AHLADA,EQ,        38.01,                   227679.79,5977
,AHLEAST,EQ,       141.62,                   742091.61,5222
,AHLUCONT,EQ,       836.15,                 14449912.90,17263
,AHLWEST,BE,       585.00,                   318603.40,555
,AIAENG,EQ,      4687.50,                431083015.50,92253
,AIIL,EQ,       507.50,                 57467074.25,112890
,AILIMITED,ST,        35.55,                   159975.00,4500
,AIMTRON,SM,      1350.45,                 96899820.00,72600
,AIRAN,EQ,        15.66,                   406738.49,25983
,AIROLAM,EQ,        88.57,                   247985.57,2760
,AISL,SM,        57.35,                  1168740.00,20400
,AJANTPHARM,EQ,      3307.60,                186589775.20,56018
,AJAXENGG,EQ,       535.40,                 12048997.30,22769
,AJMERA,EQ,       129.66,                 72537587.32,562641
,AJOONI,EQ,         3.72,                   544492.25,145692
,AKANKSHA,ST,        93.70,                  2436200.00,26000
,AKASH,EQ,        27.15,                   127198.99,4686
,AKCAPIT,EQ,      1787.40,                  2535918.10,1426
,AKG,EQ,        10.85,                    51370.53,4686
,AKI,EQ,         4.64,                   159503.16,34288
,AKIKO,ST,       286.50,                  2519720.00,8800
,AKSHAR,EQ,         0.44,                   125961.38,288727
,AKSHARCHEM,BE,       234.72,                   658682.12,2813
,AKSHOPTFBR,BE,         6.35,                  3244780.12,525458
,AKUMS,EQ,       658.20,                435665664.20,657530
,ALANKIT,EQ,         8.09,                  1003248.18,123887
,ALBERTDAVD,EQ,       696.50,                  1631129.65,2338
,ALEMBICLTD,EQ,        88.76,                 15822288.95,177685
,ALGOQUANT,EQ,        57.51,                 67328708.98,1167609
,ALICON,EQ,       628.10,                 12906743.85,20407
,ALIVUS,EQ,      1142.90,                 58682514.80,50907
,ALKALI,BE,        81.64,                   124530.42,1529
,ALKEM,EQ,      5648.50,                224705195.50,39730
,ALKYLAMINE,EQ,      1954.60,               1083715283.70,555129
,ALLCARGO,EQ,         7.87,                 34906614.85,4435221
,ALLDIGI,EQ,       795.50,                  6550793.00,8237
,ALLETEC,ST,       142.95,                  1820240.00,12800
,ALLTIME,EQ,       234.23,                 12380202.17,52187
,ALMONDZ,EQ,        13.27,                   339954.04,25446
,ALOKINDS,EQ,        12.47,                 39952888.66,3189765
,ALPA,EQ,        68.29,                   599871.44,8827
,ALPEXSOLAR,SM,       815.90,                 49776530.00,62400
,ALPHA,EQ,        51.14,                 40403241.69,790610
,ALPHAETF,EQ,        26.07,                 11565556.15,445817
,ALPHAGEO,EQ,       197.86,                   462039.49,2364
,ALPL30IETF,EQ,        27.55,                  8437131.07,305523
,ALUWIND,SM,        43.05,                  2801700.00,64500
,AMAGI,EQ,       575.80,                224757606.20,392293
,AMANTA,BE,       182.82,                 21043410.30,113644
,AMBAAUTO,SM,        84.95,                  1104300.00,13000
,AMBALALSA,EQ,        31.24,                  1119278.72,35517
,AMBER,EQ,      7600.50,               3224138783.00,423324
,AMBICAAGAR,EQ,        24.68,                   200408.05,8016
,AMBIKCO,EQ,      1761.80,                 37148114.10,21212
,AMCL,SM,       387.35,                   605880.00,1600
,AMDIND,EQ,        45.69,                   571177.26,12413
,AMEYA,SM,       113.50,                   113500.00,1000
,AMIRCHAND,EQ,       172.64,                165746766.11,970476
,AMJLAND,EQ,        37.40,                   395761.99,10553
,AMNPLST,EQ,       204.61,                  8664301.41,42990
,AMRUTANJAN,EQ,       535.55,                 13589643.55,25219
,ANANDRATHI,EQ,      2095.60,                948108004.50,455048
,ANANTAM,IV,       104.00,                  7956602.46,76484
,ANANTRAJ,EQ,       569.45,               1805584853.35,3209123
,ANDHRAPAP,EQ,        60.79,                  1881205.48,30752
,ANDHRSUGAR,EQ,        84.54,                 24647108.07,290533
,ANGELONE,EQ,       341.10,               2550646464.90,7522853
,ANIKINDS,BE,        44.50,                    42036.55,938
,ANKITMETAL,BZ,         1.50,                    92775.13,61981
,ANLON,ST,       630.00,                  1248260.00,2000
,ANMOL,EQ,        10.92,                   169930.67,15623
,ANNAPURNA,SM,       130.00,                   487837.50,3750
,ANONDITA,SM,      1188.20,                 22102600.00,18600
,ANSALAPI,BZ,         2.58,                    10413.22,4034
,ANTELOPUS,EQ,       794.45,                130162237.70,158779
,ANTGRAPHIC,EQ,         0.77,                    82071.05,105303
,ANTHEM,EQ,       752.00,                288012709.75,379821
,ANUHPHR,EQ,        79.02,                  1973790.74,24939
,ANUP,EQ,      2153.40,                 40734142.40,18807
,ANURAS,EQ,      1267.90,                306351745.10,242302
,ANYA,SM,        15.65,                   865500.00,55000
,ANZEN,IV,       130.00,                  3250000.00,25000
,AONEGOLD,EQ,        13.36,                  6082456.60,456392
,AONELIQUID,EQ,      1067.30,                 41969549.70,39323
,AONENIFTY,EQ,         9.88,                  1231352.54,124293
,AONESILVER,EQ,         8.51,                 10057552.03,1196775
,AONETMMQ50,EQ,        10.17,                   679921.86,67547
,AONETOTAL,EQ,        11.75,                  8966077.56,762023
,APARINDS,EQ,     14070.00,               1664136835.00,119371
,APCL,EQ,       104.01,                   861285.51,8288
,APCOTEXIND,EQ,       506.40,                 23691573.90,46798
,APEX,EQ,       388.75,                 41208005.15,105118
,APEXECO,ST,       242.10,                  2318960.00,9600
,APLAPOLLO,EQ,      1785.90,                979220335.30,545781
,APLLTD,EQ,       816.90,                 51006700.80,62063
,APOLLO,EQ,       398.30,               5596557978.35,14168770
,APOLLOPIPE,EQ,       487.70,                 60359134.95,124490
,APOLLOTYRE,EQ,       439.65,                279542152.95,634889
,APOLSINHOT,EQ,      1210.00,                   530848.60,439
,APRAMEYA,SM,       146.95,                  1400900.00,9500
,APS,SM,       291.80,                  4792762.50,16500
,APSISAERO,ST,       357.15,                  5571540.00,15600
,APTECHT,BE,        99.81,                  6529969.23,65507
,APTUS,EQ,       279.50,                144215623.75,516719
,AQYLON,EQ,        39.71,                 60453425.50,1545409
,ARCHIDPLY,EQ,        79.98,                   237797.49,2990
,ARCHIES,EQ,        13.67,                   204250.42,14871
,ARCIIL,ST,        42.25,                   206500.00,5000
,ARE&M,EQ,       869.50,               1806287938.70,2083465
,ARENTERP,EQ,        34.17,                    91244.11,2744
,ARFIN,EQ,        88.54,                226033214.39,2565078
,ARHAM,SM,       138.95,                  1660450.00,12000
,ARIES,EQ,       344.05,                  7569463.25,21960
,ARIHANT,EQ,       798.40,                  2284644.05,2892
,ARIHANTACA,SM,       450.00,                  4140020.00,9200
,ARIHANTCAP,EQ,        74.62,                 74624126.32,999318
,ARIHANTSUP,EQ,       260.10,                  2764515.00,10621
,ARIS,EQ,       109.83,                 15262434.19,138296
,ARKADE,EQ,       131.94,                103010275.65,796941
,ARMANFIN,EQ,      1725.00,                 30169891.50,17434
,ARMOUR,ST,        19.20,                   149800.00,8000
,AROGRANITE,EQ,        25.08,                   165783.90,6575
,ARROWGREEN,BE,       688.50,                 14721852.80,21489
,ARSHIYA,BZ,         1.06,                    32473.34,30421
,ARSSBL,EQ,       572.75,                146955871.40,256593
,ARTEMISMED,EQ,       268.00,                 50775560.00,189582
,ARTNIRMAN,EQ,        40.66,                     9906.24,243
,ARVEE,EQ,       160.35,                   185279.81,1161
,ARVIND,EQ,       533.10,                431925877.95,808315
,ARVINDFASN,EQ,       466.40,                 43214348.15,92375
,ARVINDPORT,ST,        29.00,                    87000.00,3000
,ARVSMART,EQ,       609.10,                 11394725.05,18800
,ASAHIINDIA,EQ,       891.55,                 68046976.70,76389
,ASAHISONG,EQ,       275.85,                  9148204.40,33421
,ASAL,EQ,       506.45,                  4442157.55,8792
,ASALCBR,EQ,       819.55,                 28619399.80,34628
,ASHALOG,SM,        51.50,                   306500.00,6000
,ASHAPURMIN,EQ,       637.10,                 92737480.25,145202
,ASHIANA,EQ,       373.80,                 13429069.10,35782
,ASHIKA,EQ,       395.10,                 38940386.05,98315
,ASHIMASYN,EQ,        14.91,                  1165734.82,77864
,ASHOKA,EQ,       127.19,                 56536240.86,446229
,ASHOKAMET,EQ,        14.64,                   152274.88,10441
,ASHOKLEY,EQ,       155.19,               2707880677.36,17319661
,ASHWINI,SM,       178.00,                  3644550.00,20000
,ASIANENE,EQ,       330.50,                 45550648.10,137673
,ASIANHOTNR,EQ,       319.45,                  4031625.30,12475
,ASIANTILES,EQ,        47.89,                168605493.75,3490761
,ASKAUTOLTD,EQ,       479.95,                221731070.80,461890
,ASMS,BE,         7.07,                   813089.13,114936
,ASPINWALL,EQ,       243.10,                   661288.28,2704
,ASPIRE,SM,        13.30,                   159200.00,12000
,ASTAR,EQ,       622.35,                    56693.80,91
,ASTEC,EQ,       686.65,                 13293453.65,19527
,ASTERDM,EQ,       807.15,                958054298.80,1189058
,ASTRAL,EQ,      1317.10,                699989105.80,527329
,ASTRAMICRO,EQ,      1833.10,                665533909.60,362898
,ASTRAZEN,EQ,      8114.50,                 22047755.00,2706
,ASTRON,BE,         3.71,                    44297.99,11865
,ATALREAL,EQ,        28.53,                202147101.49,7043187
,ATAM,EQ,        68.36,                   616638.32,8974
,ATCENERGY,ST,        23.50,                   166500.00,7200
,ATGL,EQ,       700.65,               1321003448.05,1879567
,ATHERENERG,EQ,      1218.40,               6624366835.50,5425587
,ATL,EQ,        23.78,                  3138131.50,132134
,ATLANTAA,EQ,        38.71,                   489285.14,12587
,ATLANTAELE,EQ,      1663.00,                 99295115.40,59416
,ATLASCYCLE,EQ,        97.10,                    69375.54,714
,ATLPP,E1,         8.77,                     1529.05,164
,ATMASTCO,ST,       154.15,                  1637480.00,10400
,ATUL,EQ,      6183.00,                229190124.00,36782
,ATULAUTO,EQ,       491.25,                 72119421.20,147908
,AUBANK,EQ,      1047.40,               1139281547.50,1090588
,AURIONPRO,EQ,       835.25,                 58232065.00,69482
,AUROIMPEX,SM,        26.90,                   208560.00,8000
,AUROPHARMA,EQ,      1587.40,               1276162630.10,803529
,AURUM,EQ,       220.70,                 22760437.54,102019
,AUSL,SM,        25.90,                   255400.00,10000
,AUSOMENT,BE,       119.16,                   169986.39,1427
,AUTOAXLES,EQ,      1761.10,                 10997096.50,6223
,AUTOBEES,EQ,       275.26,                 37145688.93,134501
,AUTOIETF,EQ,        27.56,                 11161847.36,403815
,AUTOIND,BE,        94.53,                 23799105.90,250783
,AVADHSUGAR,BE,       519.10,                 11605189.15,22324
,AVALON,EQ,      1728.60,               1532594819.00,879954
,AVANTEL,EQ,       179.81,                591928845.79,3220939
,AVANTIFEED,EQ,       919.25,                309245872.75,334387
,AVG,BE,       209.19,                  4310030.81,20508
,AVIANSH,SM,       105.25,                   735250.00,7000
,AVIENCE,ST,       290.50,                 10830990.00,37800
,AVL,EQ,       632.25,                276495981.90,440780
,AVONMORE,EQ,        10.00,                   804824.36,80340
,AVPINFRA,SM,        63.40,                  1992880.00,32000
,AVROIND,EQ,         9.95,                  3714892.87,375229
,AVTNPL,EQ,        69.40,                  4346974.82,62872
,AWFIS,EQ,       305.85,                 67019265.85,219297
,AWHCL,EQ,       455.00,                 83747001.20,187781
,AWL,EQ,       185.68,                305417567.72,1651684
,AXISCADES,EQ,      1605.90,                392558933.00,248875
,AXITA,EQ,         7.49,                  1207368.28,160931
,AYE,EQ,       167.76,                 71979587.53,430560
,AYMSYNTEX,EQ,       231.23,                 18376488.11,78379
,AZAD,EQ,      2476.10,               5958425817.70,2468476
,BAFNAPH,BE,       200.60,                   881491.30,4347
,BAGFILMS,EQ,         4.42,                   357886.71,80374
,BAGMANE,RR,       103.29,                 55756784.93,539560
,BAHETI,SM,       714.40,                  9405956.25,13125
,BAIDFIN,EQ,        10.21,                   976953.53,95354
,BAJAJCON,EQ,       643.55,                595405406.95,934778
,BAJAJELEC,EQ,       326.75,                 30912601.65,94854
,BAJAJHCARE,EQ,       350.10,                188700924.65,535560
,BAJAJHFL,EQ,        87.59,                339362425.04,3883082
,BAJAJHIND,EQ,        17.24,                 77763251.07,4468412
,BAJAJINDEF,EQ,       242.65,                  1210642.60,4982
,BAJAJST,EQ,       396.90,                  5913521.80,14781
,BAJEL,EQ,       185.68,                 34601998.77,185314
,BALAJEE,EQ,        28.64,                   487093.91,17080
,BALAJIPHOS,SM,        92.50,                  6756500.00,75000
,BALAJITELE,EQ,        91.21,                  7199745.20,78848
,BALAMINES,EQ,      2364.00,               2433145350.40,1043837
,BALAXI,BE,        24.02,                   380960.71,15903
,BALKRISHNA,EQ,        18.47,                    63446.24,3486
,BALKRISIND,EQ,      2201.80,                543129447.90,246999
,BALMLAWRIE,EQ,       176.61,                  9640722.26,54612
,BALPHARMA,EQ,        77.85,                   565305.91,7240
,BALRAMCHIN,EQ,       567.45,                188642252.30,329696
,BALUFORGE,EQ,       452.10,                183662531.80,408323
,BANARBEADS,EQ,       114.15,                 13266526.16,112427
,BANARISUG,EQ,      3478.70,                   456016.40,131
,BANCOINDIA,EQ,       673.20,                 69372972.85,102943
,BANDHANBNK,EQ,       199.86,                948786550.32,4750464
,BANG,EQ,        28.55,                  1505922.17,51630
,BANK10ADD,EQ,        17.23,                  1405624.27,81499
,BANKA,BE,        93.90,                   141665.15,1537
,BANKADD,EQ,        58.53,                   529585.11,9038
,BANKBEES,EQ,       592.56,                575052179.33,970313
,BANKBETA,EQ,        59.04,                177856311.36,3010345
,BANKBETF,EQ,        58.20,                   823957.53,14172
,BANKETF,EQ,       583.68,                  8751390.48,14982
,BANKIETF,EQ,        58.72,                287374572.92,4896954
,BANKINDIA,EQ,       138.53,               1142053752.72,8302820
,BANKNIFTY1,EQ,        59.27,                165701046.54,2795581
,BANKPSU,EQ,        82.94,                   854724.25,10356
,BANSALWIRE,EQ,       327.10,                 81602356.30,246052
,BANSWRAS,EQ,       120.77,                  9527954.25,77997
,BARFLEX,SM,        55.20,                   440300.00,8000
,BASF,EQ,      3477.30,                 29509421.90,8462
,BASILIC,SM,       201.60,                  4423065.00,21900
,BASML,BE,        25.44,                   733374.70,28712
,BATAINDIA,EQ,       672.30,                 48206242.15,71284
,BATLIBOI,EQ,        82.56,                  2730571.38,33011
,BAWEJA,ST,        28.95,                   227240.00,8000
,BAYERCROP,EQ,      4120.20,                139823610.70,33853
,BBETF0432,EQ,      1356.00,                  1611761.87,1190
,BBL,EQ,      2649.20,                 38664186.30,14559
,BBNPNBETF,EQ,        57.59,                    29079.50,507
,BBNPPGOLD,EQ,       138.80,                    73307.90,532
,BBOX,EQ,       934.25,                188582697.05,199482
,BBTC,EQ,      1513.40,                 76216843.50,50443
,BBTCL,EQ,       216.95,                   501614.17,2329
,BCG,EQ,         9.42,                 34071301.67,3585829
,BCLIND,EQ,        33.97,                 11125389.43,327490
,BCONCEPTS,EQ,       211.34,                  3003447.14,14192
,BCPL,EQ,        71.67,                   624948.30,8725
,BDL,EQ,      1326.30,               1049420847.80,784726
,BEACON,ST,        93.00,                   464800.00,5000
,BEARDSELL,EQ,        27.84,                   177651.57,6363
,BECTORFOOD,EQ,       171.08,                151193165.25,882005
,BEDMUTHA,EQ,       107.12,                   641783.86,5944
,BEEKAY,EQ,       400.40,                   161283.75,407
,BELLACASA,EQ,       250.05,                   740438.35,2929
,BELRISE,EQ,       228.84,                920532748.11,4000218
,BEML,EQ,      1816.10,                410335576.70,226800
,BENGALASM,EQ,      6330.00,                   177256.50,28
,BEPL,EQ,       101.25,                 81594383.72,813854
,BERGEPAINT,EQ,       497.00,                165942272.10,334608
,BESTAGRO,EQ,        15.21,                  4234711.10,277682
,BETA,EQ,      2190.30,                192565467.40,88056
,BEWLTD,SM,        60.75,                   554900.00,9000
,BFINVEST,EQ,       444.80,                 12848348.65,28809
,BFSI,EQ,        27.53,                  8200599.54,298363
,BFUTILITIE,EQ,       559.25,                 17077348.45,30651
,BGRENERGY,BE,       287.95,                 15961890.40,54806
,BHADORA,ST,        90.20,                  4910340.00,52800
,BHAGCHEM,EQ,       301.25,                 94394858.90,315437
,BHAGERIA,BE,       203.65,                  3208483.81,15569
,BHAGYANGR,BE,       373.95,                 22658064.10,60137
,BHANDARI,BE,         2.92,                   275023.09,93620
,BHARATCOAL,EQ,        37.25,                386581100.74,10371084
,BHARATFORG,EQ,      2130.60,               1240961463.40,585560
,BHARATGEAR,BE,       120.91,                  1806802.71,14833
,BHARATRAS,EQ,      1317.10,                  4743752.90,3590
,BHARATSE,EQ,       245.09,                811168532.05,3244784
,BHARATWIRE,EQ,       215.62,                 49871681.33,232391
,BHARTIHEXA,EQ,      1571.50,                683042872.50,433137
,BHEL,EQ,       381.60,               3496103665.85,9102802
,BI,EQ,        64.61,                  1247280.25,19162
,BIGBLOC,EQ,        47.08,                  1522080.17,32158
,BIKAJI,EQ,       642.15,                 41438936.90,64366
,BIKEWO,ST,        48.45,                 12896000.00,260000
,BIL,EQ,       725.90,                  1674355.65,2314
,BILVYAPAR,BE,         4.34,                    29464.82,6808
,BIMETAL,EQ,       673.80,                  1544925.70,2301
,BIOCON,EQ,       403.55,               2250864343.85,5590149
,BIOFILCHEM,EQ,        34.07,                   562311.50,16398
,BIOPOL,SM,        90.60,                  3168120.00,36000
,BIRDYS,ST,        91.00,                  4026000.00,44400
,BIRET,RR,       336.60,                 30486788.20,90377
,BIRLACABLE,BE,       186.76,                  5408131.05,29196
,BIRLACORPN,EQ,       940.70,                111421507.70,118278
,BIRLAMONEY,EQ,       143.07,                  7969441.88,55894
,BIRLANU,EQ,      1331.70,                 18038869.80,13617
,BIRLAPREC,EQ,        36.00,                   863968.66,23789
,BLACKBUCK,EQ,       561.55,                 82996697.35,147330
,BLACKROSE,BE,       107.57,                  1164493.12,10717
,BLAL,EQ,       183.35,                  2406857.60,13094
,BLBLIMITED,EQ,        16.04,                  1121390.61,69800
,BLIL,EQ,        70.61,                  1187245.08,16813
,BLISSGVS,BE,       524.15,                245787757.35,472804
,BLKASHYAP,EQ,        52.73,                 23135228.56,438026
,BLS,EQ,       234.60,               2239433258.00,9439900
,BLSE,EQ,       261.35,                 79944872.92,303611
,BLUECOAST,BE,        27.53,                   179070.42,6094
,BLUEDART,EQ,      4846.80,                 18696687.90,3857
,BLUEJET,EQ,       574.50,                316649243.50,546528
,BLUEPEBBLE,SM,        74.95,                   479740.00,6400
,BLUESTARCO,EQ,      1615.60,                409105859.00,254119
,BLUESTONE,EQ,       571.75,                104668227.30,182134
,BLUEWATER,ST,       353.00,                  4222950.00,12000
,BLUSPRING,EQ,       106.66,                 73086722.31,677253
,BMETRICS,SM,        36.00,                    88000.00,2400
,BMLL,SM,       129.65,                 26740200.00,204000
,BMWVENTLTD,EQ,        58.50,                  3407799.68,58324
,BNAGROCHEM,BE,       282.00,                   435011.00,1537
,BNALTD,EQ,       370.00,                    97706.85,264
,BNKETFAXIS,EQ,       591.09,                  3059278.74,5182
,BODALCHEM,BE,        59.50,                  9804009.98,163258
,BOHRAIND,EQ,        14.20,                   215892.45,15457
,BOMDYEING,EQ,       126.08,                 47174178.13,374107
,BONLON,EQ,        42.10,                   149196.40,3533
,BORANA,EQ,       305.10,                  5422957.50,17772
,BOROLTD,EQ,       230.88,                 16455861.16,71208
,BORORENEW,EQ,       651.65,               3761541241.90,5819739
,BOROSCI,EQ,       158.31,                 13740642.15,86550
,BOSCH-HCIL,EQ,      1347.80,                 38367344.60,28335
,BOSS,SM,        33.35,                   133500.00,4000
,BPL,EQ,        58.84,                 57115946.63,935759
,BRACEPORT,SM,        56.65,                   362720.00,6400
,BRANDMAN,ST,       192.40,                  3120720.00,16800
,BRIGADE,EQ,       534.00,               1223182656.90,2343245
,BRIGHOTEL,EQ,        63.54,                  4954586.34,78005
,BRNL,EQ,        18.24,                   389942.74,21495
,BROOKS,BE,        70.51,                  1981019.29,28858
,BSE,EQ,      3805.70,               8819099847.20,2319842
,BSE500IETF,EQ,        38.96,                  2626979.26,67368
,BSHSL,BE,        88.00,                   251871.67,2860
,BSL,EQ,       127.00,                   203625.12,1594
,BSLGOLDETF,EQ,       125.92,                 21321554.13,169539
,BSLNIFTY,EQ,        28.07,                 17365811.97,618129
,BSLSENETFG,EQ,        77.22,                   290183.72,3757
,BSOFT,EQ,       274.85,                481323272.05,1756528
,BTML,EQ,         6.00,                   777726.22,130376
,BTTL,BE,        54.87,                  2563744.40,46908
,BUILDPRO,EQ,      1200.30,                781368533.80,654905
,BULKCORP,SM,        55.00,                   128460.00,2400
,BUTTERFLY,EQ,       721.25,                 45890079.35,63225
,BVCL,EQ,        43.04,                   761430.74,17810
,BYKE,BE,        34.34,                   626208.61,18248
,C2C,SM,       398.90,                 21420435.00,53550
,CALSOFT,BE,        21.39,                  1878620.84,89073
,CAMLINFINE,EQ,       129.29,                 76693650.10,587742
,CAMPUS,EQ,       228.04,                 48803203.64,214061
,CAMS,EQ,       775.70,               1007129340.20,1310918
,CANARYS,SM,        19.00,                  1984200.00,104000
,CANFINHOME,EQ,       916.10,                234724856.05,258927
,CANHLIFE,EQ,       141.34,                 61710168.77,436544
,CANTABIL,EQ,       252.71,                  9321874.89,36788
,CAPACITE,EQ,       234.80,                 88195206.20,372531
,CAPILLARY,EQ,       506.60,                 29434210.10,58055
,CAPINVIT,IV,        73.97,                 31164737.69,421196
,CAPITALSFB,EQ,       290.40,                 12135353.55,42029
,CAPLIPOINT,EQ,      2621.40,                311995128.20,119270
,CAPTRUST,BE,        12.90,                   143026.51,11152
,CARBORUNIV,EQ,      1089.80,                329584698.20,303053
,CARERATING,EQ,      1639.10,                 31491341.10,19355
,CARRARO,EQ,       561.00,                670592403.40,1185574
,CARTRADE,EQ,      2735.20,               1196424774.90,435110
,CARYSIL,EQ,      1186.60,                152303434.50,130235
,CASHIETF,EQ,      1069.98,                560683307.55,524016
,CASTROLIND,EQ,       183.50,                159174367.44,867574
,CBAZAAR,ST,         6.15,                   290800.00,48000
,CCAVENUE,EQ,        17.12,                447084616.84,26501639
,CCCL,EQ,        16.49,                  6415558.41,399995
,CCHHL,EQ,        12.82,                   116468.25,9090
,CCL,EQ,      1209.20,                429716354.10,355163
,CDSL,EQ,      1346.50,               1968489977.70,1462201
,CEATLTD,EQ,      3908.50,                376007837.50,96029
,CEDAAR,ST,        19.95,                   139900.00,7000
,CEIGALL,EQ,       368.90,                185883294.60,504691
,CEINSYS,EQ,       907.80,                 35540407.35,39203
,CELEBRITY,EQ,         7.42,                   310293.37,41380
,CELLECOR,ST,        38.20,                  2401200.00,63000
,CELLO,EQ,       358.50,                 83175034.15,231336
,CELLPOINT,SM,        15.05,                    54180.00,3600
,CEMPRO,EQ,      1554.10,                859271970.10,559286
,CENTENKA,EQ,       516.05,                 25732676.70,50142
,CENTEXT,EQ,        18.82,                   610578.59,32315
,CENTRALBK,EQ,        31.65,                127528476.65,4035612
,CENTRUM,EQ,        24.36,                  3851170.38,157554
,CENTUM,EQ,      3557.90,                135359281.00,38028
,CENTURYPLY,EQ,       773.60,                 15075251.95,19468
,CERA,EQ,      6291.00,                 23253382.50,3675
,CEREBRAINT,BZ,         3.19,                   381973.93,121366
,CESC,EQ,       162.88,                173811583.86,1065513
,CEWATER,EQ,       319.50,                 26746232.90,84442
,CGCL,EQ,       252.64,               2395708663.78,9594936
,CGRAPHICS,SM,       138.60,                 13430240.00,96000
,CHALET,EQ,       819.05,                 58979430.00,72149
,CHAMBLFERT,EQ,       453.85,                102158103.75,224044
,CHAMUNDA,SM,        44.45,                   396900.00,9000
,CHANDAN,SM,       254.10,                 10887640.00,43200
,CHAVDA,SM,        88.60,                   617850.00,7000
,CHEMBOND,BE,       179.83,                   227540.97,1275
,CHEMBONDCH,BE,       231.56,                  2100406.51,9029
,CHEMCON,BE,       182.91,                  1913430.54,10515
,CHEMFAB,BE,       363.00,                  1458245.55,3892
,CHEMICAL,EQ,        29.41,                  8277425.92,281637
,CHEMPLASTS,EQ,       198.51,                 51144124.57,254871
,CHENNPETRO,EQ,      1121.70,                825713368.40,733602
,CHETANA,ST,        46.50,                   144800.00,3200
,CHEVIOT,EQ,      1123.90,                  2165795.40,1922
,CHOICEGOLD,EQ,       141.95,                   527449.14,3723
,CHOICEIN,EQ,       830.45,               7121609137.00,8696557
,CHOLAHLDNG,EQ,      1652.20,                 85190085.00,51478
,CIEINDIA,EQ,       461.85,                 85714871.10,185736
,CIFL,EQ,        22.60,                   913714.30,40373
,CINELINE,EQ,        79.96,                   753829.30,9400
,CINEVISTA,EQ,        15.48,                   381703.92,24575
,CITIUSINVT,IV,       107.31,                  4980206.02,46374
,CKKRETAIL,SM,       140.00,                   112000.00,800
,CLASSICEIL,ST,        52.55,                  3638000.00,72000
,CLAYCRAFT,SM,       177.90,                 14639490.00,81000
,CLEAN,EQ,       764.45,                123706946.95,160740
,CLEANMAX,EQ,      1327.10,                366318832.50,278560
,CLEDUCATE,BE,        58.19,                   943709.39,16337
,CLSEL,EQ,       288.70,                  9905682.10,34280
,CLSL,SM,        48.00,                    96000.00,2000
,CMNL,SM,        99.00,                   667537.50,6750
,CMPDI,EQ,       263.66,                753480849.90,2828259
,CMRGREEN,EQ,       224.65,                323381352.95,1413756
,CMRSL,SM,        67.85,                    54280.00,800
,CMSINFO,EQ,       257.90,                277275092.55,1065411
,CNL,EQ,       842.15,               2979865359.65,3429980
,COASTCORP,EQ,        49.92,                  8749654.76,177550
,COCHINSHIP,EQ,      1406.70,               3393336105.70,2392180
,COCKERILL,EQ,      9342.50,                171701057.50,18714
,COFFEEDAY,BE,        32.04,                 15206703.23,474959
,COFORGE,EQ,      1468.60,               2408994551.40,1647511
,COHANCE,EQ,       440.15,                199550413.00,454022
,COLPAL,EQ,      2063.00,                557659595.80,271151
,COMFINTE,EQ,         5.71,                  1125373.88,198142
,COMMITTED,ST,       338.00,                   532000.00,1600
,COMMOIETF,EQ,        99.48,                  3323304.15,33320
,COMPINFO,BZ,         1.21,                    41451.38,34477
,COMPUSOFT,EQ,        13.51,                   236688.09,17396
,COMSYN,EQ,       190.87,                127966323.05,658005
,CONCOR,EQ,       457.10,                233928408.55,511426
,CONCORDBIO,EQ,      1305.40,                158359261.00,121847
,CONFIPET,EQ,        72.32,                 95792280.49,1331851
,CONNPLEX,SM,       202.50,                  1787400.00,8800
,CONS,EQ,        12.03,                   341315.20,28257
,CONSOFINVT,EQ,       261.44,                 36372495.70,140649
,CONSUMAXIS,EQ,       120.04,                   208765.24,1737
,CONSUMBEES,EQ,       129.97,                  9948019.70,76238
,CONSUMER,EQ,        11.70,                  4650430.31,396766
,CONSUMIETF,EQ,       120.91,                  1155075.73,9521
,CONTI,SM,        11.90,                    39662.70,3333
,CONTROLPR,EQ,       646.30,                 16526561.20,25270
,COOLCAPS,ST,        25.00,                  1644812.50,66250
,CORALFINAC,EQ,        34.30,                   333941.86,9726
,CORDELIA,EQ,       858.25,               1934956513.40,2222732
,CORDSCABLE,BE,       204.40,                  2251103.22,11054
,COROMANDEL,EQ,      2014.30,                444719579.30,219341
,CORONA,EQ,      2022.80,                 22984764.40,11366
,COSMOFIRST,EQ,       817.65,                 59541864.55,72271
,COUNCODOS,EQ,         5.12,                   404090.88,78063
,CPCAP,BE,       115.27,                  4894312.37,42647
,CPEDU,EQ,       197.25,                   371155.70,1875
,CPPLUS,EQ,      3644.20,                686270986.80,188462
,CPS,SM,       998.80,                   908250.00,900
,CPSEETF,EQ,        95.57,                 75529065.18,787296
,CRAFTSMAN,EQ,      9282.50,                515797923.50,55734
,CRAMC,EQ,       253.99,                 87922436.33,347767
,CRAYONS,SM,        28.80,                    28800.00,1000
,CREATIVEYE,EQ,         6.58,                    18381.91,2868
,CREDITACC,EQ,      1546.10,                403602118.20,261391
,CREST,EQ,       369.20,                  3332256.20,9028
,CRISIL,EQ,      4054.70,                367754417.70,92290
,CRIZAC,EQ,       198.33,                 24872220.03,125693
,CROMPTON,EQ,       259.00,                488179884.75,1877083
,CROWN,EQ,       113.18,                   357792.10,3144
,CSBBANK,EQ,       351.05,                 70845383.80,201595
,CSLFINANCE,EQ,       226.71,                 11747371.66,52569
,CSM,BE,        99.17,                 24458676.25,250081
,CSSL,SM,       104.35,                  8223900.00,79000
,CTE,EQ,        29.33,                   598055.10,20216
,CUB,EQ,       229.09,                676211657.45,2994116
,CUBEINVIT,IV,       157.00,                  3925000.00,25000
,CUBEXTUB,EQ,        81.23,                 10720790.27,131992
,CUDML,ST,       184.60,                  7546400.00,41000
,CUPID,EQ,       210.01,              21815830584.72,104267938
,CURAA,EQ,        75.00,                   162628.05,2165
,CURRENT,SM,       100.95,                  2768240.00,27200
,CYBERMEDIA,BE,        16.21,                    20675.59,1320
,CYBERTECH,BE,       139.03,                  2250957.06,16011
,CYIENT,EQ,       830.65,                276780887.50,332859
,CYIENTDLM,EQ,       538.30,                183105267.65,339633
,DABUR,EQ,       443.15,                656779960.30,1477623
,DAICHI,BE,       316.90,                   322771.85,1050
,DALBHARAT,EQ,      1742.30,                358656547.10,205888
,DALMIASUG,EQ,       360.55,                 39802049.95,110457
,DAMCAPITAL,EQ,       151.53,                 58601907.76,386723
,DAMODARIND,BE,        31.49,                    42302.97,1374
,DANGEE,EQ,         3.15,                   185054.41,58218
,DANISH,SM,       942.15,                 11946675.00,12750
,DATAMATICS,EQ,       863.80,                338856363.70,387245
,DATAPATTNS,EQ,      4284.00,               2320970494.90,538979
,DAVANGERE,EQ,         3.57,                 11972486.79,3341329
,DBCORP,EQ,       201.43,               2966033043.51,13680305
,DBEIL,BE,         7.96,                  2431194.73,307951
,DBL,EQ,       424.00,                 16114086.50,38160
,DBOL,BE,       109.80,                  3392183.07,30863
,DBREALTY,BE,       111.14,                 15284311.51,137826
,DBSTOCKBRO,EQ,        42.30,                 14791861.24,332356
,DCAL,EQ,       192.83,                 65222085.76,334999
,DCBBANK,EQ,       186.01,                110933526.58,601717
,DCCL,SM,        41.95,                    83900.00,2000
,DCG,SM,        50.00,                   592440.00,12000
,DCI,BE,       285.30,                   726133.00,2536
,DCM,BE,       100.06,                  2436898.37,24234
,DCMFINSERV,BE,         5.33,                    20030.14,3758
,DCMNVL,BE,       147.77,                    23647.37,159
,DCMSHRIRAM,EQ,      1046.10,                 23776972.40,22655
,DCMSIL,BE,        75.31,                  1197880.86,15906
,DCMSRIND,EQ,        41.19,                  7158648.09,171391
,DCW,EQ,        48.38,                 57407441.88,1185686
,DCXINDIA,EQ,       196.71,                 92055607.63,467506
,DDEVPLSTIK,EQ,       277.10,                 21775078.10,78223
,DECCANCE,EQ,       574.40,                 15325408.10,26880
,DECCANTRAN,SM,        23.00,                    85200.00,3600
,DECNGOLD,EQ,       205.27,                709916567.24,3514094
,DEEDEV,BE,       677.50,                 74628987.25,111942
,DEEM,ST,        53.15,                    53150.00,1000
,DEEPAKFERT,EQ,      1546.20,                237616700.80,153344
,DEEPAKNTR,EQ,      1621.20,                327330254.60,202711
,DEEPINDS,EQ,       454.15,                 96898508.30,210309
,DEFENCE,EQ,        77.40,                 13065429.38,168744
,DELAPLEX,SM,       100.45,                   534570.00,5400
,DELHIVERY,EQ,       515.65,               4125883800.90,8003908
,DELPHIFX,BE,         8.79,                  5865227.80,666344
,DELTACORP,EQ,        64.81,                187585424.59,2877488
,DELTAMAGNT,EQ,        58.71,                   303122.72,5119
,DELTIC,ST,        33.00,                   424300.00,13000
,DEN,EQ,        28.41,                  9980539.78,351395
,DENEERS,SM,       177.65,                  2073870.00,12000
,DENORA,EQ,       886.00,                  6966400.15,7833
,DENTA,EQ,       329.55,                 69413415.55,210930
,DENTALKART,SM,       383.40,                  5016850.00,13000
,DEVIT,EQ,        27.63,                   387882.58,13922
,DEVX,EQ,        34.70,                  1021976.05,29325
,DEVYANI,EQ,       111.81,                111206469.26,988901
,DGCONTENT,EQ,        26.02,                   810206.71,31014
,DHAMPURSUG,EQ,       141.81,                 18765964.63,132143
,DHANBANK,EQ,        33.89,                 66361033.19,1948829
,DHANLAXMI,SM,        25.50,                    51000.00,2000
,DHANSA,ST,        23.40,                    46800.00,2000
,DHANUKA,EQ,      1037.40,                 31312651.80,29859
,DHARAN,BZ,         0.15,                  1055471.41,6802146
,DHARARAIL,ST,       135.00,                  2163550.00,16000
,DHARIWAL,SM,        33.10,                   496200.00,15000
,DHARMAJ,EQ,       259.35,                  9530765.40,36644
,DHRUV,BE,        26.27,                   112488.14,4282
,DHTL,SM,        36.80,                   118320.00,3200
,DHUNINV,EQ,       960.30,                  5635946.10,5815
,DIACABS,EQ,       239.20,               3054914978.63,12547336
,DIAMINESQ,EQ,       266.96,                  1918966.05,7239
,DIAMONDYD,EQ,      1198.30,                 25293843.50,21078
,DICIND,EQ,       516.90,                  1545687.45,3063
,DIFFNKG,EQ,       400.20,                 51225116.90,128674
,DIGIDRIVE,EQ,        18.24,                   269354.26,14722
,DIGIKORE,SM,        52.45,                  6037420.00,115600
,DIGISPICE,BE,        20.38,                  1453212.42,72024
,DIGITIDE,EQ,       105.01,                104488292.55,999692
,DIGJAMLMTD,EQ,        43.66,                   101662.86,2341
,DISAQ,EQ,     12182.00,                  5116317.00,429
,DISHTV,BE,         2.93,                  2204939.77,750722
,DIVGIITTS,EQ,       979.70,                 50734768.20,51983
,DIVIDEND,EQ,        34.65,                   125009.38,3618
,DIVINEHIRA,ST,       118.50,                   142200.00,1200
,DIVOPPBEES,EQ,        75.67,                  2598165.88,34361
,DIVYADHAN,ST,        52.65,                   105300.00,2000
,DIXON,EQ,     13477.00,              11132778360.00,825754
,DJML,EQ,       115.05,                 60928106.90,539417
,DKEGL,SM,        67.95,                   101925.00,1500
,DLINKINDIA,EQ,       546.05,                413144255.60,756223
,DMCC,EQ,       267.85,                 32904844.05,124500
,DNAMEDIA,EQ,         2.80,                   258110.93,91820
,DODLA,EQ,      1119.80,                  9734473.40,8721
,DOLATALGO,EQ,        71.08,                  7805363.70,109745
,DOLLAR,EQ,       267.40,                 50372182.00,187420
,DOLLEX,SM,        28.45,                   113800.00,4000
,DOLPHIN,EQ,       385.65,                 35841075.90,89800
,DOMS,EQ,      2322.10,                104067494.00,44846
,DONEAR,EQ,        84.51,                   692645.71,8155
,DPABHUSHAN,EQ,      1151.05,                378361105.20,331730
,DPEL,SM,       574.10,                 36623625.00,64000
,DPSCLTD,BE,         7.49,                   488835.22,65141
,DPWIRES,BE,       180.65,                  1358572.30,7499
,DRAGARWQ,EQ,      5012.00,                  1395069.00,279
,DRCSYSTEMS,EQ,        13.79,                   287283.39,20732
,DREAMFOLKS,EQ,        67.98,                  3232197.15,47557
,DREDGECORP,EQ,      1056.20,                 94706604.10,89916
,DRONE,ST,        40.90,                  1193500.00,30000
,DSFCL,BE,        23.53,                  1956250.85,82794
,DSSL,EQ,      1290.30,                 29799394.60,23063
,DTIL,EQ,       136.11,                  1368625.75,9983
,DTL,SM,       124.00,                   446880.00,3600
,DUCOL,SM,       107.00,                    85600.00,800
,DUCON,BE,         3.04,                  1056846.96,345298
,DUGLOBAL,ST,        29.35,                  1324750.00,45000
,DURLAX,ST,        50.85,                  4308200.00,90000
,DVL,EQ,       240.98,                  8212037.20,34244
,DWARKESH,EQ,        42.65,                 12824837.79,298855
,DYCL,EQ,       360.75,                 81267174.85,223991
,DYNAMATECH,EQ,     10845.00,                151260877.00,13834
,DYNAMIC,ST,       160.00,                   646050.00,4000
,DYNPRO,EQ,       232.20,                  3118535.78,13385
,E2E,EQ,       397.70,                551954334.20,1393285
,E2ERAIL,ST,       263.45,                  3183600.00,12000
,EASEMYTRIP,EQ,         6.75,                284898279.33,41948986
,EASTSILK,BE,        50.60,                    14816.39,302
,EBANKNIFTY,EQ,        57.82,                    30596.90,529
,EBBETF0430,EQ,      1605.80,                 40665965.65,25345
,EBBETF0431,EQ,      1441.90,                 19355365.95,13502
,EBBETF0433,EQ,      1317.60,                  3395770.47,2585
,EBGNG,EQ,       633.10,                843945257.05,1273440
,ECAPINSURE,EQ,        24.27,                   501827.62,20709
,ECLERX,EQ,      1556.40,                680177444.50,440139
,ECOLINE,ST,       198.00,                  1178750.00,6000
,ECOSMOBLTY,BE,       126.62,                 13327005.89,104385
,EDELWEISS,EQ,       117.96,                174723621.50,1472910
,EEPL,SM,       116.60,                  1295750.00,11000
,EFACTOR,SM,       157.85,                  1411040.00,8800
,EFCIL,EQ,       192.85,                 35869946.72,185800
,EFFWA,ST,       371.05,                  4647240.00,12400
,EFORCE,SM,        20.60,                   655260.00,31200
,EGOLD,EQ,       143.15,                  3922174.30,27451
,EIDPARRY,EQ,       749.20,                195895555.85,263828
,EIEL,EQ,       228.39,                401626215.77,1745090
,EIFFL,BE,       316.25,                  3824259.15,12161
,EIHAHOTELS,EQ,       317.35,                  6422806.75,20110
,EIHOTEL,EQ,       327.85,                613608208.00,1814043
,EIMCOELECO,EQ,      1783.80,                957317930.10,514935
,EKC,EQ,       114.02,                 22187206.34,194678
,ELANTAS,EQ,      9758.00,                  7786341.00,810
,ELCIDIN,EQ,    113000.00,                   906880.00,8
,ELDEHSG,EQ,       819.00,                   309647.15,378
,ELECON,EQ,       512.35,                211166479.65,413118
,ELECTCAST,EQ,        75.52,                 95384001.94,1258431
,ELECTHERM,EQ,      1119.10,                 10189759.60,9094
,ELGIEQUIP,EQ,       588.70,                 92992067.75,158707
,ELGIRUBCO,EQ,        59.33,                  3051620.17,51548
,ELGNZ,SM,        88.55,                  9506100.00,108000
,ELIN,EQ,        99.76,                  5463006.95,55037
,ELIQUID,EQ,      1038.50,                 22364931.01,21536
,ELITECON,EQ,        23.03,                250248651.16,10630607
,ELLEN,EQ,       267.50,                 96602521.30,362068
,ELM250,EQ,        16.47,                   291076.37,17637
,ELPROINTL,EQ,       173.97,                  5771200.92,33269
,EMAMILTD,EQ,       415.10,                185042717.05,448267
,EMAMIPAP,EQ,        87.12,                  1735931.58,19879
,EMAMIREAL,BE,        79.36,                  2414983.40,30679
,EMAPARTNER,SM,        80.35,                  2166900.00,27000
,EMBASSY,RR,       443.69,                192600477.35,430243
,EMBDL,EQ,        63.81,                140151740.73,2191095
,EMCURE,EQ,      1809.50,                271411153.80,148651
,EMIL,EQ,       132.01,                120146702.67,905074
,EMKAY,EQ,       265.10,                  7816347.85,29554
,EMKAYTOOLS,SM,        94.00,                    84600.00,900
,EMMBI,BE,        88.51,                   505441.97,5649
,EMMIL,SM,       131.80,                  7152975.00,54250
,EMMVEE,EQ,       334.45,                711276196.80,2127761
,EMPOWER,BE,         2.21,                 11186056.84,5184116
,EMSLIMITED,EQ,       419.30,                190918162.90,458371
,EMUDHRA,EQ,       434.95,                 28374450.10,65310
,EMULTIMQ,EQ,        41.08,                  1013400.32,24699
,ENCOMPAS,SM,       240.70,                  2332480.00,9600
,ENDURANCE,EQ,      2706.80,                318171641.80,117900
,ENERGY,EQ,        39.05,                  8100640.45,207130
,ENERGYDEV,EQ,        16.85,                   479814.96,28360
,ENEXT50,EQ,        71.00,                   116020.53,1634
,ENFUSE,SM,       171.00,                   102600.00,600
,ENGINERSIN,EQ,       237.29,                348747982.31,1465353
,ENIFTY,EQ,        24.14,                   289568.29,11979
,ENIL,EQ,       105.50,                 11086610.49,104886
,ENSER,ST,        14.95,                   220250.00,15000
,ENTERO,EQ,      1216.40,                102823863.10,85212
,ENVIRO,SM,        78.15,                   843300.00,11000
,EPACK,EQ,       230.22,                 79558400.16,344618
,EPACKPEB,EQ,       262.95,                382715000.60,1468021
,EPIGRAL,EQ,       996.90,                 28138778.20,28134
,EPL,EQ,       239.49,                120491288.62,502620
,EPWINDIA,ST,       258.00,                  4577520.00,18000
,EQUAL200,EQ,        13.62,                    75361.56,5531
,EQUAL50,EQ,       327.65,                   383124.29,1168
,EQUAL50ADD,EQ,       338.85,                  4012116.60,11825
,EQUIPPP,BE,        23.01,                   465029.37,20511
,EQUITASBNK,EQ,        78.17,                256614483.45,3290031
,ERIS,EQ,      1430.00,                122417152.50,85753
,ESABINDIA,EQ,      5659.50,                  4918890.00,869
,ESAFSFB,EQ,        34.56,                 28117589.07,827620
,ESCONET,ST,       122.75,                  1326920.00,10800
,ESCORTS,EQ,      2908.60,                176384236.30,60567
,ESENSEX,EQ,        77.19,                   412012.23,5322
,ESFL,ST,       113.90,                   452718.00,3960
,ESG,EQ,        41.16,                  2076939.59,50437
,ESILVER,EQ,       222.21,                152813420.13,687567
,ESPRIT,SM,        57.55,                  3853120.00,65600
,ESSARSHPNG,EQ,        22.41,                  2012543.29,89364
,ESSENTIA,BE,         1.22,                  1754546.48,1443695
,ESTER,EQ,        89.46,                  7820701.09,87220
,ETHOSLTD,EQ,      2526.40,                 49234434.90,19566
,ETL,SM,      1090.00,                   808500.00,750
,ETML,SM,        81.30,                  1166700.00,14400
,EUREKAFORB,EQ,       451.90,                 39395438.45,87187
,EUROBOND,EQ,       164.89,                  1765765.72,10660
,EUROPRATIK,EQ,       310.65,                 45012425.25,144455
,EUROTEXIND,BE,        14.56,                    12365.86,851
,EVEREADY,EQ,       354.25,                 54107984.50,150774
,EVERESTIND,BE,       481.35,                  2286351.40,4805
,EVIETF,EQ,        31.18,                 10396681.81,333321
,EVINDIA,EQ,        31.12,                  2783893.93,89298
,EXCELINDUS,EQ,       901.15,                  4391912.30,4875
,EXCELLENT,ST,       193.00,                  2740800.00,14400
,EXCELSOFT,EQ,        78.48,                 27101625.26,344202
,EXICOM,EQ,       160.40,                232250863.03,1447354
,EXIDEIND,EQ,       425.20,               2530506587.00,5969150
,EXIMROUTES,SM,       110.00,                    88000.00,800
,EXPLEOSOL,EQ,       828.35,                 46752236.15,56666
,EXXARO,EQ,         6.58,                  3151446.79,477981
,FABTECH,EQ,       160.25,                 33866182.30,210347
,FACT,EQ,       850.10,                 72433332.45,84892
,FAIRCHEMOR,BE,       721.30,                  2736637.15,3832
,FALCONTECH,SM,        11.45,                   217140.00,19200
,FAZE3Q,EQ,       581.70,                 11451075.65,19315
,FCL,EQ,        37.43,                162509525.61,4364061
,FCSSOFT,BE,         1.49,                   758140.31,508819
,FDC,EQ,       432.10,                136436378.25,313676
,FEDDERSHOL,EQ,        42.18,                179743012.66,4090566
,FEDERALBNK,EQ,       327.75,               1217189726.80,3699416
,FEDFINA,EQ,       154.49,                185103014.97,1209335
,FEL,BZ,         0.37,                   102957.16,274432
,FELDVR,BZ,         2.47,                     2305.48,913
,FELIX,SM,       182.95,                  8189700.00,45000
,FERMENTA,EQ,       401.65,                885865698.15,2186102
,FIBERWEB,EQ,        30.99,                   454338.29,14662
,FIDEL,SM,       148.70,                   148700.00,1000
,FIEMIND,EQ,      2208.80,                 44038147.10,19840
,FILATEX,EQ,        61.06,                261569683.66,4293206
,FILATFASH,BE,         0.19,                  3317647.99,17076218
,FINBUD,SM,       122.65,                  2561350.00,21000
,FINCABLES,EQ,      1046.60,                157130626.80,150312
,FINEORG,EQ,      4969.50,                 70429867.50,14226
,FINIETF,EQ,        32.68,                  7880787.29,243191
,FINKURVE,EQ,        65.51,                  1719230.99,26385
,FINOPB,EQ,       134.65,                 27483434.54,203597
,FINPIPE,EQ,       167.22,                 54075234.61,323404
,FIRSTCRY,EQ,       203.44,                404908635.90,1966577
,FISCHER,EQ,        38.09,                 73879011.58,1955208
,FIVESTAR,EQ,       549.70,                229831389.80,424018
,FLAIR,EQ,       262.05,                 22176020.45,84857
,FLEXIADD,EQ,         9.76,                   338359.70,34667
,FLEXITUFF,BE,         5.25,                   125577.02,23704
,FLFL,BZ,         1.33,                    14366.70,10696
,FLUOROCHEM,EQ,      3863.60,                196367721.90,50636
,FLYSBS,SM,       457.95,                  5910850.00,13000
,FMCGADD,EQ,        49.55,                   123328.22,2487
,FMCGIETF,EQ,        52.89,                 28823649.06,543781
,FMGOETZE,EQ,       449.35,                 10288341.45,22980
,FMNL,BE,        10.16,                    95349.10,9286
,FOCUS,BE,        82.55,                  1564471.35,18944
,FONEBOX,SM,        74.25,                   290500.00,4000
,FOODSIN,EQ,        62.64,                 16419052.44,263330
,FORCAS,SM,       140.00,                 23707280.00,171200
,FORCEMOT,EQ,     18167.00,               1248209711.00,68413
,FORGEAUTO,SM,        88.70,                   425760.00,4800
,FORTIS,EQ,       951.45,               1907298556.15,1998003
,FOSECOIND,EQ,      5145.00,                  8212456.00,1585
,FRACTAL,EQ,       841.25,                182240396.30,216914
,FRESHARA,SM,       295.00,                 21596790.00,73800
,FROG,ST,       173.55,                  1449020.00,8400
,FRONTSP,EQ,      1442.10,                 15903193.00,11075
,FSL,EQ,       242.94,                166363072.92,684759
,FUSION,EQ,       229.32,                494995138.67,2169577
,FWSTC,SM,       198.00,                   237600.00,1200
,GABRIEL,EQ,      1254.10,                200631659.80,159878
,GAEL,EQ,       158.41,                209041450.57,1309602
,GAJANAND,SM,         8.10,                    48600.00,6000
,GALAPREC,EQ,      1182.60,                 81163419.00,67928
,GALAXYSURF,EQ,      2001.80,                 11014518.80,5498
,GALLANTT,EQ,       662.80,                 15819140.30,23804
,GANDHAR,EQ,       193.35,                139704407.57,721145
,GANDHITUBE,EQ,       859.05,                  3679459.50,4294
,GANECOS,EQ,      1136.45,                418152818.35,374976
,GANESHBE,EQ,        96.65,                 18442700.73,189932
,GANESHCP,EQ,       190.02,                 15024307.58,78460
,GANESHHOU,EQ,       866.15,                151354184.80,175343
,GANESHIN,ST,        91.15,                  1033960.00,11200
,GANGABATH,SM,        21.15,                   256200.00,12000
,GANGAFORGE,BE,         2.13,                   588464.68,276087
,GANGESSECU,EQ,       117.22,                   222134.59,1901
,GARFIBRES,EQ,       722.80,                 34021422.95,47034
,GARUDA,EQ,       173.91,                 37275520.38,212881
,GATECH,EQ,         0.48,                  1079830.46,2226456
,GATECHDVR,EQ,         0.44,                   301868.53,696932
,GATEWAY,EQ,        57.93,                 64441530.36,1101689
,GAUDIUMIVF,BE,       119.18,                 34081175.76,297846
,GAYAHWS,EQ,         1.81,                  1054366.84,573153
,GAYAPROJ,BE,        20.78,                  5021362.98,242649
,GCHOTELS,ST,       116.50,                  2909070.00,25200
,GCSL,EQ,       489.70,                358941479.55,739126
,GEECEE,BE,       332.35,                   569066.75,1654
,GEEKAYWIRE,EQ,        24.71,                  2106084.63,86161
,GEMAROMA,EQ,       210.66,                750366728.50,3502127
,GENCON,EQ,        41.70,                  9810471.51,233954
,GENESYS,EQ,       322.95,                 58191947.45,178900
,GENUSPAPER,EQ,        11.28,                   463154.37,40919
,GENUSPOWER,EQ,       307.05,                529400346.75,1721722
,GENXAI,SM,        88.45,                  4279680.00,48000
,GEOJITFSL,EQ,        79.16,                 24467684.12,309817
,GESHIP,EQ,      1414.20,                497661530.60,351376
,GFLLIMITED,EQ,        45.40,                  1746998.81,38222
,GGBL,SM,       267.70,                  4977540.00,18600
,GHCL,EQ,       428.35,                 75762411.15,177009
,GHCLTEXTIL,EQ,       107.71,                 54589120.56,505493
,GICHSGFIN,EQ,       150.84,                  8520244.53,56410
,GICL,EQ,        17.20,                  5089756.69,301589
,GICRE,EQ,       362.70,                213009375.20,588247
,GILLANDERS,EQ,        89.69,                  1191814.31,13083
,GILLETTE,EQ,      7788.50,                 89478003.00,11488
,GILT10BETA,EQ,        26.78,                    19515.19,729
,GILT5BETA,EQ,        66.64,                    45156.94,685
,GILT5YBEES,EQ,        65.79,                218741194.22,3332422
,GINNIFILA,BE,        54.04,                  5949980.27,114671
,GIPCL,EQ,       162.96,                 89257586.50,550406
,GIRIRAJ,SM,       128.85,                   450600.00,3500
,GJL,ST,       166.00,                 11752240.00,70400
,GKENERGY,EQ,       145.13,                179860947.82,1216427
,GKSL,EQ,       130.98,                 33248214.05,252281
,GKWLIMITED,EQ,      1725.00,                   142144.40,82
,GLAND,EQ,      2469.50,                892685713.20,359295
,GLAXO,EQ,      2440.40,                175196354.90,71685
,GLENMARK,EQ,      2267.20,                971156954.70,427091
,GLFL,BE,         5.97,                      608.94,102
,GLOBAL,EQ,       101.30,                  1892979.24,18653
,GLOBALE,BE,        10.93,                   166808.01,15234
,GLOBALPET,ST,       152.00,                   114000.00,750
,GLOBALVECT,EQ,       156.31,                   983038.23,6204
,GLOBE,EQ,         2.16,                   505185.01,233853
,GLOBECIVIL,BE,        41.80,                   778410.14,18452
,GLOBUSSPR,EQ,       921.55,                123398857.25,133881
,GLOSTERLTD,EQ,       645.75,                   749054.05,1157
,GLOTTIS,BE,        67.01,                  2250076.43,33686
,GMBREW,EQ,       965.55,               1027020787.75,1043341
,GMDCLTD,EQ,       586.10,                525045816.25,892071
,GML,SM,        18.00,                   144500.00,8000
,GMMPFAUDLR,EQ,       764.80,                 52770359.65,68510
,GMRAIRPORT,EQ,       111.83,               2185849172.26,19447181
,GMRP&UI,EQ,        99.04,                 65847413.00,662896
,GNA,EQ,       469.90,                 45494828.40,97054
,GNFC,EQ,       504.60,                106803732.05,211498
,GNRL,EQ,       102.33,                 10352997.07,100429
,GOACARBON,EQ,       393.25,                  3033170.30,7759
,GOCLCORP,EQ,       410.00,                 37669942.25,92052
,GOCOLORS,EQ,       323.60,                203068749.90,619468
,GODAVARIB,EQ,       265.95,                 16282940.60,61143
,GODFRYPHLP,EQ,      2103.00,                336498828.50,160140
,GODIGIT,EQ,       301.85,                 38141386.75,125844
,GODREJAGRO,EQ,       562.00,                 43739651.95,77947
,GODREJIND,EQ,      1219.20,                213400265.70,173181
,GODREJPROP,EQ,      2029.90,               1011181906.50,498659
,GOKEX,EQ,       831.65,                337415739.60,407072
,GOKUL,EQ,        40.42,                  6757509.08,166713
,GOKULAGRO,EQ,       212.80,                138706459.31,645934
,GOLD1,EQ,       119.55,                140013651.90,1173234
,GOLD360,EQ,       139.40,                  1899588.55,13674
,GOLDADD,EQ,       139.12,                 12055777.38,86807
,GOLDAXIS,EQ,       119.61,                181061271.53,1522082
,GOLDBEES,EQ,       118.42,               2198339446.21,18641803
,GOLDBETA,EQ,       120.50,                 33253515.70,276851
,GOLDBND,EQ,       143.35,                  1776262.90,12411
,GOLDCASE,EQ,        22.51,                336490510.53,14991061
,GOLDENTOBC,BZ,        25.00,                     4959.80,198
,GOLDETF,EQ,       139.08,                108740323.16,783072
,GOLDIAM,EQ,       420.50,                408422528.70,962915
,GOLDIETF,EQ,       122.80,                462031994.33,3776499
,GOLDTECH,BE,        58.05,                  1373211.82,24136
,GOODLUCK,EQ,      1549.80,                685401558.60,446905
,GOODYEAR,EQ,       770.55,                  3645776.25,4703
,GOPAL,EQ,       269.05,                  6062313.65,22566
,GOYALALUM,EQ,         6.61,                  1182888.01,182677
,GOYALSALT,SM,       123.95,                    74370.00,600
,GPECO,ST,       413.75,                  8769080.00,21000
,GPIL,EQ,       250.80,                301199261.90,1198319
,GPPL,EQ,       152.32,                112964210.45,742019
,GPTHEALTH,EQ,       158.32,                 40090001.32,253574
,GPTINFRA,EQ,       123.93,                 12859923.97,103560
,GRADIENTE,BE,         3.56,                  3360049.84,969385
,GRANDOAK,EQ,        47.68,                   300336.32,6299
,GRANULES,EQ,       882.05,               1412926361.75,1603256
,GRAPHISAD,SM,        27.00,                    32400.00,1200
,GRAPHITE,EQ,       580.95,                366619406.50,632727
,GRAUWEIL,EQ,        80.15,                 25102598.72,313782
,GRAVISSHO,EQ,        29.97,                    18811.56,633
,GRAVITA,EQ,      1811.40,               2678816467.40,1466706
,GRCL,ST,       613.95,                   307387.50,500
,GREAVESCOT,EQ,       237.23,                962639730.97,4112509
,GREENCHEF,SM,        50.50,                   796600.00,16000
,GREENLAM,EQ,       255.40,                  5771871.65,22752
,GREENLEAF,ST,       107.50,                  2144450.00,20000
,GREENPANEL,EQ,       190.43,                 16198442.49,84792
,GREENPLY,EQ,       311.05,                116803396.00,369696
,GREENPOWER,EQ,        10.11,                 13987966.65,1379302
,GRINDWELL,EQ,      2020.70,                113709093.20,56220
,GRINFRA,EQ,       891.45,                 13977509.90,15686
,GRMOVER,EQ,        97.98,                169048391.94,1733406
,GROBTEA,EQ,       902.30,                    73683.20,80
,GROWW,EQ,       198.44,               4394593765.42,22339788
,GROWWCAPM,EQ,        11.53,                 11475245.76,997872
,GROWWCHEM,EQ,        29.21,                   941532.98,32144
,GROWWDEFNC,EQ,        93.33,                 26756805.04,286861
,GROWWEV,EQ,        30.92,                  4704380.69,151653
,GROWWGOLD,EQ,        13.99,                 40160169.43,2885019
,GROWWHOSPI,EQ,        54.06,                 65750253.95,1216057
,GROWWLIQID,EQ,       109.82,                 15657351.12,142562
,GROWWLOVOL,EQ,        10.25,                   284043.16,27577
,GROWWMC150,EQ,       228.53,                    86405.82,378
,GROWWMETAL,EQ,        11.93,                  2938392.92,246866
,GROWWMOM50,EQ,        10.58,                   856118.93,80861
,GROWWN200,EQ,        11.25,                   506628.80,45088
,GROWWNET,EQ,         9.97,                  8606870.96,863675
,GROWWNIFTY,EQ,         9.66,                  5720613.54,589976
,GROWWNXT50,EQ,        71.70,                   415473.84,5796
,GROWWPOWER,EQ,        11.63,                 23073513.74,1976851
,GROWWPSE,EQ,        98.61,                   251727.71,2556
,GROWWPSUBK,EQ,        82.18,                  1089974.58,13268
,GROWWRAIL,EQ,        28.51,                 13105263.72,459374
,GROWWRLTY,EQ,        10.13,                  6317576.00,629629
,GROWWSC250,EQ,        10.30,                   873181.56,84708
,GROWWSLVR,EQ,        21.82,                 62933590.83,2920754
,GRPLTD,EQ,      1941.90,                  5477792.60,2832
,GRSE,EQ,      2627.30,                830340345.20,315209
,GRWRHITECH,EQ,      6922.00,                328075305.00,47051
,GSEC10ABSL,EQ,       114.28,                    10667.08,93
,GSEC10IETF,EQ,       265.45,                   217135.90,818
,GSEC10YEAR,EQ,        30.43,                    36048.96,1186
,GSEC5IETF,EQ,        65.91,                   441623.68,6683
,GSFC,EQ,       161.64,                 78840820.89,489859
,GSLSU,EQ,        38.53,                   968890.36,24971
,GSMFOILS,SM,       254.80,                 16266775.00,65000
,GSPCROP,EQ,       394.70,                158435954.75,401612
,GSS,BE,        12.44,                    75974.50,6034
,GSTL,ST,        14.75,                    59000.00,4000
,GTECJAINX,BE,        26.24,                   214538.24,8176
,GTL,EQ,         7.31,                  1354352.66,183922
,GTLINFRA,EQ,         1.32,                 38092071.25,28667090
,GTPL,EQ,        59.23,                  2227674.94,37214
,GUFICBIO,EQ,       386.95,                 50663486.40,132008
,GUJALKALI,EQ,       590.85,                  9445710.65,16025
,GUJAPOLLO,EQ,       348.65,                 14649974.05,41583
,GUJENERGY,BE,       286.45,                211223427.90,731679
,GUJRAFFIA,EQ,        40.67,                   316032.01,7739
,GUJTHEM,EQ,       374.55,                 14452233.40,38626
,GULFOILLUB,EQ,      1044.30,                 46951829.60,45109
,GULFPETRO,BE,        37.95,                   932204.66,24715
,GULPOLY,EQ,       184.02,                 23376729.21,126412
,GURUNANAK,ST,        44.00,                    70400.00,1600
,GVKPIL,BE,         2.52,                  1852822.45,732555
,GVPIL,EQ,       860.70,                159390158.15,183931
,GVPTECH,EQ,         6.89,                   265966.30,38390
,GVT&D,EQ,      4643.40,               2471571792.10,537743
,HALDER,EQ,       238.41,                   134567.77,581
,HALDYNGL,BE,       118.96,                   948215.71,7975
,HALEOSLABS,EQ,      1546.80,                   451969.90,292
,HAPPSTMNDS,EQ,       365.60,               1346957162.55,3673850
,HAPPYFORGE,EQ,      1564.10,                148671306.20,94692
,HARDWYN,EQ,        24.45,                 70447005.59,2858078
,HARIOMPIPE,EQ,       382.85,                 50091191.70,129675
,HARRMALAYA,EQ,       201.15,                  1014508.59,5034
,HARSHA,EQ,       420.70,                 44428458.50,105217
,HATHWAY,EQ,        10.89,                 14990776.73,1372992
,HATSUN,EQ,       904.60,                 13507383.35,14930
,HAVELLS,EQ,      1190.80,               2782107968.40,2319664
,HAVISHA,EQ,         1.17,                   323226.81,272470
,HAWKINCOOK,EQ,      8964.00,                 27511823.50,3067
,HBESD,EQ,        74.29,                    49298.81,654
,HBLENGINE,EQ,       760.15,                631178875.65,825252
,HBSL,BE,        51.90,                    52325.16,1025
,HCC,EQ,        23.42,                913922287.77,39226487
,HCG,EQ,       652.70,                 73001765.75,112108
,HCL-INSYS,EQ,        11.90,                  2223405.60,186601
,HDBFS,EQ,       734.90,                301701072.55,413331
,HDFCBSE500,EQ,        37.30,                 20277727.86,544094
,HDFCGOLD,EQ,       122.26,                250544524.85,2055024
,HDFCGROWTH,EQ,       113.16,                  3039113.92,26803
,HDFCLIQUID,EQ,      1068.45,                 21197183.83,19839
,HDFCLOWVOL,EQ,        20.48,                    98373.10,4802
,HDFCMID150,EQ,        23.08,                 10284778.99,445452
,HDFCMOMENT,EQ,        30.50,                  1291767.07,42315
,HDFCNEXT50,EQ,        72.81,                 26776103.58,367551
,HDFCNIF100,EQ,        25.85,                   512589.59,19789
,HDFCNIFBAN,EQ,        58.99,                106020302.30,1797100
,HDFCNIFIT,EQ,        29.24,                  4731622.31,161712
,HDFCNIFTY,EQ,       269.64,                 20420594.59,75491
,HDFCPSUBK,EQ,        83.02,                 32483534.78,392271
,HDFCPVTBAN,EQ,        28.34,                  4480273.69,158270
,HDFCQUAL,EQ,        56.53,                  1421089.77,25103
,HDFCSENSEX,EQ,        87.04,                  2465767.53,28251
,HDFCSILVER,EQ,       213.14,                584549232.18,2762914
,HDFCSML250,EQ,       180.15,                202842414.56,1129664
,HDFCVALUE,EQ,       126.08,                   518691.60,4118
,HDIL,BZ,         1.69,                   829794.46,486471
,HEADSUP,EQ,         6.93,                   474600.31,67355
,HEALTHADD,EQ,        16.43,                   816578.17,49600
,HEALTHAXIS,EQ,       166.64,                  2016482.86,12124
,HEALTHCARE,EQ,        21.13,                  1217901.06,57597
,HEALTHIETF,EQ,       167.52,                 38342209.24,228105
,HEALTHX,EQ,       329.65,                 12940173.50,39421
,HEALTHY,EQ,        16.73,                 10980146.21,654368
,HECPROJECT,EQ,       134.94,                  2539623.81,18843
,HEG,EQ,       514.25,                573244101.35,1102977
,HEIDELBERG,EQ,       157.01,                 18463938.48,116680
,HEMIPROP,EQ,       136.88,                 34814215.76,254272
,HERANBA,EQ,       177.71,                  6701833.47,37440
,HERITGFOOD,EQ,       334.75,                 97492282.65,292103
,HEROMOTOCO,EQ,      4898.50,               2611939064.50,534195
,HESTERBIO,EQ,      2102.20,                  5915189.90,2790
,HEXAGON,EQ,        68.45,                113111163.19,1655678
,HEXATRADEX,EQ,       158.01,                   670060.92,4237
,HEXT,EQ,       539.25,                406522086.65,761950
,HFCL,EQ,       214.68,               4697294223.18,21988011
,HGINFRA,EQ,       555.90,                 18085752.20,32641
,HGM,EQ,        49.55,                    84297.62,1686
,HGS,EQ,       409.90,                  5945411.75,14516
,HIGREEN,SM,       143.45,                  3062840.00,21600
,HIKAL,EQ,       233.59,                406049706.70,1713350
,HILINFRA,BE,        45.21,                  1339253.70,29478
,HILTON,BE,        23.03,                  1718480.16,73658
,HIMATSEIDE,EQ,        85.39,                 76704457.85,897655
,HINDCOMPOS,EQ,       439.75,                  2197502.40,5003
,HINDCON,BE,        21.48,                   187340.73,8669
,HINDCOPPER,EQ,       486.45,                764834793.85,1571497
,HINDOILEXP,EQ,       153.81,                 52339084.25,334994
,HINDPETRO,EQ,       392.10,               1664608710.55,4266757
,HINDWAREAP,EQ,       245.45,                 16886630.60,68811
,HIRECT,EQ,      1041.00,                 49773069.70,47931
,HISARMETAL,EQ,       153.27,                    56382.59,367
,HITECH,EQ,        84.33,                132529940.17,1560780
,HITECHCORP,BE,       327.40,                 16451263.35,50482
,HITECHGEAR,BE,       653.55,                   611655.30,933
,HLEGLAS,EQ,       418.60,                282317267.55,671661
,HLVLTD,EQ,         7.65,                   951700.53,124758
,HMAAGRO,EQ,        21.72,                  3971539.96,183358
,HMT,BZ,        64.97,                   657926.11,10239
,HMVL,EQ,        89.89,                  2780621.92,31294
,HNDFDS,EQ,       547.95,                 32324464.80,59408
,HNGSNGBEES,EQ,       480.34,                 38932019.50,80716
,HOACFOODS,ST,       704.90,                   799237.50,1125
,HOLMARC,SM,       108.50,                   407025.00,3750
,HOMEFIRST,EQ,      1202.30,                169222196.60,140199
,HONASA,EQ,       471.60,                695034330.70,1482238
,HONAUT,EQ,     38015.00,                208286045.00,5473
,HONDAPOWER,EQ,      2103.70,                  8438445.30,4009
,HPAL,EQ,        34.78,                   986664.06,28256
,HPIL,EQ,       123.06,                    20467.51,166
,HPL,EQ,       344.85,                 38220557.00,110853
,HRHNEXT,SM,        26.20,                   117900.00,4500
,HSBCGOLD,EQ,       125.29,                    61813.09,495
,HSCL,EQ,       650.05,               3189486156.95,4897333
,HTMEDIA,EQ,        25.90,                  7749675.91,301752
,HUBTOWN,EQ,       203.69,                100505462.32,493164
,HUDCO,EQ,       204.81,                701394996.16,3440513
,HUHTAMAKI,EQ,       207.75,                 11468081.12,55277
,HVAX,SM,       630.00,                   285000.00,450
,HYBRIDFIN,BE,        18.63,                   295170.66,15487
,IBLFL,SM,        55.00,                   110000.00,2000
,IBULLSLTD,BE,        29.57,                124550883.34,4243541
,ICDSLTD,EQ,        40.00,                    17961.59,444
,ICEMAKE,EQ,       757.70,                  9026902.05,11868
,ICICIAMC,EQ,      3181.10,               1234407617.80,387087
,ICICIB22,EQ,       115.92,                 35692790.36,306946
,ICICIGI,EQ,      1794.70,                761528108.90,425054
,ICICIPRULI,EQ,       490.70,                279592137.15,572357
,ICIL,EQ,       421.85,                118632591.30,280466
,ICRA,EQ,      5194.00,                 83112683.00,15920
,IDBI,EQ,        82.32,                521442154.62,6371687
,IDEA,EQ,        14.04,               2798398267.06,198912712
,IDEAFORGE,BE,       857.90,                131178653.00,153118
,IDEALTECHO,SM,       170.15,                   170150.00,1000
,IDENTICAL,ST,        16.40,                    65600.00,4000
,IDFCFIRSTB,EQ,        79.46,                876328947.54,11084077
,IDFNIFTYET,EQ,       264.06,                   223400.80,843
,IEML,SM,        42.25,                   403350.00,9500
,IEX,EQ,       117.85,                990908415.59,8424314
,IFBAGRO,BE,       917.95,                  4142781.20,4529
,IFBIND,EQ,      1279.90,                192838010.50,150852
,IFCI,EQ,        76.66,               3684619421.47,48013939
,IFGLEXPOR,EQ,       233.88,                 24115237.69,102823
,IGARASHI,EQ,       469.10,                 25541165.15,54270
,IGCL,EQ,        69.50,                 10340581.09,148279
,IGIL,EQ,       341.75,                120639008.60,350994
,IGL,EQ,       151.77,                200142995.01,1321339
,IGPL,EQ,       422.10,                  8425963.65,19858
,IIFL,EQ,       544.70,               2269887341.65,4193206
,IIFLCAPS,EQ,       338.50,                 84320448.50,249049
,IITL,EQ,       131.40,                 12901636.32,94367
,IKIO,EQ,       206.88,               1818818185.21,8913230
,IKS,EQ,      1862.90,                422367282.30,224951
,IL&FSENGG,BZ,        28.74,                   338333.22,11964
,IL&FSTRANS,BZ,         2.19,                    27225.00,12492
,IMAGICAA,EQ,        46.04,                 14815546.69,321857
,IMC1,N2,       256.00,                     5041.00,20
,IMC1,N1,       255.00,                     2550.00,10
,IMC1,N3,       255.02,                    37075.80,145
,IMFA,EQ,      1339.10,                 98509052.70,73649
,IMPAL,EQ,      1155.50,                  7670813.20,6706
,INA,EQ,       118.56,               5134653309.31,42385448
,INCREDIBLE,EQ,        33.58,                   587978.99,17300
,INDBANK,EQ,        33.31,                  4818663.65,143783
,INDGN,EQ,       495.95,                 82490943.95,165211
,INDIACEM,EQ,       372.05,                 39613695.45,105585
,INDIAGLYCO,EQ,      1042.70,                145404759.75,138238
,INDIAMART,EQ,      1924.70,                108023105.80,56637
,INDIANB,EQ,       793.15,               1482250415.30,1880631
,INDIANCARD,EQ,       238.72,                  2627307.75,10803
,INDIANHUME,EQ,       348.75,                 62418107.20,178114
,INDIASHLTR,EQ,       779.90,                 36420464.05,46724
,INDIFRA,SM,        12.15,                    24300.00,2000
,INDIGOPNTS,EQ,      1041.00,                 40593296.80,38829
,INDIGRID,IV,       178.48,                 68628892.39,384361
,INDIQUBE,EQ,       171.02,                116343180.70,680379
,INDNIPPON,EQ,      1107.90,                666567458.50,599986
,INDOAMIN,BE,       127.17,                  4841284.64,38200
,INDOBORAX,EQ,       433.65,                486422171.05,1100056
,INDOCO,EQ,       255.09,                 53576350.63,209488
,INDOFARM,EQ,       159.18,                 55944901.52,356777
,INDORAMA,EQ,        46.04,                  8187642.92,175781
,INDOSTAR,EQ,       259.85,                 26340505.60,101249
,INDOTECH,BE,      3147.00,                 39234626.10,12604
,INDOTHAI,EQ,       216.60,                106984897.58,491358
,INDOUS,EQ,        89.57,                  1801068.34,20267
,INDOWIND,BE,         9.23,                  1409314.09,155636
,INDPRUD,EQ,      6400.50,                   271705.00,42
,INDRAMEDCO,EQ,       379.65,                 40733422.85,107884
,INDSWFTLAB,EQ,       235.58,                320047572.80,1376033
,INDTERRAIN,EQ,        31.72,                   274727.64,8645
,INDUSINDBK,EQ,      1015.15,               1979387932.00,1952468
,INDUSINVIT,IV,       128.42,                 21700530.89,168667
,INDUSTOWER,EQ,       398.15,               4385359536.90,11047205
,INFINIUM,SM,       212.25,                   848450.00,4000
,INFLUX,SM,       290.90,                  8869080.00,30000
,INFOBEAN,EQ,       155.85,                 36116273.89,232151
,INFOLLION,SM,       170.10,                  4115440.00,24000
,INFOMEDIA,EQ,         5.77,                    25921.05,4411
,INFRA,EQ,        12.20,                   195239.32,15973
,INFRABEES,EQ,       962.03,                 12255178.17,12704
,INFRAIETF,EQ,        96.02,                  7425615.96,77195
,INGERRAND,EQ,      4354.50,                 32270787.80,7367
,INNOMET,ST,       154.40,                  1296960.00,8400
,INNOVACAP,EQ,       990.85,                139529632.00,138424
,INNOVANA,EQ,       309.85,                   114825.85,369
,INNOVISION,EQ,       288.75,                  4952365.85,17197
,INOXGREEN,EQ,       192.70,                194418886.88,996605
,INOXINDIA,EQ,      2006.20,               1673867852.70,848551
,INOXWIND,EQ,        82.01,                797000812.10,9608812
,INSECTICID,EQ,       653.50,                  5253665.75,7988
,INSPIRE,ST,         7.95,                    15900.00,2000
,INSPIRISYS,BE,       103.16,                   179321.13,1758
,INTEGRITY,ST,       160.00,                   192000.00,1200
,INTELLECT,EQ,       743.25,                352379756.35,469378
,INTENTECH,EQ,        96.67,                   615392.65,6349
,INTERARCH,EQ,      1801.40,                103659208.90,57308
,INTERNET,EQ,        13.46,                  3544515.35,263740
,INTLCONV,EQ,        79.98,                  2365963.52,29627
,INVENTURE,EQ,         0.90,                   757696.83,832880
,INVICTA,ST,        69.40,                  2252480.00,32000
,INVPRECQ,EQ,       800.35,                  1989462.65,2482
,IOB,EQ,        33.76,                 59709378.72,1771964
,IOLCP,EQ,       168.15,               1383847214.29,8148178
,IONEXCHANG,EQ,       402.20,                112435477.90,277327
,IPCALAB,EQ,      1770.40,                172006938.00,96723
,IPHL,SM,        58.00,                   967800.00,16800
,IPL,EQ,       156.79,                 24612867.65,156337
,IRB,EQ,        20.21,                321634791.09,15796950
,IRBINVIT,IV,        61.80,                 73610113.86,1198134
,IRCON,EQ,       129.34,                129481513.33,996125
,IRCTC,EQ,       496.50,                323694782.40,650534
,IREDA,EQ,       121.81,                351176303.25,2880002
,IRIS,EQ,       260.50,                  7466841.10,28487
,IRISDOREME,EQ,        44.85,                  9364203.83,208377
,IRMENERGY,EQ,       262.75,                 10083521.50,38387
,ISFT,EQ,        76.25,                   581930.86,7530
,ISGEC,EQ,       923.85,                 85641293.70,93020
,ISHAN,SM,         0.55,                   477600.00,912000
,ISHANCH,EQ,        54.97,                  1947614.80,35041
,IT,EQ,        30.52,                 10324891.66,340071
,ITADD,EQ,        29.07,                  1128486.36,38889
,ITALIANE,SM,        33.30,                    66600.00,2000
,ITAXIS,EQ,       302.83,                   871428.00,2897
,ITBEES,EQ,        30.45,                445554846.54,14662502
,ITBETA,EQ,       288.55,                   103454.01,359
,ITCHOTELS,EQ,       182.31,                371259607.89,2046513
,ITDC,EQ,       728.10,              11312350946.60,15188110
,ITETF,EQ,        29.08,                 16827134.19,581384
,ITI,EQ,       287.75,                 78415569.40,272020
,ITIETF,EQ,        30.46,                 12941187.40,426085
,ITTL,ST,        73.50,                     7717.50,105
,IVALUE,EQ,       289.20,                154695868.55,526964
,IVC,EQ,         8.12,                   811897.71,100185
,IVP,BE,       163.17,                  2448742.58,14962
,IVZINGOLD,EQ,       125.00,                  4440977.10,35583
,IVZINNIFTY,EQ,      2740.50,                   115401.88,42
,IWARE,ST,       402.65,                  6281340.00,15600
,IWP,EQ,        33.01,                   205872.79,6212
,IXIGO,EQ,       204.22,                209854935.45,1025423
,IZMO,EQ,       961.90,                 36809430.40,38573
,J&KBANK,EQ,       168.41,                714310221.79,4246600
,JAGRAN,EQ,        63.80,                 17983673.05,282054
,JAGSNPHARM,EQ,       231.89,                 21952689.05,93961
,JAIBALAJI,BE,        66.12,                 13416396.48,201982
,JAICORPLTD,EQ,       109.12,                 33677532.69,308351
,JAINIK,SM,       148.95,                  2488620.00,16800
,JAINREC,EQ,       342.30,                477817292.90,1388954
,JAIPURKURT,EQ,        28.00,                    12156.42,436
,JALAN,ST,         1.95,                    23400.00,12000
,JAMNAAUTO,EQ,       136.12,                291146655.72,2141291
,JARO,EQ,       524.95,                 51764168.60,98430
,JASH,EQ,       511.35,                 78760776.30,153937
,JAYAGROGN,EQ,       208.11,                  1033705.88,4980
,JAYBARMARU,EQ,       187.13,                 89739553.94,487397
,JAYBEE,ST,        94.50,                  2609950.00,28000
,JAYESH,SM,       141.00,                   141000.00,1000
,JAYKAY,EQ,       180.42,                 76744757.99,425612
,JAYNECOIND,EQ,        88.46,                135277168.09,1534248
,JAYSREETEA,EQ,        82.03,                  5364246.97,64732
,JBCHEPHARM,EQ,      2444.50,                529114636.30,215631
,JBMA,EQ,       670.00,                158907327.40,236736
,JETFREIGHT,EQ,        20.83,                  1719284.41,82094
,JETKNIT,ST,        72.75,                    54562.50,750
,JEYYAM,ST,        24.05,                   532500.00,22000
,JFLLIFE,SM,        10.45,                   125700.00,12000
,JGCHEM,EQ,       445.25,                 43983193.40,99296
,JHS,EQ,         7.57,                   975908.76,128835
,JINDALPHOT,EQ,      1143.20,                  3922831.60,3433
,JINDALPOLY,EQ,       684.10,                 41617058.60,61129
,JINDALSAW,EQ,       272.30,               1114983717.55,4152930
,JINDRILL,EQ,       620.75,               8819962880.00,13720105
,JINDWORLD,EQ,        28.66,                 11142382.38,388460
,JISLDVREQS,EQ,        23.09,                   144957.35,6297
,JISLJALEQS,EQ,        31.94,                 61805480.83,1925724
,JITFINFRA,EQ,       295.55,                  2045621.60,6904
,JIWANRAM,SM,         5.25,                    31500.00,6000
,JKCEMENT,EQ,      5393.50,                264490922.50,48715
,JKIL,EQ,       501.70,                118047591.75,235668
,JKIPL,BE,        97.34,                   968582.38,10043
,JKLAKSHMI,EQ,       568.35,                 33022465.95,58118
,JKPAPER,EQ,       355.75,                 52560788.75,147720
,JKTYRE,EQ,       404.70,                392283175.25,974142
,JLHL,EQ,      1464.10,                 47913854.30,32725
,JMA,EQ,        88.59,                   940432.02,10617
,JMFINANCIL,EQ,       124.46,                321403457.53,2566663
,JNKINDIA,EQ,       509.45,                863586744.85,1710180
,JOCIL,BE,       144.05,                   122437.12,830
,JPOLYINVST,EQ,      1066.40,                  7019410.40,6600
,JPPOWER,EQ,        17.00,                809725597.96,47510874
,JSFB,EQ,       455.25,                159334301.05,352210
,JSL,EQ,       709.60,                375934750.75,530976
,JSLL,EQ,       591.60,                477956807.85,817814
,JSWCEMENT,EQ,       135.27,                141004236.29,1035304
,JSWDULUX,EQ,      2912.20,                173892866.70,59138
,JSWENERGY,EQ,       533.45,               1467348543.35,2720465
,JSWHL,EQ,     11125.00,                 70862952.00,6337
,JSWINFRA,EQ,       323.90,               1280026208.75,3950246
,JTEKTINDIA,EQ,       144.93,                113229709.70,775498
,JTLIND,EQ,        80.26,                222131288.90,2789659
,JUBLCPL,EQ,      2086.00,                  5419934.40,2581
,JUBLFOOD,EQ,       429.35,               1061198592.00,2442441
,JUBLINGREA,EQ,       715.50,                509330985.30,714054
,JUBLPHARMA,EQ,       969.20,                 99860164.50,102229
,JUNIORBEES,EQ,       771.82,                290224048.33,376074
,JUNIPER,EQ,       197.56,                 11824904.05,60330
,JUSTDIAL,EQ,       546.60,                 67020356.90,122952
,JWL,EQ,       251.25,                185751519.45,738976
,JYOTHYLAB,EQ,       201.64,                417342051.59,2099051
,JYOTICNC,EQ,       769.05,                409623248.25,531386
,JYOTIGLOBL,ST,        36.95,                   221700.00,6000
,JYOTISTRUC,EQ,        11.73,                 65353005.03,5645734
,K2INFRA,ST,        61.00,                  1182300.00,19200
,KABRAEXTRU,EQ,       295.65,                 32064386.05,109327
,KAJARIACER,EQ,      1215.00,                316764592.30,260257
,KAKATCEM,BE,       113.70,                   418646.75,3672
,KALAMANDIR,EQ,       100.04,                 49911409.18,493885
,KALANA,SM,        18.50,                    74000.00,4000
,KALPATARU,EQ,       287.65,                 16108290.75,55796
,KALYANIFRG,EQ,       628.70,                   230615.80,366
,KALYANKJIL,EQ,       443.00,              50058270506.85,117145048
,KAMAHOLD,EQ,      2553.40,                  9036384.00,3541
,KAMATHOTEL,EQ,       185.07,                  4258524.97,22906
,KAMDHENU,BE,        32.56,                 18538847.42,575053
,KAMOPAINTS,EQ,         4.98,                   478549.25,95958
,KANANIIND,EQ,         1.52,                   136047.27,89319
,KANCHI,BE,       363.30,                    34370.45,95
,KANDARP,SM,       101.00,                   303000.00,3000
,KANORICHEM,BE,       130.01,                  9244533.99,70701
,KANPRPLA,EQ,       194.11,                  8145121.19,42242
,KANSAINER,EQ,       200.59,                 46639075.18,230082
,KAPSTON,EQ,       377.20,                 23936787.40,63563
,KARMAENG,EQ,        39.92,                   100690.09,2545
,KARNIKA,SM,       111.90,                 41326400.00,373000
,KARURVYSYA,EQ,       295.65,                496847128.20,1675323
,KATARIA,SM,       103.50,                   555300.00,5400
,KAUSHALYA,BE,      1088.85,                   388901.60,353
,KAVDEFENCE,EQ,        62.06,                  5429997.93,86472
,KAYA,EQ,       244.99,                  2638212.83,10755
,KAYNES,EQ,      3429.10,              12057055046.90,3549385
,KAYTEX,SM,        59.00,                   473640.00,8000
,KCEIL,ST,        88.50,                   266700.00,3000
,KCK,SM,        14.05,                 20707125.00,1547500
,KCP,EQ,       172.81,                 46811092.74,273879
,KCPSUGIND,EQ,        21.87,                  1448879.69,66433
,KDDL,EQ,      3186.30,                 66050829.10,20817
,KDL,SM,       115.75,                  1953120.00,16650
,KEC,EQ,       495.25,                179140969.95,362999
,KECL,BE,       110.87,                  3590650.64,32288
,KEEPLEARN,EQ,         1.83,                    48506.84,26416
,KEI,EQ,      5007.50,               1708449447.50,341857
,KELLTONTEC,EQ,        14.90,                 17764292.81,1182588
,KEN,SM,        34.75,                   164220.00,4800
,KENNAMET,EQ,      2805.70,                 23692525.30,8364
,KERNEX,EQ,      2124.00,                484818451.20,225402
,KESORAMIND,BE,        10.17,                  3200765.30,314375
,KEYFINSERV,EQ,       266.00,                   139704.34,524
,KFINTECH,EQ,       874.90,               1339018942.45,1527455
,KHADIM,BE,       105.13,                   625366.99,5949
,KHAICHEM,BE,        51.70,                  2504908.81,48174
,KHAITANLTD,BE,       129.00,                   135075.93,1019
,KHANDSE,EQ,        17.74,                    13282.35,751
,KHFM,SM,        53.25,                   338055.00,6200
,KICL,EQ,      5505.00,                 12551160.50,2287
,KILITCH,BE,       184.24,                  4679288.04,25517
,KIMS,EQ,       813.75,                439537867.15,536192
,KINGFA,EQ,      5038.50,                 22476525.50,4455
,KIOCL,EQ,       377.05,                 18403164.85,48625
,KIRANVYPAR,EQ,       189.04,                   434275.20,2253
,KIRIINDUS,EQ,       381.90,                 44787892.70,117003
,KIRLFER,EQ,       455.95,                 40440265.05,88784
,KIRLOSBROS,EQ,      1908.10,                216348286.70,114038
,KIRLOSENG,EQ,      2424.80,               2609243026.10,1094132
,KIRLOSIND,EQ,      4151.00,                120244046.90,28948
,KIRLPNU,EQ,      1782.10,                120787405.80,68198
,KISSHT,EQ,       312.55,                473331444.20,1524655
,KITEX,EQ,       153.18,                 48068084.66,312117
,KKCL,EQ,       495.55,                 11278326.70,22614
,KKJEWELS,SM,       109.95,                   528900.00,5000
,KLBRENG-B,EQ,       462.30,                 32335082.65,69726
,KLL,SM,        30.85,                   203440.00,6400
,KMEW,EQ,      2268.60,                164708552.50,72402
,KMSUGAR,EQ,        27.12,                  1819677.46,67031
,KNACK,EQ,       194.71,               3746445143.24,19121784
,KNAGRI,EQ,       205.76,                   613240.07,2959
,KNRCON,EQ,       127.33,                 43824883.85,342451
,KODYTECH,SM,      1125.20,                316108280.00,289500
,KOHINOOR,EQ,        24.34,                  3297765.99,136106
,KOKUYOCMLN,EQ,        87.58,                  2159525.25,24872
,KOLTEPATIL,EQ,       361.40,                  7481430.50,20785
,KONSTELEC,ST,        53.30,                   159900.00,3000
,KONTOR,SM,        63.00,                   221880.00,3600
,KOPRAN,BE,       189.36,                 17115635.32,91062
,KORE,SM,       131.05,                  1045675.00,7500
,KOTARISUG,EQ,        25.98,                   765929.20,29155
,KOTHARIPET,EQ,       132.35,                  5923475.73,44698
,KOTHARIPRO,EQ,        69.21,                   731585.80,10569
,KOTIC,EQ,       172.02,                 20205508.10,113699
,KOTYARK,BE,        35.53,                  1886522.13,53223
,KOVAI,EQ,      5970.50,                 11415515.50,1917
,KPEL,EQ,       323.90,                 60246912.20,183625
,KPIGREEN,EQ,       397.80,                131603821.55,329512
,KPIL,EQ,      1349.90,                116784091.20,86189
,KPITTECH,EQ,       548.15,               1074007779.70,1950385
,KPL,EQ,      2624.50,                 68838729.60,26046
,KPRMILL,EQ,      1115.10,                178263686.70,158907
,KRBL,EQ,       369.30,                151446544.60,408585
,KREBSBIO,EQ,        56.96,                  1839032.44,31554
,KRIDHANINF,BE,         2.78,                    66212.93,23700
,KRISHANA,EQ,       138.15,                187928398.90,1381914
,KRISHCA,SM,       172.35,                  1211425.00,7000
,KRISHIVAL,EQ,       399.10,                  7120932.05,17811
,KRISHNADEF,EQ,      1314.30,                194128452.80,146818
,KRISHPP,E1,       132.20,                 18468653.15,139199
,KRITI,BE,        69.54,                  1557238.93,22986
,KRITIKA,EQ,         5.62,                   346890.11,61799
,KRITINUT,BE,        76.66,                  1216482.77,15899
,KRMAYURVED,ST,       255.75,                  6174650.00,24000
,KRN,BE,      1211.80,                 69192145.80,56896
,KRONOX,EQ,       149.49,                 12506968.78,84349
,KROSS,EQ,       182.46,                 34147596.70,187541
,KRSNAA,EQ,       556.90,                 20835807.45,37525
,KRT,RR,       115.08,                 19607105.46,169938
,KRYSTAL,EQ,       601.30,                  2244498.15,3729
,KSB,EQ,       932.70,                 56285797.70,60524
,KSCL,EQ,       865.90,                 74308781.70,85281
,KSHINTL,EQ,       848.20,                250985541.65,302015
,KSHITIJPOL,BE,         3.36,                  1816103.52,540507
,KSL,EQ,       933.50,                366781607.15,391031
,KSOLVES,EQ,       282.60,                  6717597.70,23562
,KSR,EQ,        30.22,                   364833.22,12057
,KTKBANK,EQ,       268.00,                418458653.70,1567788
,KUANTUM,EQ,        75.49,                  1204396.14,15977
,KWIL,EQ,        32.71,                509540381.38,15372467
,LAGNAM,EQ,        79.45,                    73854.17,933
,LAHOTIOV,EQ,        42.85,                   122504.60,2802
,LAKPRE,BZ,         5.56,                    24165.78,4336
,LAKSHYA,ST,       104.85,                  1462520.00,13600
,LAL,EQ,         8.59,                   110359.20,12731
,LALPATHLAB,EQ,      1684.60,                425774518.80,253714
,LAMBODHARA,EQ,       108.41,                   398363.45,3671
,LAMOSAIC,ST,        49.25,                  4111530.00,85200
,LANCORHOL,EQ,        25.00,                  4679407.99,187170
,LANDMARK,EQ,       429.05,                 30258645.35,70801
,LANDSMILL,EQ,         0.77,                  1377210.40,1771094
,LAOPALA,EQ,       176.99,                  6264732.81,35405
,LASA,EQ,         7.43,                   177959.20,23854
,LATENTVIEW,EQ,       300.55,                229469249.80,764156
,LATTEYS,BE,        20.88,                  2325627.11,111845
,LAURUSLABS,EQ,      1507.40,               3073845826.70,2035031
,LAXMICOT,EQ,        14.38,                    83131.90,5788
,LAXMIDENTL,EQ,       216.93,                 13093074.49,60176
,LAXMIINDIA,BE,       111.87,                  2318244.27,20503
,LCCINFOTEC,EQ,         4.55,                   229398.08,49793
,LEMERITE,EQ,        22.36,                 19047585.79,873012
,LEMONTREE,EQ,       117.44,                276840556.37,2350156
,LENSKART,EQ,       545.95,               8623550173.80,15723093
,LEXUS,EQ,        13.92,                   156094.85,10898
,LFIC,EQ,       140.12,                    33926.70,240
,LGBBROSLTD,EQ,      1558.00,                 46035192.10,29480
,LGEINDIA,EQ,      1563.80,               1141600972.70,731466
,LGHL,EQ,       216.72,                  8815983.77,40349
,LIBAS,EQ,        10.61,                   803746.06,75324
,LIBERTSHOE,EQ,       272.65,                 10091347.00,36840
,LICHSGFIN,EQ,       539.80,                415097812.40,769495
,LICI,EQ,       438.45,               1461283912.55,3344176
,LICMFGOLD,EQ,       128.95,                  2789707.55,21721
,LICNETFGSC,EQ,        29.42,                   209065.82,7100
,LICNETFN50,EQ,       269.33,                    75910.46,280
,LICNETFSEN,EQ,       866.56,                    20867.31,24
,LICNFNHGP,EQ,       273.89,                     8794.00,32
,LICNMID100,EQ,        62.36,                   118628.47,1901
,LIKHITHA,BE,       238.80,                  2911271.85,12215
,LINC,EQ,       104.55,                  1623091.42,15516
,LINCOLN,EQ,       611.95,                 13651030.15,22302
,LINDEINDIA,EQ,      6987.50,                 98993371.00,14140
,LIQGRWBEES,EQ,      1046.79,                 67469866.26,64454
,LIQUID,EQ,       999.99,                393767548.53,393771
,LIQUID1,EQ,      1112.61,               1713895606.92,1540426
,LIQUIDADD,EQ,      1134.76,                691194571.20,609109
,LIQUIDBEES,EQ,       999.99,               2868710429.16,2868723
,LIQUIDBETF,EQ,      1089.35,                127588482.67,117123
,LIQUIDCASE,EQ,       114.91,               1569325640.71,13656640
,LIQUIDETF,EQ,      1000.00,                108379736.39,108380
,LIQUIDIETF,EQ,       999.99,                410851959.90,410852
,LIQUIDPLUS,EQ,      1093.52,                262055902.00,239644
,LIQUIDSBI,EQ,       999.99,                  4021969.64,4022
,LIQUIDSHRI,EQ,      1112.14,                  4559769.98,4100
,LLOYDS,ST,        71.55,                   857800.00,12000
,LLOYDSENGG,EQ,        85.36,                742576594.93,8760768
,LLOYDSENT,EQ,        74.58,                200622250.73,2709343
,LLOYDSME,EQ,      1745.10,                634585226.60,363584
,LMW,EQ,     15733.00,                 22712134.00,1435
,LOKESHMACH,BE,       337.05,                 25132133.25,74565
,LORDSCHLO,EQ,       136.37,                   882284.64,6468
,LOTUSDEV,EQ,       142.36,                 52919977.07,370320
,LOTUSEYE,EQ,       121.12,                   689670.71,5654
,LOVABLE,EQ,        76.54,                   497824.35,6498
,LOWVOL,EQ,       204.86,                      819.44,4
,LOWVOL1,EQ,        20.96,                  8900975.36,423541
,LOWVOLIETF,EQ,        21.98,                 15990880.39,726949
,LOYALTEX,EQ,       203.74,                    26332.05,129
,LPDC,EQ,         6.38,                   183877.38,28549
,LTF,EQ,       321.10,               2981733289.50,9334466
,LTFOODS,EQ,       388.40,                215510880.00,556292
,LTGILTBEES,EQ,        29.94,                 28954937.02,968018
,LTGILTCASE,EQ,        30.52,                  4022086.01,131957
,LTTS,EQ,      3217.60,                256984027.40,80073
,LUMAXIND,EQ,      5366.00,                 84512364.00,15738
,LUMAXTECH,EQ,      1495.40,                147081589.00,99019
,LUPIN,EQ,      2503.30,               1428448376.20,570462
,LUXIND,EQ,      1222.20,                 31279063.30,25316
,LXCHEM,EQ,       153.14,                 40322096.78,263109
,LYKALABS,BE,        68.58,                   857729.93,12331
,LYPSAGEMS,EQ,         4.63,                   650965.85,141427
,M&MFIN,EQ,       336.75,                844642164.95,2510756
,MAANALU,EQ,       120.84,                  7962931.89,64981
,MACPOWER,EQ,      1372.30,                 12862077.00,9357
,MADHAV,EQ,        36.55,                   325015.48,8877
,MADHAVBAUG,SM,       175.00,                  3152020.00,18000
,MADHAVIPL,EQ,         8.35,                   728038.34,87051
,MADHUCON,BE,         5.86,                    25860.32,4432
,MADHUSUDAN,ST,       251.80,                  9083750.00,36000
,MADRASFERT,EQ,        67.33,                  4630536.90,68174
,MAFANG,EQ,       194.06,                 18050296.84,93014
,MAFATIND,EQ,       139.35,                  8052332.69,58462
,MAGADSUGAR,EQ,       504.55,                  8621391.10,17074
,MAGNUM,EQ,        19.85,                   609001.66,30521
,MAGSON,ST,       178.95,                  1214650.00,7000
,MAHABANK,EQ,        82.01,                988681989.27,12124957
,MAHAPEXLTD,EQ,        43.59,                   489339.41,11128
,MAHASTEEL,EQ,       831.25,                  8375587.10,10135
,MAHEPC,EQ,       115.31,                  2819442.80,24403
,MAHESHWARI,BE,        73.14,                  1148780.82,15740
,MAHICKRA,SM,       250.00,                  1312425.00,5250
,MAHKTECH,EQ,        21.99,                  8938561.17,406483
,MAHLIFE,EQ,       368.00,                 64600537.65,175895
,MAHLOG,EQ,       388.95,                 57972294.05,149440
,MAHSCOOTER,EQ,     13047.00,                 27925341.00,2137
,MAHSEAMLES,EQ,       591.05,                 40159838.35,68103
,MAITHANALL,EQ,      1003.50,                 20579798.50,20570
,MAJESAUT,EQ,       347.00,                  1197418.15,3466
,MAKEINDIA,EQ,       160.23,                  2822320.26,17557
,MALLCOM,EQ,      1029.50,                  1873294.50,1834
,MALUPAPER,EQ,        31.29,                    10175.32,328
,MAMATA,EQ,       381.60,                  9119645.95,23828
,MANAKALUCO,EQ,        34.30,                  1031243.49,29867
,MANAKCOAT,EQ,       117.43,                 50666587.95,420539
,MANAKSIA,EQ,        57.04,                   949608.58,16537
,MANAKSTEEL,BE,        78.13,                  1143304.50,14497
,MANALIPETC,EQ,        60.90,                 11137330.62,181669
,MANAPPURAM,EQ,       332.45,                665444391.25,1998775
,MANBA,EQ,       136.70,                 27654714.92,199594
,MANCREDIT,EQ,       237.93,                 69406169.93,294139
,MANDEEP,SM,        19.30,                    38600.00,2000
,MANGALAM,EQ,        27.26,                  1003897.07,36542
,MANGLMCEM,EQ,       944.60,                 25430438.35,27047
,MANILAM,SM,        53.30,                   106600.00,2000
,MANINDS,EQ,       574.30,                208975488.40,365438
,MANINFRA,EQ,       100.79,                345655960.13,3336831
,MANKIND,EQ,      2532.00,                520381841.30,205083
,MANOMAY,EQ,       178.59,                  9680219.62,54228
,MANORAMA,EQ,      1579.20,                307957808.60,198892
,MANORG,BE,       536.60,                   470151.05,883
,MANUFGBEES,EQ,       158.63,                   536411.49,3380
,MANUGRAPH,BE,        14.91,                     7895.18,532
,MANYAVAR,EQ,       392.55,                 27887917.60,70945
,MAPMYINDIA,EQ,      1069.20,               7577323319.90,7268771
,MARALOVER,BE,        53.86,                   116651.79,2201
,MARATHON,EQ,       396.65,                 18510246.65,46397
,MARC,ST,        93.50,                   228420.00,2400
,MARCO,SM,        31.55,                   556650.00,18000
,MARICO,EQ,       860.05,               2168921146.50,2532027
,MARINE,EQ,       248.10,                111410244.85,443836
,MARINETRAN,SM,        14.15,                    56600.00,4000
,MARKOLINES,EQ,       165.55,                 62751018.66,374677
,MARKSANS,EQ,       277.30,               1257056016.45,4551970
,MARSONS,EQ,       116.80,                461732634.66,3999130
,MARUSHIKA,SM,        89.05,                   206940.00,2400
,MASFIN,EQ,       313.30,                 84281362.15,268791
,MASON,SM,       127.90,                 45008550.00,361000
,MASPTOP50,EQ,        78.33,                 15269963.52,194944
,MASTEK,EQ,      1612.10,                 47666383.80,29452
,MASTER,SM,       380.35,                  2653100.00,7000
,MASTERTR,EQ,        94.80,               1650501791.12,17957760
,MATRIMONY,EQ,       417.50,                  6277056.25,14807
,MAWANASUG,BE,       111.94,                 10706236.75,97120
,MAXESTATES,EQ,       439.50,                 19467929.25,44246
,MAXIND,EQ,       157.73,                  8340178.59,52572
,MAXPOSURE,SM,        35.00,                   139050.00,4000
,MAXVOLT,ST,       347.80,                 11929800.00,33600
,MAYURUNIQ,EQ,       833.30,                120465716.45,142364
,MAZDA,BE,       235.01,                  3083014.08,12995
,MBAPL,EQ,       129.85,                280360691.70,2221219
,MBEL,EQ,       310.25,                 45186831.20,143415
,MBLINFRA,BE,        26.00,                   287222.49,11257
,MCCHRLS-B,EQ,       709.00,                   316943.55,447
,MCL,EQ,        54.57,                   788897.83,14435
,MCLEODRUSS,BE,        52.36,                  9835858.00,187506
,MCLOUD,EQ,        29.62,                178421481.77,6025668
,MCON,SM,        42.75,                    85500.00,2000
,MCX,EQ,      2785.40,               7215956553.60,2578842
,MDL,ST,        71.35,                   214300.00,3000
,MEDANTA,EQ,      1348.30,                305093478.30,226425
,MEDIASSIST,EQ,       358.70,                 29668451.30,81871
,MEDICAMEQ,EQ,       245.40,                  6683287.40,26839
,MEDICO,EQ,        39.09,                  1731196.65,44110
,MEDIORG,SM,        22.20,                   132800.00,6000
,MEDISTEP,SM,        18.50,                    55500.00,3000
,MEDPLUS,EQ,       814.70,                106517625.60,130917
,MEESHO,EQ,       190.69,               1997401014.37,10341768
,MEGASTAR,EQ,       375.20,                 30789942.20,82750
,MEGATHERM,SM,       218.25,                  2539860.00,11600
,MEIL,BE,       297.45,                  4353679.85,14640
,MENNPIS,EQ,        73.01,                  8339228.20,114763
,MENONBE,BE,       173.88,                  9022658.41,52392
,MEP,BZ,         0.65,                   206317.30,311254
,MERCANTILE,EQ,        25.45,                    14631.04,575
,MERCURYEV,BE,        35.91,                  9642475.04,274966
,METAL,EQ,        12.62,                 19447775.44,1541819
,METALIETF,EQ,        12.55,                 53290119.50,4249616
,METROBRAND,EQ,      1064.50,                 26909203.30,25245
,METROGLOBL,EQ,       134.64,                   486586.58,3614
,METROPOLIS,EQ,       560.05,                 59104537.10,105938
,MFML,EQ,        19.60,                    32170.33,1632
,MFSL,EQ,      1576.80,               1329639739.40,841514
,MGEL,BE,        16.90,                  1243239.86,73477
,MGL,EQ,      1122.70,                147243244.20,131919
,MGSL,SM,        63.25,                  1545720.00,24000
,MHHL,SM,        31.80,                   141525.00,4500
,MHLXMIRU,EQ,       140.03,                  1436245.72,10380
,MHRIL,EQ,       231.72,                 16606836.17,71335
,MICEL,BE,        36.96,                  8888128.88,238314
,MICROPRO,SM,        19.60,                    61360.00,3200
,MID150,EQ,        23.24,                   376253.97,16228
,MID150BEES,EQ,       236.30,                122033781.62,516911
,MID150CASE,EQ,        11.45,                 10722131.62,934891
,MIDCAP,EQ,        18.22,                  8437291.02,465175
,MIDCAPADD,EQ,        22.86,                   215764.93,9436
,MIDCAPBETA,EQ,       230.99,                   655097.73,2841
,MIDCAPETF,EQ,        23.35,                 40454905.34,1733588
,MIDCAPIETF,EQ,        23.66,                 12492725.71,528803
,MIDHANI,EQ,       409.75,                200531342.55,486416
,MIDQ50ADD,EQ,        24.56,                   994385.96,40542
,MIDSELIETF,EQ,        19.08,                  6465917.87,339763
,MIDSMALL,EQ,        50.52,                 11417285.02,226239
,MIDWESTLTD,EQ,      1342.40,                 34441397.30,25781
,MIEL,SM,        12.55,                   125900.00,10000
,MINDACORP,EQ,       705.45,                264458578.05,374881
,MINDSPACE,RR,       487.59,                 73291083.70,150368
,MINDTECK,EQ,       204.93,                 10107434.66,49344
,MIRZAINT,EQ,        38.99,                 35697074.53,903045
,MITCON,BE,        75.67,                   118073.20,1573
,MITTAL,EQ,         0.94,                   303470.36,322800
,MKPL,EQ,         4.59,                   885336.41,190478
,MMEL,ST,        31.90,                  1317200.00,42000
,MMFL,EQ,       510.10,                114096667.40,221989
,MMP,EQ,       282.65,                  7933129.20,28019
,MMTC,EQ,        64.16,                116039296.70,1803455
,MMWL,BE,        13.26,                   117625.16,8917
,MNC,EQ,        33.31,                  3556919.13,106633
,MOALPHA50,EQ,        53.31,                    14196.31,267
,MOBANK10,EQ,        17.23,                  2387477.83,137991
,MOBIKWIK,EQ,       200.79,                114110108.26,567721
,MOBILISE,ST,       106.90,                   171040.00,1600
,MOCAPITAL,EQ,        54.83,                 38359468.66,701843
,MODEFENCE,EQ,       102.35,                107545571.39,1048863
,MODINATUR,BE,       413.00,                  3323895.00,7957
,MODIRUBBER,EQ,       132.09,                   156772.35,1189
,MODIS,EQ,       343.35,                  8079392.65,23510
,MODISONLTD,BE,       290.95,                  9136528.25,31308
,MODTHREAD,EQ,        47.46,                   160699.05,3360
,MOENERGY,EQ,        38.88,                  3200241.25,82054
,MOGOLD,EQ,       141.60,                  5944022.30,42122
,MOGSEC,EQ,        65.21,                   420516.76,6461
,MOHEALTH,EQ,        50.51,                  4530668.61,89586
,MOHITIND,EQ,        23.07,                    86038.91,3710
,MOIL,EQ,       270.50,                 59355315.80,219039
,MOINFRA,EQ,        61.08,                   134017.00,2187
,MOIPO,EQ,        46.45,                   286473.45,6192
,MOKSH,EQ,        11.72,                   777407.24,66150
,MOL,EQ,        46.39,                 16326547.31,351864
,MOLDTECH,EQ,       126.76,                  2368158.00,18593
,MOLDTKPAC,EQ,       680.60,                 30901071.50,45317
,MOLOWVOL,EQ,        36.94,                    93707.26,2533
,MOM100,EQ,        67.06,                 21697809.68,323923
,MOM30IETF,EQ,        30.75,                 13340831.68,433280
,MOM50,EQ,       251.86,                   941357.37,3742
,MOMENTUM,EQ,        30.56,                  6951146.19,227063
,MOMENTUM30,EQ,        30.22,                  3388468.33,111881
,MOMENTUM50,EQ,        52.46,                 35257703.38,672727
,MOMGF,EQ,       158.02,                    68818.58,435
,MOMIDMTM,EQ,        63.03,                  2391004.56,38020
,MOMNC,EQ,        32.41,                    30965.52,954
,MOMOMENTUM,EQ,        61.30,                  1836289.87,29921
,MON100,EQ,       324.85,                107368772.30,330518
,MON50EQUAL,EQ,        32.97,                   165346.25,5010
,MONARCH,EQ,       351.20,                 50343731.70,142902
,MONEXT50,EQ,        71.39,                   156651.24,2204
,MONEYBOXX,EQ,        62.29,                   520022.22,8410
,MONIFTY100,EQ,        25.16,                   135999.06,5393
,MONIFTY500,EQ,        23.71,                 16626357.23,702038
,MONOLITH,SM,       748.55,                 10050587.50,13250
,MONOPHARMA,SM,        11.00,                    22000.00,2000
,MONQ50,EQ,       143.65,                  3881279.35,27019
,MONTECARLO,EQ,       542.75,                 16278498.50,29855
,MOPSE,EQ,        99.67,                    89253.32,895
,MOQUALITY,EQ,       201.22,                    19199.93,96
,MORARJEE,BZ,         9.68,                   133302.86,13927
,MOREALTY,EQ,        90.44,                107700898.14,1203277
,MOREPENLAB,EQ,        60.96,                831401443.97,13485643
,MOS,ST,        14.60,                  8502800.00,584000
,MOSCHIP,EQ,       238.62,               2904697702.82,12070015
,MOSERVICE,EQ,        31.05,                   512574.37,16509
,MOSILVER,EQ,       219.78,                  8425799.06,38699
,MOSMALL250,EQ,        18.12,                 24979868.74,1389897
,MOTILALOFS,EQ,       942.50,               1185813313.40,1267540
,MOTISONS,EQ,        14.28,               1071929204.09,74000999
,MOTOGENFIN,BE,        28.38,                   169162.72,6069
,MOTOUR,EQ,        80.15,                  3051975.71,38119
,MOVALUE,EQ,       113.06,                 52267034.89,463082
,MPHASIS,EQ,      2261.30,                726892840.10,323700
,MPSLTD,EQ,      2022.80,                 48157491.60,23882
,MRF,EQ,    133870.00,                601775775.00,4494
,MRIL,ST,        73.20,                 11470640.00,158400
,MRPL,EQ,       149.68,                591620434.46,3940091
,MSCI360,EQ,        10.05,                   160216.70,15876
,MSCIADD,EQ,        29.33,                      439.29,15
,MSCIINDIA,EQ,        29.62,                   627162.57,21153
,MSPL,EQ,        39.32,                 36253508.55,906752
,MSTCLTD,EQ,       676.30,                291569234.40,433729
,MSUMI,EQ,        40.22,                618402295.38,15316018
,MTARTECH,BE,      6938.50,                858592796.00,122817
,MTEDUCARE,BE,         1.89,                    95087.31,51824
,MTNL,EQ,        28.95,                 33467278.97,1165534
,MUFIN,EQ,       129.98,                 68383214.01,525769
,MUFTI,EQ,        84.80,                  6218748.63,73288
,MUKANDLTD,EQ,       130.78,                  6175689.43,47268
,MUKKA,EQ,        23.33,                  4883696.89,212206
,MUKTAARTS,BE,        54.38,                   123019.96,2272
,MULTICAP,EQ,        16.50,                  2584744.14,156392
,MUNJALAU,EQ,       100.67,                160241969.57,1564401
,MUNJALSHOW,EQ,       131.95,                  2655983.00,20146
,MURUDCERA,EQ,        30.82,                   193030.95,6204
,MUTHOOTCAP,EQ,       217.71,                  2176281.37,10001
,MUTHOOTMF,EQ,       210.28,                 56306994.23,265560
,MVGJL,EQ,       158.03,                 33105911.55,205416
,MVKAGRO,SM,       387.95,                  3393345.00,9300
,MWL,EQ,       370.25,                 44697413.55,120588
,MYMUDRA,SM,        70.25,                   424380.00,6000
,NACLIND,EQ,       225.85,                527122876.41,2297238
,NAGREEKCAP,BE,        23.93,                    51268.05,2117
,NAGREEKEXP,EQ,        23.96,                   959624.21,39490
,NAHARCAP,EQ,       245.35,                   410631.95,1677
,NAHARINDUS,EQ,       116.40,                   991399.12,8523
,NAHARPOLY,EQ,       249.20,                  1495596.85,5963
,NAHARSPING,BE,       266.30,                  2391751.30,9031
,NAM-INDIA,EQ,      1218.20,                890934307.40,733122
,NAMAN,SM,        45.05,                   250680.00,5600
,NAMOEWASTE,ST,       274.00,                 10588600.00,39200
,NARMADA,EQ,        34.63,                 23761872.33,690098
,NATCAPSUQ,EQ,       142.11,                   812850.89,5766
,NATCOPHARM,EQ,       961.60,                427624292.80,439500
,NATHBIOGEN,EQ,       162.80,                  1724093.13,10546
,NATIONALUM,EQ,       349.50,               3014986641.20,8664918
,NATIONSTD,EQ,       562.30,                200913103.20,353226
,NAUKRI,EQ,      1201.85,               5720163568.90,4748967
,NAVA,EQ,       596.60,                132682614.70,222553
,NAVINFLUOR,EQ,      7689.00,               1056632825.50,138380
,NAVKARCORP,EQ,       104.13,                 44953120.74,432099
,NAVKARURB,BE,         0.92,                   555798.53,600160
,NAVNETEDUL,EQ,       148.72,                 18698344.41,125519
,NAZARA,EQ,       303.80,                834137150.75,2732163
,NBCC,EQ,        97.75,                878164483.61,9049480
,NBIFIN,EQ,      1921.60,                 58693639.20,30848
,NCC,EQ,       143.08,                283025909.61,1962223
,NCLIND,EQ,       185.78,                 19673981.46,107272
,NDGL,EQ,      2732.30,                   875290.50,317
,NDL,EQ,         2.39,                  2264128.66,952842
,NDLVENTURE,EQ,       130.34,                  1824273.84,14032
,NDRAUTO,EQ,       852.80,                 45205833.75,53251
,NDTV,EQ,        82.70,                387456116.66,4618508
,NEAGI,EQ,      3225.00,                    16124.80,5
,NECCLTD,BE,        15.91,                   603419.41,37911
,NECLIFE,BE,        11.23,                   594780.14,52809
,NEELAM,SM,         9.70,                   422700.00,42000
,NELCAST,EQ,       133.86,                 46503175.80,342135
,NELCO,EQ,       896.15,                 86181504.40,96437
,NEOCHEM,ST,        91.00,                  3273540.00,36000
,NEOGEN,EQ,      2026.70,                178788361.70,87775
,NEPHROCARE,ST,        70.25,                  1977440.00,28800
,NEPHROPLUS,EQ,       633.40,                847391317.40,1332913
,NEPTUNE,SM,       190.00,                    95000.00,500
,NESCO,EQ,      1099.60,                 81852180.50,74001
,NETF,EQ,       260.16,                   500247.22,1923
,NETWEB,EQ,      4286.50,               5384807016.70,1257089
,NETWORK18,EQ,        30.75,                105462038.16,3400582
,NEUEON,BE,        13.16,                    84381.92,6412
,NEULANDLAB,EQ,     19542.00,               1907450354.00,97154
,NEWGEN,EQ,       473.20,                176263595.15,373119
,NEWJAISA,ST,        18.20,                    81975.00,4500
,NEXT30ADD,EQ,        42.00,                   509459.51,12133
,NEXT50,EQ,       737.64,                 29112695.88,39568
,NEXT50ADD,EQ,        71.85,                   119495.13,1664
,NEXT50BETA,EQ,        77.02,                 17984383.69,233701
,NEXT50ETF,EQ,        72.01,                   765424.35,10647
,NEXT50IETF,EQ,        75.32,                 54995462.36,730585
,NEXTMEDIA,EQ,         3.90,                     9074.38,2298
,NFL,EQ,        72.94,                 47554443.15,649722
,NFPSAMPOOR,SM,        23.70,                   431400.00,18000
,NGIL,BE,        40.98,                   344112.86,8483
,NGLFINE,EQ,      3211.30,                 44556732.50,13689
,NH,EQ,      1993.20,                383629259.90,192019
,NHIT,IV,       169.00,                  4225000.00,25000
,NHPC,EQ,        78.61,                599939007.97,7604456
,NIACL,EQ,       183.62,                186767988.61,1018479
,NIBE,EQ,      1585.80,                227048060.30,146039
,NIBL,EQ,        30.30,                   477318.48,15764
,NIF100BEES,EQ,       265.45,                  8557240.41,32231
,NIF100IETF,EQ,        27.89,                  4076570.38,145871
,NIFTY1,EQ,       265.80,                118222115.88,442994
,NIFTY100EW,EQ,        34.56,                   695530.93,20124
,NIFTYADD,EQ,       252.15,                  3019702.60,11954
,NIFTYAXIS,EQ,       265.11,                  1600552.49,6025
,NIFTYBEES,EQ,       272.76,               1934063946.71,7079307
,NIFTYBETA,EQ,       265.26,                106576355.32,400830
,NIFTYBETF,EQ,       245.93,                  2618603.58,10603
,NIFTYCASE,EQ,         9.59,                  4698611.22,488533
,NIFTYETF,EQ,       260.20,                 79153334.62,303320
,NIFTYIETF,EQ,       271.20,                105603323.92,388469
,NIFTYQLITY,EQ,        20.71,                   814423.96,39257
,NIITLTD,EQ,        99.64,                 62858050.80,626810
,NIITMTS,EQ,       242.10,                216443511.94,889726
,NIKITA,SM,        78.05,                  1165140.00,14400
,NILAINFRA,EQ,         7.29,                  2139381.89,293970
,NILASPACES,EQ,        12.60,                  1744818.78,139385
,NILE,EQ,      1764.80,                  4639605.40,2650
,NILKAMAL,EQ,      1310.30,                 83700127.50,63734
,NIMBSPROJ,BE,       200.00,                  1036738.25,5193
,NINSYS,BE,       914.15,                  2884423.40,3140
,NIPPOBATRY,EQ,       338.60,                  1582732.75,4639
,NIRAJ,BE,        29.38,                   274643.18,9353
,NIRAJISPAT,EQ,       186.13,                    61801.29,328
,NIRLON,EQ,       620.00,                  3267803.00,5270
,NIRMAN,SM,        45.65,                  5369145.00,120900
,NITCO,EQ,       108.09,                 33978839.16,312309
,NITINSPIN,EQ,       549.10,                 30258955.90,54944
,NITIRAJ,EQ,       182.77,                   167082.35,904
,NITTAGELA,EQ,      1928.70,                 53039711.50,27643
,NIVABUPA,EQ,        85.74,                 51081950.89,596989
,NKIND,EQ,        59.15,                    26905.50,455
,NLCINDIA,EQ,       303.25,               1093845237.90,3630023
,NMDC,EQ,        84.42,                946126829.90,11211470
,NOCIL,EQ,       177.90,                 47254805.34,266577
,NOIDATOLL,BE,         4.71,                   288623.53,61028
,NORBTEAEXP,EQ,        70.60,                   112250.48,1600
,NORTHARC,EQ,       307.85,                156966406.65,512492
,NOVAAGRI,BE,        24.05,                  2487410.28,102419
,NOVARTIND,EQ,      1466.30,                 66218930.60,44705
,NPBET,EQ,       287.00,                    13817.97,48
,NPST,EQ,      1603.20,                 35432497.10,22023
,NRAIL,EQ,       414.15,                   808359.05,1943
,NRBBEARING,EQ,       422.65,                156399434.00,367470
,NRL,BE,        96.11,                  6562044.65,67582
,NRVANDANA,ST,        72.70,                  5004150.00,69000
,NSIL,EQ,      5383.50,                  9398152.00,1747
,NSLNISP,EQ,        42.75,                 83595068.09,1950119
,NTPCGREEN,EQ,        92.99,                170495175.14,1834787
,NUCLEUS,EQ,       756.45,                  9479160.50,12512
,NURECA,EQ,       230.08,                  1490308.00,6507
,NUVAMA,EQ,      1934.60,               1011211197.60,524922
,NUVOCO,EQ,       312.90,                 30096618.90,96232
,NV20,EQ,        13.98,                   672253.83,48055
,NV20BEES,EQ,       139.66,                 75583926.76,540055
,NV20IETF,EQ,        13.63,                  5085959.78,372433
,NXST,RR,       164.55,                 45954112.69,280101
,NYKAA,EQ,       324.05,               2215303388.95,6852756
,OAL,EQ,       347.75,                 51051040.65,142962
,OBCL,EQ,        53.84,                   196016.74,3692
,OBEROIRLTY,EQ,      1873.20,               3219652552.40,1719601
,OBSCP,SM,       589.15,                 19585820.00,34000
,OCCLLTD,BE,       120.06,                  1324254.47,10978
,ODIGMA,BE,        23.67,                   517398.74,21978
,OFSS,EQ,     11134.00,               2962183479.00,268180
,OIL,EQ,       423.05,                890594160.70,2080107
,OILCOUNTUB,BE,        55.03,                  1127026.68,20439
,OILIETF,EQ,        11.20,                  9963610.06,888199
,OLAELEC,EQ,        40.39,               2617710806.31,64175674
,OLECTRA,EQ,      1396.00,                494437547.50,351304
,OLIL,ST,       433.50,                  1350800.00,3200
,OMAXAUTO,BE,       230.72,                 10077734.64,43977
,OMAXE,EQ,        86.90,                 66269429.32,768479
,OMFREIGHT,BE,        95.26,                  2162237.24,23341
,OMFURN,ST,        53.95,                   129540.00,2400
,OMINFRAL,EQ,        90.69,                  7686996.10,85213
,OMNI,EQ,       529.30,                357087878.55,688753
,OMPOWER,EQ,       173.43,                 66195921.95,376769
,ONDOOR,ST,       201.00,                  5263215.00,26700
,ONELIFECAP,BE,        38.46,                  1290107.45,33942
,ONEPOINT,EQ,        54.34,                127226661.24,2342769
,ONESOURCE,EQ,      1625.70,                388557616.20,238106
,ONIDA,BE,        42.66,                  7177241.95,167426
,ONMOBILE,BE,        67.54,                  9004452.82,131205
,ONWARDTEC,EQ,       280.20,                 14296807.80,50856
,ONYX,ST,        36.80,                    73600.00,2000
,OPTIEMUS,EQ,       563.55,                302426530.70,544184
,OPTIVALUE,SM,        78.50,                   125600.00,1600
,ORBTEXP,BE,       231.78,                  4033710.68,17439
,ORCHASP,EQ,         1.83,                   194957.36,105128
,ORCHPHARMA,EQ,      1050.95,                773542159.75,737574
,ORIANA,SM,      1493.00,                 49274081.25,33150
,ORICONENT,EQ,        54.89,                  1087666.08,19796
,ORIENTALTL,EQ,         5.56,                   479462.99,85919
,ORIENTBELL,EQ,       323.25,                  2983612.95,9387
,ORIENTCEM,EQ,       135.50,                 52347310.73,388535
,ORIENTCER,EQ,        41.38,                  6537122.18,153859
,ORIENTELEC,EQ,       173.00,                 22143144.45,128871
,ORIENTHOT,EQ,       135.31,                 60613612.49,446031
,ORIENTLTD,EQ,        67.82,                   353065.38,5236
,ORIENTPPR,EQ,        16.63,                  1785753.18,107526
,ORIENTTECH,EQ,       248.29,                 17490586.15,70050
,ORISSAMINE,EQ,      3765.90,                 16300706.40,4295
,ORKLAINDIA,EQ,       590.85,                 45601609.50,75982
,ORTEL,BZ,         1.61,                     7495.48,4522
,ORTINGLOBE,BE,        16.32,                   178663.19,10794
,OSELDEVICE,SM,       444.65,                  8843830.00,19600
,OSIAHYPER,BE,         3.21,                   743959.48,233309
,OSWALAGRO,BE,        41.82,                   607565.35,14582
,OSWALGREEN,EQ,        21.80,                  2281148.30,104231
,OSWALPUMPS,EQ,       410.20,                147793550.25,359676
,OSWALSEEDS,EQ,        10.51,                   463911.18,44068
,OWAIS,ST,       102.40,                  2394540.00,23300
,PACEDIGITK,EQ,       212.36,                666396387.67,3108753
,PAGEIND,EQ,     40615.00,               2913634935.00,72097
,PAISALO,EQ,        72.40,               1352784201.21,18941850
,PAKKA,EQ,        74.50,                  4484195.07,59276
,PALASHSECU,EQ,        90.22,                   186263.15,2057
,PALREDTEC,BE,        55.90,                     3018.60,54
,PANACEABIO,EQ,       555.20,                200405586.40,362212
,PANACHE,EQ,       439.85,                 31004547.75,70401
,PANAMAPET,EQ,       427.00,                 83231711.95,194927
,PANSARI,EQ,       359.95,                 12448264.85,35031
,PAR,EQ,        89.62,                   112356.98,1264
,PARACABLES,EQ,        67.01,                106058213.64,1600662
,PARADEEP,EQ,       143.26,                493490340.15,3461495
,PARAGMILK,EQ,       227.87,                 71373803.88,312393
,PARAGON,SM,        50.30,                   405480.00,8400
,PARAS,EQ,      1216.80,               2603868522.00,2104062
,PARASPETRO,EQ,         2.06,                   475862.16,233020
,PARIN,SM,       687.20,                  8841337.50,12750
,PARKHOSPS,EQ,       290.15,                215666254.70,751907
,PARKHOTELS,EQ,       126.32,                 13387992.96,106153
,PARSVNATH,BE,         2.38,                   235655.70,99015
,PARTH,ST,       418.00,                   988440.00,2400
,PARTYCRUS,SM,        85.00,                   256200.00,3000
,PASHUPATI,EQ,        88.19,                   643235.31,7258
,PASUPTAC,BE,        58.76,                 11939397.79,204691
,PATANJALI,EQ,       412.25,                655021649.45,1589218
,PATELENG,EQ,        31.56,                100928612.36,3158007
,PATELRMART,EQ,       220.25,                 45066731.28,205682
,PATILAUTOM,ST,       193.70,                  6673170.00,34800
,PATINTLOG,BE,        15.84,                  1248795.58,79329
,PAUSHAKLTD,EQ,       548.65,                 13681400.30,24908
,PAVNAIND,BE,        17.01,                   472644.30,27753
,PAYTM,EQ,      1262.90,               2994542269.80,2379155
,PCBL,EQ,       304.05,                184474181.05,605485
,PCCL,SM,       254.00,                   700540.00,2800
,PCJEWELLER,EQ,         9.83,              10997271830.55,1061536718
,PDMJEPAPER,EQ,        82.68,                  5306377.40,64092
,PDSL,EQ,       349.65,                 15470292.70,44223
,PEARLPOLY,BE,        18.24,                    12523.13,702
,PELATRO,SM,       259.65,                  1089720.00,4200
,PENIND,EQ,       170.04,                 55180936.04,326262
,PENINLAND,BE,        17.47,                  3385285.36,195872
,PERSISTENT,EQ,      4829.90,               2230083946.60,465088
,PETRONET,EQ,       277.15,                482107774.00,1743760
,PFCL36B,N9,     50825.01,                    50825.01,1
,PFIZER,EQ,      4590.10,                187874784.00,40992
,PFOCUS,BE,       244.47,                119963123.33,494574
,PFS,EQ,        30.59,                 11023782.18,359912
,PGEL,EQ,       583.70,               1456402240.65,2507674
,PGHH,EQ,      8892.00,                 47645741.50,5353
,PGHL,EQ,      6612.00,                349319022.50,52888
,PGIL,EQ,      1979.80,                 66640391.10,33469
,PGINVIT,IV,        96.65,                144357169.77,1492687
,PHANTOMFX,SM,       188.60,                  3593085.00,19500
,PHARMABEES,EQ,        26.34,                 97141650.82,3674392
,PHOENIXLTD,EQ,      2088.00,               3021837907.10,1448148
,PHOGLOBAL,SM,        16.20,                   194400.00,12000
,PICCADIL,EQ,       649.45,                111430486.55,170740
,PIGL,EQ,       108.69,                  7784391.46,71097
,PIIND,EQ,      2597.50,                351165155.80,135177
,PILANIINVS,EQ,      4383.80,                  4951444.10,1128
,PILITA,BE,         8.94,                   493169.01,55813
,PINELABS,EQ,       143.29,                972953141.07,6758826
,PIONEEREMB,EQ,        23.00,                   231340.15,10055
,PIONRINV,EQ,        84.04,                   257840.89,3029
,PIRAMALFIN,EQ,      2118.20,                399550644.80,187388
,PITTIENG,EQ,       951.45,                 22141635.15,23473
,PIXTRANS,EQ,      1782.30,                 43526196.30,24306
,PKTEA,EQ,       763.70,                    36321.10,47
,PLASTIBLEN,EQ,       176.41,                  3521598.33,20018
,PLATIND,EQ,       226.99,                 21087591.59,91989
,PLAZACABLE,BE,        44.85,                   710168.50,15790
,PML,EQ,       498.00,                   312100.90,631
,PNBGILTS,EQ,        87.33,                 32030960.34,366448
,PNBHOUSING,EQ,      1084.00,                896032617.90,829952
,PNC,EQ,        20.54,                   663165.92,31635
,PNCINFRA,EQ,       241.53,                 82976013.96,346035
,PNGJL,EQ,       581.30,                532800521.10,900026
,PNGSREVA,EQ,       414.20,                124656494.95,297558
,POCL,EQ,      1416.60,                969728608.40,663833
,PODDARMENT,EQ,       239.11,                   557673.35,2347
,POKARNA,EQ,      1035.40,                 77928266.90,74996
,POLICYBZR,EQ,      1572.50,               2078507313.20,1318417
,POLYCAB,EQ,      9074.00,               4433345323.50,487544
,POLYMED,EQ,      1645.90,                 94474067.70,56981
,POLYPLEX,EQ,      1029.45,                 99407678.25,96276
,POLYSIL,SM,       112.35,                  1390900.00,12000
,PONNIERODE,EQ,       317.15,                  1257339.60,3963
,POONAWALLA,EQ,       463.85,                947425650.25,2036543
,POSITRON,ST,       176.50,                  1052730.00,6000
,POWERICA,EQ,       567.80,                159022439.90,281940
,POWERINDIA,EQ,     32610.00,               3281572780.00,101180
,POWERMECH,EQ,      2604.20,                 91661828.20,35151
,PPAP,EQ,       276.63,                188467034.18,674942
,PPL,BE,       274.85,                 11284704.60,41709
,PPLPHARMA,EQ,       171.99,               1357833021.24,7859690
,PPSL,ST,         2.65,                   182850.00,69000
,PRABHA,EQ,       149.33,                  2238260.37,14904
,PRADPME,BE,       525.10,                  3924376.65,7425
,PRAENG,EQ,        19.37,                   773331.32,39619
,PRAJIND,EQ,       353.95,                165859975.70,464402
,PRAKASH,EQ,       128.22,                 43492500.68,338722
,PRAKASHSTL,EQ,         4.13,                   359431.37,86429
,PRAMARA,SM,       130.60,                  2316700.00,17500
,PRANIK,SM,        41.60,                   747760.00,17600
,PRATHAM,SM,       121.50,                   665680.00,5600
,PRAVEG,EQ,       234.31,                 11417505.91,49040
,PRAXIS,BE,         7.84,                   104376.13,13428
,PRECAM,EQ,       146.12,                 13965365.72,95510
,PRECISION,SM,         6.80,                    27400.00,4000
,PRECOT,EQ,       800.45,                  8275870.75,10274
,PRECWIRE,EQ,       389.25,                 85210463.25,219594
,PREMCO,EQ,       365.00,                    92742.45,255
,PREMEXPLN,EQ,       714.00,               1056246129.95,1477023
,PREMIER,BE,         3.00,                    29349.17,10070
,PREMIERENE,EQ,      1089.20,               2127003197.60,1970046
,PREMIERPOL,EQ,        63.78,                 10833725.73,173094
,PREMIUM,SM,        42.05,                   126150.00,3000
,PRESSTONIC,SM,        25.05,                   929760.00,36000
,PRESTIGE,EQ,      1673.90,               1239135468.50,742651
,PRICOLLTD,EQ,       618.20,                293971981.40,475858
,PRIMECAB,ST,       149.50,                   717600.00,4800
,PRIMESECU,EQ,       281.10,                  7573432.10,27078
,PRIMO,EQ,        24.08,                   793701.43,33027
,PRINCEPIPE,EQ,       266.30,                 46545301.10,174387
,PRITI,BE,        39.38,                   131821.31,3418
,PRITIKAUTO,BE,        18.19,                 10499961.44,577581
,PRIVISCL,EQ,      3621.30,                115841971.80,32032
,PRIZOR,ST,       819.05,                  2620960.00,3200
,PRLIND,SM,        49.00,                   729650.00,15000
,PROFX,SM,        76.50,                   845600.00,11200
,PROPEQUITY,SM,       229.00,                   412200.00,1800
,PROSTARM,EQ,       131.41,                 33124976.45,250759
,PROTEAN,EQ,       579.65,                103243525.15,177322
,PROZONER,EQ,        43.51,                  9037187.22,205149
,PRSMJOHNSN,EQ,       111.95,                 11365800.26,101289
,PRUDENT,EQ,      2960.00,                 96837291.70,32745
,PRUDMOULI,BE,        14.79,                    22162.46,1518
,PSB,EQ,        24.46,                 18537959.43,760695
,PSFL,SM,        31.40,                   252700.00,8000
,PSPPROJECT,EQ,      1069.70,                142293817.60,132091
,PSRAJ,ST,       433.15,                  2781250.00,6500
,PSUBANK,EQ,       822.75,                  9428133.32,11493
,PSUBANKADD,EQ,        82.97,                 27588718.87,332417
,PSUBNKBEES,EQ,        91.85,                219157672.19,2394614
,PSUBNKIETF,EQ,        83.45,                 22338488.13,268638
,PTC,EQ,       168.02,                107558348.11,637491
,PTCIL,EQ,     17354.00,                144803022.00,8395
,PTL,EQ,        40.80,                  3329955.72,80980
,PUNJABCHEM,EQ,      1090.10,                 14276297.60,13192
,PURPLEUTED,ST,       434.25,                  8164125.00,18250
,PURVA,EQ,       219.78,                 20813590.90,94988
,PURVFLEXI,ST,        49.85,                    39880.00,800
,PUSHPA,SM,        98.20,                   592600.00,6000
,PVP,EQ,        27.32,                  3797820.32,137975
,PVRINOX,EQ,       989.50,                166142412.75,168389
,PVSL,EQ,        93.03,                   965918.55,10403
,PVTBANIETF,EQ,        28.07,                173692570.42,6190529
,PVTBANKADD,EQ,        28.17,                627095800.16,22270621
,PVTBKGROWW,EQ,        27.79,                   503139.44,18088
,PWL,EQ,       151.38,               4075494129.89,27523109
,PYRAMID,EQ,       167.39,                  6894118.25,41077
,QFIL,SM,        60.00,                    60000.00,1000
,QGOLDHALF,EQ,       118.68,                 23868092.25,201469
,QLINE,SM,       540.60,                 31809920.00,58400
,QMSMEDI,EQ,       104.51,                  1057541.01,10034
,QNIFTY,EQ,       263.40,                  1505373.01,5698
,QPOWER,BE,      1154.60,                 89145741.90,78083
,QUADFUTURE,EQ,       428.15,                136561995.80,318988
,QUAL30IETF,EQ,        20.60,                  1133822.85,55061
,QUALITY30,EQ,        20.17,                    60217.74,2990
,QUESS,EQ,       294.55,                221811435.30,738865
,QUESTLAB,SM,        89.00,                   212400.00,2400
,QUICKHEAL,BE,       165.79,                  6237743.28,37435
,QUICKTOUCH,SM,        23.05,                    23525.00,1000
,QUINT,EQ,        39.49,                    42053.55,1068
,RACE,BE,       112.00,                   685688.21,6091
,RACLGEAR,EQ,      1261.10,                 25940672.00,20441
,RADAAN,EQ,         2.95,                    20392.96,6870
,RADHIKAJWE,EQ,        63.64,                947462094.72,14988247
,RADIANTCMS,EQ,        38.33,                  4259818.10,110855
,RADICO,EQ,      4089.00,               1079211046.00,262676
,RADIOCITY,EQ,         5.97,                   221171.34,36807
,RADIOWALLA,ST,        25.90,                   122080.00,4800
,RAILTEL,EQ,       302.90,                155053067.00,511039
,RAIN,EQ,       204.36,               1425246430.75,6949045
,RAINBOW,EQ,      1481.50,                300067279.00,202371
,RAJESHEXPO,BZ,        93.39,                 11215254.47,120295
,RAJINDLTD,SM,        72.00,                  1094325.00,15000
,RAJMET,EQ,         3.63,                  1126177.20,310965
,RAJOOENG,BE,        49.99,                  9020424.92,180489
,RAJPALAYAM,EQ,       813.75,                   951318.40,1162
,RAJPUTANA,SM,       207.90,                  1008300.00,5000
,RAJRATAN,EQ,       465.75,                 40772039.95,87020
,RAJRILTD,BE,        22.00,                   187320.92,8558
,RAJSREESUG,EQ,        31.40,                   370887.46,11904
,RAJTV,EQ,        11.99,                   356528.03,29934
,RALLIS,EQ,       223.43,                 72925657.18,325734
,RAMANEWS,EQ,        29.05,                   862806.11,29704
,RAMAPHO,EQ,       125.22,                  1412984.49,11286
,RAMASTEEL,BE,         4.55,                  5725295.62,1258893
,RAMBHAJO,BE,       178.13,                 70306153.98,400529
,RAMCOCEM,EQ,       922.10,                 22171110.00,24085
,RAMCOIND,EQ,       369.00,                502170256.65,1368726
,RAMCOSYS,EQ,       837.35,               1347034340.80,1563756
,RAMKY,EQ,       387.25,                 21415157.05,55119
,RAMRAT,EQ,       412.00,                 42693381.50,102766
,RANASUG,EQ,        11.91,                  3611392.38,301727
,RANEHOLDIN,EQ,      1775.10,                 72724533.40,41574
,RAPPID,SM,       266.80,                   160080.00,600
,RATEGAIN,EQ,       941.75,                472575046.95,499009
,RATNAMANI,EQ,      2633.90,                 32246187.80,12273
,RATNAVEER,EQ,       180.26,                244605686.50,1331409
,RAYMOND,EQ,       620.55,                855607777.45,1366554
,RAYMONDLSL,EQ,       742.30,                 58748319.05,78860
,RAYMONDREL,EQ,       699.75,                661035355.50,949739
,RBA,EQ,        74.47,                171160079.95,2303768
,RBLBANK,EQ,       362.80,               1107501941.30,3041752
,RBMINFRA,SM,       273.80,                 11089280.00,39400
,RBS,ST,        78.00,                  3047520.00,40000
,RBZJEWEL,EQ,       153.71,                140990870.39,907807
,RCDL,SM,        25.10,                    75300.00,3000
,RCF,EQ,       131.59,                181430947.93,1378263
,RCOM,BE,         0.88,                  2025326.49,2296631
,READYMIX,SM,       104.00,                   822950.00,8000
,REDINGTON,EQ,       274.75,                427055845.45,1558101
,REDTAPE,EQ,       134.33,                 32863520.40,242573
,REFEX,EQ,       349.70,                248578464.90,712735
,REFRACTORY,SM,        28.30,                    85350.00,3000
,REGAAL,BE,        81.77,                  4064202.15,49344
,REGENCERAM,EQ,        39.90,                    17956.14,450
,RELAXO,EQ,       386.85,                 71194090.85,181912
,RELCHEMQ,EQ,       131.81,                   512467.27,3862
,RELIABLE,EQ,       145.24,                  1121614.04,7744
,RELIGARE,EQ,       271.50,                372520979.35,1357741
,RELTD,EQ,       179.01,                717682053.35,3822954
,REMSONSIND,EQ,        83.22,                  5382082.57,64112
,REMUS,SM,       747.75,                  4240015.00,5600
,RENUKA,EQ,        22.61,                 44606033.62,1963851
,REPCOHOME,EQ,       408.10,                 35946565.95,87567
,REPL,BE,        65.47,                   198746.68,3067
,REPRO,EQ,       362.95,                  2178903.85,5990
,RESPONIND,EQ,       190.32,                554826180.27,2875963
,RETAIL,EQ,        17.88,                   110540.96,6237
,REXPRO,SM,        38.30,                    38300.00,1000
,RFBL,SM,        99.10,                  5635800.00,57000
,RGL,EQ,       120.53,                 88700368.59,733677
,RHETAN,EQ,        26.73,                161896507.69,6034192
,RHFL,BZ,         2.06,                  1055287.87,511062
,RHIM,EQ,       402.55,                552009380.55,1381239
,RHL,EQ,       179.64,                  1655334.56,9203
,RICOAUTO,EQ,       130.02,                 96332384.43,738252
,RIIL,EQ,       792.00,                 36492882.00,46007
,RIIT,IV,       115.51,                 16146924.36,139061
,RILINFRA,SM,        41.35,                  2539005.00,64300
,RISHABH,EQ,       652.60,                270095012.30,412642
,RITCO,EQ,       256.00,                 14458651.55,56209
,RITES,EQ,       222.75,                536965810.30,2406507
,RKDL,EQ,        18.85,                    41990.93,2208
,RKEC,EQ,        27.34,                   701432.67,25933
,RKFORGE,EQ,       560.70,                235364252.55,417757
,RKSWAMY,EQ,       101.33,                 11981895.83,116737
,RMC,EQ,       305.75,                 20806273.20,67559
,RMDRIP,EQ,        18.87,                 23446724.81,1227185
,RML,EQ,      1277.30,                 94287228.40,72922
,RNBDENIMS,EQ,        10.19,                  3795942.35,369568
,RNFI,SM,       247.35,                  5254260.00,21000
,RNPL,SM,        84.50,                   101400.00,1200
,ROCKINGDCE,SM,       180.60,                  1671662.50,9250
,ROHLTD,EQ,       323.90,                  8346264.90,25757
,ROLEXRINGS,EQ,       142.83,                154946737.47,1089567
,ROLLT,BE,         2.45,                   691117.13,280776
,ROML,EQ,        44.84,                    49777.76,1105
,ROSSARI,EQ,       518.85,                 25685629.95,49711
,ROSSELLIND,EQ,        56.79,                  1287530.87,22591
,ROSSTECH,EQ,      1010.75,                194545597.85,193834
,ROTO,EQ,        69.30,                 38309740.49,552609
,ROUTE,EQ,       537.90,                 56213973.30,104400
,ROXHITECH,ST,        37.35,                   539120.00,14400
,ROYALARC,SM,       147.00,                   176400.00,1200
,RPEL,EQ,      1289.00,                 50978906.10,39074
,RPGLIFE,EQ,      2656.80,                222874104.30,86110
,RPOWER,EQ,        24.79,                623689931.29,25149964
,RPPINFRA,EQ,        62.57,                  1752585.67,27862
,RPPL,EQ,        21.60,                  2230600.97,103667
,RPSGVENT,EQ,       900.50,                 25843249.35,28518
,RPTECH,EQ,       779.25,                886749247.95,1142272
,RRIL,EQ,        17.38,                   187788.72,10790
,RRKABEL,EQ,      2206.70,                964848285.70,433746
,RSDFIN,EQ,        80.00,                     7920.00,99
,RSL,EQ,       131.23,                 18965169.58,144162
,RSSOFTWARE,BE,        33.50,                    69050.61,2071
,RSWM,BE,       194.31,                  5522061.54,28579
,RSYSTEMS,EQ,       235.69,                 76209835.64,322581
,RTL,SM,        76.40,                   451000.00,6000
,RTNINDIA,EQ,        32.79,                 35091474.74,1073402
,RTNPOWER,EQ,         8.82,                 77426584.55,8751713
,RUBFILA,EQ,        77.44,                  4027888.80,52708
,RUBICON,EQ,      1407.20,                260257166.70,185413
,RUBYMILLS,BE,       365.55,                 17159712.90,47218
,RUCHINFRA,EQ,         5.78,                   615196.67,106241
,RUCHIRA,EQ,       103.27,                  1706041.60,16492
,RUDRA,BE,        17.17,                   194973.71,11345
,RULKA,SM,        97.75,                    57495.00,600
,RUPA,EQ,       165.58,                 37106538.93,224285
,RUSHIL,EQ,        16.10,                  5674742.76,352562
,RUSTOMJEE,EQ,       421.45,                  6727164.75,16055
,RVHL,EQ,        45.05,                   353039.69,7824
,RVNL,EQ,       226.23,                520878451.75,2296275
,RVTH,EQ,       737.85,                   493371.65,678
,S&SPOWER,EQ,       360.95,                   209636.40,580
,SAAKSHI,ST,       301.45,                   361740.00,1200
,SAATVIKGL,EQ,       455.15,                152755745.05,338219
,SABAR,SM,         4.75,                    23750.00,5000
,SABEVENTS,BE,         8.77,                    50696.27,5783
,SACHEEROME,SM,       397.50,                 15361410.00,37800
,SADBHAV,EQ,         8.27,                  1336603.58,161547
,SADBHIN,BE,         2.75,                   108131.83,39216
,SADHAV,SM,       118.95,                  4032780.00,34800
,SADHNANIQ,BE,         2.72,                  9627113.35,3537365
,SAFARI,EQ,      1622.60,                 46458625.80,28530
,SAFEENTP,SM,       282.55,                  8113800.00,28500
,SAGARDEEP,EQ,        24.50,                    40120.77,1625
,SAGCEM,EQ,       179.19,                 47814406.52,269925
,SAGILITY,EQ,        40.76,               1217567691.07,29667213
,SAHAJSOLAR,SM,       119.55,                  2256140.00,18800
,SAHANA,SM,       838.55,                 13360643.75,15875
,SAHASRA,ST,       299.00,                  3981560.00,13200
,SAHLIBHFI,EQ,        79.08,                  1694030.10,21586
,SAHYADRI,EQ,       278.25,                   528420.65,1902
,SAIFL,SM,         5.15,                  2221600.00,432000
,SAIL,EQ,       165.90,               1930452636.43,11731829
,SAILIFE,EQ,      1234.40,                271206673.40,219789
,SAIPARENT,EQ,       596.10,                106161213.60,179400
,SAJHOTELS,SM,        26.55,                 10854000.00,416000
,SAKAR,EQ,       800.35,                 71295102.15,87787
,SAKHTISUG,EQ,        16.62,                   980018.43,59054
,SAKSOFT,EQ,       169.03,                464074545.14,2719202
,SAKUMA,BE,         1.70,                  1110997.63,652377
,SALASAR,EQ,         6.11,                 16458889.99,2697467
,SALONA,EQ,       257.50,                    23255.20,90
,SALSTEEL,BE,        57.39,                  4365349.10,76068
,SALZERELEC,EQ,       606.05,                 37084110.00,60749
,SAMAY,ST,        47.50,                  1520400.00,32000
,SAMBHAAV,EQ,         6.62,                   533230.94,79988
,SAMBHV,EQ,       119.19,                266486359.24,2260206
,SAMHI,EQ,       172.69,                 76333482.19,444105
,SAMMAANCAP,EQ,       161.03,               2225642401.41,13627651
,SAMPANN,EQ,        27.91,                   291118.09,10432
,SANATHAN,EQ,       448.75,                 10938436.95,24267
,SANDESH,EQ,       977.50,                   161628.25,165
,SANDHAR,EQ,       665.95,                 71683860.85,106688
,SANDUMA,EQ,       203.46,                106538549.79,521256
,SANGAMIND,EQ,       559.80,                 18510117.50,33067
,SANGHVIMOV,EQ,       464.20,                291311186.60,626577
,SANGINITA,BE,        49.61,                 10380098.74,209234
,SANOFI,EQ,      3356.00,                 69241726.50,20484
,SANOFICONR,EQ,      4506.40,                 17889259.20,3949
,SANSERA,EQ,      3142.00,                826847233.20,261249
,SANSTAR,EQ,       113.36,                 42571637.40,374038
,SANWARIA,BZ,         0.19,                   119689.33,609355
,SAPPHIRE,EQ,       181.86,                 61786292.95,339584
,SAPPL,EQ,       295.45,                  9822592.55,30972
,SARDAEN,EQ,       495.35,                102315935.40,205520
,SAREGAMA,EQ,       476.10,                636056426.75,1342190
,SARLAPOLY,EQ,       102.63,                  5601317.76,54679
,SARTELE,SM,       132.70,                  5671500.00,42500
,SARVESHWAR,BE,         3.55,                  1991727.22,557275
,SASKEN,EQ,      1958.00,                 47830091.50,24261
,SATECH,SM,        33.85,                   662150.00,20000
,SATIA,EQ,        54.31,                  2100270.65,38793
,SATIN,EQ,       255.12,                103886881.12,408887
,SATKARTAR,ST,       135.10,                  3955800.00,28800
,SATTVAENGG,SM,        75.80,                  1204720.00,16000
,SAURASHCEM,EQ,        54.98,                  4298508.46,78568
,SAVY,SM,       126.50,                   454800.00,3600
,SAWALIYA,SM,       313.80,                 33907020.00,110400
,SAYAJIHOTL,EQ,       300.05,                    23426.05,78
,SBC,EQ,        42.11,                304890770.69,7229117
,SBCL,EQ,       726.70,                167999267.40,232282
,SBFC,EQ,        91.03,                 88955411.99,977908
,SBGLP,EQ,        24.85,                  1642323.84,67067
,SBIBPB,EQ,        47.50,                  3111158.40,65830
,SBICARD,EQ,       588.20,                595302953.65,1016137
,SBIETFCON,EQ,       120.39,                   589392.72,4873
,SBIETFIT,EQ,       304.71,                  2606978.06,8609
,SBIETFPB,EQ,       283.32,                 11944768.55,42048
,SBIETFQLTY,EQ,       216.38,                   173882.93,804
,SBILIQETF,EQ,      1046.64,                 37500695.66,35829
,SBIMIDMOM,EQ,        62.10,                   798776.37,12868
,SBINEQWETF,EQ,        33.02,                  5574832.39,168655
,SBINMID150,EQ,        22.92,                   125401.04,5484
,SBISILVER,EQ,       218.29,                189682985.24,875956
,SBISMLETF,EQ,        17.91,                   535127.73,29889
,SBIVALETF,EQ,        14.75,                   100208.96,6804
,SCANSTL,EQ,        42.71,                  5149995.31,121380
,SCHAEFFLER,EQ,      4046.10,                136223314.40,33426
,SCHAND,EQ,       148.35,                  2137528.67,14381
,SCHNEIDER,EQ,      1485.20,                397877601.30,265271
,SCI,EQ,       277.65,                720601764.05,2581365
,SCILAL,EQ,        42.44,                  6507001.30,153583
,SCL01825,N6,      1066.00,                     4264.00,4
,SCL25924A,N1,      1171.00,                    23420.00,20
,SCLZC26,NB,      2300.00,                     6900.00,3
,SCLZC26C,NB,      1293.00,                    62064.00,48
,SCML,SM,        77.35,                   154750.00,2000
,SCODATUBES,EQ,       147.70,                 21915981.64,149322
,SCPL,EQ,       492.45,                  4760495.15,9720
,SDBL,EQ,        67.08,                 27090182.38,403370
,SEAMECLTD,EQ,      1443.60,                 21869217.60,15096
,SECMARK,EQ,       125.22,                    67892.10,541
,SECURKLOUD,EQ,        18.64,                   261612.51,14025
,SEDEMAC,EQ,      2803.60,                260852439.70,93094
,SEIL,EQ,       220.75,                 72778809.94,325033
,SEJALLTD,BE,       720.95,                  2995277.25,4202
,SEL,ST,       207.75,                  1306510.00,6400
,SELECTIPO,EQ,        46.39,                  3049490.41,65885
,SELLOWRAP,SM,        72.80,                   372240.00,4800
,SELMC,EQ,        28.40,                   110174.85,3878
,SEMAC,BE,       327.95,                    35747.15,109
,SENCO,EQ,       348.65,               2578194716.60,7323847
,SENORES,EQ,      1419.70,                721213793.10,498777
,SENSEXADD,EQ,        79.11,                   161841.01,2041
,SENSEXAXIS,EQ,        79.25,                   311071.46,3913
,SENSEXBETA,EQ,       848.07,                  1578295.67,1853
,SENSEXETF,EQ,        79.09,                  8257334.67,105012
,SENSEXIETF,EQ,       881.55,                  8034145.83,9102
,SEPC,EQ,         6.45,                100226617.58,15492578
,SERVICE,SM,        54.60,                  1200000.00,22000
,SERVOTECH,EQ,        99.61,                 85388415.13,860300
,SESHAPAPER,EQ,       226.04,                 37232518.10,165058
,SETCO,BE,        18.37,                  3587243.28,200471
,SETF10GILT,EQ,       265.86,                   399465.63,1505
,SETFGOLD,EQ,       122.11,                447284547.76,3672195
,SETFNIF50,EQ,       257.90,                131839166.57,510456
,SETFNIFBK,EQ,       587.68,                299590932.58,509740
,SETFNN50,EQ,       765.83,                 33625331.43,44006
,SETL,EQ,       276.90,                242889307.90,881920
,SETUINFRA,BZ,         0.44,                     1198.73,2714
,SEYAIND,BE,        13.23,                    42183.41,3228
,SFL,EQ,       752.50,                145053662.15,191300
,SFLZC26A,ZC,      1888.00,                   226563.60,120
,SFML,SM,        24.40,                    78080.00,3200
,SGBAPR28I,GB,     14344.65,                  2700812.41,189
,SGBAUG27,GB,     14397.70,                   561211.33,39
,SGBAUG28V,GB,     14352.67,                 10236311.07,716
,SGBAUG29V,GB,     14416.24,                  1065286.34,74
,SGBAUG30,GB,     14311.15,                  1640051.22,114
,SGBD29VIII,GB,     14393.33,                   974294.51,68
,SGBDC27VII,GB,     14366.66,                    85945.98,6
,SGBDE30III,GB,     14430.13,                   460850.23,32
,SGBDE31III,GB,     14688.44,                 17021380.81,1161
,SGBDEC26,GB,     14300.00,                   157398.00,11
,SGBFEB27,GB,     14380.00,                   156768.02,11
,SGBFEB29XI,GB,     14315.05,                  1477538.53,103
,SGBFEB32IV,GB,     14756.44,                 28454630.98,1930
,SGBJ28VIII,GB,     14360.00,                   143600.00,10
,SGBJAN27,GB,     14252.01,                    14252.01,1
,SGBJAN29IX,GB,     14300.00,                  4462770.29,313
,SGBJAN29X,GB,     14310.50,                   286005.05,20
,SGBJAN30IX,GB,     14342.00,                  1485800.22,104
,SGBJU29III,GB,     14354.59,                   529306.23,37
,SGBJUL27,GB,     14232.00,                    14232.00,1
,SGBJUL28IV,GB,     14305.30,                  1256531.52,88
,SGBJUL29IV,GB,     14321.20,                   528662.47,37
,SGBJUN28,GB,     14292.91,                  2221738.31,156
,SGBJUN29II,GB,     14325.00,                  1055243.80,74
,SGBJUN30,GB,     14458.75,                   417277.00,29
,SGBJUN31I,GB,     14587.36,                  4235458.89,291
,SGBMAR28X,GB,     14300.00,                   429102.51,30
,SGBMAR30X,GB,     14429.91,                  2294411.11,160
,SGBMAR31IV,GB,     14624.16,                  1325082.29,91
,SGBMAY28,GB,     14319.62,                  4011796.65,281
,SGBMAY29I,GB,     14311.03,                  1999762.80,140
,SGBMR29XII,GB,     14331.00,                  2521481.24,176
,SGBN28VIII,GB,     14350.00,                  1696762.44,119
,SGBNOV26,GB,     14400.00,                    43200.00,3
,SGBNV29VII,GB,     14369.49,                  1541835.68,108
,SGBOC28VII,GB,     14300.46,                  1390126.43,98
,SGBOCT27,GB,     14275.00,                   128579.93,9
,SGBOCT27VI,GB,     14320.90,                   526071.30,37
,SGBSEP28VI,GB,     14301.72,                  1988551.81,139
,SGBSEP29VI,GB,     14326.83,                   585571.14,41
,SGBSEP31II,GB,     14589.13,                 11582924.74,794
,SGFIN,EQ,       656.30,                269090159.15,405542
,SGIL,EQ,       593.90,                  6932353.45,11808
,SGL,EQ,         9.78,                    49262.17,5011
,SGMART,EQ,       659.80,                400799888.40,597288
,SHADOWFAX,EQ,       219.97,                276111650.81,1239469
,SHAH,EQ,         4.58,                 30037441.40,6532999
,SHAHALLOYS,EQ,        74.91,                  1037935.89,14048
,SHAILY,EQ,      2715.40,               1907695241.10,701993
,SHAKTIPUMP,EQ,       572.95,                335018349.45,584100
,SHALBY,EQ,       169.58,                 10048120.38,59078
,SHALPAINTS,EQ,        50.64,                  1002381.68,19646
,SHANKARA,BE,       130.69,                  2995078.89,23004
,SHANTI,EQ,         6.49,                   183199.77,28177
,SHANTIGEAR,EQ,       442.00,                  7350037.00,16673
,SHANTIGOLD,EQ,       214.77,                649828683.20,2946513
,SHARDACROP,EQ,       892.55,                 74788340.40,83605
,SHARDAMOTR,EQ,       871.35,                 20195021.05,23134
,SHARDUL,EQ,        28.00,                    52794.68,1901
,SHAREINDIA,EQ,       179.03,               4425769169.81,24628676
,SHARIABEES,EQ,       448.98,                  1555518.03,3463
,SHBAJRG,EQ,       195.65,                   652898.46,3285
,SHEEL,ST,        70.00,                  1003500.00,14000
,SHEETAL,SM,       291.70,                   879050.00,3000
,SHEKHAWATI,BE,        14.34,                   136815.27,9802
,SHEMAROO,BE,       122.69,                   878091.63,7204
,SHERA,ST,       152.00,                  1653900.00,11000
,SHETHJI,ST,       150.50,                   300600.00,2000
,SHIGAN,SM,        59.95,                   179850.00,3000
,SHILCTECH,EQ,      4453.40,                181612266.50,40775
,SHILPAMED,EQ,       622.30,                834465269.55,1340047
,SHINDL,EQ,       151.76,                 17828455.23,118499
,SHIVALIK,BE,       223.67,                  3487585.69,15631
,SHIVAMAUTO,BE,        19.63,                   890102.72,45344
,SHIVAMILLS,BE,        60.78,                    32750.69,541
,SHIVATEX,EQ,       158.37,                   615466.09,4016
,SHIVAUM,EQ,       427.15,                    67415.30,157
,SHK,EQ,       130.28,                 77535780.99,592358
,SHKSIL,SM,        35.00,                   352000.00,10000
,SHOPERSTOP,EQ,       337.50,                  8645231.15,25303
,SHRADHA,EQ,        32.54,                   454672.98,14045
,SHREDIGCEM,EQ,        73.93,                  4491670.04,60435
,SHREEDHAR,ST,        65.45,                  1831100.00,28000
,SHREEJISPG,EQ,       523.40,               1177018462.00,2288231
,SHREEKARNI,SM,       421.80,                   619815.00,1500
,SHREEOSFM,SM,        59.00,                   238800.00,4000
,SHREEPUSHK,EQ,       431.95,                 66871321.70,155520
,SHREERAMA,EQ,        43.08,                  2063438.85,47640
,SHREMINVIT,IV,       102.00,                  2550000.00,25000
,SHRENIK,BZ,         0.36,                   151652.01,416826
,SHREYANIND,EQ,       138.40,                   253951.19,1844
,SHRIAHIMSA,ST,       405.00,                  8647890.00,21600
,SHRIKRISH,EQ,        40.17,                     6333.87,157
,SHRINGARMS,EQ,       229.17,                248248291.46,1079023
,SHRIPISTON,EQ,      4246.30,                128522832.10,30476
,SHRIRAMPPS,EQ,        88.09,                 35460567.48,401578
,SHUBHLAXMI,SM,        25.45,                   375850.00,15000
,SHYAMCENT,BE,         5.75,                   366667.35,63684
,SHYAMDHANI,ST,        62.00,                   370100.00,6000
,SHYAMMETL,EQ,       948.40,                292630934.25,310719
,SHYAMTEL,BE,        17.50,                     4208.00,240
,SICAGEN,EQ,        52.49,                   429811.35,8118
,SICALLOG,EQ,        89.84,                  1018484.62,11334
,SIDDHICOTS,SM,        28.75,                    67260.00,2400
,SIDDHIKA,SM,       216.55,                   757700.00,3500
,SIGACHI,BE,        22.23,                  6887416.49,312564
,SIGIND,EQ,        46.26,                   254970.82,5508
,SIGMA,EQ,        38.54,                  3474485.75,90005
,SIGMAADV,EQ,       558.05,                128517137.10,231921
,SIGNATURE,EQ,       808.75,                851012444.30,1051196
,SIGNORIA,ST,       135.90,                   542700.00,4000
,SIGNPOST,EQ,       320.10,                143879690.20,450864
,SIKA,EQ,      1213.20,                 87189061.30,71994
,SIKKO,EQ,         4.11,                  4242940.07,1040902
,SIL,EQ,        16.05,                   335302.87,20870
,SILGO,EQ,        74.85,                 11124032.96,147198
,SILINV,EQ,       421.20,                   326132.90,774
,SILKY,SM,       108.40,                   173480.00,1600
,SILLYMONKS,EQ,        16.25,                   118561.50,7245
,SILVER,EQ,       222.30,                185514853.18,841397
,SILVER1,EQ,        21.59,                 81141250.65,3790849
,SILVER360,EQ,       218.98,                  3132143.95,14374
,SILVERADD,EQ,       214.64,                110903302.10,520742
,SILVERAG,EQ,       216.75,                 70193382.00,326022
,SILVERAXIS,EQ,       221.32,                 30924557.75,140790
,SILVERBEES,EQ,       212.95,               5548269264.73,26309703
,SILVERBETA,EQ,       215.14,                162707969.57,758591
,SILVERBND,EQ,       223.60,                  5051475.91,22745
,SILVERCASE,EQ,        22.55,                276183113.85,12334753
,SILVERIETF,EQ,       222.25,                595286894.16,2695523
,SILVERTUC,EQ,       187.47,                105746272.81,557624
,SIMBHALS,BZ,         6.86,                    36749.62,5422
,SIMCA,SM,       186.30,                 16436280.00,88800
,SIMPLEXINF,EQ,       267.75,                  7567470.50,28606
,SINCLAIR,EQ,        74.89,                   475213.86,6372
,SINDHUTRAD,EQ,        25.50,                141072176.25,5532457
,SINGERIND,EQ,        67.64,                  2177275.29,31930
,SINTERCOM,EQ,        75.99,                    72548.65,961
,SIRCA,EQ,       393.40,                 63920731.10,161230
,SIS,EQ,       437.80,                 37811298.40,86768
,SITINET,BZ,         0.33,                   190853.90,571819
,SIYSIL,EQ,       635.00,                 43756537.15,69429
,SJLOGISTIC,SM,       339.20,                 13755300.00,40500
,SJS,EQ,      2197.80,                430845469.50,194439
,SJVN,EQ,        70.07,                 92493474.67,1314603
,SKFINDIA,EQ,      1552.40,                 94368555.70,60098
,SKFINDUS,EQ,      2836.60,                251276034.60,85455
,SKIPPER,EQ,       548.05,                334866957.55,606192
,SKMEGGPROD,EQ,       316.15,                261853005.55,833871
,SKP,SM,       152.80,                   755500.00,5000
,SKYGOLD,EQ,       623.30,               1970735128.30,3184727
,SLONE,ST,       122.25,                   388920.00,3200
,SMALL250,EQ,        17.89,                  8572123.16,479454
,SMALLADD,EQ,        17.98,                   548014.86,30535
,SMALLCAP,EQ,        46.91,                118315489.85,2530791
,SMALLGROWW,EQ,        46.78,                   493731.92,10560
,SMALLIETF,EQ,        17.90,                   400711.85,22390
,SMARTEN,ST,        62.40,                   897960.00,14400
,SMARTLINK,BE,       179.92,                  4522346.74,25427
,SMARTWORKS,EQ,       458.00,                 17312615.70,37913
,SMCGLOBAL,EQ,        70.46,                 11703055.81,166834
,SML100CASE,EQ,        10.84,                 16738516.28,1545610
,SMLMAH,EQ,      4080.40,                395517034.00,98284
,SMLT,EQ,        67.52,                   255776.87,3755
,SMSPHARMA,EQ,       407.05,                153319684.40,375910
,SNEHAA,ST,        45.20,                   183450.00,4000
,SNOWMAN,EQ,        35.82,                 15538287.02,433482
,SNXT30BEES,EQ,        41.93,                   207592.93,4949
,SNXT50BETA,EQ,        93.20,                    28558.41,307
,SOBHA,EQ,      1469.80,                193789997.20,132259
,SOCL,ST,        27.45,                    87840.00,3200
,SOFTTECH,BE,       434.80,                    86436.40,200
,SOLARA,EQ,       566.85,                204334951.60,356917
,SOLARWORLD,EQ,       207.44,                 67585078.96,326266
,SOLEX,EQ,      1018.40,                171793870.00,165320
,SOMANYCERA,EQ,       509.50,                 26856091.00,52309
,SOMATEX,EQ,       111.08,                  4526709.02,41311
,SOMICONVEY,EQ,        99.64,                  4709782.41,47569
,SONACOMS,EQ,       670.75,                907308922.85,1358978
,SONAL,EQ,        91.06,                     9726.49,107
,SONAMAC,ST,        30.20,                    61100.00,2000
,SONAMLTD,EQ,        53.06,                   783720.68,14618
,SONATSOFTW,EQ,       275.90,                162245220.45,585739
,SONUINFRA,ST,        43.40,                   195300.00,4500
,SOTL,EQ,       581.80,                223793442.40,382574
,SOUTHBANK,EQ,        44.22,                734074295.79,16615687
,SOUTHWEST,EQ,       230.07,                 46481302.90,204118
,SPAL,EQ,      1178.60,                198390429.10,166316
,SPANDANA,EQ,       303.45,                292944477.15,956442
,SPARC,EQ,       277.57,                849707978.56,3049847
,SPCENET,EQ,         3.89,                  3093911.36,805830
,SPCL,SM,        68.60,                  1517610.00,22200
,SPCON,SM,       139.95,                   167940.00,1200
,SPEB,ST,        90.25,                   361000.00,4000
,SPECIALITY,EQ,       124.90,                  3404300.69,27212
,SPECTRUM,EQ,      1907.00,                 31372227.60,16365
,SPECTSTM,ST,        57.00,                   319360.00,5600
,SPENCERS,EQ,        34.63,                  1652358.60,47136
,SPIC,EQ,        66.99,                 23381537.22,347080
,SPLIL,EQ,        31.45,                   200940.98,6432
,SPLPETRO,EQ,       720.70,                 17245307.75,23892
,SPMLINFRA,EQ,       189.99,                 26254723.97,138102
,SPORTKING,EQ,       183.37,                 59126910.13,322791
,SPUNWEB,SM,       106.00,                   127200.00,1200
,SRD,EQ,        39.16,                   368768.03,9440
,SREEL,EQ,       211.30,                   642951.96,3057
,SRF,EQ,      2756.90,                555881663.80,201957
,SRGHFL,EQ,       300.00,                   311871.35,1038
,SRHHYPOLTD,EQ,       494.80,                  2548030.30,5147
,SRIVASAVI,ST,        79.00,                   623000.00,8000
,SRM,EQ,       478.35,                 25889670.45,53877
,SRTL,EQ,        39.98,                  1073887.51,26933
,SSDL,EQ,        55.61,                   936944.48,16854
,SSEGL,SM,       312.10,                 12707290.00,40400
,SSFL,ST,       277.50,                  4148600.00,15000
,SSFLPP,E1,       161.95,                  3019890.05,18313
,SSWL,EQ,       240.05,                 90249365.47,377698
,STALLION,EQ,       182.12,                102045262.85,558184
,STANLEY,EQ,       154.74,                 20562388.63,133626
,STAR,EQ,      1076.00,                236868733.60,217028
,STARCEMENT,EQ,       204.93,                 18910456.11,92263
,STARHEALTH,EQ,       603.25,                592068360.30,992624
,STARPAPER,EQ,       139.29,                   286753.85,2057
,STARTECK,EQ,       276.10,                  1666068.55,5897
,STCINDIA,EQ,       121.57,                 11071685.18,90195
,STEELCAS,EQ,       305.75,                 16066218.50,52340
,STEELCITY,EQ,        78.17,                   113900.11,1468
,STEELXIND,EQ,        12.15,                 21830151.93,1790419
,STEL,EQ,       563.90,                  1313054.10,2346
,STERTOOLS,BE,       235.84,                  2401342.70,10132
,STLNETWORK,BE,        25.39,                  6229483.28,245574
,STLTECH,BE,       554.35,               2102388843.95,3995876
,STOVEKRAFT,EQ,       797.40,                314503782.35,386880
,STRIDERS,SM,        53.80,                  8740320.00,161600
,STUDDS,EQ,       460.15,                 19621969.15,42360
,STUDIOLSD,ST,         9.05,                    91000.00,10000
,STYL,EQ,       360.70,                 52256991.30,146748
,STYLAMIND,EQ,      3154.10,                 51481168.80,16349
,STYLEBAAZA,BE,       305.55,                 25424220.50,82801
,STYRENIX,EQ,      2276.50,                 35942893.50,15919
,SUBAHOTELS,SM,       117.60,                  1703280.00,14400
,SUBEXLTD,BE,        12.60,                 29370836.96,2339380
,SUBROS,EQ,       813.60,                 33101830.50,40794
,SUDARCOLOR,EQ,       353.75,                  1404034.40,3956
,SUDARSCHEM,EQ,       941.95,                276995287.05,293440
,SUDEEPPHRM,EQ,       802.30,                116452911.20,144006
,SUKHJITS,EQ,       171.16,                  1389012.00,8070
,SULA,EQ,       149.65,                 17883774.45,119528
,SUMEET-RE,BE,         2.33,                 16715008.73,6982034
,SUMEETINDS,EQ,        31.68,                270684684.74,8529794
,SUMICHEM,EQ,       481.15,                259769540.25,545453
,SUMIT,BE,        45.87,                  1249807.12,27281
,SUMMITSEC,EQ,      1522.70,                  2565631.10,1687
,SUNCLAY,EQ,      1319.70,                  3861786.70,2907
,SUNDARAM,EQ,         1.25,                   411531.69,326550
,SUNDARMFIN,EQ,      4621.20,                319890470.60,69282
,SUNDRMBRAK,BE,       785.05,                   903264.50,1144
,SUNDRMFAST,EQ,       936.35,                159068101.25,169799
,SUNDROP,EQ,       642.05,                  7007936.40,10936
,SUNFLAG,EQ,       334.65,                 40023008.45,119025
,SUNLITE,ST,       452.85,                  5917155.00,13200
,SUNTECH,ST,        31.00,                  1645520.00,52800
,SUNTECK,EQ,       319.25,                514516089.85,1601631
,SUNTV,EQ,       499.25,                 62405228.85,124994
,SUPERHOUSE,EQ,       157.51,                  1094271.88,7037
,SUPERSPIN,BE,         5.10,                    29962.50,5875
,SUPRAJIT,EQ,       495.65,                141291683.35,281165
,SUPREME,EQ,        46.35,                  2450035.04,51717
,SUPREMEENG,BZ,         1.59,                    93043.62,58518
,SUPREMEIND,EQ,      3228.40,                275258839.30,85405
,SUPREMEINF,EQ,        83.85,                 11641045.47,140229
,SUPREMEPWR,ST,       222.55,                  7872275.00,35500
,SUPRIYA,EQ,       874.90,                300270091.90,341756
,SURAJEST,EQ,       202.27,                  9888839.93,48907
,SURAJLTD,EQ,       229.96,                    48438.81,210
,SURAKSHA,EQ,       263.40,                  4754013.30,17942
,SURANASOL,EQ,        25.37,                   953743.24,37152
,SURANAT&P,EQ,        18.70,                  1246577.76,66409
,SURANI,SM,       106.00,                   768940.00,7400
,SURYALA,EQ,       452.50,                  2026590.80,4436
,SURYALAXMI,EQ,        58.10,                    74472.16,1281
,SURYAROSNI,EQ,       255.40,                120433637.20,470760
,SURYODAY,EQ,       177.13,                 33168991.49,186688
,SUTLEJTEX,BE,        37.91,                  1278318.81,33756
,SUVEN,EQ,       346.75,               1012132447.90,2981090
,SUVIDHAA,EQ,         2.56,                    86706.55,33594
,SUYOG,EQ,       877.70,                 35177806.15,39731
,SUZLON,EQ,        53.70,               2292314152.46,42640345
,SVLL,BE,       700.75,                 74324736.20,111338
,SVPGLOB,BE,         3.90,                    87065.38,22478
,SWANCORP,EQ,       317.55,                182178063.55,569802
,SWANDEF,BE,      2161.50,                 36292046.00,16754
,SWARAJ,SM,       323.00,                 22019600.00,68500
,SWARAJENG,EQ,      3732.30,                 37921450.70,10131
,SWASTIK,ST,        14.15,                    16980.00,1200
,SWELECTES,EQ,       636.00,                 11794906.25,18745
,SWIGGY,EQ,       280.95,              15547953991.93,55995424
,SWSOLAR,EQ,       230.03,                482385559.83,2058448
,SYMPHONY,EQ,       696.40,                126370209.15,179231
,SYNCOMF,EQ,        13.99,                 22501090.71,1617220
,SYNGENE,EQ,       415.40,                565615147.35,1345366
,SYRMA,EQ,      1441.00,               4946548604.40,3482051
,SYSTANGO,SM,       219.90,                  2459040.00,11200
,SYSTMTXC,BE,        63.99,                   218320.43,3471
,TAALTECH,EQ,      3838.10,                  5118531.00,1317
,TAC,SM,       421.45,                 17050750.00,41400
,TAINWALCHM,EQ,       196.30,                     7851.00,40
,TAJGVK,EQ,       361.95,                115458114.25,319606
,TAKE,BE,        23.61,                  3688070.88,156208
,TALBROAUTO,EQ,       408.80,                 41378561.40,100838
,TAMBOLIIN,BE,       218.08,                  1491421.95,6856
,TANKUP,ST,      1038.50,                  1539500.00,1500
,TANLA,EQ,       521.70,                192150576.15,363856
,TAPIFRUIT,SM,        50.00,                   179437.50,3750
,TARACHAND,EQ,        55.42,                  4137920.55,74512
,TARAPUR,EQ,        17.95,                   115380.87,6428
,TARC,EQ,       124.43,                588803903.92,4671568
,TARIL,EQ,       334.80,                732587326.45,2202359
,TARMAT,EQ,        48.17,                   973435.17,20199
,TARSONS,EQ,       288.70,                 41816667.85,143322
,TASTYBITE,EQ,      8830.50,                 28172075.50,3224
,TATACHEM,EQ,       713.70,                292694242.65,411637
,TATACOMM,EQ,      1870.40,                403477958.70,214737
,TATAELXSI,EQ,      3621.40,                583671734.90,161131
,TATAGOLD,EQ,        13.91,                536302848.42,38722912
,TATAINVEST,EQ,       684.85,                504674921.65,735856
,TATATECH,EQ,       711.60,                312301874.90,439288
,TATSILV,EQ,        21.64,               1093438215.02,50888988
,TATVA,EQ,      1239.20,                 45956064.70,37482
,TAURIAN,SM,       350.70,                 31536440.00,89600
,TBI,SM,        62.70,                   635430.00,10200
,TBOTEK,EQ,      1496.90,                528083884.90,351468
,TBZ,EQ,       231.55,               3366772849.67,14601407
,TCC,EQ,       329.50,                  2480564.30,7489
,TCHF30,NB,      1089.75,                     4359.00,4
,TCI,EQ,       926.95,                 24865929.75,26720
,TCIEXP,EQ,       553.55,               1621740304.80,2889155
,TCIFINANCE,BE,        16.05,                   986176.85,61347
,TCL,SM,       120.40,                  1672560.00,13600
,TCPLPACK,EQ,      2965.30,                  4119869.30,1397
,TDPOWERSYS,EQ,      1090.00,                987452393.10,906063
,TEAMGTY,EQ,       228.66,                  7016999.43,28227
,TEAMLEASE,EQ,      1381.00,                 46242343.50,33491
,TEAMTECH,SM,       121.80,                  7594300.00,62000
,TECH,EQ,        30.02,                  1340504.15,44631
,TECHD,ST,       540.50,                 10718880.00,19800
,TECHERA,SM,       151.30,                  2071480.00,13600
,TECHLABS,ST,       139.20,                   435000.00,3125
,TECHNOE,EQ,      1045.20,                116781518.40,111111
,TECHNVISN,EQ,      3555.50,                  2863716.80,808
,TECILCHEM,EQ,        10.00,                    93517.90,9340
,TEGA,EQ,      1660.70,                 54115891.80,32618
,TEJA,ST,       475.65,                 10732470.00,23400
,TEJASNET,EQ,       542.35,                964950414.95,1785285
,TEMBO,EQ,       565.05,                 32812726.00,57812
,TENNIND,EQ,       584.30,                207804150.25,355700
,TERASOFT,EQ,       379.80,                  5199451.50,13599
,TEXINFRA,EQ,       114.15,                 13721152.29,120288
,TEXMOPIPES,EQ,        43.20,                   846791.82,19625
,TEXRAIL,EQ,       113.71,                216623754.48,1907523
,TFCILTD,EQ,        75.14,                319587792.40,4224692
,TFL,EQ,        11.56,                    92174.79,7960
,TGBHOTELS,EQ,         8.80,                    35580.93,4045
,TGL,SM,        19.60,                   668730.00,34800
,THACKER,BE,      1098.00,                    44996.00,41
,THAKDEV,EQ,       132.10,                    10958.50,83
,THANGAMAYL,EQ,      6598.50,               3525771913.00,514995
,THEINVEST,EQ,        99.75,                   670631.44,6831
,THEJO,EQ,      1868.10,                  8908299.80,4727
,THELEELA,EQ,       500.60,                198861301.05,398405
,THEMISMED,EQ,       116.05,                  5401702.35,46490
,THERMAX,EQ,      4785.00,                982409390.00,207686
,THESL,ST,        15.00,                   132000.00,9000
,THOMASCOOK,EQ,       102.30,                 68298430.53,667148
,THOMASCOTT,EQ,       324.90,                  5928988.90,18349
,THYROCARE,EQ,       535.55,                 99356345.20,185920
,TI,EQ,       447.00,                131609987.25,292957
,TICL,EQ,        11.17,                  1786809.05,159965
,TIGERLOGS,BE,        33.26,                  1344176.43,40119
,TIIL,EQ,      2499.70,                  8330101.80,3327
,TIINDIA,EQ,      2916.20,                201407670.30,68996
,TIJARIA,EQ,         4.34,                   125689.02,28372
,TIL,EQ,       218.85,                 52046780.64,238322
,TIMETECHNO,EQ,       176.57,                552679217.83,3122667
,TIMEX,EQ,       547.25,                183484728.00,339138
,TIMKEN,EQ,      3217.70,                134563371.20,41522
,TINNARUBR,EQ,       958.50,                143882710.65,149328
,TIPSFILMS,EQ,       329.85,                  1211701.80,3736
,TIPSMUSIC,EQ,       711.15,                691950819.00,979136
,TIRUMALCHM,EQ,       166.01,                 75457766.55,450192
,TIRUPATIFL,EQ,        67.09,                 45759598.08,673837
,TITAGARH,EQ,       827.80,                306625731.20,369334
,TMB,EQ,       769.20,                 90384834.15,118102
,TNIDETF,EQ,        83.00,                 12377505.00,149090
,TNPETRO,EQ,        95.72,                  8671870.90,90283
,TNPL,EQ,       143.20,                  9835798.15,68605
,TNTELE,EQ,         8.99,                    49265.18,5475
,TOKYOPLAST,BE,        87.70,                    23273.41,279
,TOLINS,EQ,       103.11,                  7302476.91,70585
,TOP100CASE,EQ,        10.47,                  5426141.38,516975
,TOP10ADD,EQ,        86.38,                 14605831.51,169303
,TOP15IETF,EQ,         9.73,                   759668.39,77903
,TOP20,EQ,         8.67,                   300393.36,34512
,TORNTPOWER,EQ,      1414.90,                309169588.50,218756
,TOTAL,EQ,        56.11,                  3315205.52,59304
,TOUCHWOOD,EQ,        67.61,                    77463.78,1148
,TPHQ,EQ,         0.45,                   472248.46,1039044
,TPLPLASTEH,EQ,        82.53,                  9097961.89,110589
,TRACXN,EQ,        29.80,                  3192886.21,107166
,TRANSPEK,EQ,       992.15,                  1791833.85,1800
,TRANSRAILL,EQ,       505.55,                204950757.90,406356
,TRANSTEEL,SM,       125.00,                  1365500.00,11000
,TRANSWORLD,BE,       155.93,                  1865629.79,11981
,TRAVELFOOD,EQ,      1315.00,                 19610632.60,14900
,TREEHOUSE,EQ,         6.61,                    80804.15,12263
,TREJHARA,EQ,       134.70,                  1024257.95,7575
,TREL,EQ,        25.40,                  1314600.88,52105
,TRF,EQ,       233.19,                  5983485.44,25776
,TRIDENT,EQ,        25.36,                 95492678.47,3742270
,TRIGYN,EQ,        50.99,                   808902.06,15832
,TRITURBINE,EQ,       612.00,                496930211.75,807731
,TRIVENI,EQ,       455.05,                 88858981.55,194017
,TROM,ST,        68.80,                   451830.00,6600
,TRU,EQ,         5.50,                   214307.25,38855
,TRUALT,EQ,       446.65,                 65648009.10,146867
,TRUST,SM,        28.65,                   107250.00,3600
,TSC,SM,        27.30,                   629900.00,22000
,TSFINV,EQ,       473.90,                 60506036.30,127293
,TTKHLTCARE,EQ,       919.05,                  3808012.05,4156
,TTKPRESTIG,EQ,       626.70,                 39217777.75,62256
,TTL,EQ,         6.74,                   299927.17,44819
,TTML,EQ,        40.49,                 57455187.59,1413087
,TUNWAL,SM,        26.00,                  4350700.00,166000
,TURTLEMINT,EQ,       129.89,                107337800.61,819017
,TVSELECT,EQ,       517.50,                414640624.05,792703
,TVSHLTD,EQ,     13954.00,                 30757558.00,2195
,TVSMNCRPS,P1,        10.40,                 10663249.20,1025387
,TVSSCS,EQ,       141.37,                165962963.86,1179949
,TVSSRICHAK,EQ,      4143.70,                  7998313.70,1934
,TVTODAY,EQ,       122.92,                  2369627.71,19224
,TVVISION,EQ,         5.07,                    52527.35,10101
,TWCGOLDETF,EQ,       142.93,                   329110.38,2305
,UBL,EQ,      1328.20,                 75093961.30,56425
,UCAL,EQ,       114.19,                  1277875.46,11117
,UCOBANK,EQ,        26.05,                 89120535.56,3410956
,UDS,EQ,       197.05,                179739221.81,912658
,UEL,EQ,       126.49,                  1705092.13,13368
,UFBL,EQ,       727.00,                 38903995.95,53811
,UFLEX,EQ,       434.20,                  8697320.25,20065
,UFO,EQ,        69.87,                  2131806.74,30502
,UGARSUGAR,EQ,        39.80,                  1872223.95,46796
,UGROCAP,EQ,        94.69,                 11102839.04,116922
,UHTL,ST,       109.30,                   218600.00,2000
,UJJIVANSFB,EQ,        62.58,               1652275567.67,26482085
,ULTRAMAR,EQ,       388.80,                  5542351.65,14318
,UMA,SM,        18.00,                    72000.00,4000
,UMAEXPORTS,BE,        21.01,                   259804.92,12338
,UMESLTD,EQ,         5.84,                   164571.80,28352
,UMIYA-MRO,EQ,        90.38,                  2693555.24,29513
,UNICHEMLAB,EQ,       650.60,               6231761405.15,9638575
,UNIDT,BE,       228.84,                  1344439.06,5894
,UNIECOM,EQ,        87.60,                 30747925.68,349285
,UNIENTER,EQ,       107.79,                  1236341.28,11485
,UNIHEALTH,ST,       716.50,                  9813400.00,13500
,UNIINFO,BE,        12.20,                    20702.45,1703
,UNILEX,SM,        26.50,                    42400.00,1600
,UNIMECH,EQ,      1212.40,                229159069.00,190471
,UNIONGOLD,EQ,       140.00,                   259987.65,1866
,UNIPARTS,EQ,       680.45,                153270120.75,226198
,UNITECH,EQ,         4.60,                 10204794.73,2211955
,UNITEDPOLY,BE,        30.89,                   335678.23,10935
,UNITEDTEA,EQ,       478.05,                   381780.55,804
,UNIVASTU,BE,        94.92,                  5762090.32,61231
,UNIVCABLES,EQ,      1104.00,                 76516186.80,68895
,UNIVPHOTO,BE,       356.45,                    31634.35,87
,UNOMINDA,EQ,      1154.50,               1209325934.40,1045399
,UPL,EQ,       581.85,               2648914701.30,4537195
,URAVIDEF,BE,       117.89,                  6822611.20,57795
,URBAN,SM,       125.75,                  1718160.00,13600
,URBANCO,EQ,       136.97,                259243144.02,1894247
,URJA,EQ,         9.46,                  5397657.88,569681
,USHAFIN,SM,        34.00,                   598400.00,17600
,USHAMART,EQ,       502.20,                124721681.30,248655
,USK,EQ,        22.59,                   160835.88,7153
,UTIAMC,EQ,       984.10,                242726037.70,246713
,UTKAL,SM,        24.95,                   499000.00,20000
,UTKARSHBNK,EQ,        14.11,                 33078750.82,2337375
,UTLSOLAR,EQ,       364.50,                 38871108.25,107192
,UTSSAV,ST,       454.55,                 19583820.00,44400
,UTTAMSUGAR,EQ,       233.09,                 19919555.38,84581
,UWCSL,SM,       101.90,                   101900.00,1000
,UYFINCORP,EQ,        15.67,                  1643833.28,104817
,V2RETAIL,EQ,       221.13,                242596244.57,1081796
,VADILALIND,EQ,      6355.50,                 38806276.00,6089
,VAIBHAVGBL,EQ,       255.78,                367767058.00,1451024
,VAISHALI,BE,         7.20,                   484371.18,65663
,VAKRANGEE,EQ,         6.06,                  8608877.50,1427743
,VAL30IETF,EQ,        15.18,                  1717571.49,113219
,VALIANTLAB,BE,        62.16,                   865672.91,13893
,VALIANTORG,BE,       276.15,                  2735163.95,9955
,VALUE,EQ,        16.00,                   303692.45,18949
,VALUE360,SM,        83.95,                  1714980.00,20400
,VALUEAXIS,EQ,        32.48,                  2154468.92,66220
,VAML,EQ,       443.80,               4754789363.25,10617451
,VARDHACRLC,BE,        43.44,                   565811.96,12968
,VARDMNPOLY,EQ,         6.74,                   689218.06,102729
,VARROC,EQ,       659.40,                138896330.50,210954
,VASCONEQ,BE,        32.03,                  4011213.77,124366
,VASWANI,EQ,        54.10,                  1253193.66,23163
,VCL,EQ,         1.27,                   134926.51,106106
,VDEAL,SM,       162.00,                   397800.00,2400
,VEDPOWER,EQ,        41.18,               1501039343.19,36325807
,VEEDOL,EQ,      1436.40,                 15872908.40,11062
,VEEKAYEM,ST,       127.10,                   127100.00,1000
,VELJAN,BE,      1630.50,                  1088740.20,665
,VENKEYS,EQ,      1405.10,                 24576612.80,17371
,VENTIVE,EQ,       620.55,                 31660677.70,50720
,VENUSPIPES,EQ,      1803.30,                249899600.90,139285
,VENUSREM,BE,      1702.50,                 65729543.00,39018
,VERANDA,EQ,       246.58,                 39115613.73,157827
,VERTOZ,BE,        38.25,                  1169216.58,30146
,VESUVIUS,EQ,       463.75,                 34986306.65,74802
,VETO,BE,       121.26,                  1888639.12,15588
,VGINFOTECH,SM,       140.50,                  3209000.00,23000
,VGL,EQ,        62.01,                  1954270.48,31167
,VGUARD,EQ,       306.30,                 37699558.35,122961
,VHL,EQ,      3525.90,                  5875303.00,1672
,VHLTD,BE,       128.39,                  2394755.79,18655
,VICTORYEV,ST,        16.80,                   297750.00,18000
,VIDHIING,EQ,       292.80,                  5673746.10,18917
,VIDYAWIRES,EQ,        96.92,                 72885321.28,757892
,VIESL,SM,       311.15,                  8876360.00,28800
,VIGOR,ST,       101.50,                  1770640.00,17600
,VIJAYA,EQ,      1377.80,                340931132.30,249185
,VIJIFIN,BE,         7.50,                   399795.00,53306
,VIKASECO,EQ,         1.19,                  1459603.14,1219316
,VIKASLIFE,EQ,         1.40,                  3139441.40,2215773
,VIKRAMSOLR,EQ,       193.26,               1131387741.40,5920948
,VIKRAN,EQ,        73.47,                152217781.75,2054684
,VILAS,SM,       385.00,                  4512062.50,11750
,VILINBIO,ST,        46.00,                   368000.00,8000
,VIMTALABS,EQ,       558.90,                139741757.90,247411
,VINATIORGA,EQ,      1313.70,                182940824.20,139493
,VINCOFE,EQ,       163.15,                567745582.96,3537498
,VINDHYATEL,EQ,      1960.60,                 47852796.90,24477
,VINEETLAB,BE,        32.66,                   510877.72,15585
,VINNY,EQ,         1.07,                   238788.20,224828
,VINSYS,ST,       498.00,                 11362475.00,22750
,VINYAS,SM,      1410.55,                  5392230.00,3800
,VINYLINDIA,EQ,       257.00,                  2409831.50,9386
,VIPCLOTHNG,BE,        23.93,                   301640.77,12566
,VIPIND,EQ,       303.15,                 57814611.75,190538
,VIPULLTD,BE,        16.24,                 22108103.80,1374835
,VIRINCHI,EQ,        15.50,                  1181026.13,76791
,VISACHROME,BE,        39.82,                   528435.03,13291
,VISAKAIND,EQ,        77.65,                 22160075.57,282399
,VISHNU,EQ,       601.10,                 31179663.80,52024
,VISHWARAJ,EQ,         5.43,                  1515587.24,278042
,VISL,EQ,        33.03,               8107874657.08,241447708
,VITAL,BE,        56.00,                   206785.34,3665
,VIVIANA,BE,       777.10,                 20600082.30,26560
,VIVIDEL,ST,      1172.90,                 20511444.00,17280
,VIVIDHA,EQ,         0.52,                   210546.89,395320
,VIVIMEDLAB,BE,         5.41,                   285768.05,53022
,VIYASH,EQ,       281.05,                398848380.25,1421093
,VLEGOV,BE,        10.61,                  1591943.24,151950
,VLINFRA,ST,        26.40,                    39600.00,1500
,VLSFINANCE,EQ,       253.35,                  3184097.15,12590
,VMARCIND,SM,       263.30,                 73048125.00,276000
,VMART,EQ,       779.60,                 73270187.40,93665
,VMM,EQ,       116.69,                277239079.87,2370680
,VMOBILE,ST,       132.95,                   212720.00,1600
,VMSTMT,BE,        46.76,                   606583.28,13002
,VOEPL,EQ,       437.50,                 23906483.45,53712
,VOGL,EQ,        37.93,               4385454434.80,115141797
,VOLERCAR,SM,       226.00,                   359200.00,1600
,VOLTAMP,EQ,      9567.00,                 97208461.00,10179
,VOLTAS,EQ,      1269.40,               1364798347.00,1077385
,VPRPL,BE,        26.90,                  3949883.52,146612
,VR,SM,       100.90,                    40360.00,400
,VRAJ,EQ,       113.14,                   883327.05,7809
,VRLLOG,EQ,       229.95,                 19418500.72,84200
,VSCL,ST,        29.00,                   345300.00,12000
,VSSL,EQ,       269.80,                  9535603.20,35070
,VSTIND,EQ,       264.90,                263308952.50,988260
,VSTL,EQ,       113.26,                   623993.86,5547
,VSTTILLERS,EQ,      4567.20,                 21270019.40,4697
,VTL,EQ,       633.40,                 95664419.45,150924
,WAAREEENER,EQ,      2863.40,               1351622438.50,471314
,WAAREEINDO,EQ,       385.85,                 26888938.95,68694
,WAAREERTL,EQ,       989.60,                158715345.50,159926
,WABAG,EQ,      2117.70,               2495264577.50,1169366
,WAKEFIT,EQ,       125.18,                 64517600.02,516655
,WALCHANNAG,EQ,       248.15,                784584924.30,3188067
,WALPAR,SM,        34.90,                   138800.00,4000
,WANBURY,EQ,       283.90,                 52268525.75,185438
,WCIL,EQ,        94.73,                  9796789.08,103212
,WEALTH,EQ,       961.75,                  1130164.80,1165
,WEBELSOLAR,EQ,       100.44,                222319914.44,2212740
,WEIZMANIND,EQ,        79.32,                   136243.20,1737
,WEL,EQ,       102.20,                  6185393.64,60545
,WELCORP,EQ,      1601.90,               4614207962.30,2887131
,WELENT,EQ,       614.00,                127883978.80,208726
,WELINV,BE,      1800.00,                   489220.40,272
,WELSPLSOL,EQ,        52.31,                 34105322.02,657460
,WELSPUNLIV,EQ,       166.53,                222827832.04,1329201
,WENDT,EQ,      7706.50,                 25141016.00,3249
,WESTLIFE,EQ,       497.50,                 13897150.30,27769
,WEWIN,BE,        47.49,                    68342.02,1451
,WEWORK,EQ,       719.15,                714334603.90,989274
,WHEELS,EQ,      1445.30,                161870032.50,111504
,WHIRLPOOL,EQ,       792.10,                 62977113.35,79735
,WHITEFORCE,ST,        40.35,                   377680.00,9600
,WILLAMAGOR,EQ,        26.45,                    87149.75,3356
,WINDLAS,EQ,       825.90,                 39656704.20,47726
,WINDMACHIN,EQ,       316.40,                 24418620.75,77744
,WINNY,SM,        39.20,                    19600.00,500
,WINSOL,SM,       122.00,                   294380.00,2400
,WINSOME,BZ,         2.13,                      483.51,227
,WIPL,EQ,       172.00,                   926886.71,5417
,WOCKPHARMA,EQ,      1831.30,                992516081.10,538924
,WOL3D,ST,       123.50,                  1853800.00,15000
,WOMANCART,SM,       106.65,                  2683200.00,25600
,WONDERLA,EQ,       469.10,                 28874604.50,61566
,WORTHPERI,EQ,       135.05,                  2032517.23,15105
,WPIL,EQ,       476.55,                 10824896.10,22650
,WSI,EQ,        63.68,                  4668266.68,75403
,WSTCSTPAPR,EQ,       547.45,                100846337.00,185292
,WTICAB,SM,       119.40,                  3437650.00,28000
,XCHANGING,EQ,        62.48,                  2975162.35,47593
,XELPMOC,EQ,        83.62,                   764540.13,9057
,XPROINDIA,EQ,      1435.20,                 37906176.70,26201
,XTGLOBAL,EQ,        28.32,                  2188733.82,76493
,YAAP,ST,       159.60,                   957600.00,6000
,YASHO,EQ,      3005.00,                 69679912.50,23323
,YASHOPTICS,SM,       118.25,                   756040.00,6400
,YATHARTH,EQ,       820.90,                163494749.05,199074
,YATRA,EQ,       112.67,                220775372.35,1958363
,YCCL,SM,        10.85,                   319050.00,30000
,YESBANK,EQ,        23.64,               1234613490.44,52193951
,YUDIZ,SM,        24.35,                    19480.00,800
,YUKEN,EQ,       751.55,                  3749597.40,4983
,ZAGGLE,EQ,       205.06,                 96956139.70,472811
,ZEAL,SM,        67.00,                    40200.00,600
,ZEEL,EQ,        99.79,               1631769250.87,16333504
,ZEELEARN,BE,         9.00,                  3001161.12,334716
,ZEEMEDIA,EQ,         8.41,                 11111007.72,1307723
,ZENITHDRUG,SM,        49.70,                   316320.00,6400
,ZENITHEXPO,EQ,       197.00,                    18538.60,93
,ZENITHSTL,EQ,         5.55,                   261565.79,47308
,ZENSARTECH,EQ,       447.40,                643994865.75,1439063
,ZENTEC,EQ,      1813.00,                927051317.60,510602
,ZFCVINDIA,EQ,      2311.60,                269402275.00,116124
,ZFSTEERING,EQ,       663.45,                   739129.80,1114
,ZIMLAB,BE,       115.93,                  1048354.99,9043
,ZODIAC,BE,       266.40,                  1044509.60,3905
,ZODIACLOTH,EQ,        77.23,                   283569.52,3653
,ZOTA,EQ,      1417.80,                 86160927.00,60330
,ZSARACOM,EQ,     12577.50,                  9341673.50,709
,ZTECH,SM,       594.00,                  6619635.00,11100
,ZUARI,EQ,       231.18,                 27317088.56,117142
,ZUARIIND,EQ,       265.70,                  6472130.10,24490
,ZYDUSWELL,EQ,       571.50,                226098713.90,398231
