,14-Jul-2026
The Nifty witnessed an intraday movement of about 133.4 points.The closing index was 0.66 % down as compared to the previous closing index.

, Traded Value (Rs. In Crores), 120723.96
, Traded Quantity (in Lakhs), 43193.73
, Number of Trades, 36575761
, Total Market Capitalisation (Rs. Crores), 47866401.61

,INDEX,PREVIOUS CLOSE,OPEN,HIGH,LOW,CLOSE,GAIN/LOSS
,Nifty 50,     24211.00,     24068.00,     24157.10,     24023.70,     24052.05,-158.95
,NIFTY50 EQL Wgt,     32825.75,     32640.90,     32771.90,     32545.80,     32586.90,-238.85
,NIFTY100 EQL Wgt,     34548.55,     34360.30,     34436.75,     34263.95,     34331.15,-217.40
,NIFTY100 LowVol30,     20100.75,     19968.40,     20089.90,     19948.95,     19972.40,-128.35
,NIFTY Alpha 50,     54090.85,     53910.15,     54057.25,     53653.65,     53960.35,-130.50
,NIFTY MIDCAP 150,     23167.40,     23100.85,     23139.20,     22995.65,     23053.60,-113.80
,NIFTY SMLCAP 50,      9638.20,      9610.00,      9612.35,      9519.30,      9533.70,-104.50
,NIFTY SMLCAP 250,     18171.85,     18124.40,     18126.25,     17955.15,     17974.90,-196.95
,NIFTY MIDSML 400,     21353.10,     21293.70,     21304.50,     21165.35,     21204.65,-148.45
,NIFTY200 QUALTY30,     20133.95,     20037.65,     20135.15,     19937.85,     19958.60,-175.35
,Nifty FinSrv25 50,     29263.65,     29073.40,     29097.20,     28868.50,     28947.60,-316.05
,NIFTY AlphaLowVol,     26805.75,     26630.60,     26806.10,     26630.60,     26695.60,-110.15
,Nifty200Momentm30,     30570.25,     30477.55,     30804.70,     30456.70,     30677.65,107.40
,Nifty100ESGSecLdr,      4072.80,      4048.05,      4068.35,      4045.25,      4053.45,-19.35
,NIFTY100 ESG,      4971.15,      4942.05,      4956.55,      4929.70,      4940.85,-30.30
,NIFTY M150 QLTY50,     24154.15,     24094.40,     24124.70,     23971.00,     24059.85,-94.30
,NIFTY INDIA MFG,     15900.15,     15821.95,     15878.50,     15791.45,     15850.45,-49.70
,Nifty200 Alpha 30,     26308.05,     26223.05,     26445.00,     26149.95,     26366.55,58.50
,NiftyM150Momntm50,     62882.50,     62716.45,     62927.45,     62556.95,     62773.15,-109.35
,Nifty50 USD,      8773.35,      8773.30,      8901.65,      8530.85,      8662.25,-111.10
,Nifty IT,     29015.85,     29020.40,     29285.05,     28674.50,     28724.75,-291.10
,Nifty Next 50,     72111.40,     71757.25,     71938.55,     71449.15,     71851.60,-259.80
,Nifty Bank,     58131.45,     57832.55,     57840.05,     57286.90,     57462.30,-669.15
,NIFTY MIDCAP 100,     63040.95,     62854.20,     62993.80,     62602.30,     62766.40,-274.55
,Nifty 500,     23347.05,     23235.25,     23287.45,     23167.85,     23199.45,-147.60
,Nifty 100,     25240.80,     25096.30,     25173.45,     25052.60,     25088.65,-152.15
,Nifty Midcap 50,     18089.55,     18019.60,     18066.90,     17944.95,     17988.15,-101.40
,Nifty Realty,       937.15,       931.05,       935.25,       917.10,       918.65,-18.50
,Nifty Infra,      9381.15,      9319.05,      9378.35,      9310.65,      9350.75,-30.40
,Nifty Energy,     39220.35,     39119.55,     39337.05,     39035.60,     39203.15,-17.20
,Nifty FMCG,     48809.90,     48593.15,     49074.35,     48466.45,     48524.95,-284.95
,Nifty MNC,     32448.30,     32269.45,     32400.95,     32218.55,     32282.15,-166.15
,Nifty Pharma,     25643.35,     25640.50,     26000.05,     25637.60,     25907.10,263.75
,Nifty PSE,      9958.35,      9912.85,      9952.25,      9884.45,      9922.60,-35.75
,Nifty PSU Bank,      8460.60,      8423.65,      8447.10,      8280.55,      8307.90,-152.70
,Nifty Serv Sector,     31271.20,     31088.10,     31211.30,     30993.75,     31053.70,-217.50
,Nifty Auto,     26981.50,     26753.75,     26817.00,     26504.60,     26547.50,-434.00
,Nifty Metal,     12601.45,     12566.35,     12768.25,     12565.80,     12677.70,76.25
,Nifty Media,      1515.30,      1514.10,      1522.35,      1503.35,      1510.60,-4.70
,NIFTY SMLCAP 100,     19422.95,     19367.95,     19371.40,     19205.90,     19227.35,-195.60
,Nifty 200,     14003.10,     13930.70,     13970.90,     13900.65,     13923.40,-79.70
,Nifty Div Opps 50,      5838.05,      5814.85,      5833.65,      5769.40,      5776.25,-61.80
,Nifty Commodities,      9842.10,      9806.65,      9915.80,      9804.70,      9861.70,19.60
,Nifty Consumption,     11667.20,     11583.25,     11654.10,     11579.20,     11611.40,-55.80
,Nifty Fin Service,     26836.15,     26669.85,     26695.85,     26466.95,     26536.70,-299.45
,Nifty50 Div Point,       134.61,       134.61,       134.61,       134.61,       134.61,0.00
,Nifty100 Liq 15,      7448.05,      7398.70,      7417.35,      7369.80,      7389.30,-58.75
,Nifty CPSE,      6685.75,      6663.75,      6704.50,      6651.25,      6670.35,-15.40
,Nifty GrowSect 15,     11028.05,     10994.20,     11065.80,     10972.00,     10987.95,-40.10
,Nifty50 PR 2x Lev,     12108.55,     11963.75,     12052.15,     11919.60,     11947.80,-160.75
,Nifty50 PR 1x Inv,       218.55,       219.85,       220.25,       219.05,       220.00,1.45
,Nifty50 TR 2x Lev,     18367.15,     18147.55,     18281.60,     18080.60,     18123.30,-243.85
,Nifty50 TR 1x Inv,       177.75,       178.85,       179.15,       178.20,       178.95,1.20
,Nifty50 Value 20,     12075.85,     12029.85,     12066.10,     11958.25,     11977.65,-98.20
,Nifty Mid Liq 15,     16900.10,     16830.30,     16915.95,     16752.05,     16785.10,-115.00
,Nifty Pvt Bank,     28154.10,     28020.40,     28023.45,     27795.10,     27915.95,-238.15
,NIFTY100 Qualty30,      5512.65,      5485.25,      5520.05,      5468.00,      5475.45,-37.20
,Nifty GS 8 13Yr,      3053.61,      3054.17,      3054.17,      3038.53,      3041.05,-12.56
,Nifty GS 10Yr,      2677.66,      2678.16,      2678.16,      2663.34,      2666.47,-11.19
,Nifty GS 10Yr Cln,       881.24,       881.24,       881.24,       876.30,       877.34,-3.90
,Nifty GS 4 8Yr,      3331.25,      3331.84,      3331.84,      3319.35,      3319.83,-11.42
,Nifty GS 11 15Yr,      3378.19,      3378.84,      3378.84,      3363.73,      3364.99,-13.20
,Nifty GS 15YrPlus,      3587.59,      3588.31,      3588.31,      3562.40,      3565.82,-21.77
,Nifty GS Compsite,      3146.44,      3147.02,      3147.03,      3130.33,      3132.96,-13.48
,NIFTY HEALTHCARE,     16295.90,     16278.75,     16501.35,     16278.75,     16441.45,145.55
,NIFTY CONSR DURBL,     38649.65,     38537.75,     38710.85,     38294.85,     38656.95,7.30
,NIFTY OIL AND GAS,     11176.55,     11135.90,     11158.05,     11078.45,     11102.40,-74.15
,NIFTY500 MULTICAP,     16560.90,     16490.95,     16515.85,     16424.30,     16445.60,-115.30
,NIFTY LARGEMID250,     16726.15,     16654.30,     16693.20,     16603.10,     16634.70,-91.45
,NIFTY MID SELECT,     14839.65,     14777.15,     14799.90,     14677.45,     14712.65,-127.00
,NIFTY TOTAL MKT,     13177.05,     13115.05,     13141.20,     13073.95,     13091.65,-85.40
,NIFTY MICROCAP250,     25536.05,     25462.35,     25464.55,     25233.20,     25282.45,-253.60
,NIFTY IND DIGITAL,      8256.15,      8230.35,      8279.85,      8176.35,      8188.40,-67.75
,Nifty Tata 25 Cap,     14127.40,     14089.10,     14171.65,     14061.65,     14098.35,-29.05
,Nifty MidSml Hlth,     51029.60,     51113.40,     51384.50,     51014.15,     51221.15,191.55
,Nifty Multi Mfg,     16344.55,     16275.15,     16337.95,     16253.50,     16301.35,-43.20
,Nifty Multi Infra,     14698.80,     14620.40,     14657.25,     14591.55,     14622.20,-76.60
,BHARATBOND-APR30,      1605.62,      1605.94,      1605.94,      1604.85,      1604.85,-0.77
,BHARATBOND-APR31,      1461.39,      1461.67,      1461.68,      1461.46,      1461.46,0.07
,BHARATBOND-APR32,      1329.35,      1329.61,      1329.61,      1328.94,      1328.94,-0.41
,BHARATBOND-APR33,      1288.44,      1288.70,      1288.70,      1288.05,      1288.05,-0.39
,Nifty Ind Defence,      9414.10,      9370.65,      9375.55,      9239.50,      9325.50,-88.60
,Nifty Ind Tourism,      8147.00,      8078.35,      8082.70,      8000.85,      8018.45,-128.55
,Nifty Capital Mkt,      5537.50,      5524.45,      5548.90,      5485.80,      5498.80,-38.70
,Nifty500Momentm50,     53456.80,     53307.70,     53696.00,     53192.30,     53500.50,43.70
,NiftyMS400 MQ 100,     50763.50,     50632.90,     50705.75,     50424.95,     50548.40,-215.10
,NiftySml250MQ 100,     47630.30,     47526.40,     47526.50,     47075.60,     47157.80,-472.50
,Nifty Top 10 EW,      8622.50,      8591.05,      8630.20,      8564.15,      8582.60,-39.90
,Nifty AQL 30,     22801.70,     22697.70,     22828.45,     22683.00,     22755.35,-46.35
,Nifty AQLV 30,     20122.30,     20055.65,     20184.35,     20046.45,     20066.55,-55.75
,Nifty EV,      3128.70,      3113.60,      3114.85,      3086.05,      3095.40,-33.30
,Nifty HighBeta 50,      4479.90,      4452.55,      4452.55,      4410.30,      4425.15,-54.75
,Nifty New Consump,     11784.80,     11712.50,     11731.55,     11639.90,     11666.90,-117.90
,Nifty Corp MAATR,     38775.30,     38630.95,     38954.45,     38569.85,     38690.35,-84.95
,Nifty Low Vol 50,     24602.60,     24470.10,     24600.25,     24450.00,     24492.25,-110.35
,Nifty Mobility,     22466.75,     22297.85,     22355.25,     22167.40,     22216.50,-250.25
,Nifty Qlty LV 30,     16476.45,     16396.10,     16501.45,     16380.20,     16422.85,-53.60
,Nifty Sml250 Q50,     25500.30,     25453.45,     25454.95,     25133.05,     25204.55,-295.75
,Nifty Top 15 EW,      9776.70,      9726.75,      9751.00,      9683.20,      9695.15,-81.55
,Nifty100 Alpha 30,     18024.10,     17967.10,     18144.65,     17904.00,     18043.60,19.50
,Nifty100 Enh ESG,      5004.95,      4975.65,      4990.15,      4963.05,      4974.25,-30.70
,Nifty200 Value 30,     15074.45,     15006.80,     15047.75,     14928.90,     14960.90,-113.55
,Nifty500 EW,     15013.10,     14967.25,     14969.35,     14859.30,     14877.20,-135.90
,Nifty Multi MQ 50,     41088.85,     40953.25,     41101.90,     40876.70,     41079.65,-9.20
,Nifty500 Value 50,     16107.00,     16042.90,     16088.95,     15964.25,     15997.25,-109.75
,Nifty Top 20 EW,      8747.00,      8693.45,      8726.10,      8661.90,      8671.35,-75.65
,Nifty CoreHousing,     15863.05,     15761.55,     15790.15,     15654.95,     15764.25,-98.80
,Nifty FinSerExBnk,     32345.65,     32105.55,     32193.40,     31815.45,     31911.90,-433.75
,Nifty Housing,     12076.75,     12009.90,     12090.10,     11986.55,     12042.25,-34.50
,Nifty IPO,      2323.40,      2321.80,      2325.40,      2299.25,      2301.95,-21.45
,Nifty MS Fin Serv,     22739.00,     22627.70,     22691.20,     22460.15,     22529.75,-209.25
,Nifty MS Ind Cons,     18961.00,     18918.95,     18983.15,     18816.50,     18875.60,-85.40
,Nifty MS IT Telcm,      9708.15,      9693.55,      9735.70,      9598.30,      9617.85,-90.30
,Nifty NonCyc Cons,     15210.45,     15114.65,     15211.05,     15099.70,     15146.95,-63.50
,Nifty Rural,     15373.20,     15268.40,     15317.25,     15239.00,     15258.45,-114.75
,Nifty Shariah 25,      7861.40,      7828.30,      7874.05,      7804.50,      7815.20,-46.20
,Nifty Trans Logis,     25050.25,     24860.75,     24915.20,     24691.10,     24754.20,-296.05
,Nifty50 Shariah,      4242.15,      4230.05,      4264.20,      4216.90,      4223.95,-18.20
,Nifty500 LMS Eql,     18530.05,     18460.95,     18479.30,     18369.65,     18395.30,-134.75
,Nifty500 Shariah,      6933.30,      6910.50,      6933.85,      6890.85,      6897.05,-36.25
,Nifty500 Qlty50,     19793.80,     19732.55,     19769.90,     19607.05,     19641.05,-152.75
,Nifty500 LowVol50,     22153.90,     22046.35,     22169.05,     22032.05,     22107.35,-46.55
,Nifty500 MQVLv50,     31121.15,     31004.85,     31067.30,     30897.70,     30942.25,-178.90
,Nifty500 Flexicap,      9902.30,      9874.00,      9893.20,      9799.90,      9811.10,-91.20
,Nifty TMMQ 50,     43487.25,     43332.30,     43545.45,     43249.15,     43513.70,26.45
,Nifty FPI 150,      1562.75,      1554.65,      1559.40,      1552.00,      1554.75,-8.00
,Nifty SME Emerge,     14102.35,     14136.45,     14171.25,     14116.15,     14128.75,26.40
,Nifty Internet,      1355.40,      1350.15,      1353.10,      1339.60,      1345.05,-10.35
,Nifty Chemicals,     29700.75,     29616.45,     29661.70,     29438.65,     29624.75,-76.00
,Nifty Waves,      2001.35,      2001.70,      2015.50,      1988.05,      1991.60,-9.75
,Nifty InfraLog,     12287.80,     12221.20,     12258.30,     12173.75,     12230.00,-57.80
,Nifty500 Health,     21155.25,     21142.55,     21349.95,     21131.50,     21292.80,137.55
,Nifty RailwaysPSU,      2856.30,      2848.65,      2872.45,      2844.70,      2859.60,3.30
,NiftyConglomerate,     14868.65,     14779.95,     14831.50,     14734.10,     14773.30,-95.35
,Nifty MidSmall 50 50,     20818.70,     20761.60,     20763.50,     20620.25,     20654.45,-164.25
,Nifty Cement,     15142.10,     15116.00,     15128.70,     14987.70,     15071.05,-71.05
,Nifty Smallcap 500,     20612.50,     20556.75,     20558.35,     20375.70,     20396.85,-215.65
,Nifty REITs Realty,      1971.10,      1968.60,      1970.95,      1953.70,      1955.70,-15.40
,India VIX,13.2800,13.2800,13.8650,11.6575,13.7500,0.4700

,ADVANCES,1110
,DECLINES,2391
,UNCHANGED,106

,Total securities that have hit their price bands today,186

,TOP 25 Securities Today :
,SYMBOL,SERIES,PREV. CLOSE,CLOSE PRICE,%VAR,VALUE(Rs Crs)
,KALYANKJIL,EQ,       510.65,       529.75,3.74,5036.74
,JUSTDIAL,EQ,       676.85,       790.15,16.74,3247.33
,TCS,EQ,      2181.50,      2200.60,0.88,2100.57
,HDFCBANK,EQ,       817.95,       809.40,-1.05,2078.91
,ICICIBANK,EQ,      1409.50,      1407.70,-0.13,1984.75
,BIOCON,EQ,       410.95,       437.30,6.41,1877.14
,RELIANCE,EQ,      1296.90,      1293.00,-0.30,1752.12
,INFY,EQ,      1102.60,      1092.90,-0.88,1629.09
,BHARTIARTL,EQ,      1901.80,      1936.50,1.82,1344.62
,CUPID,EQ,       206.83,       216.77,4.81,1315.77
,ADANIPOWER,EQ,       215.46,       226.17,4.97,1247.42
,ETERNAL,EQ,       285.20,       286.15,0.33,1215.78
,SBIN,EQ,      1037.00,      1015.40,-2.08,1178.46
,HCLTECH,EQ,      1221.20,      1166.70,-4.46,1155.43
,CARTRADE,EQ,      2799.30,      2895.00,3.42,1107.64
,BSE,EQ,      3804.20,      3792.70,-0.30,1064.70
,MCX,EQ,      2782.10,      2891.30,3.93,1055.54
,LT,EQ,      3928.50,      3848.70,-2.03,929.85
,FINOPB,EQ,       161.33,       176.40,9.34,909.68
,BAJAJ-AUTO,EQ,     10381.00,     10166.00,-2.07,821.23
,HINDALCO,EQ,       966.85,       974.30,0.77,792.39
,AXISBANK,EQ,      1319.40,      1317.60,-0.14,788.94
,DIVISLAB,EQ,      6938.50,      7188.50,3.60,774.88
,ADANIGREEN,EQ,      1546.50,      1604.50,3.75,771.11
,INDIGO,EQ,      5229.50,      5108.00,-2.32,767.25

,Top Five Nifty 50 Gainers:
,SYMBOL,SERIES,CLOSE PRICE,PREV.CLOSE,%CHANGE
,BHARTIARTL,EQ,      1936.50,      1901.80,1.82
,APOLLOHOSP,EQ,      8900.50,      8782.50,1.34
,SUNPHARMA,EQ,      1942.60,      1921.40,1.10
,DRREDDY,EQ,      1246.20,      1234.50,0.95
,TCS,EQ,      2200.60,      2181.50,0.88

,Top Five Nifty 50 Losers:
,SYMBOL,SERIES,CLOSE PRICE,PREV.CLOSE,%CHANGE
,HCLTECH,EQ,      1166.70,      1221.20,-4.46
,SHRIRAMFIN,EQ,      1013.90,      1048.10,-3.26
,HDFCLIFE,EQ,       555.20,       573.40,-3.17
,TMPV,EQ,       333.35,       342.25,-2.60
,INDIGO,EQ,      5108.00,      5229.50,-2.32

,Securities Price Volume Data in Normal market
,SYMBOL,SERIES,CLOSE PRICE,TRADED VALUE,TRADED QUANTITY
,1003ISFL28,N4,      1015.00,                   259788.47,257
,1003SFIL28,NX,       519.40,                     2597.00,5
,1015ECL29,NR,      1011.00,                  1116576.58,1104
,1015UCL27,NF,       999.00,                    21978.00,22
,1018GS2026,GS,       104.12,                     5414.24,52
,1039UCL26,NE,      1017.99,                    18323.82,18
,1040UCL27B,N1,       982.00,                     4908.00,5
,105IIFL29,N7,      1040.20,                    52010.00,50
,1065NFL27,NC,      1018.97,                     1018.97,1
,1075SCFL34,Z6,      1065.00,                    74550.00,70
,1075SCL33A,N2,       822.00,                      822.00,1
,1075WCA28,N0,      9995.00,                   179910.00,18
,10CAGL27,N5,      1014.00,                    38442.00,38
,10IIFL28,N4,      1081.50,                    38945.11,36
,10IIFL28A,NE,      1021.00,                   511700.00,500
,10MWL29,N0,     99060.55,                   295060.55,3
,1150AFIL28,N0,      9765.00,                    68355.00,7
,1150AFIL29,N0,      9135.00,                   365400.00,40
,115VCCL28,N0,     98100.00,                   196300.00,2
,11VCCL27,N0,     97168.36,                    97168.36,1
,1225IFL28,N0,      7500.00,                     7500.00,1
,1275DCCL28,N0,      9580.00,                   383200.00,40
,12AFIL27,N0,      9896.32,                    29678.32,3
,12AFIL28,N0,      9957.46,                   169276.82,17
,182D171226,TB,        96.76,                    19352.00,200
,182D210826,TB,        99.00,                    39554.00,400
,20MICRONS,EQ,       205.30,                 63804334.33,311208
,21STCENMGM,EQ,        31.85,                   224547.36,7035
,360ONE,EQ,      1098.80,               1672709221.00,1524014
,364D010727,TB,        94.50,                   113400.00,1200
,364D081026,TB,        98.68,                  1189998.00,12100
,364D190327,TB,        96.29,                   288870.00,3000
,364D240926,TB,        98.50,                   196670.00,2000
,364D250227,TB,        96.29,                     9629.00,100
,364D300726,TB,        99.60,                    19920.00,200
,3BBLACKBIO,EQ,      1182.60,                 27961691.90,23719
,3IINFOLTD,EQ,        18.19,                  4261071.14,232910
,3MINDIA,EQ,     36540.00,                240322570.00,6617
,3PLAND,EQ,        31.84,                   124800.49,3870
,574GS2026,GS,       100.10,                   395448.40,3950
,5PAISA,EQ,       384.95,                 47854123.55,125767
,601GS2030,GS,        99.46,                    19892.00,200
,610GS2031,GS,        99.75,                       99.75,1
,619GS2034,GS,        98.75,                   197401.25,1999
,633GS2035,GS,        98.40,                  1180000.20,12000
,636GS2031,GS,       100.70,                    10070.00,100
,63MOONS,EQ,       721.80,                253488142.15,348228
,648GS2035,GS,        98.50,                    67751.00,681
,667GS2035,GS,       108.99,                   653940.00,6000
,668GS2033,GS,       101.80,                    30641.95,301
,668GS2040,GS,        98.85,                   247275.00,2500
,676GS2061,GS,        93.21,                  5737639.10,61579
,68GS2060,GS,        92.00,                    18400.01,200
,690AP27,SG,       100.75,                   151125.00,1500
,690GS2065,GS,        94.63,                    96642.80,1020
,692GS2039,GS,        99.37,                   947954.76,9548
,694GS2036,GS,       102.50,                  1060967.50,10350
,695GS2061,GS,        95.00,                   285000.00,3000
,698GR2054,GS,        96.15,                   583558.00,6078
,699GS2051,GS,        98.50,                     3250.50,33
,702GS2027,GS,       101.90,                    36378.30,357
,704GS2029,GS,       102.75,                    82200.00,800
,706GS2028,GS,       102.31,                   163905.00,1600
,709GS2054,GS,        99.70,                  2593017.06,25985
,709GS2074,GS,        96.20,                  1264383.97,13139
,710GS2029,GS,       103.50,                   755879.52,7307
,713MH37,SG,        93.00,                     9300.00,100
,718GS2033,GS,       105.03,                   105612.00,1000
,718GS2037,GS,       105.58,                 19919091.74,188978
,723GS2039,GS,       104.40,                   521895.60,4999
,724GS2055,GS,       101.47,                 10171051.70,100069
,725GS2063,GS,        97.73,                 25299243.97,258230
,725IRFC35,NH,      1189.01,                     4756.04,4
,726GS2029,GS,       100.55,                     2008.60,20
,726GS2032,GS,       106.00,                    11660.00,110
,730PFCL41,NC,       996.00,                    19879.30,20
,732GS2030,GS,       104.54,                   814747.86,7793
,733GS2026,GS,       101.25,                    30780.04,304
,734GS2064,GS,        99.79,                 10692668.95,107136
,737CG31,SG,        97.00,                     9700.00,100
,737GS2028,GS,       103.80,                   460590.00,4450
,738GS2027,GS,       101.62,                 25875738.55,254171
,73GS2053,GS,        99.95,                  1079871.94,10805
,741GS2036,GS,       104.40,                  1286595.10,12312
,743GS2076,GS,       103.10,                   101359.85,973
,743REC35,NH,      1190.00,                    51170.00,43
,746GS2073,GS,       101.20,                   626765.00,6180
,74GS2035,GS,       105.95,                     4767.75,45
,74GS2062,GS,       102.00,                     4672.79,46
,750GS2056,GS,       102.70,                    15405.00,150
,753IRFC30,NJ,      1130.31,                    12433.49,11
,754GS2036,GS,       106.47,                 30018284.82,281694
,760PFCL35,N3,      1201.25,                    50452.50,42
,761TS44,SG,        97.00,                     9700.00,100
,764HUDCO31,N8,      1110.01,                   222027.00,200
,764IRFC31,NO,      1137.01,                    56850.50,50
,764NABAR31,N2,      1104.64,                  3022501.88,2737
,769HUDCO31,N9,      1123.15,                    90975.24,81
,769NHAI31,NE,      1144.99,                     1144.99,1
,76NHAI31,NA,      1105.00,                   110500.00,100
,76TN31,SG,       100.40,                    10040.00,100
,771GS2066,GS,       105.25,                  3115400.68,29607
,772GS2049,GS,       111.00,                     5217.00,47
,772GS2055,GS,       103.60,                    10759.20,101
,774IREDA31,N7,      1118.01,                     5590.05,5
,797IGT31,NL,      1038.99,                     5194.95,5
,79NHIT35,N1,       310.31,                     1241.34,4
,79NHIT40,N2,       306.65,                    86245.83,282
,79NHIT47,N3,       410.05,                   670096.60,1622
,7PFCL31,N3,       994.00,                    49700.00,50
,805NMC30,N2,       126.00,                     1260.00,10
,805NMC31,N3,       126.00,                     1260.00,10
,805NMC33,N5,       126.00,                     1260.00,10
,805NMC35,N7,       126.00,                     1134.00,9
,810IRFC27,N2,      1071.68,                     9645.12,9
,812REC27,NI,      1018.00,                  2382333.33,2341
,81TCHF28,N8,      1001.50,                   610214.69,604
,820IIFL27,N9,       998.00,                  1025851.25,1036
,82HUDCO27,N2,      1042.51,                  1110443.00,1065
,82IGT31,NJ,      1027.99,                   102799.47,100
,830NHAI27,N2,      1080.00,                   518400.00,480
,833GS2036,GS,       108.50,                      434.00,4
,842IIFL26,NL,      1008.99,                   602530.53,599
,846REC28,N6,      1110.00,                     2220.10,2
,848AEL29,NJ,      1008.00,                   187498.00,186
,84TCHF28,NA,      1040.00,                   541019.50,520
,850HMDA32,N0,    101924.66,                 10192466.00,100
,850NHAI29,N5,      1099.66,                    23058.71,21
,860AEL28,NH,      1040.00,                   104030.00,100
,865IFL28,NZ,       982.69,                   687908.69,701
,865IIFL28,NS,       991.16,                   488961.79,496
,865IIFL31,Y6,       986.00,                   128150.00,130
,865IRFC29,NA,      1104.88,                   556860.00,504
,865LTF26,NN,      1045.54,                   240504.71,230
,865SCL26,N8,      1000.00,                   118078.30,118
,865TCAPS27,N8,      1090.00,                   490298.83,453
,870IIFL28,Y7,      1024.28,                    80918.12,79
,871REC28,N9,      1114.99,                  2601486.50,2337
,875AEL29,NK,      1041.50,                    26037.50,25
,875IIFL26,NM,      1055.86,                    19005.57,18
,875MOF27,N0,    106286.73,                   106286.73,1
,875NHAI29,N6,      1104.18,                  1174660.38,1064
,875SFL27,ZF,      1011.99,                   104218.99,103
,876HUDCO28,ND,      1141.47,                   486719.00,427
,885AEL28,NB,      1022.94,                     2045.88,2
,885SCL26,N9,      1065.80,                   192494.80,181
,885TCAPS29,NC,      1080.00,                    10800.00,10
,886REC34,NG,      1275.00,                    11475.00,9
,888ECL28,N1,       981.00,                   148134.50,151
,888IRFC29,NE,      1144.99,                    14938.98,13
,888REC29,NF,      1145.00,                   256150.00,225
,888SCL25E,N4,       770.40,                      770.40,1
,889SCFL27,YC,       996.46,                    29732.30,30
,889SCL26,NS,      1066.00,                    79950.00,75
,890AEL31,NN,      1042.50,                   589972.00,566
,891IIFCL34,N4,      1250.00,                  1123902.00,900
,891NTPC33,N6,      1278.00,                   135468.00,106
,892PFCL33,N8,      1274.00,                   445600.00,350
,897GS2030,GS,       109.47,                  2787499.68,25642
,897MOFSL29,N4,      1030.00,                   324642.50,315
,898LTF29,N7,      1090.00,                   309467.71,289
,8ABCL26,N2,      1060.80,                     6363.60,6
,901HUDCO34,NE,      1268.00,                  1346302.75,1056
,901NHB34,N6,      6292.00,                   138424.00,22
,903SFL28,YI,      1040.00,                    31200.00,30
,905LTF27,NF,      1043.00,                     1043.00,1
,910TCAP28,NA,      1104.99,                   963859.10,872
,915AEL28,NC,      1022.94,                    77439.38,76
,915SCL26,NE,      1060.50,                     1060.50,1
,915SCL27A,ZL,      1035.35,                     1035.35,1
,91D081026,TB,        98.10,                     9810.00,100
,91D200826,TB,        99.27,                    19854.00,200
,91D280826,TB,        99.11,                    49558.00,500
,91MOFSL27,N2,      1016.00,                     5080.00,5
,925ISF28,N0,      9759.00,                    78072.00,8
,925SCL26F,N1,       990.00,                    15440.00,16
,92GS2030,GS,       114.88,                   754721.14,6572
,930AEL30,NF,      1026.00,                    84134.50,82
,930APMD33,N0,    104300.00,                   104300.00,1
,930APMD34,N0,    107267.60,                  7508732.00,70
,932AEL27,N3,      1039.37,                   202309.50,195
,935LTF29,N5,      1110.00,                   109271.00,100
,935TSI29,N0,    101444.25,                   101444.25,1
,935TSIIC28,N0,    102198.33,                  1839147.66,18
,943ECL28,NJ,      1001.00,                    10005.05,10
,948SCL27D,N1,      1010.00,                     5050.00,5
,94SFL28,YL,      1044.00,                  1348110.00,1290
,950ISF27C,N0,     10000.00,                    10000.00,1
,957ICCL25,YW,      1054.00,                    10540.00,10
,957IIFLS27,NA,       996.47,                    51816.44,52
,957ISFL26,N2,      1002.00,                   147293.00,147
,957SCL30,BX,       660.40,                      660.40,1
,965AEL27,N4,      1088.95,                    89235.00,82
,965ISF28,N0,     99200.00,                   198400.00,2
,96IIFL28,N5,      1002.00,                   120140.00,120
,96IIFL28A,NF,      1002.94,                   450126.43,449
,96SFIL24A,NB,       980.00,                      980.00,1
,970CAGL28,ND,      1034.97,                    89007.42,86
,975ISF28,N0,     98958.29,                    98958.29,1
,975SCL28,NT,       996.52,                    17937.36,18
,975SCL35,N0,     99817.52,                   299452.56,3
,97SFL29,YZ,      1083.75,                     2165.05,2
,980SCL33C,ND,       663.10,                      663.10,1
,985ECL28,NK,      1076.00,                  1357427.91,1263
,9IIFL28,Y0,       977.66,                   982437.70,1005
,9IIFL28A,NT,      1021.00,                   509791.00,500
,9IIFL31,Y9,      1000.00,                   311200.00,310
,9SCL27,N2,      1060.20,                    25483.20,24
,A2ZINFRA,EQ,        14.01,                  4435448.40,322842
,AAATECH,EQ,        94.84,                  1749253.44,18451
,AADHARHFC,EQ,       518.95,                127195849.45,243257
,AAKAAR,SM,        70.95,                  1135200.00,16000
,AAKASH,EQ,         9.18,                  1820738.32,193168
,AAREYDRUGS,BE,        79.56,                   467812.80,5880
,AARNAV,EQ,        26.14,                   649734.61,25152
,AARON,EQ,       116.32,                   959935.60,8237
,AARTECH,BE,        47.47,                   809858.02,17011
,AARTIDRUGS,EQ,       405.70,                225618405.70,553563
,AARTIIND,EQ,       483.05,                252323224.70,520204
,AARTIPHARM,EQ,       709.75,                121000913.85,167804
,AARTISURF,EQ,       378.90,                  4279275.35,11209
,AARVI,EQ,       150.74,                  2654826.40,17626
,AASTHA,BE,       135.45,                154197088.30,1138381
,AAVAS,EQ,      1447.50,                 97327419.80,66824
,ABAN,BE,        14.81,                  1472552.17,99739
,ABANSENT,BE,        27.90,                    64487.34,2319
,ABBOTINDIA,EQ,     27500.00,                548933155.00,20023
,ABCAPITAL,EQ,       399.25,               2139770081.15,5398809
,ABCOTS,EQ,       208.01,                  2807135.90,13476
,ABDL,EQ,       622.25,                382926980.40,618174
,ABFRL,EQ,        58.93,                127202156.57,2142900
,ABGSEC,EQ,       115.08,                    88853.95,775
,ABHAPOWER,SM,        25.95,                   284480.00,11200
,ABINFRA,EQ,        10.20,                  8661654.04,853115
,ABLBL,EQ,        97.24,                 27760831.99,284336
,ABMKNO,EQ,       208.87,                   568363.42,2728
,ABREL,EQ,      1422.50,                148290571.20,104200
,ABSL10BANK,EQ,       172.74,                   506345.72,2934
,ABSLAMC,EQ,      1143.60,                243924280.00,212678
,ABSLBANETF,EQ,        58.79,                  1058737.96,17975
,ABSLLIQUID,EQ,       999.99,                   887997.77,888
,ABSLMSCIN,EQ,        29.68,                     9631.66,327
,ABSLNN50ET,EQ,        75.31,                   361843.59,4802
,ABSLPSE,EQ,        10.25,                  1039793.75,101255
,ABSMARINE,ST,       231.30,                  2531050.00,11000
,ACC,EQ,      1361.90,                105661158.80,77359
,ACCELYA,EQ,      1108.80,                  8397607.30,7533
,ACCENTMIC,SM,       516.60,                 13469125.00,26000
,ACCORD,ST,       206.55,                   826200.00,4000
,ACCPL,ST,       157.10,                  1491060.00,9600
,ACCURACY,BE,         5.15,                   209579.76,40692
,ACE,EQ,       964.40,                177945276.70,182754
,ACEINTEG,EQ,        21.00,                    20705.96,978
,ACI,EQ,       534.95,                 99997978.05,188095
,ACL,EQ,        49.35,                   284268.66,5772
,ACMESOLAR,EQ,       384.60,               1641684495.10,4243979
,ACSTECH,EQ,        45.31,                 15929905.04,350590
,ACTIVEINFR,SM,       178.20,                   106920.00,600
,ACUTAAS,EQ,      3459.70,                603640584.50,173273
,ADDICTIVE,SM,        42.05,                   271075.00,6500
,ADFFOODS,EQ,       312.55,                 46944499.10,149753
,ADISOFT,SM,       198.15,                 19048120.00,95200
,ADL,EQ,        70.81,                    28385.15,408
,ADOR,EQ,      1316.10,                 44174305.40,33489
,ADROITINFO,EQ,         8.93,                   184753.66,21272
,ADSL,EQ,       123.10,                 16903635.31,136475
,ADVAIT,EQ,      2132.10,                 57948721.60,27117
,ADVANCE,EQ,       110.15,                 17755731.52,158678
,ADVANIHOTR,EQ,        52.41,                   917674.22,17507
,ADVENTHTL,EQ,       149.13,                 24406525.87,162938
,ADVENZYMES,EQ,       324.15,                 59260183.80,182239
,AEGISLOG,EQ,      1222.50,               2137942129.40,1730718
,AEGISVOPAK,EQ,       280.64,                964240837.61,3344209
,AEL1212026,NO,      1035.00,                   254610.00,246
,AEL12126,NI,      1036.90,                    20738.00,20
,AEL17725,NA,      1076.00,                    17056.00,16
,AEPL,EQ,        16.04,                   162095.34,9965
,AEQUS,EQ,       242.58,               1010356843.89,4177338
,AEROENTER,EQ,       121.19,                 98892957.29,818334
,AEROFLEX,EQ,       410.90,                325465869.60,788965
,AERON,SM,        82.75,                   417450.00,5000
,AERONEU,EQ,        87.17,                  4526308.81,51382
,AETHER,EQ,      1439.90,                209257151.50,143734
,AFCONS,EQ,       292.70,                107421709.80,365190
,AFFLE,EQ,      1517.00,                549053512.20,355832
,AFFORDABLE,BE,       191.08,                  5382985.64,28346
,AFIL,BE,         9.42,                  7705364.06,820773
,AFSL,EQ,       201.03,                  1072072.43,5328
,AGARIND,EQ,       527.00,                 35828782.45,67154
,AGARWALEYE,EQ,       490.70,                 46523581.30,94197
,AGARWALTUF,SM,       146.60,                  3500460.00,24000
,AGI,EQ,       683.35,                 51256089.10,74719
,AGIIL,EQ,       343.35,               1197599555.55,3451624
,AGL,BE,        14.63,                 15135276.31,1034537
,AGNI,SM,        17.80,                   306250.00,17500
,AGRITECH,BE,       111.17,                   246069.34,2189
,AGROPHOS,EQ,        29.77,                   476911.34,16096
,AHCL,EQ,        15.05,                 49652770.17,3277859
,AHLADA,EQ,        38.48,                   188008.05,4882
,AHLEAST,EQ,       144.77,                   390585.84,2694
,AHLUCONT,EQ,       843.85,                 20423008.20,24199
,AHLWEST,BE,       568.55,                   324850.00,570
,AIAENG,EQ,      4760.00,                225123573.50,47518
,AIIL,EQ,       511.05,                 41673757.70,81314
,AILIMITED,ST,        37.20,                   352350.00,9000
,AIMTRON,SM,      1386.40,                101689420.00,72400
,AIRAN,EQ,        15.60,                   523190.13,33425
,AIROLAM,EQ,        87.03,                   176619.71,2004
,AISL,SM,        55.30,                   233730.00,4200
,AJANTPHARM,EQ,      3408.80,                304095425.20,89241
,AJAXENGG,EQ,       607.95,                151051637.35,246892
,AJMERA,EQ,       135.40,                 62913224.34,463933
,AJOONI,EQ,         3.70,                  2004786.01,546579
,AKANKSHA,ST,        97.00,                   387950.00,4000
,AKASH,EQ,        26.94,                   404628.13,15150
,AKCAPIT,EQ,      1767.90,                  9780735.70,5538
,AKG,EQ,        10.74,                   118166.38,10916
,AKI,EQ,         4.65,                   156022.86,33539
,AKIKO,ST,       285.00,                  3448080.00,12000
,AKSHAR,EQ,         0.43,                   220161.49,510519
,AKSHARCHEM,BE,       235.00,                   309582.63,1334
,AKSHOPTFBR,BE,         6.00,                   974117.23,162505
,AKUMS,EQ,       686.95,                271963595.90,397620
,ALANKIT,EQ,         8.01,                   577291.01,71881
,ALBERTDAVD,EQ,       696.80,                   693254.45,992
,ALEMBICLTD,EQ,        88.97,                 17183789.83,192650
,ALGOQUANT,EQ,        60.51,                 63477309.75,1042917
,ALICON,EQ,       641.15,                  3789741.35,5914
,ALIVUS,EQ,      1161.20,                 89950654.40,77318
,ALKALI,BE,        84.07,                   111853.16,1311
,ALKEM,EQ,      5601.50,               2916716706.50,521134
,ALKYLAMINE,EQ,      1868.10,                132805631.00,70904
,ALLCARGO,EQ,         7.96,                 24525251.05,3069083
,ALLDIGI,EQ,       816.35,                  3989301.85,4866
,ALLETEC,ST,       140.75,                   787720.00,5600
,ALLTIME,EQ,       233.69,                 12775337.31,54852
,ALMONDZ,EQ,        13.23,                   242641.00,18359
,ALOKINDS,EQ,        12.56,                 45868714.68,3612983
,ALPA,EQ,        71.66,                 12029536.65,163418
,ALPEXSOLAR,SM,       801.25,                 33038680.00,41500
,ALPHA,EQ,        51.57,                 38033779.32,737505
,ALPHAETF,EQ,        26.30,                  7680184.50,292617
,ALPHAGEO,EQ,       200.33,                  1248724.25,6191
,ALPL30IETF,EQ,        27.56,                  6072633.31,220129
,ALUWIND,SM,        47.50,                   565875.00,12000
,AMAGI,EQ,       574.95,                 52509789.05,91016
,AMANTA,BE,       172.08,                  1397633.76,8122
,AMBAAUTO,SM,        89.75,                  6993000.00,78000
,AMBALALSA,EQ,        31.33,                   627008.15,20079
,AMBER,EQ,      7786.50,               2267547936.00,290692
,AMBICAAGAR,EQ,        24.58,                    98328.37,4003
,AMBIKCO,EQ,      1729.50,                  9274061.30,5381
,AMCL,SM,       375.70,                  1502200.00,4000
,AMDIND,EQ,        45.50,                   471684.90,10272
,AMIRCHAND,EQ,       171.48,                 92662821.48,527726
,AMJLAND,EQ,        37.28,                   487141.86,12993
,AMNPLST,EQ,       205.27,                  2489288.02,12125
,AMRUTANJAN,EQ,       536.10,                 30732285.35,57220
,ANANDRATHI,EQ,      2080.80,                598083299.00,287017
,ANANTAM,IV,       103.94,                  1450226.03,13946
,ANANTRAJ,EQ,       573.65,                792931072.85,1367955
,ANDHRAPAP,EQ,        61.41,                  1202608.19,19555
,ANDHRSUGAR,EQ,        86.30,                 19689682.19,227674
,ANGELONE,EQ,       333.55,               1623653061.30,4844441
,ANIKINDS,BE,        43.06,                   144880.54,3335
,ANKITMETAL,BZ,         1.44,                    59326.91,41832
,ANLON,ST,       639.95,                   511960.00,800
,ANMOL,EQ,        10.94,                   174383.86,15883
,ANNAPURNA,SM,       133.25,                  3413525.00,25750
,ANONDITA,SM,      1183.35,                 71987710.00,63800
,ANSALAPI,BZ,         2.63,                    12342.59,4693
,ANTELOPUS,EQ,       860.55,                124387854.00,143314
,ANTGRAPHIC,EQ,         0.78,                    49182.39,62948
,ANTHEM,EQ,       749.95,                321432088.95,428720
,ANUHPHR,EQ,        79.88,                  2734318.91,34390
,ANUP,EQ,      2175.80,                 68835878.50,31747
,ANURAS,EQ,      1263.80,               1330135549.20,1047172
,ANYA,SM,        15.60,                   543500.00,35000
,AONEGOLD,EQ,        13.12,                  4071514.37,310185
,AONELIQUID,EQ,      1068.03,                 18124523.65,16970
,AONENIFTY,EQ,         9.91,                   830966.46,83707
,AONESILVER,EQ,         8.29,                  5363040.55,647323
,AONETMMQ50,EQ,        10.11,                  1802010.63,178999
,AONETOTAL,EQ,        11.81,                  1793968.02,151741
,APARINDS,EQ,     13595.00,               1189663087.00,87498
,APCL,EQ,       103.59,                   656010.71,6316
,APCOTEXIND,EQ,       527.90,                 32113263.70,61169
,APEX,EQ,       401.75,                 46455584.30,114509
,APEXECO,ST,       272.00,                  1734520.00,6400
,APLAPOLLO,EQ,      1799.00,                579814659.50,320507
,APLLTD,EQ,       821.15,                100716057.45,122575
,APOLLO,EQ,       405.90,               3756320042.45,9302070
,APOLLOPIPE,EQ,       508.85,                 27350764.45,53615
,APOLLOTYRE,EQ,       425.85,                572963379.55,1340483
,APOLSINHOT,EQ,      1200.00,                   290548.60,242
,APRAMEYA,SM,       151.05,                  1143525.00,7500
,APS,SM,       294.60,                  6022412.50,20250
,APSISAERO,ST,       378.65,                   454380.00,1200
,APTECHT,BE,        98.37,                  5655068.09,57493
,APTUS,EQ,       290.15,                165421015.60,573581
,AQYLON,EQ,        38.37,                 25700723.79,656690
,ARABIAN,SM,        69.00,                   138000.00,2000
,ARCHIDPLY,EQ,        82.22,                  2054130.77,24381
,ARCHIES,EQ,        14.18,                   592983.17,40968
,ARCIIL,ST,        41.85,                   869350.00,21000
,ARE&M,EQ,       894.90,                858591717.05,961241
,ARENTERP,EQ,        34.40,                    24113.41,683
,ARFIN,EQ,        86.37,                136144893.95,1577386
,ARHAM,SM,       138.00,                   692150.00,5000
,ARIES,EQ,       341.30,                 21233293.30,62728
,ARIHANT,EQ,       808.45,                  4292756.15,5343
,ARIHANTCAP,EQ,        72.27,                  5763507.48,79811
,ARIHANTSUP,EQ,       264.70,                 12546428.80,47769
,ARIS,EQ,       107.14,                 19647535.70,182579
,ARKADE,EQ,       138.96,                113401858.56,807150
,ARMANFIN,EQ,      1958.60,                366083852.70,183344
,ARMOUR,ST,        18.35,                   370900.00,20000
,AROGRANITE,EQ,        25.86,                    83213.05,3232
,ARROWGREEN,BE,       673.30,                 11247794.65,16665
,ARSHIYA,BZ,         1.03,                    61597.58,59786
,ARSSBL,EQ,       581.25,                488224991.95,837681
,ARTEMISMED,EQ,       271.00,                 62486271.60,228278
,ARTNIRMAN,EQ,        39.81,                     9590.00,240
,ARUNAYA,ST,        16.90,                   234600.00,14000
,ARVEE,EQ,       159.00,                    22031.89,138
,ARVIND,EQ,       540.45,                275261554.40,508907
,ARVINDFASN,EQ,       473.30,                149928049.95,317851
,ARVSMART,EQ,       609.80,                 16505438.45,26894
,ASAHIINDIA,EQ,       923.10,                 92490240.10,100657
,ASAHISONG,EQ,       284.55,                  5645545.70,19844
,ASAL,EQ,       510.40,                  5996522.70,11693
,ASALCBR,EQ,       805.10,                 26034205.45,31934
,ASHALOG,SM,        54.90,                   219300.00,4000
,ASHAPURMIN,EQ,       691.65,                435021804.60,617906
,ASHIANA,EQ,       377.95,                  9337065.80,24790
,ASHIKA,EQ,       397.60,                 76648168.70,192594
,ASHIMASYN,EQ,        14.76,                   535878.24,36153
,ASHOKA,EQ,       128.46,                 80717160.31,625254
,ASHOKAMET,EQ,        14.47,                   168055.04,11628
,ASHOKLEY,EQ,       155.19,               3819816690.67,24653297
,ASHWINI,SM,       200.55,                 11419000.00,57000
,ASIANENE,EQ,       353.55,                183239792.60,517494
,ASIANHOTNR,EQ,       308.15,                  7767352.15,25028
,ASIANTILES,EQ,        48.86,                 43290473.21,880081
,ASKAUTOLTD,EQ,       465.80,                 45194387.40,96832
,ASMS,BE,         7.10,                   602139.38,85035
,ASPINWALL,EQ,       257.14,                  1246717.63,4883
,ASTEC,EQ,       682.45,                  3614710.95,5294
,ASTERDM,EQ,       813.20,                425426596.65,521771
,ASTRAL,EQ,      1358.50,               1303275818.10,956486
,ASTRAMICRO,EQ,      1720.00,                819804373.10,479665
,ASTRAZEN,EQ,      8198.50,                 45015110.00,5456
,ASTRON,BE,         3.72,                    53078.05,13827
,ATALREAL,EQ,        28.99,                228053925.32,7907450
,ATAM,EQ,        67.91,                   841586.46,12249
,ATCENERGY,ST,        23.05,                    27660.00,1200
,ATGL,EQ,       721.60,               2215511598.75,3045728
,ATHERENERG,EQ,      1201.80,               4119439087.30,3482939
,ATL,EQ,        23.39,                  2366443.39,100518
,ATLANTAA,EQ,        39.12,                  1445872.16,36820
,ATLANTAELE,EQ,      1729.40,                226734981.90,133895
,ATLASCYCLE,EQ,        96.42,                   234872.53,2428
,ATLPP,E1,         9.10,                     1574.30,173
,ATMASTCO,ST,       158.15,                  1844560.00,11600
,ATUL,EQ,      6072.00,                386400647.00,63671
,ATULAUTO,EQ,       475.85,                 64523812.75,135915
,AUBANK,EQ,      1038.30,               1037958959.10,996998
,AURIONPRO,EQ,       871.05,                 51517190.75,59155
,AUROIMPEX,SM,        24.85,                    39760.00,1600
,AUROPHARMA,EQ,      1552.80,                820444905.80,525859
,AURUM,EQ,       239.64,                135294404.75,567211
,AURUS,EQ,         4.41,                    95864.39,21664
,AUSL,SM,        27.25,                    54500.00,2000
,AUSOMENT,BE,       123.33,                   529838.99,4297
,AUTOAXLES,EQ,      1775.80,                 10988750.40,6183
,AUTOBEES,EQ,       274.52,                 50699768.94,184308
,AUTOIETF,EQ,        27.49,                 22879251.21,831491
,AUTOIND,BE,        96.46,                 13428878.34,135720
,AVADHSUGAR,BE,       539.30,                 10566689.60,19665
,AVALON,EQ,      1748.10,                390112014.60,225085
,AVANA,ST,       140.25,                  6425200.00,46000
,AVANTEL,EQ,       180.24,                539057541.74,2994823
,AVANTIFEED,EQ,       935.45,                220614115.10,234559
,AVG,BE,       207.42,                  4175264.69,19971
,AVIANSH,SM,       102.50,                   102500.00,1000
,AVIENCE,SM,       280.35,                 14738160.00,51600
,AVL,EQ,       635.45,                 46381011.30,73103
,AVONMORE,EQ,        10.05,                   562087.85,56105
,AVPINFRA,SM,        56.20,                 18284840.00,322400
,AVROIND,EQ,         9.89,                  7867423.29,799195
,AVTNPL,EQ,        71.30,                  4761481.83,66553
,AWFIS,EQ,       290.45,                 99727904.05,339841
,AWHCL,EQ,       458.35,                 28799722.00,62800
,AWL,EQ,       189.27,                411783495.57,2189721
,AXISCADES,EQ,      1638.10,                378004533.40,232823
,AXITA,EQ,         7.53,                  1648142.69,219360
,AYE,EQ,       168.71,                 45229491.55,267770
,AYMSYNTEX,EQ,       241.31,                 29998527.98,120204
,AZAD,EQ,      2392.60,               1254885918.80,529057
,BABAFP,SM,        23.95,                   113600.00,4800
,BAFNAPH,BE,       212.87,                   192860.22,906
,BAGDIGITAL,SM,       104.00,                   508560.00,4800
,BAGFILMS,EQ,         4.47,                   474952.00,106615
,BAGMANE,RR,       103.49,                220945798.84,2135244
,BAHETI,SM,       710.00,                 13905525.00,19500
,BAIDFIN,EQ,        10.39,                   561016.84,54273
,BAJAJCON,EQ,       590.50,               2626077625.60,4375429
,BAJAJELEC,EQ,       328.95,                 35137786.25,106240
,BAJAJHCARE,EQ,       347.55,                 69724488.10,202918
,BAJAJHFL,EQ,        87.32,                218477810.80,2502256
,BAJAJHIND,EQ,        17.50,                 55393408.14,3158266
,BAJAJINDEF,EQ,       243.40,                  3320220.85,13640
,BAJAJST,EQ,       389.85,                  3872589.30,9840
,BAJEL,EQ,       182.15,                 54637131.67,296253
,BALAJEE,EQ,        28.86,                   988402.33,34128
,BALAJITELE,EQ,        91.64,                 19070494.28,206430
,BALAMINES,EQ,      2311.50,                354050920.30,154286
,BALAXI,BE,        24.13,                   686595.93,28651
,BALKRISHNA,EQ,        18.03,                    53103.73,2939
,BALKRISIND,EQ,      2165.00,                296772719.90,136470
,BALMLAWRIE,EQ,       176.59,                 14677768.57,82717
,BALPHARMA,EQ,        91.02,                 48742023.84,543763
,BALRAMCHIN,EQ,       596.30,                663782001.45,1114421
,BALUFORGE,EQ,       447.30,                311056246.90,688762
,BANARBEADS,EQ,       115.95,                   693716.98,5943
,BANARISUG,EQ,      3479.50,                   635994.40,182
,BANCOINDIA,EQ,       657.40,                 91539869.95,138471
,BANDHANBNK,EQ,       207.87,               1218065513.97,5837526
,BANG,EQ,        28.42,                   996261.23,34952
,BANK10ADD,EQ,        17.51,                  1968318.60,113339
,BANKA,BE,        91.84,                   142129.35,1527
,BANKADD,EQ,        58.77,                  1264748.03,21475
,BANKBEES,EQ,       594.18,                710831799.61,1194431
,BANKBETA,EQ,        59.36,                 70880063.65,1194041
,BANKBETF,EQ,        58.35,                   448610.66,7673
,BANKETF,EQ,       585.40,                  4223072.11,7206
,BANKIETF,EQ,        58.96,                 28453011.25,481436
,BANKINDIA,EQ,       141.87,               1035673356.39,7245592
,BANKNIFTY1,EQ,        59.77,                 72197531.75,1208119
,BANKPSU,EQ,        83.81,                   522332.88,6220
,BANSALWIRE,EQ,       315.00,                 59002780.15,185693
,BANSWRAS,EQ,       122.29,                 12857263.41,104404
,BARFLEX,SM,        55.50,                   111000.00,2000
,BASF,EQ,      3613.60,                109050062.40,30219
,BASILIC,SM,       201.15,                  1572855.00,7800
,BASML,BE,        26.89,                   860693.52,32130
,BATAINDIA,EQ,       683.25,                 79637124.90,116169
,BATLIBOI,EQ,        83.18,                  1330035.02,15895
,BAWEJA,ST,        28.00,                   596440.00,21600
,BAYERCROP,EQ,      4077.00,                 87616384.70,21493
,BBETF0432,EQ,      1348.57,                  4595333.62,3404
,BBL,EQ,      2715.30,                118915661.80,43370
,BBNPNBETF,EQ,        58.04,                    22163.43,383
,BBNPPGOLD,EQ,       135.95,                 19795568.10,145231
,BBOX,EQ,       869.40,                443542587.95,507553
,BBTC,EQ,      1497.40,                 22175632.00,14764
,BBTCL,EQ,       211.72,                   597335.89,2817
,BCG,EQ,         9.63,                 24017445.56,2485083
,BCLIND,EQ,        37.79,                659043341.42,17216432
,BCONCEPTS,EQ,       197.99,                  3995117.42,19758
,BCPL,EQ,        70.54,                   739988.30,10479
,BDL,EQ,      1277.80,               1629212932.30,1278174
,BEACON,ST,        96.65,                  2167100.00,23000
,BEARDSELL,EQ,        29.02,                   156520.53,5370
,BECTORFOOD,EQ,       167.25,                125116532.22,745773
,BEDMUTHA,EQ,       106.73,                   502640.54,4716
,BEEKAY,EQ,       404.95,                   207687.70,514
,BELLACASA,EQ,       250.30,                  1626307.95,6535
,BELRISE,EQ,       232.34,                857856957.37,3697204
,BEML,EQ,      1855.50,                308576572.10,166243
,BENGALASM,EQ,      6326.00,                   670819.00,106
,BEPL,EQ,       106.80,                 90506812.25,843963
,BERGEPAINT,EQ,       489.10,                108089765.50,220547
,BESTAGRO,EQ,        15.46,                  4257234.68,274933
,BETA,EQ,      2310.20,                 50970372.80,22065
,BEWLTD,SM,        60.05,                  1019925.00,17000
,BFINVEST,EQ,       488.45,                279898965.95,554272
,BFSI,EQ,        27.57,                  6523685.82,236453
,BFUTILITIE,EQ,       633.95,                356247143.85,541279
,BGRENERGY,BE,       301.20,                 12910644.65,42835
,BHADORA,ST,        92.25,                   996000.00,10800
,BHAGCHEM,EQ,       283.80,                 22631149.85,79294
,BHAGERIA,BE,       207.53,                  2438731.84,11731
,BHAGYANGR,BE,       365.75,                 30335506.50,83230
,BHANDARI,BE,         2.91,                   427678.47,145753
,BHARATCOAL,EQ,        36.84,                299699038.67,8082782
,BHARATFORG,EQ,      2119.70,               1204267551.00,568854
,BHARATGEAR,BE,       123.60,                  1428457.17,11558
,BHARATRAS,EQ,      1350.80,                  7544959.00,5563
,BHARATSE,EQ,       243.07,                128554561.50,519452
,BHARATWIRE,EQ,       206.70,                 55383397.36,264535
,BHARTIHEXA,EQ,      1621.80,                722370916.40,448852
,BHEL,EQ,       403.90,               5055389872.55,12494044
,BI,EQ,        63.88,                    77531.88,1214
,BIGBLOC,EQ,        47.24,                   887662.25,18869
,BIKAJI,EQ,       636.15,                151274174.90,238851
,BIKEWO,ST,        54.10,                  3890500.00,70000
,BIL,EQ,       721.90,                  1377297.30,1900
,BILVYAPAR,BE,         4.22,                    34980.43,8300
,BIMETAL,EQ,       687.25,                   906628.25,1308
,BIOCON,EQ,       437.30,              18771358005.65,43015136
,BIOFILCHEM,EQ,        33.28,                   215397.25,6425
,BIOPOL,SM,        96.60,                  4158060.00,43200
,BIRDYS,ST,        94.10,                   112920.00,1200
,BIRET,RR,       340.04,                177193373.61,520796
,BIRLACABLE,BE,       190.13,                  6040633.46,31733
,BIRLACORPN,EQ,       967.05,                123317144.40,126466
,BIRLAMONEY,EQ,       157.06,                 52584111.34,334242
,BIRLANU,EQ,      1266.80,                 22925864.40,17955
,BIRLAPREC,EQ,        37.10,                   403787.97,10839
,BLACKBUCK,EQ,       584.45,                191047704.90,328423
,BLACKROSE,BE,       104.82,                   943529.19,8938
,BLAL,EQ,       184.02,                   757469.73,4118
,BLBLIMITED,EQ,        15.39,                  1092641.88,70094
,BLIL,EQ,        70.28,                  2683379.15,38235
,BLISSGVS,BE,       521.10,                 57784045.75,110831
,BLKASHYAP,EQ,        59.02,                 56410641.55,947866
,BLS,EQ,       233.40,                293643987.80,1246650
,BLSE,EQ,       271.29,                445438803.67,1627683
,BLUECHIP,BE,         2.21,                       13.26,6
,BLUECOAST,BE,        28.39,                    16020.92,586
,BLUEDART,EQ,      4903.60,                 19721689.00,4015
,BLUEJET,EQ,       605.50,                551256750.10,900065
,BLUEPEBBLE,SM,        70.00,                   138760.00,2000
,BLUESTARCO,EQ,      1746.20,               1502336085.10,866904
,BLUESTONE,EQ,       607.30,                365099078.60,607214
,BLUEWATER,ST,       394.05,                  6299950.00,16000
,BLUSPRING,EQ,       113.16,                 53721800.64,467100
,BMETRICS,SM,        35.30,                   310480.00,8800
,BMLL,SM,       136.90,                  1504950.00,11000
,BMWVENTLTD,EQ,        58.52,                  4948209.68,84595
,BNAGROCHEM,BE,       281.60,                  3203391.00,11313
,BNALTD,EQ,       374.95,                    67598.85,186
,BNKETFAXIS,EQ,       592.98,                   341136.95,575
,BODALCHEM,BE,        60.18,                 13161123.29,218252
,BOHRAIND,EQ,        13.52,                   157170.50,11396
,BOMDYEING,EQ,       125.00,                 48823754.99,387286
,BONLON,EQ,        41.31,                   308788.19,7424
,BORANA,EQ,       302.25,                  6132981.25,20298
,BOROLTD,EQ,       249.67,                 86316511.45,338337
,BORORENEW,EQ,       634.60,                302762932.65,475754
,BOROSCI,EQ,       162.71,                 17122498.40,104859
,BOSCH-HCIL,EQ,      1319.90,                 37678132.30,28518
,BPL,EQ,        57.41,                  1798453.56,31058
,BRACEPORT,SM,        62.90,                   292640.00,4800
,BRANDMAN,ST,       182.70,                  1736720.00,9600
,BRIGADE,EQ,       556.25,                217471347.30,385871
,BRIGHOTEL,EQ,        63.32,                  2841922.67,44644
,BRNL,EQ,        18.11,                   272766.65,15122
,BROOKS,BE,        69.29,                  1153192.20,16504
,BSE,EQ,      3792.70,              10647025215.60,2788229
,BSE500IETF,EQ,        39.17,                  1640198.24,41866
,BSHSL,BE,        86.75,                   108047.80,1242
,BSL,EQ,       127.69,                   407899.78,3180
,BSLGOLDETF,EQ,       123.34,                 46977514.56,380722
,BSLNIFTY,EQ,        28.15,                 16146383.00,573179
,BSLSENETFG,EQ,        77.48,                   132247.45,1702
,BSOFT,EQ,       289.05,                684151704.95,2325558
,BTML,EQ,         6.24,                  3236969.58,518779
,BTTL,BE,        55.35,                   570882.99,10246
,BUILDPRO,EQ,      1272.60,                 67890229.80,53094
,BULKCORP,SM,        55.95,                   133200.00,2400
,BUTTERFLY,EQ,       756.40,                103138494.90,133752
,BVCL,EQ,        41.53,                   752002.83,18285
,BYKE,BE,        33.19,                   612919.45,18606
,C2C,SM,       383.65,                 16069027.50,41700
,CADSYS,ST,        69.00,                    34500.00,500
,CALSOFT,BE,        21.91,                  3503207.18,158499
,CAMLINFINE,EQ,       123.09,                 76350872.30,618263
,CAMPUS,EQ,       227.68,                 63918755.01,280992
,CAMS,EQ,       766.45,                767955171.90,995206
,CANARYS,SM,        18.90,                  1133600.00,60000
,CANFINHOME,EQ,       898.05,                154576746.30,170881
,CANHLIFE,EQ,       146.89,                517771683.15,3515163
,CANTABIL,EQ,       262.52,                214078482.90,816632
,CAPACITE,EQ,       227.45,                 99776224.35,436304
,CAPILLARY,EQ,       505.30,                 73702895.50,146603
,CAPINVIT,IV,        73.82,                 56419794.08,763549
,CAPITALSFB,EQ,       296.60,                  9007209.25,30371
,CAPLIPOINT,EQ,      2658.40,                351745751.00,132461
,CAPTRUST,EQ,        12.64,                    74572.92,5891
,CARBORUNIV,EQ,      1066.20,                141830180.70,133523
,CARERATING,EQ,      1656.30,                 54092467.20,32407
,CARRARO,EQ,       558.20,                 34909567.00,62318
,CARTRADE,EQ,      2895.00,              11076440686.20,3742773
,CARYSIL,EQ,      1167.60,                 40326687.30,34587
,CASHIETF,EQ,      1070.71,                522618471.29,488106
,CASTROLIND,EQ,       183.58,                135516499.94,738220
,CBAZAAR,ST,         6.25,                   148800.00,24000
,CCAVENUE,EQ,        17.82,                228724170.07,12796142
,CCCL,EQ,        17.07,                  3801583.00,220275
,CCHHL,EQ,        12.88,                    99161.42,7640
,CCL,EQ,      1229.50,                237279889.60,192786
,CDSL,EQ,      1428.50,               2658072756.60,1855465
,CEATLTD,EQ,      3719.80,                506607582.10,135424
,CEDAAR,ST,        20.10,                   117150.00,6000
,CEIGALL,EQ,       358.75,                 70119971.90,194515
,CEINSYS,EQ,       915.95,                 40915260.80,44412
,CELEBRITY,EQ,         7.33,                   120838.48,16534
,CELLECOR,ST,        37.05,                   444300.00,12000
,CELLO,EQ,       365.65,                 39085823.95,106927
,CELLPOINT,SM,        15.80,                    18960.00,1200
,CEMPRO,EQ,      1596.60,               1114630674.60,694804
,CENTENKA,EQ,       529.75,                 12496056.95,23593
,CENTEXT,EQ,        18.94,                   666023.27,35242
,CENTRALBK,EQ,        32.23,                577390202.89,17781168
,CENTRUM,EQ,        24.34,                  6689628.85,271243
,CENTUM,EQ,      3622.60,                121265979.30,33397
,CENTURYPLY,EQ,       781.65,                 16301751.90,20856
,CERA,EQ,      6136.00,                 52609258.00,8626
,CEREBRAINT,BZ,         3.07,                   136476.19,44320
,CESC,EQ,       159.16,                254271810.60,1588907
,CEWATER,EQ,       318.75,                 66512713.40,206805
,CGCL,EQ,       257.32,                596697919.47,2328908
,CGRAPHICS,SM,       133.75,                  6973600.00,51200
,CHALET,EQ,       854.20,                142126051.55,167009
,CHAMBLFERT,EQ,       454.20,                200613313.30,444845
,CHAMUNDA,SM,        43.90,                   664950.00,15000
,CHANDAN,SM,       243.40,                  2753880.00,11200
,CHAVDA,SM,       105.80,                 23005200.00,212000
,CHEMBOND,BE,       179.99,                   778273.07,4278
,CHEMBONDCH,BE,       267.20,                  8242367.34,30903
,CHEMCON,BE,       183.56,                  1543365.17,8374
,CHEMFAB,BE,       370.90,                   582265.20,1558
,CHEMICAL,EQ,        29.66,                 14290616.98,482800
,CHEMPLASTS,EQ,       195.98,                 44454338.54,226203
,CHENNPETRO,EQ,      1110.90,               1257472033.70,1122447
,CHEVIOT,EQ,      1114.60,                  2878591.60,2560
,CHOICEGOLD,EQ,       139.50,                   576992.56,4131
,CHOICEIN,EQ,       810.80,                549684145.05,676638
,CHOLAHLDNG,EQ,      1586.70,                342056938.40,213907
,CIEINDIA,EQ,       458.55,                 42688903.75,92696
,CIFC26A,N9,      1251.00,                    37530.00,30
,CIFL,EQ,        22.02,                  1216671.58,55054
,CINELINE,EQ,        76.37,                  1775960.20,23091
,CINEVISTA,EQ,        15.44,                   123653.66,7994
,CITIUSINVT,IV,       109.96,                 11113295.82,100922
,CKKRETAIL,SM,       135.95,                   212960.00,1600
,CLASSICEIL,ST,        58.15,                  1388960.00,24000
,CLAYCRAFT,SM,       177.60,                 14222130.00,79800
,CLEAN,EQ,       758.05,                201525282.55,266031
,CLEANMAX,EQ,      1273.40,                103980907.90,81496
,CLEDUCATE,BE,        59.00,                   574637.80,9850
,CLSEL,EQ,       280.80,                  8633076.10,30551
,CLSL,SM,        47.25,                   474600.00,10000
,CMNL,SM,        99.00,                   372300.00,3750
,CMPDI,EQ,       271.07,               1686437010.98,6375990
,CMRGREEN,EQ,       224.75,                134521570.00,594807
,CMRSL,SM,        66.00,                   105600.00,1600
,CMSINFO,EQ,       266.85,                306495384.25,1156883
,CNL,EQ,       895.60,                159382222.75,173818
,COASTCORP,EQ,        50.60,                  2862771.60,56158
,COCHINSHIP,EQ,      1390.80,               1929698859.90,1384716
,COCKERILL,EQ,      9552.00,                117490914.50,12183
,COFFEEDAY,BE,        31.74,                  9110899.87,286385
,COFORGE,EQ,      1534.50,               4400701591.70,2837341
,COHANCE,EQ,       438.80,                138036442.50,313127
,COLPAL,EQ,      2008.70,                362463167.70,180202
,COMFINTE,EQ,         5.58,                  2861958.04,519024
,COMMOIETF,EQ,       100.30,                  2916224.55,29090
,COMPINFO,BZ,         1.16,                    13238.83,11041
,COMPUSOFT,EQ,        13.08,                   223751.13,17002
,COMSYN,EQ,       194.16,                 40274876.88,206839
,CONCOR,EQ,       493.15,               6929309625.05,14171169
,CONCORDBIO,EQ,      1327.60,                144136882.00,108621
,CONFIPET,EQ,        73.62,                121614539.25,1652325
,CONNPLEX,SM,       196.20,                  2209760.00,11200
,CONS,EQ,        11.94,                  2232983.25,186815
,CONSOFINVT,EQ,       277.52,                 32935591.91,120007
,CONSUMAXIS,EQ,       119.85,                   114614.67,956
,CONSUMBEES,EQ,       129.05,                  6709714.44,51968
,CONSUMER,EQ,        11.70,                 10448868.59,892679
,CONSUMIETF,EQ,       120.00,                   519655.83,4321
,CONTROLPR,EQ,       645.70,                 12265185.90,18965
,COOLCAPS,ST,        21.90,                  2006125.00,91250
,CORALFINAC,EQ,        32.82,                   236877.73,7146
,CORDELIA,EQ,       823.55,                363392670.95,434765
,CORDSCABLE,BE,       202.92,                  1610779.66,7902
,COROMANDEL,EQ,      2071.60,                293486828.80,142797
,CORONA,EQ,      2047.20,                 82563965.80,39829
,COSMOFIRST,EQ,       817.55,                 31834709.35,38792
,COUNCODOS,EQ,         7.14,                 18554862.35,2532290
,CPCAP,BE,       111.97,                  1782824.15,15929
,CPEDU,EQ,       191.15,                   653333.93,3394
,CPPLUS,EQ,      3622.80,                439217914.70,120904
,CPS,SM,       990.00,                  8464500.00,8550
,CPSEETF,EQ,        96.55,                136582104.71,1415256
,CRAFTSMAN,EQ,      9158.00,                447802964.50,48761
,CRAMC,EQ,       265.36,                156643532.90,594273
,CRAYONS,SM,        28.70,                   225000.00,8000
,CREATIVEYE,EQ,         6.02,                    60680.94,10108
,CREDITACC,EQ,      1469.30,                507072368.50,343181
,CREST,EQ,       369.65,                  1859498.15,5035
,CRISIL,EQ,      4053.70,                110948921.40,27367
,CRIZAC,EQ,       194.29,                 92722291.71,476318
,CROMPTON,EQ,       261.00,                894269849.40,3432777
,CROWN,EQ,       114.29,                   325614.02,2873
,CSBBANK,EQ,       356.60,                112677611.70,315837
,CSLFINANCE,EQ,       221.16,                  1407769.04,6318
,CSM,BE,        97.54,                 52026967.57,528079
,CSSL,SM,       102.00,                   405950.00,4000
,CTE,EQ,        30.38,                   171418.66,5571
,CUB,EQ,       221.30,                261165328.31,1175916
,CUBEINVIT,IV,       153.40,                  3835000.00,25000
,CUBEXTUB,EQ,        79.42,                  2286034.88,28600
,CUDML,ST,       166.25,                   666550.00,4000
,CUPID,EQ,       216.77,              13157721911.60,61486978
,CURAA,EQ,        74.96,                   102505.66,1304
,CURIS,SM,       100.00,                   100000.00,1000
,CYBERMEDIA,BE,        16.23,                     7987.26,494
,CYBERTECH,BE,       140.94,                  1749646.52,12383
,CYIENT,EQ,       852.75,                160954377.50,188584
,CYIENTDLM,EQ,       532.65,                157399071.55,297321
,DABUR,EQ,       434.45,                621465759.90,1427118
,DAICHI,BE,       317.35,                   127977.75,407
,DALBHARAT,EQ,      1761.70,                375009759.50,212804
,DALMIASUG,EQ,       364.00,                 58090780.50,159107
,DAMCAPITAL,EQ,       157.05,                 50742954.09,320904
,DAMODARIND,BE,        30.48,                   176646.03,5865
,DANGEE,EQ,         3.19,                   165141.76,51272
,DANISH,SM,       872.70,                 35049202.50,39750
,DATAMATICS,EQ,       860.55,                133630923.25,153993
,DATAPATTNS,EQ,      4214.50,               1932788117.60,460480
,DAVANGERE,EQ,         3.48,                 46822462.21,13214913
,DBCORP,EQ,       206.07,                 66680340.14,324225
,DBEIL,BE,         8.17,                   671548.18,83425
,DBL,EQ,       411.60,                 30679352.85,74393
,DBOL,BE,       118.16,                 17187696.59,144476
,DBREALTY,BE,       122.51,                 91037490.32,752557
,DBSTOCKBRO,BE,        40.00,                  4293228.62,107409
,DCAL,EQ,       194.94,                 39326641.02,202834
,DCBBANK,EQ,       187.38,                207731728.70,1101456
,DCCL,SM,        44.30,                  1782500.00,40000
,DCG,SM,        53.45,                   629220.00,12000
,DCI,EQ,       279.90,                  1332956.90,4746
,DCM,BE,        98.37,                  1330326.20,13453
,DCMFINSERV,BE,         5.34,                    25631.98,4800
,DCMNVL,BE,       147.56,                   757627.27,5120
,DCMSHRIRAM,EQ,      1028.30,                 42253997.40,40681
,DCMSIL,BE,        79.90,                   545637.10,6829
,DCMSRIND,EQ,        40.99,                  6272056.76,149690
,DCW,EQ,        47.21,                 45120124.79,945637
,DCXINDIA,EQ,       193.47,                195024577.14,1008180
,DDEVPLSTIK,EQ,       292.20,                 68989915.35,233464
,DECCANCE,EQ,       568.65,                  1681799.90,2948
,DECCANTRAN,SM,        21.00,                    25200.00,1200
,DECNGOLD,EQ,       200.90,                352009084.05,1736040
,DEEDEV,BE,       691.60,                 72425977.50,104744
,DEEM,ST,        52.25,                   104550.00,2000
,DEEPAKFERT,EQ,      1542.00,                544911068.50,354675
,DEEPAKNTR,EQ,      1669.30,                529975698.20,314981
,DEEPINDS,EQ,       465.60,                 69266609.60,148589
,DEFENCE,EQ,        77.87,                 21230091.04,272945
,DELAPLEX,SM,        99.60,                   422250.00,4200
,DELHIVERY,EQ,       512.10,               1518683937.20,2962078
,DELPHIFX,BE,         8.43,                  1361786.30,159260
,DELTACORP,EQ,        66.25,                294829995.53,4456642
,DELTAMAGNT,EQ,        58.28,                    49876.85,847
,DELTIC,ST,        34.00,                   624700.00,18000
,DEN,EQ,        30.30,                 27712333.40,912233
,DENEERS,SM,       183.25,                 10098960.00,58800
,DENORA,EQ,       901.15,                  5101461.25,5702
,DENTA,EQ,       335.40,                 63879077.75,189614
,DENTALKART,SM,       376.00,                  4291987.50,11500
,DEVIT,EQ,        27.89,                  1944554.81,68042
,DEVX,EQ,        34.90,                  4282715.46,122972
,DEVYANI,EQ,       111.35,                110743739.41,989475
,DGCONTENT,EQ,        26.07,                   440986.83,16689
,DHAMPURSUG,EQ,       144.47,                 30845429.61,212633
,DHANBANK,EQ,        34.00,                 36952167.61,1084060
,DHANUKA,EQ,      1022.60,                 28657665.70,27856
,DHARAN,BZ,         0.15,                  6148652.93,38654870
,DHARARAIL,ST,       133.05,                   267050.00,2000
,DHARIWAL,SM,        33.50,                   100500.00,3000
,DHARMAJ,EQ,       258.55,                  3994680.30,15443
,DHRUV,BE,        26.90,                   151806.15,5634
,DHUNINV,EQ,       966.45,                   994518.10,1011
,DIACABS,EQ,       224.97,                750919786.27,3307812
,DIAMINESQ,EQ,       271.51,                  1349826.09,4941
,DIAMONDYD,EQ,      1195.80,                  9327563.80,7808
,DICIND,EQ,       518.05,                   297022.30,569
,DIFFNKG,EQ,       392.55,                 22429976.55,56829
,DIGIDRIVE,EQ,        18.75,                   210238.21,11153
,DIGIKORE,SM,        50.40,                  7575380.00,145600
,DIGISPICE,BE,        19.23,                  3124923.18,164003
,DIGITIDE,EQ,       102.71,                 33875918.58,326183
,DIGJAMLMTD,EQ,        43.38,                   276364.66,6369
,DISAQ,EQ,     12025.00,                  3938801.00,327
,DISHTV,BE,         2.97,                  1518833.75,513925
,DIVGIITTS,EQ,       949.80,                 29087472.65,30505
,DIVIDEND,EQ,        35.04,                   340591.25,9719
,DIVINEHIRA,ST,       111.40,                  3120120.00,28800
,DIVOPPBEES,EQ,        76.30,                  2299683.90,30082
,DIXON,EQ,     13365.00,               5288865380.00,396507
,DJML,EQ,       100.95,                 13949064.69,134108
,DLINKINDIA,EQ,       469.20,                142500003.45,301484
,DMCC,EQ,       258.30,                  3588861.80,13724
,DNAMEDIA,EQ,         2.77,                    45889.33,16384
,DODLA,EQ,      1093.60,                  9365860.00,8540
,DOLATALGO,EQ,        72.15,                  3424356.44,47281
,DOLLAR,EQ,       262.55,                 47601943.25,180358
,DOLLEX,SM,        30.00,                   717600.00,24000
,DOLPHIN,EQ,       396.55,                  3701798.45,9345
,DOMS,EQ,      2295.00,                155790753.80,67545
,DONEAR,EQ,        86.29,                  1019887.67,11906
,DPABHUSHAN,EQ,      1172.05,                 27126599.20,23215
,DPEL,SM,       588.45,                 27074950.00,46000
,DPSCLTD,BE,         7.34,                   726607.37,99574
,DPWIRES,BE,       176.14,                  1167110.80,6577
,DRAGARWQ,EQ,      5008.50,                  1786817.00,357
,DRCSYSTEMS,EQ,        13.66,                   317082.22,23123
,DREAMFOLKS,EQ,        68.68,                  2663533.66,38276
,DREDGECORP,EQ,      1024.70,                 71962282.70,70023
,DRONE,ST,        38.90,                   505750.00,13000
,DSFCL,BE,        23.50,                  2341793.70,98913
,DSSL,EQ,      1268.30,                 35546328.60,27900
,DTIL,EQ,       139.17,                   167698.95,1207
,DUCOL,SM,       107.25,                    85800.00,800
,DUCON,EQ,         3.03,                  1124719.09,362612
,DUGLOBAL,ST,        30.45,                   459125.00,15000
,DURLAX,ST,        49.00,                  1443800.00,30000
,DVL,EQ,       238.34,                  3653280.78,15134
,DWARKESH,EQ,        43.86,                 25595595.52,581359
,DYCL,EQ,       390.85,               3767693876.75,9520977
,DYNAMATECH,EQ,     10336.00,                 51595134.00,5002
,DYNAMIC,ST,       162.95,                  1522575.00,9500
,DYNPRO,EQ,       231.00,                  1433773.47,6161
,E2E,EQ,       394.60,                462905555.95,1171985
,E2ERAIL,ST,       271.45,                 11621720.00,42400
,EASEMYTRIP,EQ,         6.96,                 51808852.62,7435154
,EASTSILK,BE,        48.74,                      974.80,20
,EBANKNIFTY,EQ,        58.11,                    41345.06,712
,EBBETF0430,EQ,      1609.28,                  7702622.94,4787
,EBBETF0431,EQ,      1432.40,                 79071185.05,55176
,EBBETF0433,EQ,      1307.97,                  2993899.09,2284
,EBGNG,EQ,       586.95,                363594534.15,613917
,ECAPINSURE,EQ,        24.55,                   284856.68,11632
,ECLERX,EQ,      1718.30,                930554401.10,551894
,ECOLINE,ST,       199.90,                   599900.00,3000
,ECOSMOBLTY,BE,       128.16,                  2236525.40,17389
,EDELWEISS,EQ,       119.54,                191136287.20,1588683
,EEPL,SM,       115.70,                  1023800.00,9000
,EFACTOR,SM,       160.00,                   128000.00,800
,EFCIL,EQ,       197.51,                 42209059.79,215767
,EFFWA,ST,       380.00,                  1212840.00,3200
,EFORCE,SM,        23.35,                   222120.00,9600
,EGOLD,EQ,       140.50,                  3467516.45,24677
,EIDPARRY,EQ,       779.00,                302326168.15,390315
,EIEL,EQ,       227.50,                357492538.07,1560108
,EIFFL,BE,       334.30,                  2614343.95,7955
,EIHAHOTELS,EQ,       329.45,                  7472617.60,22728
,EIHOTEL,EQ,       336.80,                 87943747.10,260018
,EIMCOELECO,EQ,      1765.90,                 41229069.30,23304
,EKC,EQ,       114.54,                 11613097.99,101740
,ELANTAS,EQ,      9522.00,                  4673219.00,493
,ELCIDIN,EQ,    112075.00,                   564810.00,5
,ELDEHSG,EQ,       788.60,                    22868.30,29
,ELECON,EQ,       486.55,                197322664.25,402233
,ELECTCAST,EQ,        76.02,                 92485099.91,1207840
,ELECTHERM,EQ,      1082.80,                  7017934.30,6421
,ELGIEQUIP,EQ,       576.65,                100923766.50,176276
,ELGIRUBCO,EQ,        57.15,                  1765224.78,31001
,ELGNZ,SM,        91.00,                  3173000.00,36000
,ELIN,EQ,       101.36,                 34553483.79,342934
,ELIQUID,EQ,      1039.23,                 25960974.82,24981
,ELITECON,EQ,        18.47,                180564792.13,9401111
,ELLEN,EQ,       286.15,                 63660105.70,220064
,ELM250,EQ,        16.57,                   433473.15,26115
,ELPROINTL,EQ,       174.15,                  3186597.07,18314
,EMAMILTD,EQ,       420.95,                537517987.00,1273497
,EMAMIPAP,EQ,        88.34,                  1225067.04,13861
,EMAMIREAL,BE,        79.12,                   215854.66,2749
,EMBASSY,RR,       442.81,                 93101323.28,209903
,EMBDL,EQ,        64.79,                128910187.57,1985395
,EMCURE,EQ,      1810.10,                250489949.80,138088
,EMIL,EQ,       132.01,                 86157827.66,662505
,EMKAY,EQ,       259.75,                  6314960.45,24285
,EMKAYTOOLS,SM,        92.00,                   538102.50,6000
,EMMBI,BE,        91.54,                   395450.72,4322
,EMMIL,SM,       131.00,                   443650.00,3500
,EMMVEE,EQ,       334.15,                910108107.85,2680086
,EMPOWER,BE,         2.24,                  9376800.48,4188050
,EMSLIMITED,EQ,       429.55,                429700587.70,985942
,EMUDHRA,EQ,       458.70,                 78157550.00,169797
,EMULTIMQ,EQ,        41.27,                   964775.99,23394
,ENCOMPAS,SM,       246.40,                  2491360.00,10000
,ENDURANCE,EQ,      2681.10,                281433138.30,105883
,ENERGY,EQ,        39.34,                  4351788.38,110689
,ENERGYDEV,EQ,        17.00,                   563802.35,33155
,ENEXT50,EQ,        71.63,                    20493.69,288
,ENFUSE,SM,       171.00,                   410670.00,2400
,ENGINERSIN,EQ,       228.68,                759063533.61,3320512
,ENIFTY,EQ,        24.17,                  1491400.22,61701
,ENIL,EQ,       106.31,                 22456662.11,211957
,ENSER,ST,        13.95,                    69750.00,5000
,ENTERO,EQ,      1241.60,                101289754.00,81441
,ENVIRO,SM,        85.00,                  1257050.00,15000
,EPACK,EQ,       237.29,                 85705979.15,359973
,EPACKPEB,EQ,       275.75,                230693886.57,842455
,EPIGRAL,EQ,      1048.00,                 70074133.10,67074
,EPL,EQ,       234.78,                 52681307.42,224417
,EPWINDIA,ST,       280.00,                  4014060.00,14400
,EQUAL200,EQ,        13.74,                   151680.08,11059
,EQUAL50,EQ,       329.06,                  2030904.94,6161
,EQUAL50ADD,EQ,       339.54,                 25927292.22,76289
,EQUIPPP,BE,        24.48,                  1397869.94,57527
,EQUITASBNK,EQ,        79.94,                227802363.24,2820502
,ERIS,EQ,      1453.10,                 95897021.20,65995
,ESABINDIA,EQ,      5651.00,                 14052227.00,2492
,ESAFSFB,EQ,        35.04,                 38020390.24,1085000
,ESCONET,ST,       127.05,                  4915300.00,38800
,ESCORTS,EQ,      2928.40,                133059365.40,45372
,ESENSEX,EQ,        77.75,                     9391.69,121
,ESFL,ST,       114.00,                   575172.00,5040
,ESG,EQ,        41.43,                  5061523.04,122151
,ESILVER,EQ,       217.72,                116621768.76,535708
,ESPRIT,SM,        57.25,                   557600.00,9600
,ESSARSHPNG,EQ,        20.17,                 52230115.29,2630073
,ESSENTIA,BE,         1.21,                  1379130.64,1136864
,ESTER,EQ,        88.55,                  4792519.94,53982
,ETHOSLTD,EQ,      2645.70,                 95784915.50,36160
,ETL,SM,       950.00,                   866400.00,900
,ETML,SM,        80.45,                   883440.00,10800
,EUREKAFORB,EQ,       469.00,                158588231.30,339445
,EUROBOND,EQ,       163.06,                  2196633.83,13459
,EUROPRATIK,EQ,       311.75,                 35323431.25,114337
,EUROTEXIND,BE,        14.51,                     4541.63,313
,EVEREADY,EQ,       346.30,                 59193791.50,168352
,EVERESTIND,BE,       521.30,                 12288759.60,23436
,EVIETF,EQ,        31.19,                  8023184.63,257400
,EVINDIA,EQ,        31.13,                 13973697.42,448914
,EXCELINDUS,EQ,       890.85,                 12666961.05,14145
,EXCELLENT,ST,       202.55,                  1292160.00,6400
,EXCELSOFT,EQ,        78.77,                 16648331.49,209919
,EXICOM,EQ,       163.06,                193376282.27,1174422
,EXIDEIND,EQ,       419.45,                733676404.05,1745862
,EXIMROUTES,SM,       110.00,                 21910400.00,199200
,EXPLEOSOL,EQ,       803.15,                 12464899.75,15304
,EXXARO,EQ,         6.53,                  1103436.32,167529
,FABTECH,EQ,       158.10,                 47362945.44,302022
,FACT,EQ,       844.35,                 46960780.95,55501
,FAIRCHEMOR,BE,       707.65,                  5243445.20,7415
,FALCONTECH,SM,        11.45,                    94500.00,8400
,FAZE3Q,EQ,       577.55,                 13941709.15,23974
,FCL,EQ,        35.69,                243216704.92,6788597
,FCSSOFT,BE,         1.64,                  2426282.59,1488278
,FDC,EQ,       421.65,                 34491824.85,81286
,FEDDERSHOL,EQ,        44.69,                 16905601.99,379541
,FEDERALBNK,EQ,       327.50,               1139921465.85,3477293
,FEDFINA,EQ,       154.85,                123906000.31,797593
,FEL,BZ,         0.38,                    11750.36,30922
,FELDVR,BZ,         2.47,                     2824.64,1148
,FELIX,SM,       185.10,                 11527900.00,62500
,FERMENTA,EQ,       450.10,                410923639.65,891989
,FIBERWEB,EQ,        30.92,                   365844.54,11881
,FIDEL,SM,       155.65,                  2086350.00,14000
,FIEMIND,EQ,      2218.50,                 52367174.20,23590
,FILATEX,EQ,        61.69,                177469226.76,2863533
,FILATFASH,BE,         0.19,                  2855696.77,15124174
,FINBUD,SM,       124.90,                  3352550.00,27000
,FINCABLES,EQ,      1032.70,                245526816.00,236877
,FINEORG,EQ,      4984.00,                 42829332.00,8593
,FINIETF,EQ,        32.62,                 10498682.28,322063
,FINKURVE,EQ,        65.88,                  3061666.74,46556
,FINOPB,EQ,       176.40,               9096771116.92,50668801
,FINPIPE,EQ,       166.51,                127140705.64,761398
,FIRSTCRY,EQ,       214.83,                202884668.31,940752
,FISCHER,EQ,        37.98,                 73806345.56,1937650
,FIVESTAR,EQ,       547.00,                300629429.95,552337
,FLAIR,EQ,       261.80,                 49030699.35,187384
,FLEXIADD,EQ,         9.89,                  1093320.79,110435
,FLEXITUFF,BE,         5.09,                    39758.36,7899
,FLFL,BZ,         1.29,                    23218.97,18122
,FLUOROCHEM,EQ,      3923.90,                457543124.40,117131
,FLYSBS,SM,       460.60,                 13712200.00,29600
,FMCGADD,EQ,        48.75,                   184998.92,3790
,FMCGIETF,EQ,        52.15,                 56423595.54,1077910
,FMGOETZE,EQ,       468.65,                 70985028.25,149856
,FMNL,BE,         9.95,                    84088.47,8441
,FOCUS,BE,        80.44,                   320031.49,3938
,FONEBOX,SM,        73.00,                    73000.00,1000
,FOODSIN,EQ,        61.24,                  7231797.80,117528
,FORCAS,SM,       132.30,                 12939440.00,97600
,FORCEMOT,EQ,     17660.00,                996976294.00,56254
,FORTIS,EQ,       969.75,                839714618.90,870920
,FOSECOIND,EQ,      5135.00,                  7379696.00,1432
,FRACTAL,EQ,       833.70,                259489917.30,307661
,FRESHARA,SM,       314.65,                 19489770.00,61200
,FROG,ST,       167.00,                  5417560.00,32800
,FRONTSP,EQ,      1409.20,                 11930345.10,8443
,FSL,EQ,       264.15,                896214564.63,3347876
,FUSION,EQ,       230.09,                129401590.29,556918
,GABRIEL,EQ,      1248.60,                244417297.90,195635
,GAEL,EQ,       150.36,                136128638.39,908611
,GALAPREC,EQ,      1139.60,                 26096336.40,22834
,GALAXYSURF,EQ,      1959.00,                 28445966.40,14373
,GALLANTT,EQ,       686.05,                133448068.25,188662
,GANDHAR,EQ,       203.27,                 94016336.53,461951
,GANDHITUBE,EQ,       866.40,                  4455674.25,5140
,GANECOS,EQ,      1122.95,                111233792.40,98070
,GANESHBE,EQ,        96.54,                  7398761.96,76521
,GANESHCP,EQ,       184.41,                 13374933.81,72243
,GANESHHOU,EQ,       857.30,                 28938968.20,33782
,GANESHIN,ST,        90.80,                  3000800.00,32800
,GANGABATH,SM,        21.95,                   128550.00,6000
,GANGAFO-RE,BE,         0.11,                   394767.12,3588792
,GANGAFORGE,BE,         2.00,                   968260.02,482434
,GANGESSECU,EQ,       118.49,                    17655.36,149
,GARFIBRES,EQ,       755.15,                 80401309.85,105954
,GARUDA,EQ,       183.40,                 42169548.37,231994
,GATECH,EQ,         0.47,                  1419209.57,2952597
,GATECHDVR,EQ,         0.43,                   164047.71,376147
,GATEWAY,EQ,        59.76,                 38687916.29,645590
,GAUDIUMIVF,BE,       133.41,                 93797090.55,705439
,GAYAHWS,EQ,         1.87,                   436366.53,237052
,GAYAPROJ,BE,        21.69,                 17412892.36,778707
,GCHOTELS,ST,       116.10,                   967740.00,8400
,GCSL,EQ,       510.65,                292633178.90,574257
,GEECEE,BE,       345.35,                  1158780.55,3280
,GEEKAYWIRE,EQ,        24.50,                   543026.08,21972
,GEMAROMA,EQ,       189.99,                 53182824.58,275113
,GENCON,EQ,        40.86,                 12683985.23,309651
,GENESYS,EQ,       334.60,                 48844474.80,144744
,GENUSPAPER,EQ,        11.57,                   308117.12,26358
,GENUSPOWER,EQ,       312.60,                367183312.05,1170831
,GENXAI,SM,        75.30,                 11869800.00,153600
,GEOJITFSL,EQ,        80.73,                 27715933.14,341464
,GESHIP,EQ,      1418.80,                801374157.70,561382
,GFLLIMITED,EQ,        44.60,                  2363975.52,52674
,GGBL,SM,       260.80,                  5267700.00,20100
,GHCL,EQ,       436.40,                 48256450.70,110374
,GHCLTEXTIL,EQ,       107.97,                 54387812.68,499654
,GICHSGFIN,EQ,       148.72,                 25405945.32,171240
,GICL,EQ,        17.21,                  4111690.66,236000
,GICRE,EQ,       365.20,                358283645.65,981384
,GILLANDERS,EQ,        88.34,                   223417.99,2496
,GILLETTE,EQ,      7831.50,                 62750575.00,7989
,GILT10BETA,EQ,        26.85,                    24347.25,916
,GILT5YBEES,EQ,        65.80,                 22724263.78,345544
,GINNIFILA,BE,        51.13,                  3036458.05,57993
,GIPCL,EQ,       166.31,                 52665411.12,317312
,GIRIRAJ,SM,       131.00,                   549812.50,4250
,GJL,ST,       183.50,                  2489560.00,13600
,GKENERGY,EQ,       140.87,                 65389398.08,464661
,GKSL,EQ,       132.74,                233957621.37,1727783
,GKWLIMITED,EQ,      1761.40,                    57601.30,33
,GLAND,EQ,      2488.30,               1224663560.40,492111
,GLAXO,EQ,      2463.40,                463931484.50,186910
,GLENMARK,EQ,      2305.10,               1635028649.20,706821
,GLFL,BE,         5.70,                     3170.06,558
,GLOBAL,EQ,       102.15,                  2308522.40,22727
,GLOBALE,BE,        11.30,                    18432.70,1619
,GLOBALVECT,EQ,       154.39,                  1572042.01,10163
,GLOBE,EQ,         2.15,                   245425.56,114480
,GLOBECIVIL,BE,        41.55,                   961223.35,23093
,GLOBUSSPR,EQ,       937.40,                 85466441.05,90491
,GLOSTERLTD,EQ,       656.60,                   899061.30,1354
,GLOTTIS,BE,        67.01,                  1939895.70,28945
,GMBREW,EQ,       913.20,                 51412884.75,56019
,GMDCLTD,EQ,       586.00,                432262789.70,731862
,GMMPFAUDLR,EQ,       787.90,                 63466938.90,81309
,GMRAIRPORT,EQ,       113.38,               1534146937.71,13560314
,GMRP&UI,EQ,        99.93,                 66652635.70,667413
,GNA,EQ,       555.70,                815600126.20,1495245
,GNFC,EQ,       493.85,                168254589.35,339308
,GNRL,EQ,        97.45,                 10344909.58,105282
,GOACARBON,EQ,       411.10,                  5907200.30,14378
,GOCLCORP,EQ,       403.40,                 19046443.85,47526
,GOCOLORS,EQ,       342.90,                 46825687.80,137480
,GODAVARIB,EQ,       263.15,                 35474944.45,134328
,GODFRYPHLP,EQ,      2070.50,                275981284.90,133148
,GODIGIT,EQ,       307.80,                 95909527.60,315392
,GODREJAGRO,EQ,       561.10,                 29503769.65,52403
,GODREJIND,EQ,      1336.70,                255107562.30,189505
,GODREJPROP,EQ,      2107.40,               1984100213.80,936136
,GOKEX,EQ,       841.75,                303056377.50,358398
,GOKUL,EQ,        41.04,                  5847790.05,140438
,GOKULAGRO,EQ,       213.98,                184443868.89,850434
,GOLD1,EQ,       117.09,                243317343.17,2075692
,GOLD360,EQ,       137.25,                  1999517.55,14567
,GOLDADD,EQ,       136.29,                 30765772.98,225647
,GOLDAXIS,EQ,       116.85,                 96141316.00,822537
,GOLDBEES,EQ,       115.98,               2436383835.61,20985804
,GOLDBETA,EQ,       118.05,                 25214376.35,213418
,GOLDBND,EQ,       140.63,                  1619786.97,11518
,GOLDCASE,EQ,        22.06,                193453150.20,8755790
,GOLDENTOBC,BZ,        26.32,                    53367.18,2070
,GOLDETF,EQ,       136.59,                121417751.12,888739
,GOLDIAM,EQ,       359.50,                403707809.00,1124569
,GOLDIETF,EQ,       120.19,                339599421.59,2824722
,GOLDSTAR,SM,         7.65,                   342000.00,45000
,GOLDTECH,BE,        61.31,                  4645657.39,73537
,GOODLUCK,EQ,      1579.50,                195874718.80,122209
,GOODYEAR,EQ,       791.90,                  5761565.90,7286
,GOPAL,EQ,       263.10,                 14082003.45,53321
,GOYALALUM,EQ,         6.70,                   328412.41,48914
,GPECO,ST,       433.90,                  7728470.00,18000
,GPIL,EQ,       251.85,                323252192.30,1282955
,GPPL,EQ,       151.18,                177501903.68,1165089
,GPTHEALTH,EQ,       154.10,                  6070800.33,39227
,GPTINFRA,EQ,       119.20,                  8063332.80,67094
,GRADIENTE,BE,         3.70,                  2200928.01,591847
,GRANDOAK,EQ,        42.28,                   333028.82,7917
,GRANULES,EQ,       895.10,                801829829.45,896774
,GRAPHITE,EQ,       621.00,                457509774.35,728577
,GRAUWEIL,EQ,        78.57,                 23038305.65,294316
,GRAVISSHO,EQ,        29.32,                    17812.88,599
,GRAVITA,EQ,      1811.90,                374264859.80,206428
,GREAVESCOT,EQ,       262.66,               1035841007.36,3914083
,GREENCHEF,SM,        48.60,                   466800.00,9600
,GREENLAM,EQ,       251.15,                 17458915.75,68933
,GREENLEAF,ST,       115.00,                  2569900.00,22000
,GREENPANEL,EQ,       197.08,                 15288150.58,77546
,GREENPLY,EQ,       312.20,                 23371961.05,74654
,GREENPOWER,EQ,         9.99,                 19425715.14,1935425
,GRINDWELL,EQ,      2001.10,                 88902884.10,44486
,GRINFRA,EQ,       905.00,                 12952507.45,14398
,GRMOVER,EQ,        94.00,                122463159.86,1283920
,GROBTEA,EQ,       909.35,                    85081.10,94
,GROWW,EQ,       203.79,               6493156587.13,31398724
,GROWWCAPM,EQ,        11.58,                  9148295.84,787517
,GROWWCHEM,EQ,        29.68,                  2177255.98,73778
,GROWWDEFNC,EQ,        93.25,                 17525867.69,188273
,GROWWEV,EQ,        31.04,                 10377468.35,333813
,GROWWGOLD,EQ,        13.72,                 27331234.49,1989955
,GROWWHOSPI,EQ,        54.16,                 71164027.23,1317289
,GROWWLIQID,EQ,       109.89,                 16196752.12,147386
,GROWWLOVOL,EQ,        10.28,                   701630.34,68162
,GROWWMC150,EQ,       231.56,                   290509.00,1255
,GROWWMETAL,EQ,        12.04,                  5015344.21,415382
,GROWWMOM50,EQ,        10.72,                  4675088.47,436890
,GROWWN200,EQ,        11.29,                   496286.73,44000
,GROWWNET,EQ,         9.93,                  4690226.89,471227
,GROWWNIFTY,EQ,         9.73,                  5071340.00,520738
,GROWWNXT50,EQ,        71.84,                   328997.29,4580
,GROWWPOWER,EQ,        11.82,                 22214660.55,1882397
,GROWWPSE,EQ,        99.58,                    34741.69,350
,GROWWPSUBK,EQ,        83.81,                   238365.21,2845
,GROWWRAIL,EQ,        28.88,                 10038427.45,347032
,GROWWRLTY,EQ,        10.30,                  3871160.49,375348
,GROWWSC250,EQ,        10.36,                  1525146.73,146969
,GROWWSLVR,EQ,        21.31,                 21063916.00,989979
,GRPLTD,EQ,      1882.50,                  3353041.90,1780
,GRSE,EQ,      2616.60,                558107526.90,212911
,GRWRHITECH,EQ,      7037.00,                244152372.00,34884
,GSEC10ABSL,EQ,       113.00,                     1016.50,9
,GSEC10YEAR,EQ,        30.30,                   157533.93,5184
,GSEC5IETF,EQ,        65.92,                   541305.73,8192
,GSFC,EQ,       159.32,                 50163131.63,313612
,GSLSU,EQ,        34.80,                  9625208.84,271697
,GSMFOILS,SM,       259.60,                 11765050.00,45000
,GSPCROP,EQ,       440.20,                177282149.75,402151
,GSS,BE,        12.58,                    65128.75,5194
,GSTL,ST,        14.75,                    88550.00,6000
,GTECJAINX,BE,        25.50,                   110258.94,4330
,GTL,EQ,         7.22,                  1387916.26,191435
,GTLINFRA,EQ,         1.28,                 70421578.73,54789868
,GTPL,EQ,        62.60,                  3843687.14,61964
,GUFICBIO,EQ,       399.30,                 42657332.80,106670
,GUJALKALI,EQ,       600.75,                 16584579.15,27572
,GUJAPOLLO,EQ,       362.35,                   683993.50,1882
,GUJENERGY,BE,       284.95,                528833892.35,1855760
,GUJRAFFIA,EQ,        39.63,                    67616.06,1734
,GUJTHEM,EQ,       371.90,                 15488149.85,41412
,GULFOILLUB,EQ,      1033.50,                 42047334.30,40537
,GULFPETRO,BE,        38.50,                  1683560.74,43673
,GULPOLY,EQ,       186.29,                 20802741.25,110351
,GVKPIL,BE,         2.49,                  1719771.46,698495
,GVPIL,EQ,       790.10,                169129000.20,213565
,GVPTECH,EQ,         6.66,                   615459.44,91559
,GVT&D,EQ,      4498.60,               4133865133.10,926021
,GYFTR,EQ,       165.68,                  6145654.82,36595
,HALDER,EQ,       227.97,                  6055517.95,26486
,HALDYNGL,BE,       120.77,                  2483153.44,20454
,HALEOSLABS,EQ,      1592.00,                   974444.40,612
,HAPPSTMNDS,EQ,       392.80,               1257582097.35,3112937
,HAPPYFORGE,EQ,      1591.90,                 79169925.20,50081
,HARDWYN,EQ,        19.46,                352518876.33,16912391
,HARIOMPIPE,EQ,       400.45,               2332210730.45,5609157
,HARRMALAYA,EQ,       226.48,                 17783286.00,78538
,HARSHA,EQ,       416.55,                 61274367.70,145984
,HATHWAY,EQ,        11.28,                 56657756.70,4936513
,HATSUN,EQ,       933.50,                 86803030.75,93129
,HAVELLS,EQ,      1187.30,               1322135906.50,1122208
,HAVISHA,EQ,         1.19,                    96017.24,80148
,HAWKINCOOK,EQ,      8977.00,                 14468883.50,1612
,HBESD,EQ,        73.01,                    54417.50,731
,HBLENGINE,EQ,       743.30,                721802431.10,964470
,HBSL,BE,        49.99,                    80537.19,1631
,HCC,EQ,        23.03,                370199644.96,15974168
,HCG,EQ,       686.35,                 87488044.95,128109
,HCL-INSYS,EQ,        11.86,                  1636772.69,137765
,HDBFS,EQ,       743.90,                218105684.10,292518
,HDFCBSE500,EQ,        37.43,                 73685999.69,1977287
,HDFCGOLD,EQ,       119.92,                214423356.75,1787189
,HDFCGROWTH,EQ,       114.84,                  2778716.96,24168
,HDFCLIQUID,EQ,      1069.19,                 44626248.15,41738
,HDFCLOWVOL,EQ,        20.36,                    72704.94,3550
,HDFCMID150,EQ,        23.31,                 24045669.35,1029965
,HDFCMOMENT,EQ,        30.91,                  2680358.75,86739
,HDFCNEXT50,EQ,        73.23,                 11243240.05,153677
,HDFCNIF100,EQ,        26.29,                   615422.01,23700
,HDFCNIFBAN,EQ,        59.12,                 87020848.07,1468005
,HDFCNIFIT,EQ,        30.60,                  5155922.49,167420
,HDFCNIFTY,EQ,       270.46,                 10577993.19,39059
,HDFCPSUBK,EQ,        84.10,                 14012196.94,165980
,HDFCPVTBAN,EQ,        28.43,                  5310965.41,186532
,HDFCQUAL,EQ,        56.92,                   488204.04,8576
,HDFCSENSEX,EQ,        87.42,                  2690769.12,30758
,HDFCSILVER,EQ,       208.06,                399992033.10,1925920
,HDFCSML250,EQ,       180.71,                246670472.04,1361019
,HDFCVALUE,EQ,       127.06,                   246582.87,1946
,HDIL,BZ,         1.70,                   311659.55,181203
,HEADSUP,EQ,         6.61,                    61820.44,9170
,HEALTHADD,EQ,        16.57,                  1697027.62,102298
,HEALTHAXIS,EQ,       167.11,                   450095.86,2690
,HEALTHCARE,EQ,        21.27,                   984273.93,46241
,HEALTHIETF,EQ,       168.33,                 26936623.91,159937
,HEALTHX,EQ,       334.35,                  2865792.15,8476
,HEALTHY,EQ,        16.87,                 10691438.31,632264
,HECPROJECT,EQ,       128.56,                   919899.31,7226
,HEG,EQ,       566.45,                764564829.60,1339401
,HEIDELBERG,EQ,       157.41,                  6798047.65,43258
,HEMIPROP,EQ,       136.76,                 29739309.34,216055
,HERANBA,EQ,       180.72,                  6753867.29,37065
,HERITGFOOD,EQ,       333.45,                 50927633.50,152463
,HEROMOTOCO,EQ,      4878.30,               3338283916.40,680383
,HESTERBIO,EQ,      2386.80,                727007689.20,290142
,HEXAGON,EQ,        76.07,                229045274.34,2991167
,HEXATRADEX,EQ,       160.35,                   547297.88,3392
,HEXT,EQ,       558.65,                385244597.95,685284
,HFCL,EQ,       212.78,               2707707656.84,12863408
,HGINFRA,EQ,       557.65,                 38541009.60,68827
,HGM,EQ,        50.65,                    68848.21,1371
,HGS,EQ,       453.60,                782512673.40,1688542
,HIGREEN,SM,       141.10,                  3458880.00,24800
,HIKAL,EQ,       237.22,                 87440061.55,365108
,HILINFRA,BE,        45.10,                  1109683.03,24579
,HILTON,BE,        22.02,                  2011086.65,90509
,HIMATSEIDE,EQ,        87.28,                112733238.02,1258031
,HINDCOMPOS,EQ,       448.85,                 37847036.30,81396
,HINDCON,BE,        21.68,                   466726.02,21822
,HINDCOPPER,EQ,       491.65,               2367619172.60,4759971
,HINDOILEXP,EQ,       156.04,                229959491.07,1465384
,HINDPETRO,EQ,       386.00,               3463151180.95,8994389
,HINDWAREAP,EQ,       242.40,                 20308576.15,83877
,HIRECT,EQ,      1062.40,                 44476118.80,42432
,HISARMETAL,EQ,       154.20,                   119877.79,776
,HITECH,EQ,        86.92,                 32407455.06,369570
,HITECHCORP,BE,       319.00,                 18300007.60,58078
,HITECHGEAR,BE,       631.30,                  2781000.50,4352
,HLEGLAS,EQ,       393.55,                 69158789.05,173914
,HLVLTD,EQ,         7.49,                   924917.15,123141
,HMAAGRO,EQ,        21.78,                  4292841.14,196631
,HMT,BZ,        64.21,                   281729.40,4412
,HMVL,EQ,        89.77,                  4212313.80,47215
,HNDFDS,EQ,       557.80,                 26931095.60,47899
,HNGSNGBEES,EQ,       478.69,                 29579949.45,61665
,HOACFOODS,ST,       689.95,                  3048000.00,4500
,HOLMARC,SM,       107.00,                   325650.00,3000
,HOMEFIRST,EQ,      1223.10,                199460554.20,160522
,HOMESFY,SM,       117.00,                    35100.00,300
,HONASA,EQ,       474.40,                738589215.10,1539009
,HONAUT,EQ,     38060.00,                121537480.00,3189
,HONDAPOWER,EQ,      2119.50,                  4805478.70,2264
,HPAL,EQ,        34.85,                   526169.05,15109
,HPIL,EQ,       124.39,                    58677.38,469
,HPL,EQ,       345.50,                 30176337.25,87182
,HPTL,SM,       294.00,                  3152520.00,10800
,HRHNEXT,SM,        28.65,                    42975.00,1500
,HSBCGOLD,EQ,       125.62,                   176134.16,1437
,HSCL,EQ,       671.40,               3711843738.30,5549481
,HTMEDIA,EQ,        27.16,                 28009075.46,1045025
,HUBTOWN,EQ,       205.77,                144889797.03,701882
,HUDCO,EQ,       207.85,                287228932.67,1384175
,HUHTAMAKI,EQ,       215.78,                 24207117.65,110634
,HVAX,SM,       709.95,                  1917645.00,2700
,HYBRIDFIN,BE,        18.79,                   164211.11,8849
,IBLFL,SM,        60.60,                   727200.00,12000
,IBULLSLTD,BE,        30.90,                392764734.70,12388994
,ICDSLTD,EQ,        41.50,                      329.00,8
,ICELCO,ST,       159.40,                 42217620.00,261600
,ICEMAKE,EQ,       786.25,                 27292184.65,35084
,ICICIAMC,EQ,      3165.80,               3531637520.10,1118987
,ICICIB22,EQ,       116.23,                 35977983.85,309570
,ICICIGI,EQ,      1788.10,               1911094369.90,1081265
,ICICIPRULI,EQ,       503.95,                634646560.95,1254279
,ICIL,EQ,       403.10,                152750018.80,371311
,ICRA,EQ,      5249.50,                178194689.00,33747
,IDBI,EQ,        86.54,               4584228601.03,52823029
,IDEA,EQ,        13.83,               4036712438.48,290140997
,IDEAFORGE,BE,       903.20,                168511329.55,187809
,IDFCFIRSTB,EQ,        79.27,               1065322754.17,13422071
,IDFNIFTYET,EQ,       264.79,                   107964.55,406
,IEML,SM,        41.75,                   737450.00,17500
,IEX,EQ,       117.07,                562855995.82,4801175
,IFBAGRO,BE,       984.45,                  7869034.05,7949
,IFBIND,EQ,      1384.10,                320122885.40,224313
,IFCI,EQ,        74.52,               1082309837.66,14409046
,IFGLEXPOR,EQ,       214.86,                 16726221.63,75355
,IGARASHI,EQ,       464.00,                 19485518.70,41835
,IGCL,EQ,        74.73,                  8815701.31,118641
,IGIL,EQ,       343.75,                100877963.85,294313
,IGL,EQ,       151.79,                138908948.84,912225
,IGPL,EQ,       437.30,                 11196252.35,25745
,IIFL,EQ,       541.50,                594685250.65,1091269
,IIFLCAPS,EQ,       338.10,                 35886966.30,106279
,IIFLHF29,NE,      1340.00,                    33070.25,25
,IIFLHFZC27,NB,      1423.50,                    59787.00,42
,IIFLZC26,NN,      1473.00,                   564310.50,383
,IITL,EQ,       122.48,                 12896338.77,103607
,IKIO,EQ,       214.04,               1498471772.18,6824996
,IKS,EQ,      1879.40,                132018331.90,69884
,IL&FSENGG,BZ,        27.74,                  1241089.95,44341
,IL&FSTRANS,BZ,         2.19,                    56197.32,25821
,IMAGICAA,EQ,        47.01,                 31570004.99,663131
,IMC1,N3,       256.05,                     1280.25,5
,IMFA,EQ,      1419.20,                241690752.10,168764
,IMPAL,EQ,      1144.90,                  4771508.00,4203
,INA,EQ,       117.48,                246573901.86,2051617
,INCREDIBLE,EQ,        33.98,                    17240.63,525
,INDBANK,EQ,        33.28,                   627290.01,18769
,INDGN,EQ,       506.85,                 54485686.75,106624
,INDIACEM,EQ,       376.95,                 28870842.00,76576
,INDIAGLYCO,EQ,      1102.65,                297052003.05,269893
,INDIAMART,EQ,      1921.00,                145904953.50,76073
,INDIANB,EQ,       833.45,               1343377629.90,1613902
,INDIANCARD,EQ,       224.41,                  3114688.86,13370
,INDIANHUME,EQ,       414.40,                156163762.55,380290
,INDIASHLTR,EQ,       815.95,                 67557179.35,82849
,INDIGOPNTS,EQ,      1037.70,                120924704.30,116848
,INDIGRID,IV,       177.83,                133311393.29,746857
,INDIQUBE,EQ,       174.99,                  6031744.84,34514
,INDNIPPON,EQ,      1209.60,                 93148606.40,76377
,INDOAMIN,BE,       124.75,                  2830182.99,22627
,INDOBORAX,EQ,       486.70,                220094186.90,452199
,INDOCO,EQ,       248.53,                 51499035.77,205653
,INDOFARM,EQ,       154.62,                 20033046.87,128960
,INDORAMA,EQ,        47.15,                  4160202.21,87296
,INDOSTAR,EQ,       263.25,                 14279145.40,54133
,INDOTECH,BE,      3472.60,                104682005.40,30818
,INDOTHAI,EQ,       216.15,                159124101.76,737195
,INDOUS,EQ,        89.85,                   553321.95,6170
,INDOWIND,BE,         9.40,                   913465.28,96709
,INDPRUD,EQ,      6600.00,                   198074.00,30
,INDRAMEDCO,EQ,       373.90,                 34727156.80,92762
,INDSWFTLAB,EQ,       229.86,                180205670.57,780003
,INDTERRAIN,EQ,        30.94,                   513352.10,16615
,INDUSINDBK,EQ,       997.35,                767095472.95,767488
,INDUSINVIT,IV,       127.95,                 23327803.40,181956
,INDUSTOWER,EQ,       405.25,               1612694377.50,3968907
,INFINIUM,SM,       209.70,                  1052850.00,5000
,INFLUX,SM,       294.95,                  2861910.00,9600
,INFOBEAN,EQ,       163.61,                 48888481.54,296610
,INFOLLION,SM,       183.55,                  5777740.00,31600
,INFOMEDIA,EQ,         5.58,                    48121.99,8548
,INFRA,EQ,        12.25,                   205726.24,16819
,INFRABEES,EQ,       965.85,                  4812801.30,4984
,INFRAIETF,EQ,        96.30,                  5224039.18,54288
,INGERRAND,EQ,      4391.80,                 20815697.60,4743
,INNOMET,ST,       163.75,                  6975750.00,42600
,INNOVACAP,EQ,       993.55,                 24462177.90,24590
,INNOVANA,EQ,       319.15,                   975735.15,2953
,INNOVISION,EQ,       290.10,                 10502211.90,35989
,INOXGREEN,EQ,       185.95,                287012197.57,1542657
,INOXINDIA,EQ,      1851.80,                408844948.50,221284
,INOXWIND,EQ,        79.05,                817461560.48,10276009
,INSECTICID,EQ,       658.20,                 13835178.80,20995
,INSPIRISYS,BE,       101.97,                   161486.62,1593
,INTELLECT,EQ,       757.80,                431738674.05,565957
,INTENTECH,EQ,        94.87,                  1881772.61,19647
,INTERARCH,EQ,      1812.60,                 51399945.80,28264
,INTERNET,EQ,        13.44,                  1470056.93,109569
,INTLCONV,EQ,        80.28,                  1900662.50,23739
,INVENTURE,EQ,         0.90,                   731883.88,804211
,INVICTA,ST,        67.50,                   108000.00,1600
,INVPRECQ,EQ,       807.65,                  3512062.15,4325
,IOB,EQ,        33.68,                 83724127.47,2480783
,IOLCP,EQ,       173.78,               1579417794.94,9033619
,IONEXCHANG,EQ,       440.55,                237274954.20,535776
,IPCALAB,EQ,      1840.40,                444336237.00,241497
,IPHL,SM,        56.00,                   201600.00,3600
,IPL,EQ,       155.26,                 19266029.88,124079
,IRB,EQ,        20.19,                139780737.91,6931815
,IRBINVIT,IV,        61.57,                 21271407.30,344597
,IRCON,EQ,       129.52,                160458198.58,1237453
,IRCTC,EQ,       496.95,                558450083.60,1122129
,IREDA,EQ,       122.08,                663241424.09,5424746
,IRIS,EQ,       255.25,                  4756947.00,18743
,IRISDOREME,EQ,        43.82,                  9479272.10,215100
,IRMENERGY,EQ,       265.15,                 16875864.20,63752
,ISFT,EQ,        78.63,                   673831.38,8575
,ISGEC,EQ,       896.70,                 19965281.85,22331
,ISHAN,SM,         0.50,                  1068000.00,2112000
,ISHANCH,EQ,        54.39,                   563669.55,10327
,IT,EQ,        31.81,                 88180251.36,2733169
,ITADD,EQ,        30.33,                   514465.72,16808
,ITAXIS,EQ,       315.70,                   654304.62,2063
,ITBEES,EQ,        31.85,                612502274.05,19093885
,ITBETA,EQ,       300.91,                   611135.92,2004
,ITCHOTELS,EQ,       182.07,                547933265.68,3004017
,ITDC,EQ,       683.45,                264511970.20,384003
,ITETF,EQ,        30.32,                 17365912.51,567687
,ITI,EQ,       286.55,                 58576834.05,203182
,ITIETF,EQ,        31.77,                 24985420.92,778022
,ITTL,ST,        73.50,                    15435.00,210
,IVALUE,EQ,       307.60,                 73605475.50,238562
,IVC,EQ,         8.12,                   838078.28,103380
,IVP,BE,       162.81,                   613193.42,3749
,IVZINGOLD,EQ,       122.00,                  1941363.60,15903
,IVZINNIFTY,EQ,      2748.15,                    88139.99,32
,IWARE,ST,       466.00,                 48653130.00,107400
,IWP,EQ,        32.68,                   102390.61,3122
,IXIGO,EQ,       206.93,                211811182.42,1019067
,IZMO,EQ,      1072.30,                508997382.30,461227
,J&KBANK,EQ,       177.40,                614960804.62,3442411
,JAGRAN,EQ,        63.39,                  8530014.96,134116
,JAGSNPHARM,EQ,       225.73,                  8137646.48,35898
,JAIBALAJI,BE,        65.74,                  5222381.32,79147
,JAICORPLTD,EQ,       109.53,                 41782411.96,379650
,JAINAM,SM,       241.00,                   723000.00,3000
,JAINIK,SM,       146.70,                   347640.00,2400
,JAINREC,EQ,       330.00,                761660125.95,2316325
,JAIPURKURT,EQ,        28.00,                    22058.08,787
,JALAN,ST,         1.85,                     5550.00,3000
,JAMNAAUTO,EQ,       130.03,                200529281.43,1524308
,JARO,EQ,       498.50,                 62960947.15,123684
,JASH,EQ,       532.40,                 57847549.15,108295
,JAYAGROGN,EQ,       222.06,                  1120227.99,5047
,JAYBARMARU,EQ,       199.18,                447520497.26,2204261
,JAYBEE,SM,        99.80,                  1673125.00,16500
,JAYESH,SM,       132.70,                  1334800.00,10000
,JAYKAY,EQ,       171.48,                 82505202.89,473561
,JAYNECOIND,EQ,        90.43,                305478314.60,3339602
,JAYSREETEA,EQ,        83.23,                  1530844.53,18277
,JBCHEPHARM,EQ,      2487.60,               2077691562.80,837560
,JBMA,EQ,       684.10,                202836583.40,296208
,JETFREIGHT,EQ,        23.70,                 14783238.37,633629
,JEYYAM,ST,        23.55,                  1739900.00,76000
,JGCHEM,EQ,       445.85,                 34479305.75,77580
,JHS,EQ,         7.44,                   156403.24,20915
,JINDALPHOT,EQ,      1163.70,                  4829623.30,4074
,JINDALPOLY,EQ,       672.40,                  9331927.20,13782
,JINDALSAW,EQ,       258.85,               1144243016.50,4361079
,JINDRILL,EQ,       626.20,                367112960.30,585468
,JINDWORLD,EQ,        29.90,                 12051482.24,403771
,JISLDVREQS,EQ,        22.71,                   917583.95,39895
,JISLJALEQS,EQ,        31.27,                 83643840.12,2664120
,JITFINFRA,EQ,       393.35,                179264167.70,460302
,JKCEMENT,EQ,      5353.00,                107537215.00,20115
,JKIL,EQ,       496.95,                 27834725.15,55473
,JKIPL,BE,        99.08,                   685720.35,6888
,JKLAKSHMI,EQ,       561.60,                 63135445.05,112233
,JKPAPER,EQ,       368.95,                124211341.60,336723
,JKTYRE,EQ,       401.95,                429434332.20,1064873
,JLHL,EQ,      1483.50,                 32657187.00,22100
,JMA,EQ,        88.41,                  1026523.36,11574
,JMFINANCIL,EQ,       122.96,                244974056.41,1978064
,JNKINDIA,EQ,       529.70,                537736799.05,1033205
,JOCIL,BE,       148.78,                   528140.78,3589
,JPOLYINVST,EQ,      1105.40,                  8651362.30,7761
,JPPOWER,EQ,        16.66,                790445511.49,47062728
,JSFB,EQ,       489.95,                337375186.55,692361
,JSL,EQ,       721.80,                383354680.95,534904
,JSLL,EQ,       567.65,                162392933.90,283759
,JSWCEMENT,EQ,       136.75,                295533579.54,2154689
,JSWDULUX,EQ,      2889.90,                 38644021.60,13335
,JSWENERGY,EQ,       557.25,               1571526049.70,2818707
,JSWHL,EQ,     11212.00,                 24226967.00,2153
,JSWINFRA,EQ,       347.25,               1474659828.90,4268837
,JTEKTINDIA,EQ,       141.30,                 13965971.51,98576
,JTLIND,EQ,        78.07,                203624754.08,2592883
,JUBLCPL,EQ,      1999.10,                  9234984.40,4595
,JUBLFOOD,EQ,       421.50,                829527826.90,1952000
,JUBLINGREA,EQ,       724.05,                323747089.25,445465
,JUBLPHARMA,EQ,       974.45,                 54800304.90,56096
,JUNIORBEES,EQ,       776.39,                230217605.57,297157
,JUNIPER,EQ,       196.82,                  9735384.89,49067
,JUSTDIAL,EQ,       790.15,              32473304628.55,42569366
,JWL,EQ,       255.15,                153793073.20,601326
,JYOTHYLAB,EQ,       199.94,                136569407.56,682610
,JYOTICNC,EQ,       782.80,               1144887710.95,1442191
,JYOTIGLOBL,SM,        42.00,                   168000.00,4000
,JYOTISTRUC,EQ,        11.41,                 37992989.12,3312868
,K2INFRA,ST,        60.35,                   721350.00,12000
,KABRAEXTRU,EQ,       317.75,                163904677.90,500077
,KAJARIACER,EQ,      1234.50,                439782125.20,353134
,KAKATCEM,BE,       119.66,                   149166.55,1253
,KALAMANDIR,EQ,        99.22,                 68018592.99,681632
,KALANA,SM,        18.50,                   185000.00,10000
,KALPATARU,EQ,       281.10,                 17581430.85,62483
,KALYANIFRG,EQ,       619.15,                   150380.20,243
,KALYANKJIL,EQ,       529.75,              50367378301.00,95814205
,KAMAHOLD,EQ,      2542.60,                  4117395.20,1612
,KAMATHOTEL,EQ,       183.10,                  3140942.41,17046
,KAMDHENU,BE,        31.46,                 11862996.27,375576
,KAMOPAINTS,EQ,         4.71,                  3501355.92,735128
,KANANIIND,EQ,         1.52,                   103117.91,66633
,KANCHI,BE,       364.25,                    55127.40,153
,KANDARP,SM,       105.50,                   105500.00,1000
,KANORICHEM,BE,       132.63,                  1803916.03,13267
,KANPRPLA,EQ,       196.06,                  1566644.51,7814
,KANSAINER,EQ,       197.03,                 43269870.46,217611
,KAPSTON,EQ,       414.15,                  7795846.15,18760
,KARMAENG,EQ,        38.69,                   220394.06,5653
,KARNIKA,SM,       123.75,                 12880500.00,104000
,KARURVYSYA,EQ,       299.55,                513134425.05,1694808
,KATARIA,SM,        99.00,                  1032450.00,10200
,KAUSHALYA,BE,       933.65,                   441616.45,473
,KAVDEFENCE,EQ,        60.20,                  6908192.99,114776
,KAYA,EQ,       242.10,                  1047198.49,4326
,KAYNES,EQ,      3288.40,               1719296851.20,521969
,KAYTEX,SM,        59.10,                   526920.00,8800
,KCEIL,ST,        86.00,                  1160375.00,13500
,KCK,SM,        15.95,                 17199250.00,1070000
,KCP,EQ,       171.57,                 21041903.23,121463
,KCPSUGIND,EQ,        21.64,                  2839102.67,130378
,KDDL,EQ,      3265.60,                 42724146.60,13011
,KDL,SM,       113.10,                  1368375.00,11850
,KEC,EQ,       489.90,                254696368.75,518996
,KECL,BE,       118.33,                 10493713.26,89692
,KEEPLEARN,EQ,         1.88,                    86351.42,47239
,KEI,EQ,      5120.50,               1519043675.50,299911
,KEL,SM,        79.40,                    95280.00,1200
,KELLTONTEC,EQ,        15.08,                 21756142.15,1436036
,KEN,SM,        34.70,                   462840.00,13200
,KENNAMET,EQ,      2822.00,                 34327472.70,12250
,KERNEX,EQ,      2192.90,                457240815.90,207006
,KESORAMIND,BE,        10.77,                  2722531.74,257148
,KEYFINSERV,EQ,       262.97,                   207310.08,788
,KFINTECH,EQ,       898.25,               1051820892.95,1158303
,KHADIM,BE,       100.79,                  1001829.63,10007
,KHAICHEM,BE,        50.24,                  6595290.38,130612
,KHAITANLTD,BE,       131.11,                    91384.94,695
,KHANDSE,EQ,        17.33,                    30586.08,1772
,KHFM,SM,        49.40,                  1530857.50,31000
,KICL,EQ,      5572.00,                 15362616.00,2717
,KILITCH,BE,       175.34,                  4073119.88,23278
,KIMS,EQ,       806.70,                341784972.45,426096
,KINGFA,EQ,      5056.00,                 24694393.00,4895
,KIOCL,EQ,       379.30,                 37243400.05,96848
,KIRANVYPAR,EQ,       192.25,                   216850.21,1142
,KIRIINDUS,EQ,       399.10,                 70377496.30,174990
,KIRLFER,EQ,       462.10,                 20339806.75,43673
,KIRLOSBROS,EQ,      1929.90,                177754314.00,92515
,KIRLOSENG,EQ,      2362.30,                951775721.90,401445
,KIRLOSIND,EQ,      3939.40,                 63018050.00,15849
,KIRLPNU,EQ,      1749.90,                 99590259.30,57100
,KISSHT,EQ,       324.10,                764304979.15,2346895
,KITEX,EQ,       150.71,                 55775419.67,369554
,KKCL,EQ,       493.90,                 21111909.00,42136
,KKJEWELS,SM,       103.50,                   414150.00,4000
,KLBRENG-B,EQ,       457.20,                 27062660.95,59020
,KLL,SM,        30.60,                   268960.00,8800
,KMEW,EQ,      2341.90,                135335201.80,57547
,KMSUGAR,EQ,        27.72,                  2137697.36,76646
,KNACK,EQ,       205.06,                767119797.16,3760155
,KNAGRI,EQ,       202.70,                  2214652.09,10883
,KNRCON,EQ,       125.46,                 83362149.10,660749
,KODYTECH,SM,      1258.10,                 48899650.00,37800
,KOHINOOR,EQ,        24.03,                  2658850.29,110023
,KOKUYOCMLN,EQ,        87.31,                  1969821.78,22614
,KOLTEPATIL,EQ,       383.40,                103588413.10,267302
,KONSTELEC,ST,        61.60,                   123200.00,2000
,KONTOR,SM,        59.60,                    71520.00,1200
,KOPRAN,BE,       207.28,                 53796651.86,256151
,KORE,SM,       148.00,                   362500.00,2500
,KOTARISUG,EQ,        25.51,                   534488.48,20895
,KOTHARIPET,EQ,       130.61,                  3268408.34,25081
,KOTHARIPRO,EQ,        68.84,                   648405.51,9389
,KOTIC,EQ,       176.40,                  5407824.81,31402
,KOTYARK,BE,        34.34,                  2689518.01,78970
,KOVAI,EQ,      5862.00,                 34041231.50,5765
,KPEL,EQ,       323.15,                 35041908.40,107926
,KPIGREEN,EQ,       399.30,                100167671.15,250419
,KPIL,EQ,      1299.20,                252444719.70,193629
,KPITTECH,EQ,       555.60,               1718992276.55,3059510
,KPL,EQ,      2640.10,                 19927062.00,7581
,KPRMILL,EQ,      1116.30,                267643676.00,240727
,KRBL,EQ,       352.75,                216758786.50,608913
,KREBSBIO,EQ,        54.72,                   253868.59,4625
,KRIDHANINF,BE,         2.59,                   165075.85,62480
,KRISHANA,EQ,       136.20,                107620175.25,792981
,KRISHCA,SM,       164.00,                   327550.00,2000
,KRISHIVAL,EQ,       402.40,                  1201776.70,2987
,KRISHNADEF,EQ,      1278.80,                 70372372.40,54794
,KRITI,BE,        69.19,                   156579.28,2279
,KRITIKA,EQ,         5.74,                   483466.87,83656
,KRITINUT,BE,        78.93,                   573365.09,7269
,KRMAYURVED,ST,       251.80,                  5789900.00,23000
,KRN,BE,      1224.30,                122242326.60,99312
,KRONOX,EQ,       146.41,                  7635773.80,51923
,KROSS,EQ,       184.56,                 31206437.55,168130
,KRSNAA,EQ,       545.40,                 27648665.40,50427
,KRT,RR,       115.46,                 21012528.19,181596
,KRYSTAL,EQ,       600.20,                  7816408.35,13012
,KSB,EQ,       922.25,                 54935693.70,59219
,KSCL,EQ,       851.50,                 38107048.00,44559
,KSHINTL,EQ,       867.85,                182533391.30,209038
,KSHITIJPOL,BE,         2.89,                 24704302.18,8232464
,KSL,EQ,       926.15,                 91664133.50,97190
,KSOLVES,EQ,       295.85,                 10989721.30,36862
,KSR,EQ,        27.69,                   493019.21,17402
,KTKBANK,EQ,       274.15,                325723439.60,1184808
,KUANTUM,EQ,        76.97,                  5353293.64,70263
,KWIL,EQ,        31.81,                191274742.36,5958287
,LAGNAM,EQ,        80.10,                   131982.79,1643
,LAKPRE,BZ,         5.29,                    34193.67,6454
,LAKSHYA,ST,       106.50,                    85200.00,800
,LAL,EQ,         8.83,                  1048558.90,116721
,LALPATHLAB,EQ,      1744.60,                497968704.70,286027
,LAMBODHARA,EQ,       113.92,                  4516814.28,39452
,LAMOSAIC,ST,        47.05,                  2902290.00,63600
,LANCORHOL,EQ,        26.89,                  2002944.94,72899
,LANDMARK,EQ,       496.40,               4747254545.30,9852212
,LANDSMILL,EQ,         0.75,                  2274176.70,2986706
,LAOPALA,EQ,       181.80,                 19127974.08,106093
,LASA,EQ,         7.33,                   107033.00,14600
,LATENTVIEW,EQ,       300.25,                125863417.10,418070
,LATTEYS,BE,        20.42,                   608451.55,30109
,LAURUSLABS,EQ,      1560.70,               2013763372.20,1288969
,LAXMICOT,EQ,        15.07,                   148422.77,9660
,LAXMIDENTL,EQ,       221.22,                 15742545.58,70568
,LAXMIINDIA,BE,       106.47,                  2553825.10,23887
,LCCINFOTEC,EQ,         4.32,                   141521.64,31964
,LEMERITE,EQ,        22.90,                 12482653.91,548242
,LEMONTREE,EQ,       114.86,                248360087.37,2152404
,LENSKART,EQ,       537.90,               1383917074.15,2570962
,LEXUS,EQ,        13.99,                   127720.37,9050
,LFIC,EQ,       142.10,                     1421.00,10
,LGBBROSLTD,EQ,      1552.80,                 39575992.80,25490
,LGEINDIA,EQ,      1527.30,                407676306.50,265580
,LGHL,EQ,       209.83,                  4270434.65,20235
,LIBAS,EQ,        10.86,                   147670.84,13497
,LIBERTSHOE,EQ,       265.05,                  5398997.70,20403
,LICHSGFIN,EQ,       549.60,                890878816.40,1622604
,LICI,EQ,       435.40,               1339963778.50,3063959
,LICMFGOLD,EQ,       126.70,                  4530280.10,35733
,LICNETFGSC,EQ,        29.71,                   256937.15,8698
,LICNETFN50,EQ,       269.70,                   131981.77,489
,LICNETFSEN,EQ,       872.33,                     1739.86,2
,LICNFNHGP,EQ,       275.41,                     2758.93,10
,LICNMID100,EQ,        63.16,                   648266.42,10337
,LIKHITHA,EQ,       243.10,                  9488185.95,38807
,LINC,EQ,       108.72,                  2777695.84,25225
,LINCOLN,EQ,       606.95,                 19149867.45,31646
,LINDEINDIA,EQ,      7081.50,                174729957.50,24453
,LIQGRWBEES,EQ,      1047.44,                 96754411.13,92371
,LIQUID,EQ,       999.99,                325311843.69,325312
,LIQUID1,EQ,      1113.38,                929345980.52,834707
,LIQUIDADD,EQ,      1135.52,                283652526.59,249798
,LIQUIDBEES,EQ,      1000.00,               2981034763.81,2981014
,LIQUIDBETF,EQ,      1090.09,                248776558.28,228215
,LIQUIDCASE,EQ,       114.99,               1477228421.72,12846685
,LIQUIDETF,EQ,       999.99,                161480813.26,161481
,LIQUIDIETF,EQ,       999.99,                431507861.21,431508
,LIQUIDPLUS,EQ,      1094.25,                101090352.06,92383
,LIQUIDSBI,EQ,      1000.00,                  3797971.76,3798
,LIQUIDSHRI,EQ,      1112.86,                  4056371.55,3645
,LLOYDS,ST,        71.05,                   213600.00,3000
,LLOYDSENGG,EQ,        87.63,                651329409.43,7359911
,LLOYDSENT,EQ,        77.82,                979641068.21,12396021
,LLOYDSME,EQ,      1825.50,                581978694.60,318736
,LMW,EQ,     16122.00,                 23840811.00,1477
,LOKESHMACH,BE,       317.30,                   921121.90,2903
,LORDSCHLO,EQ,       137.75,                  1328190.72,9674
,LOTUSDEV,EQ,       142.54,                 35044447.73,246215
,LOTUSEYE,EQ,       122.97,                  1141770.91,9200
,LOVABLE,EQ,        76.63,                   743340.55,9674
,LOWVOL,EQ,       205.20,                     8230.47,40
,LOWVOL1,EQ,        20.92,                 24822489.46,1181166
,LOWVOLIETF,EQ,        21.99,                 10574793.76,479665
,LOYALTEX,EQ,       197.15,                    55980.12,277
,LPDC,EQ,         6.45,                   107242.44,16393
,LRRPL,SM,        92.00,                   138000.00,1500
,LTF,EQ,       315.30,               3628214557.10,11571839
,LTFOODS,EQ,       380.65,                167331672.05,440266
,LTGILTBEES,EQ,        29.80,                 36476082.74,1221747
,LTGILTCASE,EQ,        30.39,                  5779465.06,190134
,LTTS,EQ,      3293.10,                529264126.40,160245
,LUMAXIND,EQ,      5376.00,                 29359205.50,5457
,LUMAXTECH,EQ,      1492.40,                245187750.20,166683
,LUPIN,EQ,      2469.20,               2015221441.00,811541
,LUXIND,EQ,      1297.50,                 44173729.20,34053
,LXCHEM,EQ,       166.73,                424539707.88,2550259
,LYKALABS,BE,        70.08,                   356172.53,5059
,M&MFIN,EQ,       325.10,                484158717.30,1491337
,MAANALU,EQ,       117.91,                 11254298.89,94378
,MACOBSTECH,SM,       231.00,                   184800.00,800
,MACPOWER,EQ,      1326.30,                 15342035.30,11572
,MADHAV,EQ,        35.54,                    96132.54,2722
,MADHAVBAUG,SM,       196.40,                  1917400.00,10000
,MADHAVIPL,EQ,         8.41,                   908431.89,109098
,MADHUCON,BE,         5.82,                    62557.24,10753
,MADHUSUDAN,ST,       239.90,                 14295100.00,58000
,MADRASFERT,EQ,        67.24,                  2888485.58,42820
,MAFANG,EQ,       197.11,                128517566.63,652097
,MAFATIND,EQ,       135.00,                  5473137.15,40283
,MAGADSUGAR,EQ,       520.05,                  6837548.70,13168
,MAGNUM,EQ,        19.47,                    56093.09,2878
,MAGSON,ST,       181.00,                   720000.00,4000
,MAHABANK,EQ,        79.47,               2242193149.44,27947281
,MAHAPEXLTD,EQ,        45.03,                   126839.30,2821
,MAHASTEEL,EQ,       857.25,                  6384056.95,7415
,MAHEPC,EQ,       123.00,                 10287766.34,84552
,MAHESHWARI,BE,        73.00,                  1344198.82,18301
,MAHICKRA,SM,       248.75,                   739125.00,3000
,MAHKTECH,EQ,        23.11,                 19894354.28,861248
,MAHLIFE,EQ,       372.40,                 46223153.05,123267
,MAHLOG,EQ,       393.70,                 93941020.05,238557
,MAHSCOOTER,EQ,     13060.00,                 10001956.00,764
,MAHSEAMLES,EQ,       589.10,                 37600266.00,63817
,MAITHANALL,EQ,      1007.10,                 37007432.80,36450
,MAITREYA,SM,       125.65,                   797240.00,6400
,MAJESAUT,EQ,       367.80,                 12850661.25,34588
,MAKEINDIA,EQ,       161.27,                  3057598.27,18963
,MAKS,SM,        20.90,                    62550.00,3000
,MAL,SM,        31.80,                   617040.00,19200
,MALLCOM,EQ,      1066.90,                  3603150.70,3326
,MALUPAPER,EQ,        31.13,                   391284.95,12562
,MAMATA,EQ,       380.45,                 11931052.40,31241
,MANAKALUCO,EQ,        36.56,                 24256306.42,626585
,MANAKCOAT,EQ,       129.14,                280392021.71,2198213
,MANAKSIA,EQ,        57.59,                  2691795.55,45721
,MANAKSTEEL,BE,        75.02,                  1168416.47,15344
,MANALIPETC,EQ,        63.15,                 11870355.03,185844
,MANAPPURAM,EQ,       328.10,                741074868.65,2265971
,MANBA,EQ,       135.05,                 11142299.97,82250
,MANCREDIT,EQ,       242.00,                 81324162.13,331421
,MANGALAM,EQ,        27.42,                   614448.63,22436
,MANGLMCEM,EQ,       962.50,                 38309555.05,39656
,MANILAM,SM,        54.40,                   434400.00,8000
,MANINDS,EQ,       556.10,                103284325.30,185739
,MANINFRA,EQ,       102.70,                 80770049.94,782105
,MANKIND,EQ,      2531.10,                625087909.00,247728
,MANOMAY,EQ,       173.20,                   865381.45,4945
,MANORAMA,EQ,      1577.60,                331948669.20,206151
,MANORG,BE,       521.40,                   894284.00,1716
,MANUFGBEES,EQ,       159.27,                   297575.92,1873
,MANUGRAPH,BE,        14.49,                    62415.40,4289
,MANYAVAR,EQ,       397.60,                 62234197.95,156784
,MAPMYINDIA,EQ,      1178.90,               1395534508.70,1168847
,MARALOVER,BE,        54.54,                   209521.89,3864
,MARATHON,EQ,       395.65,                 21349452.20,53507
,MARC,ST,        92.00,                   859140.00,9600
,MARICO,EQ,       848.25,               1221947390.10,1441052
,MARINE,EQ,       255.20,                203176981.95,804704
,MARKOLINES,EQ,       168.21,                 57195880.10,336564
,MARKSANS,EQ,       270.95,                392585483.55,1442959
,MARSONS,EQ,       113.19,                108927449.25,937208
,MARUSHIKA,SM,        88.50,                   212520.00,2400
,MASFIN,EQ,       318.55,                 26395643.45,82271
,MASKINVEST,BE,       155.00,                    21435.37,145
,MASON,SM,       124.65,                  1900275.00,15000
,MASPTOP50,EQ,        79.53,                 29265737.41,368026
,MASTEK,EQ,      1719.50,                115048036.10,66615
,MASTER,SM,       434.00,                   422150.00,1000
,MASTERTR,EQ,        93.07,                127872236.91,1383616
,MATRIMONY,EQ,       426.45,                  4158806.40,9730
,MAWANASUG,BE,       114.59,                 10209059.41,89681
,MAXESTATES,EQ,       431.30,                 45505864.50,105689
,MAXIND,EQ,       161.60,                  5140160.02,31463
,MAXVOLT,ST,       379.45,                 24821280.00,66000
,MAYURUNIQ,EQ,       818.80,                 63679898.15,76813
,MAZDA,BE,       233.81,                  3275491.03,13921
,MBAPL,EQ,       124.00,                204576990.85,1613245
,MBEL,EQ,       330.80,                 50182738.90,150438
,MBLINFRA,BE,        25.52,                  1337689.90,52740
,MCCHRLS-B,EQ,       707.35,                     3567.80,5
,MCL,EQ,        54.36,                   724445.99,13274
,MCLEODRUSS,BE,        55.13,                  8698987.74,157547
,MCLOUD,EQ,        28.81,                 93551474.15,3224401
,MCON,SM,        41.95,                   342250.00,8000
,MCX,EQ,      2891.30,              10555422640.80,3673525
,MDL,ST,        70.80,                  3103550.00,44000
,MEDANTA,EQ,      1320.90,                 97064211.90,73159
,MEDIASSIST,EQ,       359.25,                 20139170.15,55915
,MEDICAMEQ,EQ,       233.10,                  2263156.70,9677
,MEDICO,EQ,        38.82,                  1205734.37,30966
,MEDIORG,SM,        23.35,                   281100.00,12000
,MEDISTEP,SM,        19.00,                   114000.00,6000
,MEDPLUS,EQ,       814.30,                 34067142.90,41780
,MEESHO,EQ,       188.81,                853238336.53,4514736
,MEGAFLEX,SM,        99.75,                    99750.00,1000
,MEGASTAR,EQ,       368.00,                 10853255.60,29629
,MEGATHERM,SM,       220.20,                  2745420.00,12400
,MEIL,BE,       297.25,                  2740532.25,9207
,MENNPIS,EQ,        71.58,                  3812044.19,52896
,MENONBE,BE,       178.67,                  6405796.56,36083
,MEP,BZ,         0.62,                   123300.71,198410
,MERCANTILE,EQ,        24.56,                    91504.49,3651
,MERCURYEV,BE,        36.54,                  5428473.87,150225
,METAL,EQ,        12.82,                 30735363.50,2399630
,METALIETF,EQ,        12.77,                 84954716.64,6649459
,METROBRAND,EQ,      1050.60,                 11540071.20,10927
,METROGLOBL,EQ,       132.87,                   291813.33,2198
,METROPOLIS,EQ,       559.20,                 92910013.95,165976
,MFML,EQ,        18.96,                   170559.23,9008
,MFSL,EQ,      1611.60,                896001297.40,559352
,MGEL,BE,        16.51,                  3253556.97,197898
,MGL,EQ,      1123.30,                148445121.30,132508
,MGSL,SM,        61.50,                   605400.00,9600
,MHHL,SM,        35.40,                   106200.00,3000
,MHLXMIRU,EQ,       136.28,                  1586900.55,11666
,MHRIL,EQ,       225.44,                 21388737.00,94044
,MICEL,BE,        37.46,                 10057998.96,268972
,MICROPRO,SM,        19.20,                    61920.00,3200
,MID150,EQ,        23.35,                   316785.09,13530
,MID150BEES,EQ,       238.53,                 97327118.54,408288
,MID150CASE,EQ,        11.57,                 10743683.96,927781
,MIDCAP,EQ,        18.33,                  4416687.12,240664
,MIDCAPADD,EQ,        23.17,                   746191.07,32287
,MIDCAPBETA,EQ,       233.26,                  2572478.93,11082
,MIDCAPETF,EQ,        23.53,                 29009804.23,1232102
,MIDCAPIETF,EQ,        23.85,                 16624036.74,697044
,MIDHANI,EQ,       416.70,                315204360.95,755807
,MIDQ50ADD,EQ,        24.82,                   270659.19,10918
,MIDSELIETF,EQ,        19.30,                  6707787.03,347803
,MIDSMALL,EQ,        50.68,                 12968515.89,255726
,MIDWESTLTD,EQ,      1302.80,                 13407719.00,10242
,MIEL,SM,        12.75,                    25500.00,2000
,MILTON,SM,        36.95,                   334400.00,8800
,MINDACORP,EQ,       674.65,                241624465.50,356044
,MINDSPACE,RR,       491.59,                 50630816.60,103087
,MINDTECK,EQ,       205.88,                 14647659.74,70821
,MIRZAINT,EQ,        37.61,                 17220225.08,452834
,MITCON,BE,        75.19,                    70227.22,913
,MITTAL,EQ,         0.93,                   423898.36,461052
,MKPL,EQ,         4.52,                   868385.34,192561
,MMEL,ST,        30.25,                   942500.00,30000
,MMFL,EQ,       516.30,                 71538736.45,136997
,MMP,EQ,       281.00,                  5928294.95,20980
,MMTC,EQ,        64.19,                 78295939.39,1217455
,MMWL,BE,        13.26,                    72993.53,5484
,MNC,EQ,        33.24,                  1076146.47,32385
,MOALPHA50,EQ,        53.80,                   135273.94,2524
,MOBANK10,EQ,        17.30,                   992714.56,57367
,MOBIKWIK,EQ,       230.31,               1376315022.65,6011126
,MOBILISE,ST,       117.65,                  3159440.00,27200
,MOCAPITAL,EQ,        55.13,                 26229775.85,473638
,MODEFENCE,EQ,       102.21,                146171047.87,1430841
,MODINATUR,BE,       412.15,                   732709.30,1799
,MODIRUBBER,EQ,       129.93,                   324086.47,2513
,MODIS,EQ,       347.45,                  1874401.90,5366
,MODISONLTD,BE,       288.65,                 10983388.10,38003
,MODTHREAD,EQ,        48.08,                    85666.95,1816
,MOENERGY,EQ,        39.28,                  4955460.21,126203
,MOGOLD,EQ,       139.05,                  1808516.30,13002
,MOGSEC,EQ,        65.07,                   132937.25,2041
,MOHEALTH,EQ,        50.87,                  3929018.90,77269
,MOHITIND,EQ,        22.86,                    35610.47,1545
,MOIL,EQ,       273.85,                 96631116.55,349178
,MOINFRA,EQ,        61.53,                    91941.23,1497
,MOIPO,EQ,        46.65,                   101923.46,2190
,MOKSH,EQ,        11.44,                  5153246.57,448597
,MOL,EQ,        47.02,                 32918934.17,694041
,MOLDTECH,EQ,       125.02,                  1739326.37,13774
,MOLDTKPAC,EQ,       672.75,                 70415473.15,103699
,MOLOWVOL,EQ,        36.83,                   129798.34,3525
,MOM100,EQ,        67.85,                 20819805.74,307408
,MOM30IETF,EQ,        31.15,                 19962178.08,641637
,MOM50,EQ,       253.32,                   818278.36,3248
,MOMENTUM,EQ,        30.98,                  5236928.05,169162
,MOMENTUM30,EQ,        30.65,                   830330.84,27044
,MOMENTUM50,EQ,        52.81,                 15216267.43,288056
,MOMGF,EQ,       158.38,                    70458.53,445
,MOMIDMTM,EQ,        63.48,                  4319675.11,68039
,MOMNC,EQ,        32.15,                    42764.08,1329
,MOMOMENTUM,EQ,        62.01,                  3652996.11,59047
,MON100,EQ,       333.24,                420780162.54,1262927
,MON50EQUAL,EQ,        33.15,                   395071.80,11872
,MONARCH,EQ,       360.35,                 12808327.20,35444
,MONEXT50,EQ,        71.56,                   231873.76,3239
,MONEYBOXX,EQ,        60.55,                   563867.10,9320
,MONIFTY100,EQ,        25.25,                   364370.77,14420
,MONIFTY500,EQ,        23.77,                  5033879.28,211757
,MONOLITH,SM,       762.15,                 17564450.00,23250
,MONOPHARMA,SM,        10.25,                    41100.00,4000
,MONQ50,EQ,       144.48,                  4026368.64,27868
,MONTECARLO,EQ,       535.45,                 17543830.95,32672
,MOPSE,EQ,       100.49,                     8352.97,83
,MOQUALITY,EQ,       200.37,                   108750.62,543
,MORARJEE,BZ,        10.74,                   311008.70,29303
,MOREALTY,EQ,        91.73,                 71563302.94,777405
,MOREPENLAB,EQ,        62.56,                633523868.48,10096836
,MOS,ST,        14.55,                  2361800.00,160000
,MOSCHIP,EQ,       240.83,               2675580931.38,11197952
,MOSERVICE,EQ,        31.20,                   196813.12,6316
,MOSILVER,EQ,       215.16,                 21623046.59,100695
,MOSMALL250,EQ,        18.05,                 16992845.04,939761
,MOTILALOFS,EQ,       967.00,                699224261.80,717834
,MOTISONS,EQ,        14.11,                309163653.62,21917664
,MOTOGENFIN,BE,        28.15,                   161472.76,5853
,MOTOUR,EQ,        79.80,                  1808869.05,22633
,MOVALUE,EQ,       113.24,                  6976163.21,61484
,MPEL,ST,        40.00,                  4655520.00,116800
,MPHASIS,EQ,      2372.30,                874936817.50,366125
,MPSLTD,EQ,      2009.50,                 14177038.30,7073
,MRF,EQ,    131025.00,                860544195.00,6575
,MRIL,ST,        69.40,                   556320.00,8000
,MRPL,EQ,       156.96,               1455614569.47,9144831
,MSCI360,EQ,        10.18,                   931433.12,91767
,MSCIADD,EQ,        29.43,                      618.43,21
,MSCIINDIA,EQ,        29.71,                   127604.95,4291
,MSPL,EQ,        38.73,                 19553005.92,501499
,MSTCLTD,EQ,       653.00,                197515937.80,301448
,MSUMI,EQ,        39.61,                669458783.37,17017512
,MTARTECH,BE,      6409.00,                742835145.00,115905
,MTEDUCARE,BE,         1.89,                    55283.18,30119
,MTNL,EQ,        28.68,                 17718450.68,613148
,MUFIN,EQ,       128.21,                 73667474.35,574720
,MUFTI,EQ,        85.79,                  3769990.76,43854
,MUKANDLTD,EQ,       136.72,                 13153935.87,96390
,MUKKA,EQ,        23.46,                  6226826.08,263581
,MUKTAARTS,BE,        53.48,                   142098.79,2688
,MULTICAP,EQ,        16.61,                  2520024.84,151529
,MUNISH,ST,        69.15,                 30755460.00,445200
,MUNJALAU,EQ,       104.13,                 54944404.30,531540
,MUNJALSHOW,EQ,       133.65,                  3273967.24,24507
,MURUDCERA,EQ,        31.64,                    82111.25,2593
,MUTHOOTCAP,EQ,       222.12,                  1478947.63,6680
,MUTHOOTMF,EQ,       239.01,                151118528.85,628293
,MVGJL,EQ,       165.52,                 20401641.10,121422
,MVKAGRO,SM,       365.50,                  1105800.00,3000
,MWL,EQ,        36.70,                 80609267.70,2179458
,MYMUDRA,SM,        66.75,                  1558200.00,22800
,NACLIND,EQ,       215.63,                865556442.34,3894769
,NAGREEKCAP,BE,        24.04,                    14741.05,611
,NAGREEKEXP,EQ,        23.75,                   274202.76,11559
,NAHARCAP,EQ,       251.07,                   319124.56,1271
,NAHARINDUS,EQ,       116.26,                   394982.78,3380
,NAHARPOLY,EQ,       251.80,                  1443153.80,5708
,NAHARSPING,BE,       274.00,                  2785395.70,10182
,NAM-INDIA,EQ,      1192.70,                630031132.50,527315
,NAMAN,SM,        46.65,                   290800.00,6400
,NAMOEWASTE,ST,       289.00,                  7665120.00,26400
,NARMADA,EQ,        34.20,                  6905146.54,202647
,NATCAPSUQ,EQ,       143.51,                    87495.44,606
,NATCOPHARM,EQ,       972.25,                291508345.40,299826
,NATHBIOGEN,EQ,       162.11,                  1408871.32,8667
,NATIONALUM,EQ,       364.90,               4052857667.95,11143777
,NATIONSTD,EQ,       482.20,                  1755208.00,3640
,NAUKRI,EQ,      1187.95,                844510604.05,712150
,NAVA,EQ,       594.90,                123657568.05,207715
,NAVINFLUOR,EQ,      7586.00,                744322278.00,97764
,NAVKARCORP,EQ,       109.75,                 48372981.29,437772
,NAVKARURB,BE,         1.02,                   653180.46,642751
,NAVNETEDUL,EQ,       148.52,                 42360639.42,279411
,NAZARA,EQ,       303.95,                415321012.25,1364680
,NBCC,EQ,        98.15,               1171455175.31,11842618
,NBIFIN,EQ,      2184.20,                  1949929.10,885
,NCC,EQ,       141.73,                210918864.34,1480322
,NCLIND,EQ,       182.99,                  8339364.85,45314
,NDGL,EQ,      2819.00,                    45507.40,16
,NDL,EQ,         2.36,                  1439193.55,609020
,NDLVENTURE,EQ,       131.09,                   595880.01,4521
,NDRAUTO,EQ,       822.65,                 16315791.05,19704
,NDTV,EQ,        82.04,                 32149003.78,388777
,NEAGI,EQ,      3057.10,                    55112.70,18
,NECCLTD,BE,        15.72,                   359174.51,23213
,NECLIFE,BE,        11.19,                   705257.81,62917
,NELCAST,EQ,       132.21,                 17656753.14,131910
,NELCO,EQ,       894.20,                134342387.80,149494
,NEOCHEM,ST,        91.85,                  2604480.00,28800
,NEOGEN,EQ,      2147.20,                241598255.90,113733
,NEPHROCARE,ST,        66.05,                  1381640.00,20800
,NEPHROPLUS,EQ,       646.45,                 86734362.00,133425
,NEPTUNE,SM,       180.00,                   450000.00,2500
,NESCO,EQ,      1075.20,                 51280305.90,47651
,NETF,EQ,       261.81,                   226079.14,862
,NETWEB,EQ,      4398.10,               5959432893.40,1347378
,NETWORK18,EQ,        31.96,                127179448.29,3961543
,NEUEON,BE,        12.29,                  1607652.05,130620
,NEULANDLAB,EQ,     18999.00,                321013652.00,16957
,NEWGEN,EQ,       554.40,               4731450754.75,8371127
,NEWJAISA,ST,        17.20,                    77925.00,4500
,NEXT30ADD,EQ,        41.96,                    83796.93,1991
,NEXT50,EQ,       740.39,                 11528297.92,15589
,NEXT50ADD,EQ,        72.12,                  1709712.64,23724
,NEXT50BETA,EQ,        77.68,                 28374854.67,366440
,NEXT50ETF,EQ,        72.17,                  2072571.61,28774
,NEXT50IETF,EQ,        75.77,                 52260179.29,691286
,NEXTMEDIA,EQ,         3.97,                    90041.89,22020
,NFL,EQ,        73.03,                 34653397.80,474350
,NFPSAMPOOR,SM,        24.20,                   877300.00,36000
,NGIL,BE,        40.44,                  1151403.24,28864
,NGLFINE,EQ,      3130.80,                  9458109.80,3013
,NH,EQ,      2007.20,                373851716.40,185540
,NHIT,IV,       169.00,                318137500.00,1900000
,NHPC,EQ,        78.77,                555225056.35,7050747
,NIACL,EQ,       177.24,                137760942.77,772219
,NIBE,EQ,      1593.50,                155090923.10,97737
,NIBL,EQ,        33.25,                  4094192.86,124626
,NIF100BEES,EQ,       266.47,                  6151149.23,23077
,NIF100IETF,EQ,        27.96,                  1183763.53,42313
,NIFTY1,EQ,       266.77,                 20832155.34,77976
,NIFTY100EW,EQ,        34.84,                   754011.43,21682
,NIFTYADD,EQ,       252.90,                  1282529.69,5068
,NIFTYAXIS,EQ,       265.52,                  1008668.21,3791
,NIFTYBEES,EQ,       273.35,               1454080587.28,5310906
,NIFTYBETA,EQ,       266.21,                  4611262.35,17289
,NIFTYBETF,EQ,       246.59,                   176127.71,713
,NIFTYCASE,EQ,         9.62,                  7215247.29,747308
,NIFTYETF,EQ,       261.49,                 39903837.25,152572
,NIFTYIETF,EQ,       271.91,                 98475770.80,361433
,NIFTYQLITY,EQ,        20.94,                   305459.63,14576
,NIITLTD,EQ,        97.28,                 43356987.49,443930
,NIITMTS,EQ,       240.78,                108040815.87,443527
,NIKITA,SM,        80.30,                   384120.00,4800
,NILAINFRA,EQ,         7.24,                   574842.15,78917
,NILASPACES,EQ,        12.45,                  5562040.37,446331
,NILE,EQ,      1936.20,                  8534049.20,4357
,NILKAMAL,EQ,      1332.50,                 48990629.60,36201
,NIMBSPROJ,BE,       202.88,                   104187.30,514
,NINSYS,BE,       868.55,                  2019409.30,2335
,NIPPOBATRY,EQ,       338.25,                  1394520.20,4118
,NIRAJ,BE,        29.64,                   882439.46,29942
,NIRAJISPAT,EQ,       194.00,                     1940.00,10
,NIRLON,EQ,       647.95,                 43231070.90,66699
,NIRMAN,SM,        41.85,                   302490.00,7200
,NITCO,EQ,       104.06,                 29224141.83,279148
,NITINSPIN,EQ,       554.70,                 20614407.65,37108
,NITIRAJ,EQ,       192.73,                  1381492.23,7251
,NITTAGELA,EQ,      1893.20,                 84038068.70,44856
,NIVABUPA,EQ,        86.17,                541007367.52,6230847
,NKIND,EQ,        63.83,                    27353.86,428
,NLCINDIA,EQ,       303.60,                610466879.20,2015101
,NMDC,EQ,        84.99,               2095944744.15,24646208
,NMSTEEL,SM,        24.45,                    39120.00,1600
,NOCIL,EQ,       168.39,                 49340692.09,291351
,NOIDATOLL,BE,         4.70,                   196444.17,41488
,NORBTEAEXP,EQ,        68.94,                    23216.61,332
,NORTHARC,EQ,       318.90,                201225583.40,628665
,NOVAAGRI,BE,        22.45,                  2317477.56,101794
,NOVARTIND,EQ,      1617.60,                156452200.00,94029
,NPBET,EQ,       290.51,                   622275.90,2146
,NPST,EQ,      1571.80,                 22356729.00,14304
,NRAIL,EQ,       437.65,                   385404.15,874
,NRBBEARING,EQ,       421.80,                 97151788.70,229895
,NRL,BE,       109.68,                 18662317.60,173336
,NRVANDANA,ST,        71.10,                 10452150.00,147000
,NSIL,EQ,      5444.50,                  6158523.00,1131
,NSLNISP,EQ,        43.09,                 78528707.46,1823744
,NTPCGREEN,EQ,        94.15,                220316300.28,2322074
,NUCLEUS,EQ,       762.75,                 20710384.95,26915
,NURECA,EQ,       275.07,                143278048.41,504015
,NUVAMA,EQ,      1933.90,                902860083.70,466429
,NUVOCO,EQ,       341.40,               7259882068.70,21133756
,NV20,EQ,        14.06,                   390090.43,27702
,NV20BEES,EQ,       141.11,                  5285127.82,37403
,NV20IETF,EQ,        13.75,                  3582490.37,260511
,NXST,RR,       164.88,                 14974425.08,90792
,NYKAA,EQ,       324.45,               1747992803.60,5358871
,OAL,EQ,       352.65,                  6529753.15,18483
,OBCL,EQ,        52.25,                   506887.58,9667
,OBEROIRLTY,EQ,      1916.50,               1339135211.80,698324
,OBSCP,SM,       634.10,                 13027500.00,20400
,OCCLLTD,BE,       131.50,                  4100624.26,31442
,ODIGMA,BE,        23.04,                   106753.91,4613
,OFSS,EQ,     11646.00,               2855282483.00,243706
,OIL,EQ,       441.10,               2634182924.20,5996484
,OILCOUNTUB,BE,        53.42,                  2338863.63,44093
,OILIETF,EQ,        11.25,                 10649362.94,944446
,OLAELEC,EQ,        39.47,               1448540367.26,36360238
,OLECTRA,EQ,      1378.20,                391752980.90,283029
,OLIL,ST,       434.00,                  1530400.00,3600
,OMAXAUTO,BE,       248.98,                 12897966.59,51669
,OMAXE,EQ,        97.52,                613513188.32,6367876
,OMFREIGHT,BE,        91.38,                   761955.60,8289
,OMFURN,ST,        54.50,                    65400.00,1200
,OMINFRAL,EQ,        89.95,                  5721921.21,63588
,OMNI,EQ,       550.75,                211772609.90,383284
,OMPOWER,EQ,       172.73,                 30179051.98,175759
,ONDOOR,ST,       196.90,                   998220.00,5100
,ONELIFECAP,BE,        37.01,                   818710.93,21878
,ONEPOINT,EQ,        56.35,                 81837221.16,1465259
,ONESOURCE,EQ,      1648.10,                556886545.00,336968
,ONIDA,BE,        40.16,                  7295753.55,180490
,ONMOBILE,BE,        69.41,                  3823100.27,55170
,ONWARDTEC,EQ,       284.65,                 25452411.05,87237
,ONYX,ST,        36.85,                    73700.00,2000
,OPTIEMUS,EQ,       566.30,                132495291.20,229333
,OPTIVALUE,SM,        90.55,                  2464880.00,27200
,ORBTEXP,BE,       237.23,                  3126907.53,13198
,ORCHASP,EQ,         1.84,                   424288.22,226507
,ORCHPHARMA,EQ,      1052.95,                832184568.70,785905
,ORIANA,SM,      1498.45,                 40164776.25,26625
,ORICONENT,EQ,        57.80,                  3969622.58,69389
,ORIENTALTL,EQ,         5.43,                  1045896.41,191414
,ORIENTBELL,EQ,       320.10,                   882077.35,2745
,ORIENTCEM,EQ,       136.37,                 20920819.90,153543
,ORIENTCER,EQ,        42.00,                  3503779.42,84003
,ORIENTELEC,EQ,       174.05,                 16063841.70,91876
,ORIENTHOT,EQ,       133.98,                 56102096.69,415749
,ORIENTLTD,EQ,        71.46,                   149145.95,2075
,ORIENTPPR,EQ,        16.86,                  2160473.43,128910
,ORIENTTECH,EQ,       280.80,               5008689697.08,17335944
,ORISSAMINE,EQ,      3734.90,                 26691292.10,7091
,ORKLAINDIA,EQ,       590.20,                 65926655.15,112336
,ORTEL,BZ,         1.71,                    11879.57,6918
,ORTINGLOBE,BE,        15.99,                    20280.20,1236
,OSELDEVICE,SM,       443.00,                  7091570.00,16000
,OSIAHYPER,BE,         3.08,                   954172.29,307679
,OSWALAGRO,BE,        40.64,                   714280.70,17468
,OSWALGREEN,EQ,        21.88,                  2064851.20,93807
,OSWALPUMPS,EQ,       401.25,                110218221.60,273985
,OSWALSEEDS,EQ,        10.84,                  1706827.65,160705
,OWAIS,ST,       105.40,                  1291025.00,12500
,PACEDIGITK,EQ,       204.50,                403204442.03,1943991
,PAGEIND,EQ,     40530.00,                992546930.00,24622
,PAISALO,EQ,        72.45,                730885330.81,10037118
,PAKKA,EQ,        73.82,                  3044992.14,41481
,PALASHSECU,EQ,        91.01,                    39450.81,423
,PALREDTEC,BE,        52.63,                    33998.98,646
,PANACEABIO,EQ,       537.55,                 32480122.45,60416
,PANACHE,EQ,       447.95,                  3328530.05,7414
,PANAMAPET,EQ,       417.10,                 36685719.70,88453
,PANSARI,EQ,       363.40,                  1023169.70,2844
,PAR,EQ,        91.35,                   411522.00,4465
,PARACABLES,EQ,        65.20,                 59254717.13,907198
,PARADEEP,EQ,       141.48,                332387939.23,2341900
,PARAGMILK,EQ,       224.04,                 87989421.36,389452
,PARAGON,SM,        49.25,                    59100.00,1200
,PARAMOUNT,ST,        36.05,                    43260.00,1200
,PARAMPARA,SM,        12.40,                   198800.00,16000
,PARAS,EQ,      1202.30,               1074482862.40,891412
,PARASPETRO,EQ,         2.04,                   223266.47,108519
,PARIN,SM,       724.80,                  3631687.50,5000
,PARKHOSPS,EQ,       286.55,                102185840.85,355311
,PARKHOTELS,EQ,       132.17,                 57286951.96,433229
,PARSVNATH,BE,         2.26,                   180951.42,80067
,PARTH,ST,       438.00,                  1758360.00,4000
,PARTYCRUS,SM,        85.00,                   170000.00,2000
,PASHUPATI,EQ,        87.52,                  5030228.96,57856
,PASUPTAC,BE,        60.41,                  4347064.55,71444
,PATANJALI,EQ,       407.55,               1133394190.55,2782224
,PATELENG,EQ,        30.61,                106169405.07,3436885
,PATELRMART,EQ,       225.27,                 15548367.72,68894
,PATILAUTOM,ST,       191.05,                  5348970.00,27600
,PATINTLOG,BE,        15.29,                   258141.25,16881
,PAUSHAKLTD,EQ,       550.70,                 15864484.00,28608
,PAVNAIND,BE,        17.32,                   589811.92,34293
,PAYTM,EQ,      1381.40,               5628090347.50,4078216
,PCBL,EQ,       318.90,                209360849.00,653458
,PCCL,SM,       251.00,                  2070240.00,8400
,PCJEWELLER,EQ,         9.86,               3735359600.92,375453742
,PDMJEPAPER,EQ,        84.36,                  3096577.16,36534
,PDSL,EQ,       382.25,               3689498642.65,9246576
,PEARLPOLY,BE,        17.35,                   196682.57,11329
,PELATRO,SM,       250.40,                  2707635.00,10800
,PENIND,EQ,       172.63,                713146944.90,3973488
,PENINLAND,BE,        18.87,                   692234.43,36639
,PENTAGON,SM,        52.65,                    52650.00,1000
,PERSISTENT,EQ,      5129.10,               2936157649.80,567112
,PETRONET,EQ,       276.05,                333874681.35,1207948
,PFIZER,EQ,      4664.60,                184060882.40,39243
,PFOCUS,BE,       274.09,                200280545.64,734997
,PFS,EQ,        30.57,                  9700938.13,316086
,PGEL,EQ,       601.10,               1753460753.05,2938064
,PGHH,EQ,      8877.00,                 41437461.50,4658
,PGHL,EQ,      6918.50,                291115512.00,42343
,PGIL,EQ,      1997.30,                 67108040.60,33285
,PGINVIT,IV,        96.95,                110106285.84,1135656
,PHANTOMFX,SM,       189.65,                  2212545.00,11700
,PHARMABEES,EQ,        26.59,                157999891.40,5943934
,PHOENIXLTD,EQ,      2132.50,               2099739158.00,982204
,PHOGLOBAL,SM,        16.15,                   128600.00,8000
,PICCADIL,EQ,       716.55,                278904887.75,386031
,PIGL,EQ,       110.08,                  5698460.04,51110
,PIIND,EQ,      2537.20,                943382228.70,371827
,PILANIINVS,EQ,      4362.40,                  9519164.50,2169
,PILITA,BE,         9.00,                   336494.17,37144
,PINELABS,EQ,       156.92,               2735135661.56,17542322
,PIONEEREMB,EQ,        22.75,                    37601.05,1655
,PIONRINV,EQ,        79.18,                   297575.47,3723
,PIRAMALFIN,EQ,      2152.90,                472365759.90,217480
,PITTIENG,EQ,       958.40,                 29047714.35,30130
,PIXTRANS,EQ,      1837.20,                 17457413.50,9528
,PKTEA,EQ,       718.85,                    33852.45,47
,PLADAINFO,SM,        11.40,                    34200.00,3000
,PLASTIBLEN,EQ,       199.82,                230478052.10,1105978
,PLATIND,EQ,       227.74,                 10592546.84,46606
,PLAZACABLE,BE,        43.04,                   691792.46,15997
,PML,EQ,       480.00,                   232721.55,485
,PNBGILTS,EQ,        88.35,                 28199675.71,320126
,PNBHOUSING,EQ,      1095.50,                780529351.20,714193
,PNC,EQ,        19.79,                  2630216.39,133206
,PNCINFRA,EQ,       244.53,                134100246.36,546066
,PNGJL,EQ,       593.30,                163140254.05,273934
,PNGSREVA,EQ,       408.55,                 14487696.50,35541
,POCL,EQ,      1392.50,                186054635.10,132012
,PODDARMENT,EQ,       235.52,                   567500.59,2403
,POKARNA,EQ,      1019.10,                 32223613.10,31682
,POLICYBZR,EQ,      1566.90,               1517717399.90,968474
,POLYCAB,EQ,      9532.50,               4389373839.00,464552
,POLYMED,EQ,      1664.40,                147909497.00,90000
,POLYPLEX,EQ,      1062.70,                 68975840.85,64414
,POLYSIL,SM,       111.00,                  2214725.00,20000
,PONNIERODE,EQ,       325.30,                  2930860.15,8919
,POONAWALLA,EQ,       469.25,                361017903.60,767204
,POSITRON,ST,       180.05,                   273165.00,1500
,POWERICA,EQ,       567.60,                272695400.95,472087
,POWERINDIA,EQ,     32490.00,               2794733810.00,87083
,POWERMECH,EQ,      2590.30,                135088642.10,51788
,PPAP,EQ,       338.02,                185090071.10,529664
,PPL,BE,       266.60,                  8256736.10,30776
,PPLPHARMA,EQ,       171.93,                469577445.21,2716698
,PPSL,ST,         2.50,                  2240850.00,933000
,PRABHA,EQ,       150.23,                  1072471.99,7145
,PRADPME,BE,       490.65,                  8816637.90,17888
,PRAENG,EQ,        18.98,                   498875.50,26017
,PRAJIND,EQ,       351.70,                162662779.05,461718
,PRAKASH,EQ,       127.58,                 26109128.12,203949
,PRAKASHSTL,EQ,         4.08,                   378300.67,92356
,PRAMARA,SM,       136.20,                  4703200.00,34000
,PRANIK,SM,        43.00,                  4404720.00,102400
,PRATHAM,SM,       116.10,                   516540.00,4400
,PRAVEG,EQ,       236.87,                 13061039.56,55027
,PRAXIS,BE,         7.30,                   146722.85,20028
,PRECAM,EQ,       144.35,                 13589833.55,93676
,PRECISION,SM,         6.20,                   225800.00,36000
,PRECOT,EQ,       795.00,                  5041052.75,6229
,PRECWIRE,EQ,       379.20,                 50478009.75,132355
,PREMCO,EQ,       370.35,                   130317.15,353
,PREMEXPLN,EQ,       668.00,                274377884.85,410157
,PREMIER,BE,         2.96,                    65430.89,22672
,PREMIERENE,EQ,      1100.90,               1460764393.30,1330092
,PREMIERPOL,EQ,        63.41,                  5020482.85,78501
,PRESSTONIC,SM,        25.65,                  1126960.00,44000
,PRESTIGE,EQ,      1693.60,               1482021978.30,872609
,PRICOLLTD,EQ,       616.60,                335285383.30,544280
,PRIMECAB,ST,       172.95,                  5532880.00,32000
,PRIMESECU,EQ,       271.25,                  1418542.40,5228
,PRIMO,EQ,        23.76,                   942194.08,39835
,PRINCEPIPE,EQ,       267.30,                 38254996.15,143449
,PRITI,BE,        40.08,                   369801.87,9271
,PRITIKAUTO,BE,        18.88,                 13180943.23,675185
,PRIVISCL,EQ,      3682.00,                294760914.30,79818
,PRIZOR,ST,       802.50,                 12819040.00,16000
,PRLIND,SM,        46.15,                  1022750.00,22000
,PROFX,SM,        76.00,                   240880.00,3200
,PROLIFE,SM,        75.60,                    75600.00,1000
,PROSTARM,EQ,       129.86,                  9484891.13,72943
,PROTEAN,EQ,       589.80,                110336138.60,185925
,PROV,SM,      1634.95,                   261592.00,160
,PROZONER,EQ,        42.58,                  7232987.91,168392
,PRSMJOHNSN,EQ,       111.96,                 12655246.33,113183
,PRUDENT,EQ,      2981.70,                 52265218.30,17484
,PRUDMOULI,BE,        14.43,                   211718.54,14094
,PSB,EQ,        24.81,                 14302977.60,576104
,PSPPROJECT,EQ,      1069.40,                166633274.00,153745
,PSUBANK,EQ,        83.36,                 38329608.37,458651
,PSUBANKADD,EQ,        84.27,                  2715311.33,32237
,PSUBNKBEES,EQ,        92.78,                177108773.05,1902767
,PSUBNKIETF,EQ,        84.52,                 21111104.39,249401
,PTC,EQ,       173.75,                113351827.10,659531
,PTCIL,EQ,     17532.00,                207421311.00,11795
,PTL,EQ,        39.65,                  1061350.42,26646
,PULZ,SM,        23.90,                   142300.00,6000
,PUNJABCHEM,EQ,      1159.60,                 27835503.40,23849
,PURPLEUTED,ST,       426.00,                  6883775.00,16500
,PURVA,EQ,       235.08,                473014971.11,1934985
,PURVFLEXI,ST,        48.00,                   313840.00,6400
,PUSHPA,SM,       112.65,                  7385600.00,64000
,PVP,EQ,        29.07,                  4233310.17,145591
,PVRINOX,EQ,      1011.45,                171962543.55,169921
,PVSL,EQ,        93.64,                   969221.53,10386
,PVTBANIETF,EQ,        28.19,                 95692042.30,3393882
,PVTBANKADD,EQ,        28.28,                  4580868.22,161721
,PVTBKGROWW,EQ,        28.10,                   396006.12,14147
,PWL,EQ,       142.56,               1094625277.85,7593287
,PYRAMID,EQ,       164.62,                  4841033.24,29540
,QGOLDHALF,EQ,       116.21,                  9378988.87,80620
,QLINE,SM,       539.00,                 21396040.00,39600
,QMSMEDI,EQ,       107.89,                  1324018.84,12363
,QNIFTY,EQ,       264.61,                   160574.33,606
,QPOWER,BE,      1194.90,                 85231717.00,71367
,QUADFUTURE,EQ,       422.50,                 78298582.00,184209
,QUAL30IETF,EQ,        20.66,                   869942.33,41989
,QUALITY30,EQ,        20.28,                   148562.60,7313
,QUESS,EQ,       292.55,                 54752019.85,184530
,QUESTLAB,SM,        89.15,                   980520.00,10800
,QUICKHEAL,BE,       168.35,                  7382870.66,43807
,QUICKTOUCH,SM,        24.30,                    12150.00,500
,QUINT,EQ,        39.50,                    21476.48,538
,RACE,EQ,       112.44,                   474177.28,4223
,RACLGEAR,EQ,      1328.70,                 27639867.20,21063
,RADAAN,EQ,         2.91,                    34379.32,11676
,RADHIKAJWE,EQ,        66.62,                720960054.79,10593360
,RADIANTCMS,EQ,        37.00,                  5421894.03,145169
,RADICO,EQ,      4051.20,               1496023007.50,367386
,RADIOCITY,EQ,         6.04,                   287254.26,47633
,RADIOWALLA,ST,        25.85,                  3814480.00,155200
,RAILTEL,EQ,       303.60,                106656929.20,349911
,RAIN,EQ,       205.46,                967161797.70,4648554
,RAINBOW,EQ,      1484.10,                149371782.60,101392
,RAJESHEXPO,BZ,        90.00,                 10030175.12,111248
,RAJINDLTD,SM,        78.25,                   583575.00,7500
,RAJMET,EQ,         3.54,                   936643.71,264804
,RAJOOENG,BE,        50.19,                  6978910.71,139165
,RAJPALAYAM,EQ,       829.95,                   293959.95,354
,RAJPUTANA,SM,       194.00,                  1360300.00,7000
,RAJRATAN,EQ,       477.15,                 25771481.55,54044
,RAJRILTD,BE,        21.57,                    82782.83,3821
,RAJSREESUG,EQ,        30.97,                  1578440.56,51108
,RAJTV,EQ,        11.74,                   361822.41,30528
,RALLIS,EQ,       230.82,                 78970213.00,342926
,RAMANEWS,EQ,        29.23,                   115823.90,3986
,RAMAPHO,EQ,       123.30,                  1725236.96,13858
,RAMASTEEL,BE,         4.50,                  5566644.04,1236929
,RAMBHAJO,BE,       196.89,                 96133925.43,493689
,RAMCOCEM,EQ,       928.45,                 33999167.75,36574
,RAMCOIND,EQ,       365.45,                 73525316.80,200101
,RAMCOSYS,EQ,       816.65,               1606942871.00,1892166
,RAMKY,EQ,       399.20,                 28997942.60,71592
,RAMRAT,EQ,       419.20,                 40872860.15,96757
,RANASUG,EQ,        11.97,                  1120066.34,93281
,RANEHOLDIN,EQ,      1753.50,                 17164951.20,9847
,RAPPID,SM,       317.35,                  8664450.00,27600
,RATEGAIN,EQ,       952.25,                347520845.75,365388
,RATNAMANI,EQ,      2586.70,                 38926264.90,14918
,RATNAVEER,EQ,       175.99,                172647052.70,979515
,RAYMOND,EQ,       619.10,                466311262.25,740270
,RAYMONDLSL,EQ,       732.00,                 82483301.00,112806
,RAYMONDREL,EQ,       704.05,                366364081.20,515287
,RBA,EQ,        70.63,                201208227.98,2832739
,RBLBANK,EQ,       377.95,               2494428328.50,6595796
,RBMINFRA,SM,       266.75,                  4176670.00,15600
,RBS,ST,        77.60,                    62080.00,800
,RBZJEWEL,EQ,       153.80,                 95627200.43,595961
,RCDL,SM,        25.10,                    75300.00,3000
,RCF,EQ,       128.47,                103264125.89,800475
,RCOM,BE,         0.86,                  2993363.72,3474739
,READYMIX,SM,       103.90,                  1714550.00,16000
,REDINGTON,EQ,       282.70,                713490673.55,2533665
,REDTAPE,EQ,       133.57,                 25552577.92,190484
,REFEX,EQ,       335.75,                142355402.50,424810
,REFRACTORY,SM,        26.05,                   695350.00,27000
,REGAAL,BE,        80.89,                  3444162.05,42414
,REGENCERAM,EQ,        40.00,                     6756.60,169
,RELAXO,EQ,       389.15,                 58460493.65,149132
,RELCHEMQ,EQ,       130.74,                   375277.38,2880
,RELIABLE,EQ,       145.78,                  8624838.17,59610
,RELIGARE,EQ,       262.25,                142268915.00,535462
,RELTD,EQ,       173.60,                 50309785.49,290839
,REMSONSIND,EQ,        76.15,                 13434119.26,174488
,REMUS,SM,       717.90,                  3528805.00,4900
,RENUKA,EQ,        22.72,                 66065398.06,2889180
,REPCOHOME,EQ,       409.85,                 56953028.10,138986
,REPL,BE,        66.00,                    78315.72,1193
,REPRO,EQ,       366.35,                  3504782.55,9465
,RESPONIND,EQ,       183.39,                  8699649.96,47104
,RETAIL,EQ,        17.83,                    69931.50,3962
,RFBL,ST,        85.00,                   255000.00,3000
,RGL,EQ,       118.97,                 21255104.72,178785
,RHETAN,EQ,        27.13,                395183676.24,14709917
,RHFL,BZ,         2.01,                  1357668.67,680775
,RHIM,EQ,       403.75,                350024446.55,858588
,RHL,EQ,       174.98,                  2389867.80,13654
,RICHA,ST,        93.00,                   839500.00,9000
,RICOAUTO,EQ,       126.72,                144226650.53,1129364
,RIIL,EQ,       782.20,                 50384479.30,64083
,RIIT,IV,       116.48,                 10956308.53,94082
,RILINFRA,SM,        38.80,                   305475.00,7800
,RISHABH,EQ,       653.15,                 65703663.90,99825
,RITCO,EQ,       265.45,                 62062676.25,231180
,RITES,EQ,       222.15,                154718401.69,694207
,RKDL,EQ,        18.86,                    67841.58,3580
,RKEC,EQ,        27.00,                   219483.63,7951
,RKFORGE,EQ,       553.85,                139960608.30,251775
,RKSWAMY,EQ,       102.19,                  2902632.34,28266
,RMC,EQ,       291.40,                  6234385.85,21270
,RMDRIP,EQ,        19.78,                 41345087.95,2152813
,RML,EQ,      1238.90,                 29614361.60,23797
,RNBDENIMS,EQ,         9.90,                  2017801.00,202544
,RNFI,SM,       250.70,                  1496610.00,6000
,RNPL,SM,        85.45,                   205080.00,2400
,ROCKINGDCE,SM,       179.80,                   532050.00,3000
,ROCKPP,E1,        60.00,                   119950.00,2000
,ROHLTD,EQ,       321.85,                  5160085.85,16022
,ROLEXRINGS,EQ,       146.63,                143495447.19,981432
,ROLLT,BE,         2.33,                  1312894.76,575749
,ROML,EQ,        44.90,                    12462.00,278
,ROSSARI,EQ,       527.45,                 53271081.45,99837
,ROSSELLIND,EQ,        57.76,                   758042.79,13316
,ROSSTECH,EQ,      1036.60,                133848785.85,129356
,ROTO,EQ,        67.56,                 36813660.49,546108
,ROUTE,EQ,       569.40,                599467136.80,1024850
,ROXHITECH,ST,        35.70,                   582720.00,16000
,ROYALARC,SM,       147.00,                   176400.00,1200
,RPEL,EQ,      1263.30,                 82554626.50,64523
,RPGLIFE,EQ,      2740.20,                 55477784.10,20009
,RPOWER,EQ,        24.52,                513428578.29,20841983
,RPPINFRA,EQ,        64.72,                  1334000.14,20366
,RPPL,EQ,        21.88,                  2816563.71,126973
,RPSGVENT,EQ,       896.35,                 11417408.65,12768
,RPTECH,EQ,       777.70,                307185741.60,394579
,RRIL,EQ,        17.56,                    70144.07,4013
,RRKABEL,EQ,      2345.30,                985720618.00,419751
,RSDFIN,EQ,        80.00,                      240.00,3
,RSL,EQ,       128.80,                  6137815.71,47665
,RSSOFTWARE,BE,        34.00,                    95956.46,2801
,RSWM,BE,       206.68,                 31344823.81,149743
,RSYSTEMS,EQ,       252.96,                187613138.47,745297
,RTL,SM,        85.00,                  1198100.00,14000
,RTNINDIA,EQ,        32.59,                 38163616.04,1161046
,RTNPOWER,EQ,         8.88,                 69166468.47,7759970
,RUBFILA,EQ,        73.16,                   957460.13,12963
,RUBICON,EQ,      1491.30,                922204432.20,615599
,RUBYMILLS,BE,       382.95,                 16637377.10,43847
,RUCHINFRA,EQ,         5.79,                   179417.60,30740
,RUCHIRA,EQ,       103.71,                  2491678.59,23962
,RUDRA,BE,        17.21,                   254415.43,14792
,RULKA,SM,       115.15,                   208035.00,1800
,RUPA,EQ,       169.13,                 16213802.82,95836
,RUSHIL,EQ,        15.39,                  4096122.29,263616
,RUSTOMJEE,EQ,       419.35,                  9929258.50,23723
,RVHL,EQ,        45.79,                  1460569.59,31041
,RVNL,EQ,       227.31,                826811959.10,3628384
,RVTH,EQ,       707.75,                   128951.20,182
,S&SPOWER,EQ,       365.00,                   377583.85,1056
,SAAKSHI,ST,       293.40,                  1396110.00,4800
,SAATVIKGL,EQ,       465.90,                394448009.65,834895
,SABAR,SM,         4.15,                   186750.00,45000
,SABEVENTS,EQ,         8.31,                    38974.33,4690
,SACHEEROME,SM,       432.45,                 12650040.00,29100
,SADBHAV,EQ,         8.33,                  1778564.95,209369
,SADBHIN,BE,         2.68,                   223710.54,83831
,SADHAV,SM,       117.60,                  7388490.00,63000
,SADHNANIQ,BE,         2.64,                  1400084.40,530335
,SAFARI,EQ,      1665.80,                 32665485.90,19631
,SAFEENTP,SM,       270.60,                  6526700.00,24000
,SAGARDEEP,EQ,        23.77,                    65249.78,2733
,SAGCEM,EQ,       175.75,                  3451252.40,19555
,SAGILITY,EQ,        41.79,                584873845.10,13973679
,SAHAJSOLAR,SM,       121.35,                   593680.00,4800
,SAHANA,SM,       932.90,                 49955287.50,52625
,SAHASRA,ST,       301.90,                 13042080.00,43200
,SAHLIBHFI,EQ,        77.77,                  1466064.25,18565
,SAHYADRI,EQ,       283.05,                  1151937.80,4016
,SAIFL,SM,         5.10,                   490000.00,96000
,SAIL,EQ,       166.45,               1942898083.47,11647636
,SAILIFE,EQ,      1268.80,                510566618.20,400032
,SAIPARENT,EQ,       583.35,                 46004214.20,79187
,SAJHOTELS,SM,        32.60,                  3983300.00,130000
,SAKAR,EQ,       904.45,                724431630.55,798161
,SAKHTISUG,EQ,        17.18,                  2124045.35,124781
,SAKSOFT,EQ,       178.58,                332959512.59,1847978
,SAKUMA,BE,         1.80,                  1127686.61,626771
,SALASAR,EQ,         6.07,                 12452197.80,2042767
,SALONA,EQ,       255.00,                    17577.55,69
,SALSTEEL,BE,        56.43,                  3195581.39,56840
,SALZERELEC,EQ,       600.20,                 19423419.80,32144
,SAMBHAAV,EQ,         6.20,                   351911.53,55154
,SAMBHV,EQ,       122.21,                201056209.61,1665668
,SAMHI,EQ,       175.63,                111721155.24,639314
,SAMMAANCAP,EQ,       160.49,               1012932717.54,6269658
,SAMPANN,EQ,        27.68,                   350210.55,12594
,SANATHAN,EQ,       440.00,                  4513261.65,10271
,SANDESH,EQ,       987.95,                   270912.40,273
,SANDHAR,EQ,       620.00,                291725921.75,461826
,SANDUMA,EQ,       199.38,                111936266.00,556380
,SANGAMIND,EQ,       624.95,                382422936.20,602757
,SANGANI,SM,        45.00,                  2871000.00,64500
,SANGHVIMOV,EQ,       430.80,                180372396.35,417728
,SANGINITA,BE,        52.64,                 10870581.58,206537
,SANOFI,EQ,      3362.20,                 44916042.80,13364
,SANOFICONR,EQ,      4558.80,                  5430035.60,1190
,SANSERA,EQ,      3238.60,                425881407.60,131804
,SANSTAR,EQ,       111.44,                 19397556.53,173497
,SANWARIA,BZ,         0.19,                    70117.09,358241
,SAPPHIRE,EQ,       181.90,                 99916446.23,548413
,SAPPL,EQ,       300.35,                   129127.80,425
,SARDAEN,EQ,       492.55,                103099790.60,207579
,SAREGAMA,EQ,       483.50,                220776781.05,451661
,SARLAPOLY,EQ,       102.56,                  3017519.49,29021
,SAROJA,SM,        29.95,                   191680.00,6400
,SARTELE,SM,       123.45,                 11900325.00,94500
,SARVESHWAR,BE,         3.57,                  2124328.08,593475
,SASKEN,EQ,      2024.10,                 30315459.60,14821
,SATECH,SM,        34.60,                   139550.00,4000
,SATIA,EQ,        54.92,                  2133842.64,39056
,SATIN,EQ,       264.66,                210076842.88,788816
,SATKARTAR,ST,       132.50,                 23647600.00,178400
,SATTVAENGG,SM,        75.00,                   844240.00,11200
,SAURASHCEM,EQ,        53.75,                  7007092.27,128696
,SAWALIYA,SM,       298.15,                  4130400.00,13800
,SAYAJIHOTL,EQ,       310.00,                     3412.00,11
,SBC,EQ,        42.29,                385793363.12,9102396
,SBCL,EQ,       739.35,                209605816.65,285825
,SBFC,EQ,        92.11,                 77172105.37,839747
,SBGLP,EQ,        24.87,                   141488.96,5678
,SBIBPB,EQ,        48.25,                  3188454.28,66043
,SBICARD,EQ,       638.85,               4475390688.60,7092271
,SBIETFCON,EQ,       119.59,                   305464.95,2549
,SBIETFIT,EQ,       317.93,                  7110811.47,22198
,SBIETFPB,EQ,       285.29,                   560880.02,1966
,SBIETFQLTY,EQ,       218.86,                   246355.15,1130
,SBILIQETF,EQ,      1047.36,                 27130880.58,25904
,SBIMIDMOM,EQ,        62.85,                  1465911.03,23363
,SBINEQWETF,EQ,        32.96,                  1116372.87,33766
,SBINMID150,EQ,        23.13,                   290146.29,12542
,SBISILVER,EQ,       213.03,                155772903.19,731891
,SBISMLETF,EQ,        18.02,                   621459.44,34433
,SBIVALETF,EQ,        14.82,                   105640.72,7110
,SCANSTL,EQ,        48.79,                 17396886.79,344792
,SCHAEFFLER,EQ,      4139.20,                 99095146.70,23951
,SCHAND,EQ,       149.79,                  1861345.35,12424
,SCHNEIDER,EQ,      1335.90,                370051520.10,273978
,SCI,EQ,       285.20,                569159015.05,1991879
,SCILAL,EQ,        42.63,                  8109050.65,189238
,SCLZC26,NB,      2312.97,                    46259.40,20
,SCML,SM,        78.00,                   787500.00,10000
,SCODATUBES,EQ,       153.43,                 16587851.79,108559
,SCPL,EQ,       483.45,                 15072627.60,31103
,SDBL,EQ,        66.76,                 30078918.68,449733
,SDREAMS,SM,        91.00,                   182000.00,2000
,SEAMECLTD,EQ,      1426.90,                 23924187.60,16741
,SECMARK,EQ,       127.74,                   231165.66,1848
,SECURKLOUD,EQ,        18.59,                   270200.63,14626
,SEDEMAC,EQ,      2717.20,                107073660.40,39211
,SEIL,EQ,       205.21,                 89260718.08,428409
,SEJALLTD,BE,       712.65,                 10069296.80,13998
,SEL,ST,       240.30,                  2389730.00,10000
,SELECTIPO,EQ,        46.47,                  3897273.71,83712
,SELLOWRAP,SM,        67.00,                  1295920.00,19200
,SELMC,EQ,        28.86,                    91734.79,3162
,SEMAC,BE,       332.30,                    34024.20,104
,SENCO,EQ,       377.85,                996547296.40,2601503
,SENORES,EQ,      1451.80,                318036551.10,219895
,SENSEXADD,EQ,        79.37,                    49866.50,629
,SENSEXAXIS,EQ,        79.95,                    50369.42,629
,SENSEXBETA,EQ,       851.46,                   938297.21,1100
,SENSEXETF,EQ,        79.46,                  1782256.70,22423
,SENSEXIETF,EQ,       884.71,                  5996781.27,6769
,SEPC,EQ,         6.33,                100064895.62,15735066
,SERVICE,SM,        56.00,                   682200.00,12000
,SERVOTECH,EQ,        95.58,                 43481747.26,453231
,SESHAPAPER,EQ,       216.23,                 15353316.50,70516
,SETCO,BE,        18.62,                  1816654.65,99617
,SETF10GILT,EQ,       264.98,                   173214.63,652
,SETFGOLD,EQ,       119.63,                340823357.78,2847176
,SETFNIF50,EQ,       258.39,                 98788012.85,381714
,SETFNIFBK,EQ,       590.21,                 17189871.70,29117
,SETFNN50,EQ,       768.88,                 16788447.08,21862
,SETL,EQ,       273.85,                358998172.60,1343982
,SETUINFRA,BZ,         0.43,                    44365.79,97882
,SEYAIND,BE,        12.98,                    98403.19,7556
,SFL,EQ,       808.95,                249193589.80,308831
,SFLZC26A,ZC,      1881.66,                    73384.74,39
,SFML,SM,        24.35,                   155520.00,6400
,SGBAPR28I,GB,     14042.95,                  4692794.78,334
,SGBAUG27,GB,     14188.00,                  1370277.84,97
,SGBAUG28V,GB,     14081.37,                 17155105.23,1217
,SGBAUG29V,GB,     14098.36,                  3023226.70,214
,SGBAUG30,GB,     14139.64,                  4253086.24,300
,SGBD29VIII,GB,     14076.87,                  1576773.14,112
,SGBDC27VII,GB,     14128.27,                  3137515.00,223
,SGBDE30III,GB,     14198.32,                  4229220.25,298
,SGBDE31III,GB,     14499.48,                 19653019.35,1360
,SGBFEB27,GB,     14099.99,                   155149.90,11
,SGBFEB28IX,GB,     14041.77,                  1618978.02,115
,SGBFEB29XI,GB,     14065.00,                   591147.04,42
,SGBFEB32IV,GB,     14625.26,                 24856163.11,1697
,SGBJ28VIII,GB,     14010.42,                  1723382.30,123
,SGBJAN27,GB,     14090.00,                   761250.00,54
,SGBJAN29IX,GB,     14001.88,                  2248709.73,160
,SGBJAN29X,GB,     14080.06,                  1518507.96,108
,SGBJAN30IX,GB,     14119.99,                  5474930.98,388
,SGBJU29III,GB,     14046.66,                  1293949.07,92
,SGBJUL27,GB,     14150.00,                   297150.00,21
,SGBJUL28IV,GB,     14003.74,                  4458321.43,318
,SGBJUL29IV,GB,     14079.61,                  4863141.41,345
,SGBJUN27,GB,     14149.98,                    70749.90,5
,SGBJUN28,GB,     14051.80,                   844012.38,60
,SGBJUN29II,GB,     14046.05,                   758530.05,54
,SGBJUN30,GB,     14190.69,                  2072953.39,146
,SGBJUN31I,GB,     14373.47,                  2873672.46,200
,SGBMAR28X,GB,     14010.00,                  1120800.00,80
,SGBMAR30X,GB,     14248.40,                  1190338.26,84
,SGBMAR31IV,GB,     14320.47,                  1576323.56,110
,SGBMAY28,GB,     14007.31,                  8699492.59,621
,SGBMAY29I,GB,     14054.57,                  4700693.27,334
,SGBMR29XII,GB,     14023.31,                  6488134.12,462
,SGBN28VIII,GB,     14066.64,                  2137693.91,152
,SGBNOV26,GB,     14260.00,                    71562.14,5
,SGBNV29VII,GB,     14030.01,                  6310852.69,449
,SGBOC28VII,GB,     14073.59,                  1815647.75,129
,SGBOCT27,GB,     14020.00,                   239469.97,17
,SGBOCT27VI,GB,     13965.00,                   308752.12,22
,SGBSEP27,GB,     13983.23,                   280379.47,20
,SGBSEP28VI,GB,     14098.00,                   633747.45,45
,SGBSEP29VI,GB,     14087.75,                  1620591.08,115
,SGBSEP31II,GB,     14389.21,                 11558572.28,803
,SGFIN,EQ,       603.45,               3114740772.65,4964388
,SGIL,EQ,       595.30,                  4084582.25,6879
,SGL,EQ,        10.51,                   240163.79,23284
,SGMART,EQ,       654.15,               1493992607.30,2265959
,SHADOWFAX,EQ,       208.70,                780738531.03,3721885
,SHAH,EQ,         4.66,                  8510487.68,1828847
,SHAHALLOYS,EQ,        73.81,                  2499807.43,33591
,SHAILY,EQ,      2709.40,                403447214.10,148481
,SHAKTIPUMP,EQ,       555.55,                392398801.25,701057
,SHALBY,EQ,       165.81,                 15244007.76,90873
,SHALPAINTS,EQ,        51.90,                  5670291.33,108437
,SHANKARA,EQ,       134.60,                 26512291.66,195389
,SHANTI,EQ,         7.14,                   398912.80,56693
,SHANTIGEAR,EQ,       440.15,                  2555942.50,5796
,SHANTIGOLD,EQ,       213.97,                 84442835.83,396344
,SHARDACROP,EQ,       906.45,                171277029.40,189371
,SHARDAMOTR,EQ,       856.30,                 18073829.65,21058
,SHARDUL,EQ,        44.35,                   586218.30,13218
,SHAREINDIA,EQ,       177.76,                284237037.32,1599392
,SHARIABEES,EQ,       455.25,                  3918248.12,8596
,SHBAJRG,EQ,       183.83,                   802614.65,4299
,SHEEL,ST,        72.45,                  2021200.00,28000
,SHEETAL,SM,       294.90,                   443450.00,1500
,SHEKHAWATI,BE,        13.16,                   213451.91,16202
,SHEMAROO,BE,       125.00,                  1541512.81,12232
,SHERA,ST,       159.25,                  3167650.00,20000
,SHETHJI,ST,       150.40,                   301400.00,2000
,SHIGAN,SM,        63.90,                   282600.00,4500
,SHILCTECH,EQ,      4403.60,                 44188125.40,9982
,SHILPAMED,EQ,       624.25,                608548852.10,955072
,SHINDL,EQ,       162.83,                 19985801.26,125885
,SHIVALIK,BE,       215.80,                  4480501.91,20951
,SHIVAMAUTO,BE,        18.49,                   107537.84,5816
,SHIVAMILLS,BE,        61.60,                    10449.85,176
,SHIVASHRIT,SM,       120.00,                  3468950.00,29000
,SHIVATEX,EQ,       148.65,                   231616.77,1529
,SHIVAUM,EQ,       410.00,                   891217.40,2143
,SHK,EQ,       128.91,                 27265616.78,210765
,SHKSIL,SM,        38.00,                   304000.00,8000
,SHOPERSTOP,EQ,       375.00,                 72469056.90,195132
,SHRADHA,EQ,        35.54,                 20191736.11,594430
,SHREDIGCEM,EQ,        72.80,                  3517185.51,48249
,SHREEDHAR,ST,        75.70,                 14196100.00,188000
,SHREEJISPG,EQ,       575.30,               1097375989.10,1910760
,SHREEKARNI,SM,       407.50,                   488085.00,1200
,SHREEOSFM,SM,        59.20,                   240400.00,4000
,SHREEPUSHK,EQ,       405.40,                 23568074.90,58058
,SHREERAMA,EQ,        42.42,                  1382003.82,32373
,SHRENIK,BZ,         0.35,                   123905.17,351586
,SHREYANIND,EQ,       136.43,                   497935.55,3642
,SHRIAHIMSA,ST,       389.90,                  9013200.00,23400
,SHRIKRISH,EQ,        38.85,                  1663290.02,41499
,SHRINGARMS,EQ,       227.79,                165431736.94,720664
,SHRIPISTON,EQ,      4188.30,                144353459.90,34742
,SHRIRAMPPS,EQ,        87.45,                 89897422.23,1011961
,SHUBHSHREE,SM,       331.00,                   198600.00,600
,SHYAMCENT,BE,         5.71,                   276586.56,47694
,SHYAMDHANI,ST,        60.00,                   240000.00,4000
,SHYAMMETL,EQ,      1035.95,                702506890.60,678610
,SHYAMTEL,BE,        16.52,                   184403.56,11168
,SICAGEN,EQ,        51.88,                   849143.79,16421
,SICALLOG,EQ,        85.75,                  1238588.39,14253
,SIDDHICOTS,SM,        28.50,                   208080.00,7200
,SIGACHI,BE,        23.58,                  5827608.36,247142
,SIGIND,EQ,        45.79,                  1827399.02,39816
,SIGMA,EQ,        37.68,                   985860.17,25938
,SIGMAADV,EQ,       573.65,                310119383.90,528379
,SIGNATURE,EQ,       822.55,                323613999.65,392537
,SIGNORIA,ST,       156.45,                  6251600.00,40000
,SIGNPOST,EQ,       322.05,                102808080.90,312540
,SIKA,EQ,      1180.60,                 23355033.60,19727
,SIKKO,EQ,         3.93,                   856341.39,215795
,SIL,EQ,        16.40,                   201075.98,12341
,SILGO,EQ,        74.74,                  7077907.97,94395
,SILINV,EQ,       418.90,                   640483.90,1532
,SILKFLEX,ST,       207.25,                   623300.00,3000
,SILLYMONKS,EQ,        16.77,                    56965.41,3396
,SILVER,EQ,       217.02,                158238795.41,730023
,SILVER1,EQ,        21.08,                 53079044.15,2521983
,SILVER360,EQ,       214.10,                  1177458.95,5508
,SILVERADD,EQ,       209.34,                 35773696.81,171209
,SILVERAG,EQ,       211.56,                 69832574.08,330555
,SILVERAXIS,EQ,       216.04,                 63162680.15,293044
,SILVERBEES,EQ,       208.01,               3490924612.88,16814708
,SILVERBETA,EQ,       210.10,                143344844.12,683576
,SILVERBND,EQ,       218.28,                  5010908.75,22970
,SILVERCASE,EQ,        22.02,                161082752.71,7325644
,SILVERIETF,EQ,       216.88,                403497857.78,1864154
,SILVERTUC,EQ,       195.14,                186667954.84,954458
,SIMBHALS,BZ,         6.99,                    32109.36,4557
,SIMCA,SM,       193.15,                 11095620.00,57600
,SIMPLEXINF,EQ,       262.90,                 19520494.95,74299
,SINCLAIR,EQ,        76.54,                   737929.79,9626
,SINDHUTRAD,EQ,        25.24,                 11689874.78,463171
,SINGERIND,EQ,        66.36,                  2459919.72,36800
,SINTERCOM,EQ,        77.00,                 19057604.51,247491
,SIRCA,EQ,       397.75,                 66061431.30,165596
,SIS,EQ,       434.60,                 70497677.10,161379
,SITINET,BZ,         0.31,                   103224.59,323990
,SIYSIL,EQ,       647.30,                 41480797.60,64345
,SJLOGISTIC,SM,       325.90,                 16667225.00,50500
,SJS,EQ,      2159.20,                132055168.30,61367
,SJVN,EQ,        70.38,                121201219.50,1720449
,SKFINDIA,EQ,      1567.10,                 41489080.30,26735
,SKFINDUS,EQ,      2738.40,                182569824.90,66039
,SKIPPER,EQ,       552.25,                213061596.10,384667
,SKMEGGPROD,EQ,       352.25,                350906964.55,978579
,SKP,SM,       154.00,                  1143225.00,7500
,SKYGOLD,EQ,       618.00,                522492614.40,831484
,SLONE,ST,       127.00,                   558780.00,4400
,SMALL250,EQ,        17.99,                  9811355.06,544631
,SMALLADD,EQ,        18.01,                  4593687.09,254979
,SMALLCAP,EQ,        47.05,                114185007.60,2426236
,SMALLGROWW,EQ,        47.21,                   320821.33,6787
,SMALLIETF,EQ,        18.00,                   516540.86,28638
,SMARTEN,ST,        59.80,                   578160.00,9600
,SMARTLINK,BE,       186.80,                  1202908.73,6431
,SMARTWORKS,EQ,       470.35,                 26767333.60,56836
,SMCGLOBAL,EQ,        79.45,                189851533.91,2380954
,SML100CASE,EQ,        10.91,                 20597035.95,1883171
,SMLMAH,EQ,      4087.30,                401472593.30,96919
,SMLT,EQ,        68.58,                   266456.75,3886
,SMSPHARMA,EQ,       399.25,                166076026.90,411138
,SNEHAA,ST,        47.95,                   236050.00,5000
,SNOWMAN,EQ,        36.15,                  4936343.12,136522
,SNXT30BEES,EQ,        41.98,                    59988.76,1429
,SNXT50BETA,EQ,        93.65,                   115933.03,1236
,SOBHA,EQ,      1490.60,                235917031.20,158334
,SOCL,ST,        29.00,                   139200.00,4800
,SOFTTECH,BE,       425.00,                   168672.80,414
,SOLARA,EQ,       576.20,                 92529029.35,160998
,SOLARWORLD,EQ,       208.87,                 34406531.41,164810
,SOLEX,EQ,       996.80,                 24397976.20,24291
,SOMANYCERA,EQ,       535.20,                 65158555.30,120911
,SOMATEX,EQ,       110.81,                  1667304.43,14880
,SOMICONVEY,EQ,        96.42,                  2261356.45,23300
,SONACOMS,EQ,       666.80,                581146348.95,873477
,SONAL,EQ,        90.22,                     8210.30,91
,SONAMAC,ST,        32.20,                    32200.00,1000
,SONAMLTD,EQ,        56.02,                  7224947.49,128236
,SONATSOFTW,EQ,       307.75,               1980538111.00,6346403
,SONUINFRA,ST,        43.00,                   253125.00,6000
,SOTL,EQ,       579.55,                107013595.30,183111
,SOUTHBANK,EQ,        45.33,                506617285.11,11111427
,SOUTHWEST,EQ,       222.04,                 14898694.48,67176
,SPAL,EQ,      1121.60,                213613716.80,185476
,SPANDANA,EQ,       303.05,                 77423981.20,254869
,SPARC,EQ,       247.83,                487015497.91,1942047
,SPCENET,EQ,         3.63,                  4214010.31,1158862
,SPCL,SM,        70.45,                   544500.00,7800
,SPCON,SM,       135.00,                   162000.00,1200
,SPECIALITY,EQ,       131.11,                 18227945.18,138882
,SPECTRUM,EQ,      2012.40,                 35118215.70,17417
,SPECTSTM,ST,        59.45,                   236640.00,4000
,SPENCERS,EQ,        34.77,                   714399.86,20384
,SPIC,EQ,        66.74,                 23981375.37,357743
,SPLIL,EQ,        32.34,                   509909.84,15984
,SPLPETRO,EQ,       725.65,                 14982369.30,20694
,SPMLINFRA,EQ,       191.52,                 48314221.73,249134
,SPORTKING,EQ,       196.85,                711484424.46,3518062
,SPRL,SM,       108.00,                   263200.00,2400
,SPUNWEB,SM,       103.05,                   250800.00,2400
,SRD,EQ,        39.97,                  4939428.34,124353
,SREEL,EQ,       210.33,                   411492.35,1957
,SRF,EQ,      2744.90,               1084425213.30,397057
,SRGHFL,EQ,       309.50,                   846890.35,2748
,SRHHYPOLTD,EQ,       492.00,                  1210453.30,2450
,SRIVASAVI,ST,        86.70,                  1037200.00,12000
,SRM,EQ,       486.60,                 21460990.65,43850
,SRTL,EQ,        40.70,                  1677306.32,41370
,SSDL,EQ,        54.82,                   979154.17,17773
,SSEGL,SM,       324.65,                  5043250.00,15400
,SSFL,ST,       266.50,                  7682475.00,30500
,SSFLPP,E1,       162.85,                   658580.75,4067
,SSWL,EQ,       250.44,                136527529.44,540346
,STALLION,EQ,       203.13,                429576702.15,2096559
,STANLEY,EQ,       157.68,                 19882021.02,126295
,STAR,EQ,      1071.10,                 67544344.00,62944
,STARCEMENT,EQ,       205.53,                 20707231.94,100923
,STARHEALTH,EQ,       597.35,                814224590.05,1347333
,STARPAPER,EQ,       139.19,                   258371.01,1853
,STARTECK,EQ,       272.70,                  1757745.25,6375
,STCINDIA,EQ,       121.16,                  2805157.59,23030
,STEELCAS,EQ,       299.30,                 41997616.50,139189
,STEELCITY,EQ,        76.96,                   135737.86,1760
,STEELXIND,EQ,        12.20,                 12515901.45,1029214
,STEL,EQ,       555.85,                   490776.10,880
,STERTOOLS,BE,       242.82,                  4513020.19,18565
,STLNETWORK,BE,        24.93,                  9483120.62,379020
,STLTECH,BE,       533.85,               1839347735.30,3593223
,STOVEKRAFT,EQ,       772.05,                 72516531.40,93383
,STRIDERS,SM,        56.35,                   186000.00,3200
,STUDDS,EQ,       448.55,                 27933797.50,61940
,STUDIOLSD,ST,         9.20,                   419600.00,46000
,STYL,EQ,       391.75,                389266027.80,1006460
,STYLAMIND,EQ,      3306.30,                 58960893.20,18033
,STYLEBAAZA,BE,       299.05,                 37012590.30,122597
,STYRENIX,EQ,      2264.30,                 61939035.20,27196
,SUBAHOTELS,SM,       111.65,                  5996580.00,52800
,SUBEXLTD,BE,        13.36,                 16174039.49,1205590
,SUBROS,EQ,       811.35,                 32304355.75,39841
,SUDARCOLOR,EQ,       378.20,                  5468973.95,14288
,SUDARSCHEM,EQ,      1066.20,                648719632.05,607651
,SUDEEPPHRM,EQ,       837.45,                 51366370.30,61269
,SUKHJITS,EQ,       171.06,                   446354.86,2613
,SULA,EQ,       148.63,                 28298724.52,188916
,SUMEET-RE,BE,         2.50,                 57950935.36,23074947
,SUMEETINDS,EQ,        32.72,                290944288.41,8864084
,SUMICHEM,EQ,       535.20,                376015259.90,713045
,SUMIT,BE,        47.81,                  3570514.60,75066
,SUMMITSEC,EQ,      1534.90,                  3340505.90,2160
,SUNCLAY,EQ,      1382.20,                  4415904.60,3196
,SUNDARAM,EQ,         1.25,                   428353.47,340065
,SUNDARMFIN,EQ,      4461.10,                237528373.60,53381
,SUNDRMBRAK,BE,       854.65,                  6941234.95,8167
,SUNDRMFAST,EQ,       959.75,                 50103050.20,52269
,SUNDROP,EQ,       643.70,                  7683065.75,11994
,SUNFLAG,EQ,       339.65,                 40247819.80,117453
,SUNLITE,ST,       447.50,                  3377925.00,7500
,SUNTECH,ST,        30.60,                   245200.00,8000
,SUNTECK,EQ,       312.80,                124516302.45,397746
,SUNTV,EQ,       493.85,                188033161.90,383258
,SUPERHOUSE,EQ,       151.96,                   717938.47,4701
,SUPERSPIN,BE,         5.10,                      754.80,148
,SUPRAJIT,EQ,       487.85,                 42249077.20,86328
,SUPREME,EQ,        46.94,                  1028774.74,21795
,SUPREMEENG,BZ,         1.68,                    50394.96,29997
,SUPREMEIND,EQ,      3427.50,                931016737.60,273774
,SUPREMEINF,EQ,        76.04,                  4377751.21,56203
,SUPREMEPWR,ST,       220.00,                  4883525.00,22500
,SUPRIYA,EQ,       870.70,                296253117.20,344442
,SURAJEST,EQ,       202.86,                  5501782.75,27179
,SURAJLTD,EQ,       226.87,                    64901.68,287
,SURAKSHA,EQ,       259.95,                  7471394.40,28706
,SURANASOL,EQ,        25.80,                  1182784.01,46265
,SURANAT&P,EQ,        18.33,                  1289001.44,70099
,SURYALA,EQ,       435.85,                   254939.95,589
,SURYALAXMI,EQ,        59.14,                   128768.40,2155
,SURYAROSNI,EQ,       247.95,                 71631443.55,287817
,SURYODAY,EQ,       187.27,                 84266189.20,444818
,SUTLEJTEX,BE,        37.86,                   449643.66,11836
,SUVEN,EQ,       348.20,                266623024.95,762731
,SUVIDHAA,EQ,         2.57,                   105584.99,41387
,SUYOG,EQ,       867.25,                 45944821.50,52713
,SUZLON,EQ,        52.47,               2142108510.60,40748106
,SVLL,BE,       683.40,                 13092718.70,19111
,SVPGLOB,BE,         3.87,                    84643.52,21848
,SWANCORP,EQ,       315.55,                148348100.80,468505
,SWANDEF,BE,      2207.60,                 13051517.90,5918
,SWARAJ,SM,       363.20,                109138300.00,308000
,SWARAJENG,EQ,      3757.00,                 16581922.40,4408
,SWASTIK,ST,        15.55,                   130620.00,8400
,SWELECTES,EQ,       631.20,                  8843503.55,13987
,SWIGGY,EQ,       258.80,               3049061603.93,11711658
,SWSOLAR,EQ,       242.07,                867350625.95,3560172
,SYMPHONY,EQ,       710.80,                 95955173.90,133757
,SYNCOMF,EQ,        13.74,                 16578483.01,1200178
,SYNGENE,EQ,       419.45,                765432525.30,1810422
,SYNOPTICS,ST,        77.90,                   669030.00,8400
,SYRMA,EQ,      1421.80,                751663136.70,528531
,SYSTANGO,SM,       223.35,                  6770820.00,30000
,SYSTMTXC,BE,        62.59,                   265416.49,4239
,TAALTECH,EQ,      3982.60,                 12528370.00,3100
,TAC,SM,       459.05,                  4774120.00,10400
,TAINWALCHM,EQ,       225.99,                 56961714.12,234075
,TAJGVK,EQ,       358.70,                 23597606.45,65550
,TAKE,BE,        21.49,                  6709559.55,309252
,TALBROAUTO,EQ,       389.30,                 67996062.60,173835
,TAMBOLIIN,BE,       220.42,                  2487086.20,11306
,TANKUP,ST,      1102.00,                  1652500.00,1500
,TANLA,EQ,       549.05,                425657790.90,769641
,TARACHAND,EQ,        55.97,                  4132941.58,73926
,TARAPUR,EQ,        17.72,                   265812.49,14918
,TARC,EQ,       121.62,                 41617090.06,340295
,TARIL,EQ,       337.00,                503578551.55,1482824
,TARMAT,EQ,        49.23,                   106777.68,2185
,TARSONS,EQ,       308.75,                 58229347.50,186677
,TASTYBITE,EQ,      9072.50,                 55034062.00,6181
,TATACHEM,EQ,       702.25,                185522355.80,263653
,TATACOMM,EQ,      1848.60,                207289540.50,112339
,TATAELXSI,EQ,      3697.30,               2061157904.50,552431
,TATAGOLD,EQ,        13.64,                622890120.70,45615222
,TATAINVEST,EQ,       668.55,                153515713.05,228088
,TATATECH,EQ,       756.55,               1075624227.50,1418801
,TATSILV,EQ,        21.13,                684766753.62,32474602
,TATVA,EQ,      1412.10,                142560015.00,101524
,TAURIAN,SM,       354.70,                  4838240.00,13600
,TBI,SM,        62.60,                  1052730.00,16800
,TBOTEK,EQ,      1443.50,                155898731.00,107142
,TBZ,EQ,       259.97,               4374362101.59,17278323
,TCC,EQ,       316.75,                  5924223.70,18327
,TCI,EQ,       925.80,                 53205609.00,57162
,TCIEXP,EQ,       554.70,                 34929545.50,62270
,TCIFINANCE,BE,        15.85,                   480190.08,30888
,TCL,SM,       113.30,                  2288720.00,20000
,TCPLPACK,EQ,      3216.90,                130834611.30,41594
,TDPOWERSYS,EQ,      1125.00,                595692623.40,527762
,TEAMGTY,EQ,       220.93,                   541964.37,2434
,TEAMLEASE,EQ,      1397.80,                 64159053.60,45556
,TEAMTECH,SM,       117.55,                  7592600.00,64000
,TECH,EQ,        31.44,                  3282757.34,103693
,TECHD,ST,       602.15,                 27622980.00,45900
,TECHERA,SM,       159.30,                  8406560.00,53600
,TECHLABS,ST,       154.55,                 18369843.75,117625
,TECHNOE,EQ,      1039.80,                111217961.60,106763
,TECHNVISN,EQ,      3449.30,                  1656283.40,478
,TECILCHEM,EQ,         9.30,                    59659.92,6451
,TEGA,EQ,      1668.50,                 67867550.50,40205
,TEJA,ST,       545.75,                  8244750.00,15000
,TEJASNET,EQ,       543.25,                503321626.95,922527
,TEMBO,EQ,       546.90,                 46836906.65,85210
,TENNIND,EQ,       569.15,                191996446.85,335866
,TERASOFT,EQ,       398.15,                  5144757.10,12870
,TEXINFRA,EQ,       114.11,                  9340491.84,81626
,TEXMOPIPES,EQ,        43.57,                  1007756.89,22687
,TEXRAIL,EQ,       115.04,                134456982.71,1165039
,TFCILTD,EQ,        80.53,                936275960.08,11591061
,TFL,EQ,        11.17,                   231963.48,21159
,TGBHOTELS,EQ,         8.79,                    61438.18,7081
,TGL,SM,        22.60,                   420360.00,18600
,THACKER,BE,      1030.00,                    13458.80,13
,THAKDEV,EQ,       133.60,                    45612.25,344
,THANGAMAYL,EQ,      6459.00,               2007977721.50,314025
,THEINVEST,EQ,        95.39,                   401754.05,4166
,THEJO,EQ,      1869.50,                  6115177.40,3271
,THELEELA,EQ,       493.60,                 94755551.80,192342
,THEMISMED,EQ,       116.88,                 19182166.76,163138
,THERMAX,EQ,      4379.50,               1987515999.50,449617
,THESL,ST,        17.30,                   622800.00,36000
,THOMASCOOK,EQ,       102.41,                 72499223.41,704647
,THOMASCOTT,EQ,       320.85,                  7332623.90,22594
,THYROCARE,EQ,       540.45,                400455653.45,750928
,TI,EQ,       445.65,                 73115184.10,163084
,TICL,EQ,        11.82,                 13219147.47,1058095
,TIGERLOGS,BE,        32.72,                   336067.85,10165
,TIIL,EQ,      2467.00,                  6535258.10,2661
,TIINDIA,EQ,      2916.10,                607486205.10,211161
,TIJARIA,EQ,         4.23,                   170768.79,39413
,TIL,EQ,       209.28,                 25369727.35,119620
,TIMESCAN,SM,        44.55,                    89100.00,2000
,TIMETECHNO,EQ,       181.11,                524412077.22,2830333
,TIMEX,EQ,       547.40,                205038369.60,370421
,TIMKEN,EQ,      3144.80,                184760910.00,58475
,TINNARUBR,EQ,       981.20,                 61279170.85,62127
,TIPSFILMS,EQ,       325.65,                   790183.55,2400
,TIPSMUSIC,EQ,       703.80,                105802139.55,149425
,TIRUMALCHM,EQ,       162.93,                 77269694.39,472196
,TIRUPATIFL,EQ,        68.39,                 36387651.66,524283
,TITAGARH,EQ,       858.70,                583620817.75,684248
,TMB,EQ,       780.35,                 77267587.80,98226
,TNIDETF,EQ,        84.49,                  6475315.50,76238
,TNPETRO,EQ,        95.40,                  6332570.84,65800
,TNPL,EQ,       143.83,                  4807488.16,33267
,TNTELE,EQ,         9.22,                   126360.50,13620
,TOKYOPLAST,BE,        85.00,                    92056.36,1062
,TOLINS,EQ,       103.33,                  3947712.49,38273
,TOP100CASE,EQ,        10.52,                  3828090.48,363214
,TOP10ADD,EQ,        87.64,                 10835757.63,123792
,TOP15IETF,EQ,         9.79,                   345163.21,35255
,TOP20,EQ,         8.72,                   669346.94,76549
,TORNTPOWER,EQ,      1465.30,                562120639.40,384797
,TOTAL,EQ,        53.01,                    28855.03,542
,TOUCHWOOD,EQ,        68.41,                    60368.98,874
,TPHQ,EQ,         0.44,                   343454.12,766665
,TPLPLASTEH,EQ,        80.50,                 10370107.83,126986
,TRACXN,EQ,        29.76,                  2524286.49,84132
,TRANSPEK,EQ,       967.45,                  4992691.45,5130
,TRANSRAILL,EQ,       498.60,                141108140.50,282496
,TRANSTEEL,SM,       119.00,                  3846750.00,33000
,TRANSWORLD,BE,       157.04,                   396589.37,2501
,TRAVELFOOD,EQ,      1319.90,                 42975173.90,32796
,TREEHOUSE,EQ,         6.46,                   144676.26,21903
,TREJHARA,EQ,       135.34,                  1091504.90,7918
,TREL,EQ,        25.26,                   951633.11,37419
,TRF,EQ,       252.43,                 47920487.35,186458
,TRIDENT,EQ,        25.28,                 83287431.86,3278339
,TRIDHYA,ST,        10.50,                    61950.00,6000
,TRIGYN,EQ,        56.95,                  3984515.22,67448
,TRITURBINE,EQ,       607.65,                426885683.30,705061
,TRIVENI,EQ,       472.25,                412904107.20,864740
,TROM,ST,        60.50,                   435900.00,7200
,TRU,EQ,         5.15,                   371413.57,71563
,TRUALT,EQ,       425.65,                 95866206.80,223187
,TRUST,SM,        28.50,                   173070.00,6000
,TSC,SM,        27.20,                    54400.00,2000
,TSFINV,EQ,       475.05,                 24189393.70,50810
,TTKHLTCARE,EQ,       989.00,                 39098578.05,39037
,TTKPRESTIG,EQ,       664.70,                 46260904.90,69429
,TTL,EQ,         6.64,                   311064.37,46977
,TTML,EQ,        40.61,                 39777664.93,976307
,TUNWAL,SM,        25.85,                  3708400.00,142000
,TURTLEMINT,EQ,       136.91,                110143625.48,798316
,TVSELECT,EQ,       515.00,                136886866.75,261569
,TVSHLTD,EQ,     14060.00,                 25190914.00,1792
,TVSINVIT,IV,       116.95,                 23390000.00,200000
,TVSMNCRPS,P1,        10.40,                  1050197.85,101178
,TVSSCS,EQ,       139.48,                 63978739.63,460299
,TVSSRICHAK,EQ,      4136.10,                  7717284.40,1873
,TVTODAY,EQ,       119.99,                  2754743.49,22651
,TVVISION,EQ,         5.04,                    25463.90,5089
,TWCGOLDETF,EQ,       140.21,                   171032.88,1220
,UBL,EQ,      1348.70,                160240573.00,118413
,UCAL,EQ,       117.99,                   844696.51,7092
,UCL,ST,       186.35,                   372700.00,2000
,UCOBANK,EQ,        26.19,                107165460.91,4091193
,UDS,EQ,       190.50,                 13883076.74,72226
,UEL,EQ,       127.36,                   314254.47,2450
,UFBL,EQ,       739.95,                 61059335.10,82583
,UFLEX,EQ,       444.95,                 11313685.00,25282
,UFO,EQ,        69.32,                  3804989.23,55062
,UGARSUGAR,EQ,        39.71,                  3231814.07,81001
,UGROCAP,EQ,        95.63,                 17245156.60,178673
,UHTL,ST,       106.00,                 17451000.00,164000
,UJJIVANSFB,EQ,        65.14,               1456449926.93,22162531
,ULTRAMAR,EQ,       387.15,                 11121816.05,28788
,UMA,SM,        17.05,                   136800.00,8000
,UMAEXPORTS,BE,        21.78,                   496460.37,22856
,UMESLTD,EQ,         5.82,                   356903.71,62858
,UMIYA-MRO,EQ,        89.57,                  1247766.37,14018
,UNICHEMLAB,EQ,       581.35,                214927785.55,360603
,UNIDT,BE,       224.11,                  1055239.86,4701
,UNIECOM,EQ,        86.19,                 32152981.54,370810
,UNIENTER,EQ,       107.93,                  2243690.81,20759
,UNIHEALTH,SM,       716.80,                  7937725.00,11000
,UNIINFO,BE,        11.80,                    37425.76,3195
,UNIMECH,EQ,      1202.40,                186730072.30,155983
,UNIONGOLD,EQ,       137.55,                   333576.35,2425
,UNIPARTS,EQ,       678.75,                 91542017.15,134143
,UNITECH,EQ,         4.55,                  7485065.27,1640408
,UNITEDPOLY,BE,        31.07,                   299050.50,9671
,UNITEDTEA,EQ,       467.40,                  2989539.65,6403
,UNIVASTU,BE,       108.36,                 18820966.53,176387
,UNIVCABLES,EQ,      1212.00,                186925831.10,157422
,UNIVPHOTO,BE,       385.20,                   489049.60,1273
,UNOMINDA,EQ,      1137.00,               1107430964.40,980807
,UPL,EQ,       593.15,                630524324.25,1068690
,URAVIDEF,BE,       116.79,                   620317.88,5339
,URBAN,SM,       131.80,                  4770720.00,36800
,URBANCO,EQ,       132.01,                328765818.55,2461616
,URJA,EQ,         9.54,                  7662047.65,808675
,USASEEDS,SM,        88.35,                    37813.80,428
,USHAFIN,SM,        32.80,                   105040.00,3200
,USHAMART,EQ,       497.10,                310098915.30,618554
,USK,EQ,        22.13,                   388686.05,17466
,UTIAMC,EQ,       985.80,                503125649.85,512685
,UTKAL,SM,        26.10,                  5393800.00,208000
,UTKARSHBNK,EQ,        14.98,                238491139.93,15564560
,UTLSOLAR,EQ,       383.30,                318409705.40,824482
,UTSSAV,ST,       500.75,                 23735550.00,47400
,UTTAMSUGAR,EQ,       234.06,                 21224822.95,90158
,UWCSL,SM,       100.95,                   302850.00,3000
,UYFINCORP,EQ,        16.43,                  7104435.54,432593
,V2RETAIL,EQ,       220.79,                168567875.37,763008
,VADILALIND,EQ,      6806.50,                358725366.50,53534
,VAIBHAVGBL,EQ,       251.17,                 83768729.66,330773
,VAISHALI,BE,         8.04,                   688447.31,86268
,VAKRANGEE,EQ,         6.02,                  6950493.22,1150034
,VAL30IETF,EQ,        15.24,                  1591459.45,104351
,VALIANTLAB,BE,        63.40,                   724225.44,11512
,VALIANTORG,BE,       274.20,                  1494847.35,5433
,VALUE,EQ,        16.08,                   339278.29,21099
,VALUE360,SM,        80.40,                  4767660.00,58800
,VALUEAXIS,EQ,        32.66,                  1248616.85,38101
,VAML,EQ,       454.70,               5375932133.85,11803068
,VARDHACRLC,BE,        43.98,                   610313.98,13799
,VARDMNPOLY,EQ,         6.59,                   411331.09,62375
,VARROC,EQ,       666.70,                 68434857.55,103240
,VASCONEQ,BE,        32.21,                  3559600.64,111596
,VASWANI,EQ,        53.32,                   624899.77,11670
,VCL,EQ,         1.25,                   174912.06,138441
,VDEAL,SM,       157.50,                   188430.00,1200
,VEDPOWER,EQ,        40.04,               1228841743.15,30277448
,VEEDOL,EQ,      1435.40,                 15883640.80,11023
,VELJAN,BE,      1754.80,                  2930481.50,1653
,VENKEYS,EQ,      1502.40,                 66655304.10,44070
,VENTIVE,EQ,       615.80,                 11825854.25,19167
,VENUSPIPES,EQ,      1770.90,                101768317.50,57174
,VENUSREM,BE,      1895.60,                123096595.50,65314
,VERANDA,EQ,       229.82,                 37814518.71,164195
,VERTEXPLUS,SM,        48.30,                    28980.00,600
,VERTIS,IV,       110.50,                 68842500.00,625000
,VERTOZ,BE,        39.04,                  1693309.88,43305
,VESUVIUS,EQ,       464.85,                 23074982.70,49519
,VETO,BE,       128.30,                  7857657.23,62267
,VGINFOTECH,SM,       146.60,                  7778650.00,54000
,VGL,EQ,        62.26,                  1016787.97,16159
,VGUARD,EQ,       300.95,                 48447601.20,160642
,VHL,EQ,      3524.90,                   908602.40,256
,VHLTD,BE,       127.09,                   447562.89,3485
,VIAZ,SM,        62.40,                   124800.00,2000
,VICTORYEV,ST,        16.45,                   349500.00,21000
,VIDHIING,EQ,       313.00,                 54258745.80,173116
,VIDYAWIRES,EQ,        95.19,                 51095238.09,537406
,VIESL,SM,       312.30,                  2740560.00,8800
,VIGOR,ST,       104.45,                  1315040.00,12800
,VIJAYA,EQ,      1382.60,                239788695.10,173750
,VIJAYPD,SM,        76.75,                   605500.00,8000
,VIJIFIN,BE,         7.95,                  1071532.80,134784
,VIKASECO,EQ,         1.19,                  2018993.25,1674284
,VIKASLIFE,EQ,         1.39,                  1971483.72,1405759
,VIKRAMSOLR,EQ,       191.35,                358584096.31,1870294
,VIKRAN,EQ,        73.35,                142972591.30,1939751
,VILAS,SM,       382.00,                 14835450.00,39000
,VILINBIO,SM,        44.25,                   177000.00,4000
,VIMTALABS,EQ,       553.05,                 65971362.50,118919
,VINATIORGA,EQ,      1314.70,                 35325602.00,26735
,VINCOFE,EQ,       160.11,                313513419.41,1949660
,VINDHYATEL,EQ,      1908.90,                 88631779.10,46284
,VINEETLAB,BE,        34.63,                  1445959.81,42825
,VINNY,EQ,         1.06,                   103843.50,97783
,VINSYS,ST,       500.05,                  1259125.00,2500
,VINYAS,SM,      1312.10,                 15491055.00,11800
,VINYLINDIA,EQ,       251.00,                  2470243.30,9824
,VIPCLOTHNG,BE,        23.00,                  2132120.50,92926
,VIPIND,EQ,       294.00,                 83347967.15,283127
,VIPULLTD,BE,        17.70,                 30049821.87,1642523
,VIRINCHI,EQ,        15.79,                  1002055.86,62651
,VISACHROME,BE,        40.24,                   140356.33,3484
,VISAKAIND,EQ,        84.01,                 13850776.42,163786
,VISHNU,EQ,       612.15,                 48018159.80,79370
,VISHWARAJ,EQ,         5.40,                   400827.27,73930
,VISHWAS,ST,        48.00,                   230000.00,4800
,VISL,EQ,        35.07,               2996568871.77,83305485
,VITAL,BE,        52.85,                     2642.50,50
,VIVIANA,BE,       780.10,                  8974185.90,11430
,VIVIDEL,ST,      1304.45,                 37853964.00,29040
,VIVIDHA,EQ,         0.51,                    64090.22,125162
,VIVIMEDLAB,BE,         5.25,                   394615.98,75409
,VIYASH,EQ,       278.90,                216035191.55,771203
,VLEGOV,BE,        12.27,                  1901067.89,155312
,VLSFINANCE,EQ,       254.45,                  1602442.00,6294
,VMARCIND,SM,       283.80,                155680650.00,550500
,VMART,EQ,       749.90,                144013881.00,191957
,VMM,EQ,       114.28,               1852556689.10,16165170
,VMOBILE,ST,       114.05,                    91240.00,800
,VMSTMT,BE,        44.86,                  1625835.11,36377
,VOEPL,EQ,       439.10,                 23533823.15,52739
,VOGL,EQ,        37.82,               1906389695.30,50184285
,VOLERCAR,SM,       221.50,                   354840.00,1600
,VOLTAMP,EQ,      9300.00,                452808583.00,48618
,VOLTAS,EQ,      1358.90,                914506784.80,676554
,VPRPL,BE,        26.50,                  2307365.39,87142
,VR,SM,        98.00,                   784000.00,8000
,VRAJ,EQ,       133.26,                 81611122.72,607292
,VRLLOG,EQ,       230.01,                 12263199.52,53223
,VSSL,EQ,       295.60,                 39187666.05,133305
,VSTIND,EQ,       237.95,                 77859475.00,327055
,VSTL,EQ,       112.24,                  1203587.42,10640
,VSTTILLERS,EQ,      4577.80,                 20365030.10,4435
,VTL,EQ,       643.55,                110291934.00,169892
,WAAREEENER,EQ,      2820.10,               2235542310.70,791107
,WAAREEINDO,EQ,       388.25,                  9709115.00,24835
,WAAREERTL,EQ,       994.90,                126139130.40,126937
,WABAG,EQ,      2120.00,               1222982380.50,570657
,WAKEFIT,EQ,       130.16,                 45395696.47,347663
,WALCHANNAG,EQ,       249.50,                235957773.75,944018
,WALPAR,SM,        34.50,                    69000.00,2000
,WANBURY,EQ,       336.00,               2578647550.75,7640235
,WCIL,EQ,        95.48,                  2714375.65,28355
,WEALTH,EQ,       942.70,                  1302551.00,1376
,WEBELSOLAR,EQ,        98.32,                106139700.29,1077217
,WEIZMANIND,EQ,        78.91,                   408180.60,5084
,WEL,EQ,       101.39,                  5431624.86,53369
,WELCORP,EQ,      1683.40,               7264776617.50,4340435
,WELENT,EQ,       618.70,                359440283.65,580412
,WELINV,BE,      1794.60,                   535830.20,299
,WELSPLSOL,EQ,        53.16,                 18356152.22,348319
,WELSPUNLIV,EQ,       164.54,                646056444.07,3843713
,WENDT,EQ,      7826.50,                 33117487.00,4249
,WESTLIFE,EQ,       482.15,                 21978531.50,45358
,WEWIN,BE,        46.71,                    55151.90,1171
,WEWORK,EQ,       713.60,                169123204.55,234699
,WHEELS,EQ,      1469.50,                113753421.50,77685
,WHIRLPOOL,EQ,       782.75,                120372483.30,153574
,WILLAMAGOR,EQ,        26.13,                    62631.31,2352
,WINDLAS,EQ,       851.05,                 40841270.65,47670
,WINDMACHIN,EQ,       309.75,                 11569826.45,37225
,WINNY,SM,        37.25,                    18625.00,500
,WINSOL,SM,       119.00,                   904320.00,7600
,WINSOME,BZ,         2.09,                   148500.56,71729
,WIPL,EQ,       172.71,                  1220676.63,7271
,WOCKPHARMA,EQ,      1850.70,               1149135022.80,627668
,WOL3D,ST,       118.00,                   934000.00,8000
,WOMANCART,SM,       106.40,                  1662280.00,15600
,WONDERLA,EQ,       470.25,                 14014551.20,29766
,WORTHPERI,EQ,       143.23,                 16946547.07,118413
,WPIL,EQ,       460.00,                  7570060.55,16425
,WSI,EQ,        63.85,                  3539151.82,54871
,WSTCSTPAPR,EQ,       528.50,                 27460471.15,51564
,WTICAB,SM,       134.65,                  5677600.00,43000
,XCHANGING,EQ,        65.00,                  6980087.96,106954
,XELPMOC,EQ,        82.62,                   655668.90,7939
,XPROINDIA,EQ,      1400.50,                 32479247.70,22988
,XTGLOBAL,EQ,        29.21,                  1080651.68,37602
,YAAP,ST,       142.85,                  5314000.00,37000
,YASHO,EQ,      3091.00,                 61649806.30,20193
,YASHOPTICS,SM,       119.50,                   287200.00,2400
,YATHARTH,EQ,       829.20,                797476011.70,971620
,YATRA,EQ,       110.31,                127174107.12,1143839
,YESBANK,EQ,        23.61,               1460496208.79,61791520
,YUDIZ,SM,        24.45,                    19560.00,800
,YUKEN,EQ,       751.60,                  6352859.15,8379
,ZAGGLE,EQ,       212.74,                155916614.21,730579
,ZEAL,SM,        65.60,                   195990.00,3000
,ZEEL,EQ,       103.12,               3793252471.31,36573941
,ZEELEARN,BE,         8.89,                  2949978.06,328195
,ZEEMEDIA,EQ,         8.25,                  5223358.33,628179
,ZENITHDRUG,SM,        52.45,                    83920.00,1600
,ZENITHEXPO,EQ,       199.39,                    19178.99,96
,ZENITHSTL,EQ,         5.52,                   228427.28,41529
,ZENSARTECH,EQ,       527.90,               6999788653.85,12932690
,ZENTEC,EQ,      1802.70,                494025245.40,274592
,ZFCVINDIA,EQ,      2313.20,                221142849.90,95634
,ZFSTEERING,EQ,       687.70,                  4336546.35,6348
,ZIMLAB,BE,       118.20,                  2807131.80,23749
,ZODIAC,BE,       266.25,                  1998695.85,7461
,ZODIACLOTH,EQ,        78.74,                   201925.96,2588
,ZOTA,EQ,      1385.80,                 67722778.00,48140
,ZSARACOM,EQ,     12646.00,                   942591.00,74
,ZTECH,SM,       572.40,                 10259760.00,17700
,ZUARI,EQ,       235.58,                 12825100.15,54637
,ZUARIIND,EQ,       267.35,                 11378164.80,42364
,ZYDUSWELL,EQ,       575.90,                103855031.55,178704
