Trade Date,Symbol,Series,Security Name,Category,Last Trade Date,Face Value(Rs.),Issue Size,Close Price/Paid up value(Rs.),Market Cap(Rs.)              
22 JUL 2026,20MICRONS,EQ,20 MICRONS LTD           ,Listed    ,22 JUL 2026,               5.00,          35286502,            211.15,     7450744897.30 
22 JUL 2026,21STCENMGM,EQ,21ST CENTURY MGMT SERVICE,Listed    ,22 JUL 2026,              10.00,          10500000,             35.70,      374640000.00
22 JUL 2026,360ONE,EQ,360 ONE WAM LIMITED      ,Listed    ,22 JUL 2026,               1.00,         406486596,           1093.60,   444533741385.60    
22 JUL 2026,3BBLACKBIO,EQ,3B BLACKBIO DX LTD.      ,Permitted ,22 JUL 2026,              10.00,           8582670,           1289.60,    11068211232.00
22 JUL 2026,3IINFOLTD,EQ,3I INFOTECH LIMITED      ,Listed    ,22 JUL 2026,              10.00,         207403767,             19.95,     4141853227.00 
22 JUL 2026,3MINDIA,EQ,3M INDIA LIMITED         ,Listed    ,22 JUL 2026,              10.00,          11265070,          35725.00,   402444625750.00   
22 JUL 2026,3PLAND,EQ,3P LAND HOLDINGS LIMITED ,Listed    ,22 JUL 2026,               2.00,          18000000,             31.85,      573300000.00    
22 JUL 2026,5PAISA,EQ,5PAISA CAPITAL LIMITED   ,Listed    ,22 JUL 2026,              10.00,          46882257,            369.95,    17344090977.15    
22 JUL 2026,63MOONS,EQ,63 MOONS TECHNOLOGIES LTD,Listed    ,22 JUL 2026,               2.00,          46078537,            704.90,    32480760731.30   
22 JUL 2026,A2ZINFRA,EQ,A2Z INFRA ENGINEERING LTD,Listed    ,22 JUL 2026,              10.00,         177522358,             12.55,     2229680816.50  
22 JUL 2026,AAATECH,EQ,AAA TECHNOLOGIES LIMITED ,Listed    ,22 JUL 2026,              10.00,          12826800,             90.60,     1161851544.00   
22 JUL 2026,AADHARHFC,EQ,AADHAR HOUSING FINANCE L ,Listed    ,22 JUL 2026,              10.00,         437298899,            510.25,   223131763214.75 
22 JUL 2026,AAKAAR,SM,AAKAAR MEDICAL TECHNO LTD,Listed    ,21 JUL 2026,              10.00,          14172816,             72.35,     1025403237.60    
22 JUL 2026,AAKASH,EQ,AAKASH EXPLORATION SER L ,Listed    ,22 JUL 2026,               1.00,         101250000,              9.10,      920362500.00    
22 JUL 2026,AARADHYA,SM,AARADHYA DISPOSAL INDUS L,Listed    ,21 JUL 2026,              10.00,          14138000,             75.05,     1061056900.00  
22 JUL 2026,AAREYDRUGS,BE,AAREY DRUGS & PHARM LTD  ,Listed    ,22 JUL 2026,              10.00,          28354303,             76.00,     2154359941.95
22 JUL 2026,AARNAV,EQ,AARNAV FASHIONS LIMITED  ,Listed    ,22 JUL 2026,              10.00,          42238628,             28.90,     1221118735.50    
22 JUL 2026,AARON,EQ,AARON INDUSTRIES LIMITED ,Listed    ,22 JUL 2026,              10.00,          20946478,            117.50,     2460792235.45     
22 JUL 2026,AARTECH,BE,AARTECH SOLONICS LIMITED ,Listed    ,22 JUL 2026,               5.00,          31770375,             47.90,     1521165555.00   
22 JUL 2026,AARTIDRUGS,EQ,AARTI DRUGS LTD.         ,Listed    ,22 JUL 2026,              10.00,          91270000,            412.00,    37603240000.00
22 JUL 2026,AARTIIND,EQ,AARTI INDUSTRIES LTD     ,Listed    ,22 JUL 2026,               5.00,         362594491,            495.95,   179828737811.45  
22 JUL 2026,AARTIPHARM,EQ,AARTI PHARMALABS LIMITED ,Listed    ,22 JUL 2026,               5.00,          90657751,            672.70,    60985469097.70
22 JUL 2026,AARTISURF,EQ,AARTI SURFACTANTS LIMITED,Listed    ,22 JUL 2026,              10.00,           8464995,            388.20,     3286111059.00 
22 JUL 2026,AARVI,EQ,AARVI ENCON LIMITED      ,Listed    ,22 JUL 2026,              10.00,          14844100,            161.75,     2401033175.00     
22 JUL 2026,AASTHA,EQ,AASTHA SPINTEX LIMITED   ,Listed    ,22 JUL 2026,              10.00,          44142190,            103.25,     4557239695.60    
22 JUL 2026,AATMAJ,SM,AATMAJ HEALTHCARE LIMITED,Listed    ,22 JUL 2026,               5.00,          22600000,             17.75,      401150000.00    
22 JUL 2026,AAVAS,EQ,AAVAS FINANCIERS LIMITED ,Listed    ,22 JUL 2026,              10.00,          79287782,           1444.00,   114491557208.00     
22 JUL 2026,ABAN,BE,ABAN OFFSHORE LTD.       ,Listed    ,22 JUL 2026,               2.00,          58365323,             14.95,      873728885.30      
22 JUL 2026,ABANSENT,BE,ABANS ENTERPRISES LTD.   ,Permitted ,22 JUL 2026,               2.00,          69748880,             26.90,     1875547383.20  
22 JUL 2026,ABB,EQ,ABB INDIA LIMITED        ,Listed    ,22 JUL 2026,               2.00,         211908375,           7506.00,  1590584262750.00       
22 JUL 2026,ABBOTINDIA,EQ,ABBOTT INDIA LIMITED     ,Permitted ,22 JUL 2026,              10.00,          21249302,          28900.00,   614104827800.00
22 JUL 2026,ABCAPITAL,EQ,ADITYA BIRLA CAPITAL LTD.,Listed    ,22 JUL 2026,              10.00,        2621853064,            400.60,  1050314337438.40 
22 JUL 2026,ABCOTS,EQ,A B COTSPIN INDIA LIMITED,Listed    ,22 JUL 2026,              10.00,          21963620,            204.15,     4483873023.00    
22 JUL 2026,ABDL,EQ,ALLIED BLEND N DISTILS L ,Listed    ,22 JUL 2026,               2.00,         279710151,            615.70,   172217539970.70      
22 JUL 2026,ABFRL,EQ,ADITYA BIRLA FASHION & RT,Listed    ,22 JUL 2026,              10.00,        1220510115,             57.05,    69630102060.75     
22 JUL 2026,ABHAPOWER,SM,ABHA POWER N STEEL LTD   ,Listed    ,22 JUL 2026,              10.00,          18587830,             25.65,      476777839.50 
22 JUL 2026,ABINFRA,EQ,A B INFRABUILD LIMITED   ,Listed    ,22 JUL 2026,               1.00,         638789360,             10.20,     6515651472.00   
22 JUL 2026,ABLBL,EQ,ADITYA BIRLA LIFES BRAN L,Listed    ,22 JUL 2026,              10.00,        1220521649,             93.80,   114497135892.70     
22 JUL 2026,ABMINTLLTD,EQ,ABM INTERNATIONAL LTD    ,Listed    ,22 JUL 2026,              10.00,           9408000,             42.75,      402097920.00
22 JUL 2026,ABMKNO,EQ,A B M KNOWLEDGEWARE LTD. ,Permitted ,22 JUL 2026,               5.00,          20002200,            192.85,     3857624292.00    
22 JUL 2026,ABNINT,IT,A B N INTERCORP LIMITED  ,Listed    ,Not Traded ,              10.00,            419532,            200.00,       83906400.00    
22 JUL 2026,ABREL,EQ,ADITYA BIRLA REAL EST LTD,Listed    ,22 JUL 2026,              10.00,         111695680,           1408.60,   157334534848.00     
22 JUL 2026,ABSLAMC,EQ,ADIT BIRL SUN LIF AMC LTD,Listed    ,22 JUL 2026,               5.00,         289175042,           1002.90,   290013649621.80   
22 JUL 2026,ABSMARINE,ST,ABS MARINE SERVICES LTD  ,Listed    ,22 JUL 2026,              10.00,          24550000,            215.65,     5294207500.00 
22 JUL 2026,ACC,EQ,ACC LIMITED              ,Listed    ,22 JUL 2026,              10.00,         187787263,           1359.00,   255202890417.00       
22 JUL 2026,ACCELYA,EQ,ACCELYA SOLN INDIA LTD   ,Listed    ,22 JUL 2026,              10.00,          14926261,           1128.10,    16838315034.10   
22 JUL 2026,ACCENTMIC,SM,ACCENT MICROCELL LIMITED ,Listed    ,22 JUL 2026,              10.00,          23989020,            493.55,    11839780821.00 
22 JUL 2026,ACCORD,ST,ACCORD SYNERGY LIMITED   ,Listed    ,17 JUL 2026,              10.00,           3472000,            202.35,      702559200.00    
22 JUL 2026,ACCPL,ST,ACCRETION PHARMA LIMITED ,Listed    ,22 JUL 2026,              10.00,          11116000,            164.10,     1824135600.00     
22 JUL 2026,ACCURACY,BE,ACCURACY SHIPPING LIMITED,Listed    ,22 JUL 2026,               1.00,         150560000,              5.00,      754305600.00  
22 JUL 2026,ACE,EQ,ACTION CONST EQUIP LTD   ,Listed    ,22 JUL 2026,               2.00,         119083196,           1007.60,   119988228289.60       
22 JUL 2026,ACEINTEG,EQ,ACE INTEGRATED SOLU. LTD.,Listed    ,22 JUL 2026,              10.00,          10200000,             19.15,      195432000.00  
22 JUL 2026,ACETEC,SM,ACETECH E-COMMERCE LTD   ,Listed    ,22 JUL 2026,              10.00,          16383735,            141.00,     2310106635.00    
22 JUL 2026,ACI,EQ,ARCHEAN CHEMICAL IND LTD ,Listed    ,22 JUL 2026,               2.00,         123458394,            562.50,    69445346625.00       
22 JUL 2026,ACL,EQ,ANDHRA CEMENTS LIMITED   ,Listed    ,22 JUL 2026,              10.00,          92172140,             48.70,     4488783218.00       
22 JUL 2026,ACMESOLAR,EQ,ACME SOLAR HOLDINGS LTD  ,Listed    ,22 JUL 2026,               2.00,         706874336,            369.60,   261260754585.60 
22 JUL 2026,ACSTECH,EQ,A C S TECHNOLOGIES LTD.  ,Permitted ,22 JUL 2026,              10.00,          60681608,             40.60,     2463673284.80   
22 JUL 2026,ACTIVEINFR,SM,ACTIVE INFRASTRUCTURES L ,Listed    ,21 JUL 2026,               5.00,          15015016,            180.00,     2702702880.00
22 JUL 2026,ACUTAAS,EQ,ACUTAAS CHEMICALS LIMITED,Listed    ,22 JUL 2026,               5.00,          81871122,           3659.60,   299615558071.20   
22 JUL 2026,ADANIENSOL,EQ,ADANI ENERGY SOLUTION LTD,Listed    ,22 JUL 2026,              10.00,        1201282642,           1724.40,  2071491787864.80
22 JUL 2026,ADANIENT,EQ,ADANI ENTERPRISES LIMITED,Listed    ,22 JUL 2026,               1.00,        1300905023,           3147.70,  4094858740897.10  
22 JUL 2026,ADANIGREEN,EQ,ADANI GREEN ENERGY LTD   ,Listed    ,22 JUL 2026,              10.00,        1647176155,           1472.30,  2425137453006.50
22 JUL 2026,ADANIPORTS,EQ,ADANI PORT & SEZ LTD     ,Listed    ,22 JUL 2026,               2.00,        2303959098,           1819.40,  4191823182901.20
22 JUL 2026,ADANIPOWER,EQ,ADANI POWER LTD          ,Listed    ,22 JUL 2026,               2.00,       19284694705,            216.95,  4183814516249.75
22 JUL 2026,ADDICTIVE,SM,ADDICTIVE LEARNING TECH L,Listed    ,22 JUL 2026,              10.00,          15909732,             39.00,      620479548.00 
22 JUL 2026,ADFFOODS,EQ,ADF FOODS LIMITED        ,Listed    ,22 JUL 2026,               2.00,         109863595,            299.90,    32948092140.50  
22 JUL 2026,ADISOFT,SM,ADISOFT TECHNOLOGIES LTD ,Listed    ,22 JUL 2026,              10.00,          16318000,            181.90,     2968244200.00   
22 JUL 2026,ADL,EQ,ARCHIDPLY DECOR LIMITED  ,Listed    ,22 JUL 2026,              10.00,           5566250,             71.85,      400046387.50       
22 JUL 2026,ADOR,EQ,ADOR WELDING LTD         ,Listed    ,22 JUL 2026,              10.00,          17402815,           1477.90,    25719620288.50      
22 JUL 2026,ADROITINFO,EQ,ADROIT INFOTECH LIMITED  ,Listed    ,22 JUL 2026,              10.00,          54177208,              9.20,      498430313.60
22 JUL 2026,ADSL,EQ,ALLIED DIGITAL SERV. LTD ,Listed    ,22 JUL 2026,               5.00,          56568528,            116.85,     6610032496.80      
22 JUL 2026,ADVAIT,EQ,ADVAIT ENRGY TRANSITION L,Listed    ,22 JUL 2026,              10.00,          10943011,           2296.20,    25127341858.20    
22 JUL 2026,ADVANCE,EQ,ADVANCE AGROLIFE LIMITED ,Listed    ,22 JUL 2026,              10.00,          64285720,            111.75,     7185214924.40   
22 JUL 2026,ADVANIHOTR,EQ,ADVANI HOT.& RES.(I) LTD ,Listed    ,22 JUL 2026,               2.00,          92438500,             52.15,     4822516545.00
22 JUL 2026,ADVENTHTL,EQ,ADVENT HOTELS INTERNATI L,Listed    ,22 JUL 2026,              10.00,          53942887,            144.10,     7773709445.55 
22 JUL 2026,ADVENZYMES,EQ,ADVANCED ENZYME TECH LTD ,Listed    ,22 JUL 2026,               2.00,         111976150,            313.05,    35054133757.50
22 JUL 2026,AEGISLOG,EQ,AEGIS LOGISTICS LIMITED  ,Listed    ,22 JUL 2026,               1.00,         351000000,           1351.30,   474306300000.00  
22 JUL 2026,AEGISVOPAK,EQ,AEGIS VOPAK TERMINALS LTD,Listed    ,22 JUL 2026,              10.00,        1107991489,            295.65,   327588763637.75
22 JUL 2026,AEPL,EQ,ARTEMIS ELECTRICALS & P L,Listed    ,22 JUL 2026,               1.00,         251036900,             14.95,     3758022393.00      
22 JUL 2026,AEQUS,EQ,AEQUS LIMITED            ,Listed    ,22 JUL 2026,              10.00,         670665635,            232.75,   156090719889.90     
22 JUL 2026,AEROENTER,EQ,AEROFLEX ENTERPRISES LTD ,Listed    ,22 JUL 2026,               2.00,         113085000,            116.50,    13172140800.00 
22 JUL 2026,AEROFLEX,EQ,AEROFLEX INDUSTRIES LTD  ,Listed    ,22 JUL 2026,               2.00,         132330768,            407.10,    53871855652.80  
22 JUL 2026,AERON,SM,AERON COMPOSITE LIMITED  ,Listed    ,22 JUL 2026,              10.00,          17020000,             84.45,     1437339000.00     
22 JUL 2026,AERONEU,EQ,AEROFLEX NEU LIMITED     ,Listed    ,22 JUL 2026,              10.00,          25796000,             85.95,     2217682120.00   
22 JUL 2026,AEROPLANE,EQ,AMIR CHAND JAG KUM (E) L ,Listed    ,22 JUL 2026,              10.00,         103551556,            183.95,    19046237695.10 
22 JUL 2026,AESTHETIK,SM,AESTHETIK ENGINEERS LTD  ,Listed    ,22 JUL 2026,              10.00,          17220175,             71.75,     1235547556.25 
22 JUL 2026,AETHER,EQ,AETHER INDUSTRIES LIMITED,Listed    ,22 JUL 2026,              10.00,         132712576,           1462.80,   194131956172.80    
22 JUL 2026,AFCONS,EQ,AFCONS INFRASTRUCTURE LTD,Listed    ,22 JUL 2026,              10.00,         367784631,            289.95,   106639153758.45    
22 JUL 2026,AFFLE,EQ,AFFLE 3I LIMITED         ,Listed    ,22 JUL 2026,               2.00,         140796384,           1499.00,   211053779616.00     
22 JUL 2026,AFFORDABLE,BE,AFFORD ROBO & AUTO LTD   ,Listed    ,22 JUL 2026,              10.00,          11851105,            188.50,     2233696270.40
22 JUL 2026,AFIL,EQ,AKME FINTRADE (INDIA) LTD,Listed    ,22 JUL 2026,               1.00,         426749960,              9.40,     4015717123.60      
22 JUL 2026,AFSL,EQ,ABANS FINANCIAL SRVCS LTD,Listed    ,22 JUL 2026,               2.00,          50792840,            201.45,    10233233474.80      
22 JUL 2026,AGARIND,EQ,AGARWAL INDS CORP LTD.   ,Listed    ,22 JUL 2026,              10.00,          14957789,            480.75,     7190957061.75   
22 JUL 2026,AGARWALEYE,EQ,DR AGARWALS HEALTH CARE L,Listed    ,22 JUL 2026,               1.00,         316983028,            480.05,   152167702591.40
22 JUL 2026,AGARWALFT,ST,AGARWAL FLOAT GLASS I LTD,Listed    ,15 JUL 2026,              10.00,           7243488,             39.45,      285755601.60 
22 JUL 2026,AGARWALTUF,SM,AGARWAL TOUGH GLASS IND L,Listed    ,22 JUL 2026,              10.00,          17674600,            137.55,     2431141230.00
22 JUL 2026,AGI,EQ,AGI GREENPAC LIMITED     ,Listed    ,22 JUL 2026,               2.00,          64697381,            666.10,    43094925484.10       
22 JUL 2026,AGIIL,EQ,AGI INFRA LIMITED        ,Listed    ,22 JUL 2026,               1.00,         124997388,            322.85,    40355406715.80     
22 JUL 2026,AGL,EQ,ALLCARGO GLOBAL LIMITED  ,Listed    ,22 JUL 2026,               2.00,         982782096,             13.20,    12972723667.20       
22 JUL 2026,AGNI,SM,AGNI GREEN POWER LTD     ,Listed    ,22 JUL 2026,              10.00,          19534800,             17.10,      334045080.00      
22 JUL 2026,AGRITECH,BE,AGRI-TECH (INDIA) LIMITED,Listed    ,22 JUL 2026,              10.00,           5940000,            110.35,      655419600.00  
22 JUL 2026,AGROPHOS,EQ,AGRO PHOS INDIA LIMITED  ,Listed    ,22 JUL 2026,              10.00,          20274115,             29.45,      597275427.90  
22 JUL 2026,AGUL,SM,A G UNIVERSAL LIMITED    ,Listed    ,21 JUL 2026,              10.00,           5484000,             55.90,      306555600.00      
22 JUL 2026,AHCL,EQ,ANLON HEALTHCARE LIMITED ,Listed    ,22 JUL 2026,               2.00,         531515000,             14.85,     7903628050.00      
22 JUL 2026,AHIMSA,ST,AHIMSA INDUSTRIES LTD.   ,Listed    ,23 MAR 2026,              10.00,           5473990,             24.70,      135207553.00    
22 JUL 2026,AHLADA,EQ,AHLADA ENGINEERS LIMITED ,Listed    ,22 JUL 2026,              10.00,          12921000,             38.10,      492031680.00    
22 JUL 2026,AHLEAST,EQ,ASIAN HOTELS (EAST) LTD  ,Listed    ,22 JUL 2026,              10.00,          17291696,            149.20,     2579575209.30   
22 JUL 2026,AHLUCONT,EQ,AHLUWALIA CONT IND LTD   ,Listed    ,22 JUL 2026,               2.00,          66987560,            822.95,    55127412502.00  
22 JUL 2026,AHLWEST,BE,ASIAN HOTELS (WEST) LTD  ,Listed    ,22 JUL 2026,              10.00,          11651210,            560.00,     6524677600.00   
22 JUL 2026,AIAENG,EQ,AIA ENGINEERING LIMITED  ,Listed    ,22 JUL 2026,               2.00,          93320370,           4626.50,   431746691805.00    
22 JUL 2026,AIIL,EQ,AUTHUM INVEST & INFRA LTD,Listed    ,22 JUL 2026,               1.00,         849225500,            542.30,   460534988650.00      
22 JUL 2026,AILIMITED,ST,ABHISHEK INTEGRATIONS LTD,Listed    ,22 JUL 2026,              10.00,           6021570,             43.70,      263142609.00 
22 JUL 2026,AIMTRON,SM,AIMTRON ELECTRONICS LTD  ,Listed    ,22 JUL 2026,              10.00,          20609177,           1334.75,    27508099000.75   
22 JUL 2026,AIRAN,EQ,AIRAN LIMITED            ,Listed    ,22 JUL 2026,               2.00,         125020000,             15.20,     1902804400.00     
22 JUL 2026,AIROLAM,EQ,AIRO LAM LIMITED         ,Listed    ,22 JUL 2026,              10.00,          15002000,             87.25,     1308774480.00   
22 JUL 2026,AISL,SM,ANI INTEGRATED SERV LTD. ,Listed    ,22 JUL 2026,              10.00,          11687200,             60.00,      701232000.00      
22 JUL 2026,AJANTPHARM,EQ,AJANTA PHARMA LIMITED    ,Listed    ,22 JUL 2026,               2.00,         124935624,           3458.90,   432139829853.60
22 JUL 2026,AJAXENGG,EQ,AJAX ENGINEERING LIMITED ,Listed    ,22 JUL 2026,               1.00,         114406800,            575.35,    65823952380.00  
22 JUL 2026,AJMERA,EQ,AJMERA REALTY & INF I LTD,Listed    ,22 JUL 2026,               2.00,         196795650,            124.30,    24461699295.00    
22 JUL 2026,AJOONI,EQ,AJOONI BIOTECH LIMITED   ,Listed    ,22 JUL 2026,               2.00,         172243598,              4.05,      695864135.90    
22 JUL 2026,AKANKSHA,ST,AKANKSHA POWER N INFRA L ,Listed    ,21 JUL 2026,              10.00,          19580520,             88.35,     1729938942.00  
22 JUL 2026,AKASH,EQ,AKASH INFRA-PROJECTS LTD ,Listed    ,22 JUL 2026,              10.00,          16862534,             26.95,      454445291.30     
22 JUL 2026,AKCAPIT,EQ,A K CAPITAL SERVICES LTD.,Permitted ,22 JUL 2026,              10.00,           6600000,           1785.50,    11784300000.00   
22 JUL 2026,AKG,EQ,AKG EXIM LIMITED         ,Listed    ,22 JUL 2026,              10.00,          31776576,              9.40,      299017580.15       
22 JUL 2026,AKI,EQ,AKI INDIA LIMITED        ,Listed    ,22 JUL 2026,               2.00,         103205956,              4.50,      464426802.00       
22 JUL 2026,AKIKO,ST,AKIKO GLOBAL SERVICES L  ,Listed    ,22 JUL 2026,              10.00,          10769600,            341.00,     3672433600.00     
22 JUL 2026,AKSHAR,EQ,AKSHAR SPINTEX LIMITED   ,Listed    ,22 JUL 2026,               1.00,         787468500,              0.40,      330736770.00    
22 JUL 2026,AKSHARCHEM,BE,AKSHARCHEM INDIA LIMITED ,Listed    ,22 JUL 2026,              10.00,           8033099,            234.95,     1887296279.05
22 JUL 2026,AKSHOPTFBR,BE,AKSH OPTIFIBRE  LTD      ,Listed    ,22 JUL 2026,               5.00,         162697971,              5.75,      938767292.65
22 JUL 2026,AKUMS,EQ,AKUMS DRUGS AND PHARMA L ,Listed    ,22 JUL 2026,               2.00,         157393988,            696.35,   109601303543.80     
22 JUL 2026,ALANKIT,EQ,ALANKIT LIMITED          ,Listed    ,22 JUL 2026,               1.00,         271158100,              7.95,     2150283733.00   
22 JUL 2026,ALBERTDAVD,EQ,ALBERT DAVID LIMITED     ,Listed    ,22 JUL 2026,              10.00,           5707162,            687.50,     3923673875.00
22 JUL 2026,ALCODIS,ST,ALCOKRAFT DISTILLERIE LTD,Listed    ,21 JUL 2026,              10.00,          10250000,             68.05,      697512500.00   
22 JUL 2026,ALEMBICLTD,EQ,ALEMBIC LIMITED          ,Listed    ,22 JUL 2026,               2.00,         256781828,             88.60,    22748302142.50
22 JUL 2026,ALGOQUANT,EQ,ALGOQUANT FINTECH LIMITED,Listed    ,22 JUL 2026,               1.00,         281096028,             66.80,    18782836590.95 
22 JUL 2026,ALICON,EQ,ALICON CASTALLOY LIMITED ,Listed    ,22 JUL 2026,               5.00,          16411840,            647.85,    10632410544.00    
22 JUL 2026,ALIVUS,EQ,ALIVUS LIFE SCIENCES LTD ,Listed    ,22 JUL 2026,               2.00,         122739448,           1138.40,   139726587603.20    
22 JUL 2026,ALKALI,BE,ALKALI METALS LTD        ,Listed    ,22 JUL 2026,              10.00,          10182506,             78.35,      797595695.00    
22 JUL 2026,ALKEM,EQ,ALKEM LABORATORIES LTD.  ,Listed    ,22 JUL 2026,               2.00,         119565000,           5585.00,   667770525000.00     
22 JUL 2026,ALKYLAMINE,EQ,ALKYL AMINES CHEM. LTD   ,Listed    ,22 JUL 2026,               2.00,          51144052,           1823.40,    93256064416.80
22 JUL 2026,ALLCARGO,EQ,ALLCARGO LOGISTICS LTD   ,Listed    ,22 JUL 2026,               2.00,        1497778469,              8.05,    12057116675.45  
22 JUL 2026,ALLDIGI,EQ,ALLDIGI TECH LIMITED     ,Listed    ,22 JUL 2026,              10.00,          15238326,            854.20,    13016578069.20   
22 JUL 2026,ALLETEC,ST,ALL E TECHNOLOGIES LTD   ,Listed    ,22 JUL 2026,              10.00,          20194176,            137.90,     2784776870.40   
22 JUL 2026,ALLTIME,EQ,ALL TIME PLASTICS LIMITED,Listed    ,22 JUL 2026,               2.00,          65507778,            231.45,    15160465062.55   
22 JUL 2026,ALMONDZ,EQ,ALMONDZ GLOBAL SEC LTD   ,Listed    ,22 JUL 2026,               1.00,         174899756,             13.00,     2273696828.00   
22 JUL 2026,ALOKINDS,EQ,ALOK INDUSTRIES LIMITED  ,Listed    ,22 JUL 2026,               1.00,        4965240401,             12.05,    59781494428.05  
22 JUL 2026,ALPA,EQ,ALPA LABORATORIES LTD    ,Listed    ,22 JUL 2026,              10.00,          21040600,             66.60,     1401724772.00      
22 JUL 2026,ALPEXSOLAR,SM,ALPEX SOLAR LIMITED      ,Listed    ,22 JUL 2026,              10.00,          25543000,            848.15,    21664295450.00
22 JUL 2026,ALPHAGEO,EQ,ALPHAGEO (INDIA) LIMITED ,Listed    ,22 JUL 2026,              10.00,           6364767,            198.25,     1261815057.75  
22 JUL 2026,ALPINETEX,BE,ALPINE TEXWORLD LIMITED  ,Listed    ,22 JUL 2026,              10.00,          38247000,             94.75,     3624668190.00 
22 JUL 2026,ALUWIND,SM,ALUWIND INFRA-TECH LTD   ,Listed    ,22 JUL 2026,              10.00,          24847420,             45.00,     1118133900.00   
22 JUL 2026,AMAGI,EQ,AMAGI MEDIA LABS LIMITED ,Listed    ,22 JUL 2026,               5.00,         216338944,            611.85,   132366982886.40     
22 JUL 2026,AMANTA,BE,AMANTA HEALTHCARE LIMITED,Listed    ,22 JUL 2026,              10.00,          38829351,            167.00,     6484501617.00    
22 JUL 2026,AMBAAUTO,SM,AMBA AUTO SALES AND SER L,Listed    ,22 JUL 2026,              10.00,          18324000,             79.50,     1456758000.00  
22 JUL 2026,AMBALALSA,EQ,AMBALAL SARABHAI ENT L   ,Permitted ,22 JUL 2026,              10.00,          76633296,             31.05,     2380230173.75 
22 JUL 2026,AMBANIORGO,SM,AMBANI ORGOCHEM LIMITED  ,Listed    ,30 JUN 2026,              10.00,           7658659,            118.00,      903721762.00
22 JUL 2026,AMBER,EQ,AMBER ENTERPRISES (I) LTD,Listed    ,22 JUL 2026,              10.00,          35267767,           7479.00,   263767629393.00     
22 JUL 2026,AMBICAAGAR,EQ,AMBICA AGAR & AROMAINDLTD,Listed    ,22 JUL 2026,              10.00,          17177400,             24.70,      423938232.00
22 JUL 2026,AMBIKCO,EQ,AMBIKA COTTON MILL LTD.  ,Listed    ,22 JUL 2026,              10.00,           5725000,           1709.70,     9788032500.00   
22 JUL 2026,AMBUJACEM,EQ,AMBUJA CEMENTS LTD       ,Listed    ,22 JUL 2026,               2.00,        2484817186,            430.80,  1070459243728.80 
22 JUL 2026,AMCL,SM,ANB METAL CAST LIMITED   ,Listed    ,22 JUL 2026,              10.00,          11834780,            416.00,     4923268480.00      
22 JUL 2026,AMDIND,EQ,AMD INDUSTRIES LIMITED   ,Listed    ,22 JUL 2026,              10.00,          19166749,             46.85,      897578855.65    
22 JUL 2026,AMEYA,SM,AMEYA PRECISION ENG LTD  ,Listed    ,22 JUL 2026,              10.00,           7500000,            107.00,      802500000.00     
22 JUL 2026,AMIABLE,SM,AMIABLE LOGISTICS (I) LTD,Listed    ,03 JUL 2026,              10.00,           1748200,             72.95,      127531190.00   
22 JUL 2026,AMJLAND,EQ,AMJ LAND HOLDINGS LIMITED,Listed    ,22 JUL 2026,               2.00,          41000000,             37.00,     1516590000.00   
22 JUL 2026,AMNPLST,EQ,AMINES & PLASTICIZERS LTD,Listed    ,22 JUL 2026,               2.00,          55020000,            194.20,    10685984400.00   
22 JUL 2026,AMRUTANJAN,EQ,AMRUTAJAN HEALTH LTD     ,Listed    ,22 JUL 2026,               1.00,          28910630,            529.10,    15296614333.00
22 JUL 2026,ANANDRATHI,EQ,ANAND RATHI WEALTH LTD   ,Listed    ,22 JUL 2026,               5.00,         166041268,           2079.70,   345316025059.60
22 JUL 2026,ANANTAM,IV,ANANTAM HIGHWAYS TRUST   ,Listed    ,22 JUL 2026,             100.00,         217500000,            105.40,    22924500000.00   
22 JUL 2026,ANANTRAJ,EQ,ANANT RAJ LIMITED        ,Listed    ,22 JUL 2026,               2.00,         359876930,            616.35,   221810145805.50  
22 JUL 2026,ANDHRAPAP,EQ,ANDHRA PAPER LIMITED     ,Listed    ,22 JUL 2026,               2.00,         198850195,             60.35,    12004586272.15 
22 JUL 2026,ANDHRSUGAR,EQ,ANDHRA SUGARS LTD        ,Listed    ,22 JUL 2026,               2.00,         135535390,             84.15,    11402592360.70
22 JUL 2026,ANGELONE,EQ,ANGEL ONE LIMITED        ,Listed    ,22 JUL 2026,               1.00,         913349399,            312.40,   285330352247.60  
22 JUL 2026,ANIKINDS,BE,ANIK INDUSTRIES LTD      ,Listed    ,22 JUL 2026,              10.00,          27753486,             41.95,     1164813807.40  
22 JUL 2026,ANKITMETAL,BZ,ANKIT MET & POW LTD      ,Listed    ,22 JUL 2026,              10.00,         141110500,              1.45,      206021330.00
22 JUL 2026,ANLON,ST,ANLON TECHNOLOGY SOL LTD ,Listed    ,22 JUL 2026,              10.00,           6255400,            632.00,     3953412800.00     
22 JUL 2026,ANMOL,EQ,ANMOL INDIA LIMITED      ,Listed    ,22 JUL 2026,              10.00,          56914150,             10.10,      574263773.50     
22 JUL 2026,ANNAPURNA,SM,ANNAPURNA SWADISHT LTD   ,Listed    ,22 JUL 2026,              10.00,          21820000,            129.35,     2822417000.00 
22 JUL 2026,ANONDITA,SM,ANONDITA MEDICARE LIMITED,Listed    ,22 JUL 2026,              10.00,          18086618,           1119.25,    20243447196.50  
22 JUL 2026,ANSALAPI,BZ,ANSAL PROP & INFRA LTD   ,Listed    ,22 JUL 2026,               5.00,         157404876,              2.95,      461196286.70  
22 JUL 2026,ANTELOPUS,EQ,ANTELOPUS SELAN ENRGY LTD,Listed    ,22 JUL 2026,              10.00,          35162358,            881.20,    30985069869.60 
22 JUL 2026,ANTGRAPHIC,EQ,ANTARCTICA LTD           ,Listed    ,22 JUL 2026,               1.00,         155009600,              0.75,      116257200.00
22 JUL 2026,ANTHEM,EQ,ANTHEM BIOSCIENCES LTD   ,Listed    ,22 JUL 2026,               2.00,         563195101,            778.90,   438672664168.90    
22 JUL 2026,ANUHPHR,EQ,ANUH PHARMA LIMITED      ,Listed    ,22 JUL 2026,               5.00,         100224000,             80.65,     8084067840.00   
22 JUL 2026,ANUP,EQ,THE ANUP ENGINEERING LTD ,Listed    ,22 JUL 2026,              10.00,          20031466,           2087.90,    41823697861.40      
22 JUL 2026,ANURAS,EQ,ANUPAM RASAYAN INDIA LTD ,Listed    ,22 JUL 2026,              10.00,         113848310,           1251.20,   142447005472.00    
22 JUL 2026,ANYA,SM,ANYA POLYTECH & FERTI LTD,Listed    ,22 JUL 2026,               2.00,         120000000,             15.55,     1866000000.00      
22 JUL 2026,ANZEN,IV,ANZEN IND ENE YLD PLU TRU,Listed    ,13 JUL 2026,             100.00,         336062900,            130.00,    43688177000.00     
22 JUL 2026,APARINDS,EQ,APAR INDUSTRIES LTD.     ,Listed    ,22 JUL 2026,              10.00,          40174235,          13630.00,   547574823050.00  
22 JUL 2026,APCL,EQ,ANJANI PORTLAND CEM LTD  ,Listed    ,22 JUL 2026,              10.00,          29374764,            104.85,     3079650257.75      
22 JUL 2026,APCOTEXIND,EQ,APCOTEX INDUSTRIES LIMITE,Listed    ,22 JUL 2026,               2.00,          51844960,            555.10,    28779137296.00
22 JUL 2026,APEX,EQ,APEX FROZEN FOODS LIMITED,Listed    ,22 JUL 2026,              10.00,          31250000,            392.15,    12254687500.00      
22 JUL 2026,APEXECO,ST,APEX ECOTECH LIMITED     ,Listed    ,22 JUL 2026,              10.00,          13185200,            259.95,     3427492740.00   
22 JUL 2026,APLAPOLLO,EQ,APL APOLLO TUBES LTD     ,Listed    ,22 JUL 2026,               2.00,         277658405,           1822.90,   506143506474.50 
22 JUL 2026,APLLTD,EQ,ALEMBIC PHARMA LTD       ,Listed    ,22 JUL 2026,               2.00,         196563124,            812.20,   159648569312.80    
22 JUL 2026,APOLLO,EQ,APOLLO MICRO SYSTEMS LTD ,Listed    ,22 JUL 2026,               1.00,         357305440,            404.90,   144672972656.00    
22 JUL 2026,APOLLOHOSP,EQ,APOLLO HOSPITALS ENTER. L,Listed    ,22 JUL 2026,               5.00,         143784657,           8938.00,  1285147264266.00
22 JUL 2026,APOLLOPIPE,EQ,APOLLO PIPES LIMITED     ,Listed    ,22 JUL 2026,              10.00,          44048206,            490.80,    21618859504.80
22 JUL 2026,APOLLOTYRE,EQ,APOLLO TYRES LTD         ,Listed    ,22 JUL 2026,               1.00,         635100946,            426.60,   270934063563.60
22 JUL 2026,APOLSINHOT,EQ,APOLLO SINDOORI HOTEL LTD,Listed    ,22 JUL 2026,               5.00,           2600400,           1196.60,     3111638640.00
22 JUL 2026,APRAMEYA,SM,APRAMEYA ENGINEERING LTD ,Listed    ,21 JUL 2026,              10.00,          19040000,            148.15,     2820776000.00  
22 JUL 2026,APS,SM,AUSTRALIAN PREM SOLAR I L,Listed    ,22 JUL 2026,              10.00,          20160000,            279.95,     5643792000.00       
22 JUL 2026,APSISAERO,ST,APSIS AEROCOM LIMITED    ,Listed    ,22 JUL 2026,              10.00,          12051921,            409.45,     4934659053.45 
22 JUL 2026,APTECHT,BE,APTECH LIMITED           ,Listed    ,22 JUL 2026,              10.00,          58002817,             92.05,     5340319361.20   
22 JUL 2026,APTUS,EQ,APTUS VALUE HSG FIN I LTD,Listed    ,22 JUL 2026,               2.00,         500742736,            294.65,   147543847162.40     
22 JUL 2026,AQYLON,EQ,AQYLON NEXUS LIMITED     ,Listed    ,22 JUL 2026,               1.00,         253730560,             29.05,     7375947379.20    
22 JUL 2026,ARABIAN,SM,ARABIAN PETROLEUM LIMITED,Listed    ,22 JUL 2026,              10.00,          10892000,             67.25,      732487000.00   
22 JUL 2026,ARCHIDPLY,EQ,ARCHIDPLY IND. LTD       ,Listed    ,22 JUL 2026,              10.00,          19865000,             78.90,     1567745800.00 
22 JUL 2026,ARCHIES,EQ,ARCHIES LTD              ,Listed    ,22 JUL 2026,               2.00,          33780000,             13.75,      465150600.00   
22 JUL 2026,ARCIIL,ST,ARC INSULATION & INSU LTD,Listed    ,22 JUL 2026,              10.00,          10297380,             38.90,      400568082.00    
22 JUL 2026,ARE&M,EQ,AMARA RAJA ENERGY MOB LTD,Listed    ,22 JUL 2026,               1.00,         183025364,            902.15,   165116332132.60     
22 JUL 2026,ARENTERP,EQ,RAJDARSHAN INDUSTRIES LTD,Listed    ,22 JUL 2026,              10.00,           3108300,             41.20,      128124126.00  
22 JUL 2026,ARFIN,EQ,ARFIN INDIA LIMITED      ,Listed    ,22 JUL 2026,               1.00,         168722482,             88.60,    14948811905.20     
22 JUL 2026,ARHAM,SM,ARHAM TECHNOLOGIES LTD   ,Listed    ,22 JUL 2026,              10.00,          21812000,            162.55,     3545540600.00     
22 JUL 2026,ARIES,EQ,ARIES AGRO LTD.          ,Listed    ,22 JUL 2026,              10.00,          13004339,            340.00,     4421475260.00     
22 JUL 2026,ARIHANT,EQ,ARIHANT FOUN & HOU LTD   ,Permitted ,22 JUL 2026,              10.00,           9965624,            907.85,     9047291748.40   
22 JUL 2026,ARIHANTACA,SM,ARIHANT ACADEMY LIMITED  ,Listed    ,21 JUL 2026,              10.00,           6055200,            465.00,     2815668000.00
22 JUL 2026,ARIHANTCAP,EQ,ARIHANT CAPITAL MKTS LTD ,Listed    ,22 JUL 2026,               1.00,         109612800,             77.15,     8454435264.00
22 JUL 2026,ARIHANTSUP,EQ,ARIHANT SUPERSTRUCT LTD  ,Listed    ,22 JUL 2026,              10.00,          43249991,            259.15,    11208235167.65
22 JUL 2026,ARIS,EQ,ARISINFRA SOLUTIONS LTD  ,Listed    ,22 JUL 2026,               2.00,          81761246,            118.20,     9663361664.75      
22 JUL 2026,ARISTO,ST,ARISTO BIO T AND LIFESC L,Listed    ,22 JUL 2026,              10.00,           6807800,            109.25,      743752150.00    
22 JUL 2026,ARKADE,EQ,ARKADE DEVELOPERS LIMITED,Listed    ,22 JUL 2026,              10.00,         185663617,            140.40,    26067171826.80    
22 JUL 2026,ARMANFIN,EQ,ARMAN FIN SERV LTD       ,Listed    ,22 JUL 2026,              10.00,          10514761,           1936.60,    20362886152.60  
22 JUL 2026,ARMOUR,ST,ARMOUR SECURITY (INDIA) L,Listed    ,21 JUL 2026,              10.00,          16870000,             18.10,      305347000.00    
22 JUL 2026,AROGRANITE,EQ,ARO GRANITE IND. LTD.    ,Listed    ,22 JUL 2026,              10.00,          15300000,             24.75,      378522000.00
22 JUL 2026,ARROWGREEN,BE,ARROW GREENTECH LIMITED  ,Listed    ,22 JUL 2026,              10.00,          15087938,            713.45,    10764489366.10
22 JUL 2026,ARSHIYA,BZ,ARSHIYA LIMITED          ,Listed    ,22 JUL 2026,               2.00,         263475915,              1.00,      258206396.70   
22 JUL 2026,ARSSBL,EQ,ANAND RATHI SH N STK BR L,Listed    ,22 JUL 2026,               5.00,          63026300,            517.60,    32622412880.00    
22 JUL 2026,ARTEMISMED,EQ,ARTEMIS MED SERVICE LTD  ,Listed    ,22 JUL 2026,               1.00,         158306247,            273.45,    43288843242.15
22 JUL 2026,ARTNIRMAN,EQ,ART NIRMAN LIMITED       ,Listed    ,22 JUL 2026,              10.00,          24956000,             38.85,      969540600.00 
22 JUL 2026,ARUNAYA,ST,ARUNAYA ORGANICS LIMITED ,Listed    ,22 JUL 2026,              10.00,          17538432,             16.30,      285876441.60   
22 JUL 2026,ARVEE,EQ,ARVEE LABORATORIES I LTD ,Listed    ,22 JUL 2026,              10.00,          11020000,            155.20,     1710083600.00     
22 JUL 2026,ARVIND,EQ,ARVIND LIMITED           ,Listed    ,22 JUL 2026,              10.00,         262139640,            522.35,   136928640954.00    
22 JUL 2026,ARVINDFASN,EQ,ARVIND FASHIONS LIMITED  ,Listed    ,22 JUL 2026,               4.00,         133630192,            474.95,    63467659690.40
22 JUL 2026,ARVINDPORT,ST,ARVIND PORT AND INFRA LTD,Listed    ,22 JUL 2026,              10.00,          17798300,             29.90,      532169170.00
22 JUL 2026,ARVSMART,EQ,ARVIND SMARTSPACES LTD   ,Listed    ,22 JUL 2026,              10.00,          45866979,            600.00,    27520187400.00  
22 JUL 2026,ASAHIINDIA,EQ,ASAHI INDIA GLASS LIMITED,Listed    ,22 JUL 2026,               1.00,         254927192,            886.50,   225992955708.00
22 JUL 2026,ASAHISONG,EQ,ASAHI SONGWON COLOR LTD  ,Listed    ,22 JUL 2026,              10.00,          11787262,            299.40,     3529106242.80 
22 JUL 2026,ASAL,EQ,AUTOMOTIVE STAMPINGS & AS,Listed    ,22 JUL 2026,              10.00,          15864397,            546.45,     8669099740.65      
22 JUL 2026,ASALCBR,EQ,ASSO ALCOHOLS & BREW LTD ,Listed    ,22 JUL 2026,              10.00,          20079200,            784.30,    15748116560.00   
22 JUL 2026,ASCOM,ST,ASCOM LEASIN & INVEST LTD,Listed    ,17 JUL 2026,              10.00,          11714179,            258.75,     3031043816.25     
22 JUL 2026,ASHALOG,SM,ASHAPURA LOGISTICS LTD   ,Listed    ,22 JUL 2026,              10.00,          13556121,             55.90,      757787163.90   
22 JUL 2026,ASHAPURMIN,EQ,ASHAPURA MINECHEM LTD    ,Listed    ,22 JUL 2026,               2.00,          95526098,            676.70,    64642510516.60
22 JUL 2026,ASHIANA,EQ,ASHIANA HOUSING LTD      ,Listed    ,22 JUL 2026,               2.00,         100524857,            382.35,    38435679073.95   
22 JUL 2026,ASHIKA,EQ,ASHIKA CREDIT CAPITAL L  ,Permitted ,22 JUL 2026,              10.00,          44724971,            396.85,    17749104741.35    
22 JUL 2026,ASHIMASYN,EQ,ASHIMA LTD               ,Listed    ,22 JUL 2026,              10.00,         191660078,             17.90,     3430715396.20 
22 JUL 2026,ASHOKA,EQ,ASHOKA BUILDCON LTD      ,Listed    ,22 JUL 2026,               5.00,         280723217,            122.45,    34374557921.65    
22 JUL 2026,ASHOKAMET,EQ,ASHOKA METCAST LIMITED   ,Listed    ,22 JUL 2026,              10.00,          24996000,             14.10,      352693560.00 
22 JUL 2026,ASHOKLEY,EQ,ASHOK LEYLAND LTD        ,Listed    ,22 JUL 2026,               1.00,        5873854552,            152.50,   895704080634.50  
22 JUL 2026,ASHWINI,SM,ASHWINI CONTAINER MOVER L,Listed    ,22 JUL 2026,              10.00,          15000000,            208.00,     3120000000.00   
22 JUL 2026,ASIANENE,EQ,ASIAN ENERGY SERVICES LTD,Listed    ,22 JUL 2026,              10.00,          44937121,            350.65,    15757201478.65  
22 JUL 2026,ASIANHOTNR,EQ,ASIAN HOTELS (NORTH) LTD ,Listed    ,22 JUL 2026,              10.00,          42633229,            308.60,    13156614469.40
22 JUL 2026,ASIANPAINT,EQ,ASIAN PAINTS LIMITED     ,Listed    ,22 JUL 2026,               1.00,         959197790,           2692.80,  2582927808912.00
22 JUL 2026,ASIANTILES,EQ,ASIAN GRANITO IND. LTD.  ,Listed    ,22 JUL 2026,              10.00,         231911649,             43.40,    10069603799.60
22 JUL 2026,ASKAUTOLTD,EQ,ASK AUTOMOTIVE LIMITED   ,Listed    ,22 JUL 2026,               2.00,         197142600,            485.30,    95673303780.00
22 JUL 2026,ASMS,BE,AVIO SMART MRKT STACK LTD,Listed    ,22 JUL 2026,               1.00,         304576740,              7.10,     2162494854.00      
22 JUL 2026,ASPINWALL,EQ,ASPINWALL & CO LTD       ,Listed    ,22 JUL 2026,              10.00,           7818288,            251.25,     1964423042.90 
22 JUL 2026,ASPIRE,SM,ASPIRE & INNOVATIVE ADV L,Listed    ,22 JUL 2026,              10.00,          15178000,             14.15,      214768700.00    
22 JUL 2026,ASTAR,EQ,ASIAN STAR CO. LTD.      ,Permitted ,22 JUL 2026,              10.00,          16006800,            619.90,     9922615320.00     
22 JUL 2026,ASTEC,EQ,ASTEC LIFESCIENCES LTD   ,Listed    ,22 JUL 2026,              10.00,          22282820,            672.75,    14990767155.00     
22 JUL 2026,ASTERDM,EQ,ASTER DM HEALTHCARE LTD. ,Listed    ,22 JUL 2026,              10.00,         518121029,            799.50,   414237762685.50   
22 JUL 2026,ASTRAL,EQ,ASTRAL LIMITED           ,Listed    ,22 JUL 2026,               1.00,         268650163,           1430.80,   384384653220.40    
22 JUL 2026,ASTRAMICRO,EQ,ASTRA MICROWAVE LTD      ,Listed    ,22 JUL 2026,               2.00,          94945008,           1757.10,   166827873556.80
22 JUL 2026,ASTRAZEN,EQ,ASTRAZENECA PHARMA IND LT,Listed    ,22 JUL 2026,               2.00,          25000000,           8031.00,   200775000000.00  
22 JUL 2026,ASTRON,BE,ASTRON PAPER BORD MIL LTD,Listed    ,22 JUL 2026,              10.00,          46500000,              4.10,      190650000.00    
22 JUL 2026,ATALREAL,EQ,ATAL REALTECH LIMITED    ,Listed    ,22 JUL 2026,               2.00,         123896250,             30.30,     3751578450.00  
22 JUL 2026,ATAM,EQ,ATAM VALVES LIMITED      ,Listed    ,22 JUL 2026,              10.00,          11463000,             67.20,      770542860.00      
22 JUL 2026,ATCENERGY,ST,ATC ENERGIES SYSTEM LTD  ,Listed    ,22 JUL 2026,              10.00,          20388600,             22.60,      460782360.00 
22 JUL 2026,ATGL,EQ,ADANI TOTAL GAS LIMITED  ,Listed    ,22 JUL 2026,               1.00,        1099810083,            681.60,   749630552572.80      
22 JUL 2026,ATHERENERG,EQ,ATHER ENERGY LIMITED     ,Listed    ,22 JUL 2026,               1.00,         383120970,           1268.20,   485874014154.00
22 JUL 2026,ATL,EQ,ALLCARGO TERMINALS LTD   ,Listed    ,22 JUL 2026,               2.00,         252060324,             23.25,     5855361326.50       
22 JUL 2026,ATLANTAA,EQ,ATLANTAA LIMITED         ,Listed    ,22 JUL 2026,               2.00,          81500000,             36.75,     2995125000.00  
22 JUL 2026,ATLANTAELE,EQ,ATLANTA ELECTRICALS LTD  ,Listed    ,22 JUL 2026,               2.00,          76896625,           1614.10,   124118842412.50
22 JUL 2026,ATLASCYCLE,EQ,ATLAS CYCLE (HARYANA) LTD,Listed    ,22 JUL 2026,               5.00,           6503838,             98.45,      640172774.35
22 JUL 2026,ATMASTCO,ST,ATMASTCO LIMITED         ,Listed    ,22 JUL 2026,              10.00,          24734690,            155.00,     3833876950.00  
22 JUL 2026,ATUL,EQ,ATUL LTD                 ,Listed    ,22 JUL 2026,              10.00,          29441755,           6137.50,   180698771312.50      
22 JUL 2026,ATULAUTO,EQ,ATUL AUTO LIMITED        ,Listed    ,22 JUL 2026,               5.00,          27751280,            478.95,    13291475556.00  
22 JUL 2026,AUBANK,EQ,AU SMALL FINANCE BANK LTD,Listed    ,22 JUL 2026,              10.00,         748739583,            980.20,   733914539256.60    
22 JUL 2026,AURIONPRO,EQ,AURIONPRO SOLN LTD       ,Listed    ,22 JUL 2026,              10.00,          55261664,            827.15,    45709685377.60 
22 JUL 2026,AUROIMPEX,SM,AURO IMPEX & CHEMICALS L ,Listed    ,22 JUL 2026,              10.00,          12200800,             25.30,      308680240.00 
22 JUL 2026,AUROPHARMA,EQ,AUROBINDO PHARMA LTD     ,Listed    ,22 JUL 2026,               1.00,         575377895,           1533.60,   882399539772.00
22 JUL 2026,AURUM,EQ,AURUM PROPTECH LIMITED   ,Listed    ,22 JUL 2026,               5.00,          76352367,            227.85,    17396123297.30     
22 JUL 2026,AURUS,EQ,AURUS GEM CORP LIMITED   ,Listed    ,22 JUL 2026,              10.00,          29484000,              4.90,      145061280.00     
22 JUL 2026,AUSL,SM,ADITYA ULTRA STEEL LTD   ,Listed    ,22 JUL 2026,              10.00,          24835568,             24.80,      615922086.40      
22 JUL 2026,AUSOMENT,BE,AUSOM ENTERPRISE LIMITED ,Listed    ,22 JUL 2026,              10.00,          13623552,            128.00,     1744087127.05  
22 JUL 2026,AUTOAXLES,EQ,AUTOMOTIVE AXLES LIMITED ,Listed    ,22 JUL 2026,              10.00,          15111975,           1820.10,    27505305697.50 
22 JUL 2026,AUTOIND,BE,AUTOLINE INDUSTRIES LTD  ,Listed    ,22 JUL 2026,              10.00,          45375401,             83.25,     3777502133.25   
22 JUL 2026,AVADHSUGAR,BE,AVADH SUG & ENERGY LTD   ,Listed    ,22 JUL 2026,              10.00,          20018420,            545.00,    10910038900.00
22 JUL 2026,AVALON,EQ,AVALON TECHNOLOGIES LTD  ,Listed    ,22 JUL 2026,               2.00,          66787697,           1743.70,   116457707258.90    
22 JUL 2026,AVANA,ST,AVANA ELECTROSYSTEMS LTD ,Listed    ,22 JUL 2026,              10.00,          22645408,            159.10,     3602884412.80     
22 JUL 2026,AVANTEL,EQ,AVANTEL LIMITED          ,Listed    ,22 JUL 2026,               2.00,         265710850,            164.75,    43781176754.50   
22 JUL 2026,AVANTIFEED,EQ,AVANTI FEEDS LIMITED     ,Listed    ,22 JUL 2026,               1.00,         136245630,            992.95,   135285098308.50
22 JUL 2026,AVATAR,ST,AVATAR INDUSTRIES LIMITED,Listed    ,07 JUL 2026,              10.00,          10417090,            172.30,     1794864607.00    
22 JUL 2026,AVG,BE,AVG LOGISTICS LIMITED    ,Listed    ,22 JUL 2026,              10.00,          18708076,            204.25,     3820937442.25       
22 JUL 2026,AVIANSH,SM,AVI ANSH TEXTILE LIMITED ,Listed    ,22 JUL 2026,              10.00,          13976930,            102.00,     1425646860.00   
22 JUL 2026,AVIENCE,SM,AVIENCE BIOMEDICALS LTD  ,Listed    ,22 JUL 2026,              10.00,           5485056,            245.50,     1346581248.00   
22 JUL 2026,AVL,EQ,ADITYA VISION LIMITED    ,Listed    ,22 JUL 2026,               1.00,         129138050,            635.35,    82047860067.50       
22 JUL 2026,AVONMORE,EQ,AVONMORE CAP&MGT SERV LTD,Listed    ,22 JUL 2026,               1.00,         282184741,              9.70,     2737191987.70  
22 JUL 2026,AVPINFRA,SM,AVP INFRACON LIMITED     ,Listed    ,22 JUL 2026,              10.00,          24979200,             66.60,     1663614720.00  
22 JUL 2026,AVROIND,EQ,AVRO INDIA LIMITED       ,Listed    ,22 JUL 2026,               1.00,         134171400,              8.90,     1192783746.00   
22 JUL 2026,AVSL,ST,AVSL INDUSTRIES LIMITED  ,Listed    ,18 MAY 2026,              10.00,           5331120,            119.70,      638135064.00      
22 JUL 2026,AVTNPL,EQ,AVT NATURAL PRODUCTS LTD ,Listed    ,22 JUL 2026,               1.00,         152284000,             69.60,    10595920720.00    
22 JUL 2026,AWFIS,EQ,AWFIS SPACE SOLUTIONS LTD,Listed    ,22 JUL 2026,              10.00,          71563186,            284.10,    20331101142.60     
22 JUL 2026,AWHCL,EQ,ANTONY WASTE HDG CELL LTD,Listed    ,22 JUL 2026,               5.00,          28382100,            437.70,    12422845170.00     
22 JUL 2026,AWL,EQ,AWL AGRI BUSINESS LIMITED,Listed    ,22 JUL 2026,               1.00,        1299678605,            189.90,   246808967089.50       
22 JUL 2026,AXISBANK,EQ,AXIS BANK LIMITED        ,Listed    ,22 JUL 2026,               2.00,        3110399674,           1238.40,  3851918956281.60  
22 JUL 2026,AXISCADES,EQ,AXISCADES TECH LTD       ,Listed    ,22 JUL 2026,               5.00,          42530989,           1546.00,    65752908994.00 
22 JUL 2026,AXITA,EQ,AXITA COTTON LIMITED     ,Listed    ,22 JUL 2026,               1.00,         382727951,              7.35,     2816877719.35     
22 JUL 2026,AYE,EQ,AYE FINANCE LIMITED      ,Listed    ,22 JUL 2026,               2.00,         246784266,            177.20,    43735107620.50       
22 JUL 2026,AYMSYNTEX,EQ,AYM SYNTEX LIMITED       ,Listed    ,22 JUL 2026,              10.00,          58614091,            236.95,    13888608862.45 
22 JUL 2026,AZAD,EQ,AZAD ENGINEERING LIMITED ,Listed    ,22 JUL 2026,               2.00,          64581743,           2326.70,   150262341438.10      
22 JUL 2026,BABAFP,SM,BABA FOOD PROCESSING     ,Listed    ,22 JUL 2026,              10.00,          16326403,             23.30,      380405189.90    
22 JUL 2026,BAFNAPH,BE,BAFNA PHARMACEUTICALS LTD,Listed    ,22 JUL 2026,              10.00,          23656335,            238.25,     5636121813.75   
22 JUL 2026,BAGDIGITAL,SM,B.A.G.CONVERGENCE LIMITED,Listed    ,21 JUL 2026,              10.00,          21218800,            107.00,     2270411600.00
22 JUL 2026,BAGFILMS,EQ,B.A.G FILMS AND MEDIA LTD,Listed    ,22 JUL 2026,               2.00,         207547749,              4.50,      931889393.00  
22 JUL 2026,BAGMANE,RR,BAGMANE PRIME OFFICE REIT,Listed    ,22 JUL 2026,             100.00,        3400000000,            104.65,   355844000000.00   
22 JUL 2026,BAHETI,SM,BAHETI RECYCLING IND LTD ,Listed    ,22 JUL 2026,              10.00,          10446905,            702.95,     7343651869.75    
22 JUL 2026,BAIDFIN,EQ,BAID FINSERV LIMITED     ,Listed    ,22 JUL 2026,               2.00,         154888107,              9.85,     1525647853.95   
22 JUL 2026,BAJAJ-AUTO,EQ,BAJAJ AUTO LIMITED       ,Listed    ,22 JUL 2026,              10.00,         279497838,          10998.50,  3074056971243.00
22 JUL 2026,BAJAJCON,EQ,BAJAJ CONSUMER CARE LTD  ,Listed    ,22 JUL 2026,               1.00,         130618321,            529.60,    69175462801.60  
22 JUL 2026,BAJAJELEC,EQ,BAJAJ ELECT.LTD          ,Listed    ,22 JUL 2026,               2.00,         115392769,            330.15,    38096922685.35 
22 JUL 2026,BAJAJFINSV,EQ,BAJAJ FINSERV LTD.       ,Listed    ,22 JUL 2026,               1.00,        1600549988,           1876.40,  3003271997483.20
22 JUL 2026,BAJAJHCARE,EQ,BAJAJ HEALTHCARE LIMITED ,Listed    ,22 JUL 2026,               5.00,          33662661,            323.30,    10883138301.30
22 JUL 2026,BAJAJHFL,EQ,BAJAJ HOUSING FINANCE LTD,Listed    ,22 JUL 2026,              10.00,        8332334619,             85.45,   712081316539.75  
22 JUL 2026,BAJAJHIND,EQ,BAJAJ HINDUSTHAN SUGAR LT,Listed    ,22 JUL 2026,               1.00,        2390666041,             17.05,    40713042678.25 
22 JUL 2026,BAJAJHLDNG,EQ,BAJAJ HOLDINGS & INVS LTD,Listed    ,22 JUL 2026,              10.00,         111293510,          10425.00,  1160234841750.00
22 JUL 2026,BAJAJINDEF,EQ,INDEF MANUFACTURING LTD  ,Listed    ,22 JUL 2026,               1.00,          32000000,            234.65,     7508800000.00
22 JUL 2026,BAJAJST,EQ,BAJAJ STEEL INDS. LTD.   ,Permitted ,22 JUL 2026,               5.00,          20800000,            393.05,     8175440000.00   
22 JUL 2026,BAJEL,EQ,BAJEL PROJECTS LIMITED   ,Listed    ,22 JUL 2026,               2.00,         115696935,            184.55,    21354183292.95     
22 JUL 2026,BAJFINANCE,EQ,BAJAJ FINANCE LIMITED    ,Listed    ,22 JUL 2026,               1.00,        6225954304,           1060.30,  6601379348531.20
22 JUL 2026,BALAJEE,EQ,SHREE TIRUPATI BALAJEE L ,Listed    ,22 JUL 2026,              10.00,          81570852,             28.00,     2283168147.50   
22 JUL 2026,BALAJIPHOS,SM,BALAJI PHOSPHATES LIMITED,Listed    ,22 JUL 2026,              10.00,          23777100,             90.00,     2139939000.00
22 JUL 2026,BALAJITELE,EQ,BALAJI TELEFILMS LIMITED.,Listed    ,22 JUL 2026,               2.00,         121902291,             85.05,    10370227895.35
22 JUL 2026,BALAMINES,EQ,BALAJI AMINES LIMITED    ,Listed    ,22 JUL 2026,               2.00,          32401000,           2380.30,    77124100300.00 
22 JUL 2026,BALAXI,BE,BALAXI PHARMA LTD        ,Listed    ,22 JUL 2026,               2.00,          55207500,             24.00,     1324980000.00    
22 JUL 2026,BALCO,ST,SOLVE PLASTIC PRODUCTS L ,Listed    ,22 JUL 2026,              10.00,           4368250,             19.95,       87146587.50     
22 JUL 2026,BALKRISHNA,EQ,BALKRISHNA PAPER MILLS L ,Listed    ,22 JUL 2026,              10.00,          32219532,             17.55,      564808395.95
22 JUL 2026,BALKRISIND,EQ,BALKRISHNA IND. LTD      ,Listed    ,22 JUL 2026,               2.00,         193317190,           2014.70,   389476142693.00
22 JUL 2026,BALMLAWRIE,EQ,BALMER LAWRIE & CO LTD   ,Listed    ,22 JUL 2026,              10.00,         171003846,            176.50,    30182178819.00
22 JUL 2026,BALPHARMA,EQ,BAL PHARMA LTD.          ,Listed    ,22 JUL 2026,              10.00,          15920872,             87.75,     1396738100.55 
22 JUL 2026,BALRAMCHIN,EQ,BALRAMPUR CHINI MILLS LTD,Listed    ,22 JUL 2026,               1.00,         201950436,            624.75,   126168534891.00
22 JUL 2026,BALUFORGE,EQ,BALU FORGE INDUSTRIES LTD,Listed    ,22 JUL 2026,              10.00,         119681900,            428.10,    51235821390.00 
22 JUL 2026,BANARBEADS,EQ,BANARAS BEADS LTD        ,Listed    ,22 JUL 2026,              10.00,           6597522,            111.05,      732588842.90
22 JUL 2026,BANARISUG,EQ,BANNARI AMMAN SUGARS LTD ,Listed    ,22 JUL 2026,              10.00,          12539700,           3476.60,    43595521020.00 
22 JUL 2026,BANCOINDIA,EQ,BANCO PRODUCTS (I) LTD   ,Listed    ,22 JUL 2026,               2.00,         143037300,            635.20,    90857292960.00
22 JUL 2026,BANDHANBNK,EQ,BANDHAN BANK LIMITED     ,Listed    ,22 JUL 2026,              10.00,        1611017956,            173.50,   279511615366.00
22 JUL 2026,BANG,EQ,BANG OVERSEAS LTD.       ,Listed    ,22 JUL 2026,              10.00,          13560000,             28.55,      387138000.00      
22 JUL 2026,BANKA,BE,BANKA BIOLOO LIMITED     ,Listed    ,22 JUL 2026,              10.00,          10922432,             85.80,      936926216.95     
22 JUL 2026,BANKBARODA,EQ,BANK OF BARODA           ,Listed    ,22 JUL 2026,               2.00,        5171362179,            245.75,  1270862255489.25
22 JUL 2026,BANKINDIA,EQ,BANK OF INDIA            ,Listed    ,22 JUL 2026,              10.00,        4552667866,            144.00,   655538646025.35 
22 JUL 2026,BANSALWIRE,EQ,BANSAL WIRE INDUSTRIES L ,Listed    ,22 JUL 2026,               5.00,         156555952,            315.00,    49315124880.00
22 JUL 2026,BANSWRAS,EQ,BANSWARA SYNTEX LIMITED  ,Listed    ,22 JUL 2026,               5.00,          34232084,            130.50,     4467629282.85  
22 JUL 2026,BARFLEX,SM,BARFLEX POLYFILMS LIMITED,Listed    ,22 JUL 2026,              10.00,          24749000,             55.00,     1361195000.00   
22 JUL 2026,BASF,EQ,BASF INDIA LTD           ,Listed    ,22 JUL 2026,              10.00,          43285640,           3764.80,   162961777472.00      
22 JUL 2026,BASILIC,SM,BASILIC FLY STUDIO LTD   ,Listed    ,22 JUL 2026,              10.00,          25265000,            195.90,     4949413500.00   
22 JUL 2026,BASML,BE,BANNARI AM SPIN MILL LTD.,Listed    ,22 JUL 2026,               5.00,          79921375,             27.00,     2157877125.00     
22 JUL 2026,BATAINDIA,EQ,BATA INDIA LTD           ,Listed    ,22 JUL 2026,               5.00,         128527540,            694.40,    89249523776.00 
22 JUL 2026,BATLIBOI,EQ,BATLIBOI LTD.            ,Permitted ,22 JUL 2026,               5.00,          47132510,             88.25,     4159444007.50  
22 JUL 2026,BAWEJA,ST,BAWEJA STUDIOS LIMITED   ,Listed    ,22 JUL 2026,              10.00,          18427001,             30.20,      556495430.20    
22 JUL 2026,BAYERCROP,EQ,BAYER CROPSCIENCE LTD    ,Permitted ,22 JUL 2026,              10.00,          44942092,           4286.10,   192626300521.20 
22 JUL 2026,BBL,EQ,BHARAT BIJLEE LTD        ,Listed    ,22 JUL 2026,               5.00,          11303120,           2553.90,    28867038168.00       
22 JUL 2026,BBOX,EQ,BLACK BOX LIMITED        ,Listed    ,22 JUL 2026,               2.00,         177599205,            780.90,   138687219184.50      
22 JUL 2026,BBTC,EQ,BOMBAY BURMAH TRADING COR,Listed    ,22 JUL 2026,               2.00,          69771900,           1496.60,   104420625540.00      
22 JUL 2026,BBTCL,EQ,B&B TRIPLEWALL CONT LTD  ,Listed    ,22 JUL 2026,              10.00,          20511240,            212.80,     4365202096.80     
22 JUL 2026,BCG,EQ,BRIGHTCOM GROUP LIMITED  ,Listed    ,22 JUL 2026,               2.00,        2017921873,              9.50,    19170257793.50       
22 JUL 2026,BCLIND,EQ,BCL INDUSTRIES LIMITED   ,Listed    ,22 JUL 2026,               1.00,         295163340,             34.85,    10292345665.80    
22 JUL 2026,BCONCEPTS,EQ,BRAND CONCEPTS LIMITED   ,Listed    ,22 JUL 2026,              10.00,          12481877,            187.90,     2345469507.05 
22 JUL 2026,BCPL,EQ,BCPL RAILWAY INFRA LTD   ,Listed    ,22 JUL 2026,              10.00,          16723638,             69.80,     1167309932.40      
22 JUL 2026,BDL,EQ,BHARAT DYNAMICS LIMITED  ,Listed    ,22 JUL 2026,               5.00,         366562500,           1249.50,   458019843750.00       
22 JUL 2026,BDR,IT,BDR BUILDCON LIMITED     ,Listed    ,10 MAR 2017,              10.00,           6645000,             87.65,      582434250.00       
22 JUL 2026,BEACON,ST,BEACON TRUSTEESHIP LTD   ,Listed    ,22 JUL 2026,              10.00,          18064913,             95.00,     1716166735.00    
22 JUL 2026,BEARDSELL,EQ,BEARDSELL LIMITED        ,Listed    ,22 JUL 2026,               2.00,          39437000,             27.45,     1082151280.00 
22 JUL 2026,BECTORFOOD,EQ,MRS BECTORS FOOD SPE LTD ,Listed    ,22 JUL 2026,               2.00,         306990595,            207.10,    63571612412.60
22 JUL 2026,BEDMUTHA,EQ,BEDMUTHA INDUST LTD      ,Listed    ,22 JUL 2026,              10.00,          32263884,            108.90,     3513536967.60  
22 JUL 2026,BEEKAY,EQ,BEEKAY STEEL INDS. LTD.  ,Permitted ,22 JUL 2026,              10.00,          19072052,            401.05,     7648846454.60    
22 JUL 2026,BEL,EQ,BHARAT ELECTRONICS LTD   ,Listed    ,22 JUL 2026,               1.00,        7309778829,            406.75,  2973252538695.75       
22 JUL 2026,BELLACASA,EQ,BELLA CASA FASH AND RET L,Listed    ,22 JUL 2026,              10.00,          13387500,            239.20,     3202290000.00 
22 JUL 2026,BELRISE,EQ,BELRISE INDUSTRIES LTD   ,Listed    ,22 JUL 2026,               5.00,         889879192,            232.30,   206718936301.60   
22 JUL 2026,BEML,EQ,BEML LIMITED             ,Listed    ,22 JUL 2026,               5.00,          83289000,           1736.50,   144631348500.00      
22 JUL 2026,BENGALASM,EQ,BENGAL & ASSAM CO. LTD.  ,Permitted ,22 JUL 2026,              10.00,          11403899,           6207.50,    70789703042.50 
22 JUL 2026,BEPL,EQ,BHANSALI ENG. POLYMERS LT,Listed    ,22 JUL 2026,               1.00,         248858460,            120.05,    29877946707.60      
22 JUL 2026,BERGEPAINT,EQ,BERGER PAINTS (I) LTD    ,Listed    ,22 JUL 2026,               1.00,        1166002812,            496.45,   578862096017.40
22 JUL 2026,BESTAGRO,EQ,BEST AGROLIFE LIMITED    ,Listed    ,22 JUL 2026,               1.00,         354671100,             15.20,     5387454009.00  
22 JUL 2026,BETA,EQ,BETA DRUGS LIMITED       ,Listed    ,22 JUL 2026,              10.00,          10136890,           2314.70,    23463859283.00      
22 JUL 2026,BEWLTD,SM,BEW ENGINEERING LIMITED  ,Listed    ,22 JUL 2026,              10.00,          13073324,             59.20,      773940780.80    
22 JUL 2026,BFINVEST,EQ,BF INVESTMENT LIMITED    ,Listed    ,22 JUL 2026,               5.00,          37667628,            457.80,    17244240098.40  
22 JUL 2026,BFUTILITIE,EQ,BF UTILITIES LIMITED     ,Listed    ,22 JUL 2026,               5.00,          37667628,            586.10,    22076996770.80
22 JUL 2026,BGRENERGY,BE,BGR ENERGY SYSTEMS LTD   ,Listed    ,22 JUL 2026,              10.00,          72161560,            284.45,    20526355742.00 
22 JUL 2026,BHADORA,ST,BHADORA INDUSTRIES LTD   ,Listed    ,22 JUL 2026,              10.00,          18600000,             90.80,     1688880000.00   
22 JUL 2026,BHAGCHEM,EQ,BHAGIRADHA CHEM & INDS L ,Listed    ,22 JUL 2026,               1.00,         129669080,            263.85,    34213186758.00  
22 JUL 2026,BHAGERIA,BE,BHAGERIA INDUSTRIES LTD  ,Listed    ,22 JUL 2026,               5.00,          43644180,            217.25,     9482134546.80  
22 JUL 2026,BHAGYANGR,BE,BHAGYANAGAR INDIA LIMITED,Listed    ,22 JUL 2026,               2.00,          31995000,            384.40,    12298878000.00 
22 JUL 2026,BHANDARI,BE,BHANDARI HOSIERY EXP LTD ,Listed    ,22 JUL 2026,               1.00,         432089374,              2.90,     1257380078.35  
22 JUL 2026,BHARATCOAL,EQ,BHARAT COKING COAL LTD   ,Listed    ,22 JUL 2026,              10.00,        4657000000,             34.90,   162622440000.00
22 JUL 2026,BHARATFORG,EQ,BHARAT FORGE LTD         ,Listed    ,22 JUL 2026,               2.00,         478088632,           2185.50,  1044862705236.00
22 JUL 2026,BHARATGEAR,BE,BHARAT GEARS LTD         ,Listed    ,22 JUL 2026,              10.00,          15355058,            120.95,     1857347815.70
22 JUL 2026,BHARATRAS,EQ,BHARAT RASAYAN LTD       ,Listed    ,22 JUL 2026,               5.00,          16621072,           1282.30,    21313200625.60 
22 JUL 2026,BHARATSE,EQ,BHARAT SEATS LIMITED     ,Listed    ,22 JUL 2026,               2.00,          62800000,            219.00,    13754456000.00  
22 JUL 2026,BHARATWIRE,EQ,BHARAT WIRE ROPES LTD.   ,Listed    ,22 JUL 2026,              10.00,          68584648,            195.30,    13394581754.40
22 JUL 2026,BHARTIARTL,EQ,BHARTI AIRTEL LIMITED    ,Listed    ,22 JUL 2026,               5.00,        6093279384,           1949.00, 11875801519416.00
22 JUL 2026,BHARTIHEXA,EQ,BHARTI HEXACOM LIMITED   ,Listed    ,22 JUL 2026,               5.00,         500000000,           1635.20,   817600000000.00
22 JUL 2026,BHEL,EQ,BHEL                     ,Listed    ,22 JUL 2026,               2.00,        3482063355,            416.45,  1450105284189.75      
22 JUL 2026,BI,EQ,BILCARE LTD.             ,Permitted ,22 JUL 2026,              10.00,          23545231,             60.60,     1427311903.20        
22 JUL 2026,BIGBLOC,EQ,BIGBLOC CONSTRUCTION LTD ,Listed    ,22 JUL 2026,               2.00,         141575750,             47.00,     6655476007.50   
22 JUL 2026,BIKAJI,EQ,BIKAJI FOODS INTERN LTD  ,Listed    ,22 JUL 2026,               1.00,         250736400,            636.25,   159531034500.00    
22 JUL 2026,BIKEWO,ST,BIKEWO GREEN TECH LIMITED,Listed    ,22 JUL 2026,              10.00,          13043250,             59.40,      774769050.00    
22 JUL 2026,BIL,EQ,BHARTIYA INTERNATIONAL   ,Listed    ,22 JUL 2026,              10.00,          13410411,            741.35,     9941808194.85       
22 JUL 2026,BILVYAPAR,BE,BIL VYAPAR LIMITED       ,Listed    ,22 JUL 2026,              10.00,          31366175,              4.15,      129542302.75 
22 JUL 2026,BIMETAL,EQ,BIMETAL BEARINGS LTD.    ,Permitted ,22 JUL 2026,              10.00,           3825000,            650.30,     2487397500.00   
22 JUL 2026,BIOCON,EQ,BIOCON LIMITED.          ,Listed    ,22 JUL 2026,               5.00,        1620907773,            437.95,   709876559185.35    
22 JUL 2026,BIOFILCHEM,EQ,BIOFIL CHEM & PHARMA LTD ,Listed    ,22 JUL 2026,              10.00,          16273800,             33.45,      544033134.00
22 JUL 2026,BIOPOL,SM,BIOPOL CHEMICALS LIMITED ,Listed    ,22 JUL 2026,              10.00,          10805400,             97.80,     1056768120.00    
22 JUL 2026,BIRDYS,ST,GRILL SPLENDOUR SER LTD  ,Listed    ,17 JUL 2026,              10.00,           6541800,             92.10,      602499780.00    
22 JUL 2026,BIRET,RR,BROOKFIELD INDIA RET     ,Listed    ,22 JUL 2026,             275.00,         829880869,            342.05,   283869050050.15     
22 JUL 2026,BIRLACABLE,BE,BIRLA CABLE LIMITED      ,Listed    ,22 JUL 2026,              10.00,          30000000,            192.35,     5771100000.00
22 JUL 2026,BIRLACORPN,EQ,BIRLA CORPORATION LTD    ,Listed    ,22 JUL 2026,              10.00,          77005347,            993.20,    76481710640.40
22 JUL 2026,BIRLAMONEY,EQ,ADITYA BIRLA MONEY LTD   ,Listed    ,22 JUL 2026,               1.00,          56509201,            134.80,     7618005386.80
22 JUL 2026,BIRLANU,EQ,BIRLANU LIMITED          ,Listed    ,22 JUL 2026,              10.00,           7540899,           1341.20,    10113853738.80   
22 JUL 2026,BIRLAPREC,EQ,BIRLA PRECISION TECH L   ,Permitted ,22 JUL 2026,               2.00,          68387637,             34.55,     2362792858.35 
22 JUL 2026,BLACKBUCK,EQ,BLACKBUCK LIMITED        ,Listed    ,22 JUL 2026,               1.00,         182077602,            558.90,   101763171757.80 
22 JUL 2026,BLACKROSE,BE,BLACK ROSE INDS. LTD.    ,Permitted ,22 JUL 2026,               1.00,          51000000,             96.30,     4912320000.00 
22 JUL 2026,BLAL,EQ,BEML LAND ASSETS LIMITED ,Listed    ,22 JUL 2026,              10.00,          41644500,            177.95,     7410222330.00      
22 JUL 2026,BLBLIMITED,EQ,BLB LIMITED              ,Listed    ,22 JUL 2026,               1.00,          52865258,             15.65,      828398592.85
22 JUL 2026,BLIL,EQ,BALMER LAWRIE INVSTS. L  ,Permitted ,22 JUL 2026,               1.00,         221972690,             70.00,    15538088300.00      
22 JUL 2026,BLISSGVS,BE,BLISS GVS PHARMA LTD     ,Listed    ,22 JUL 2026,               1.00,         105788972,            448.10,    47404038353.20  
22 JUL 2026,BLKASHYAP,EQ,B.L.KASHYAP & SON LTD    ,Listed    ,22 JUL 2026,               1.00,         225440000,             54.80,    12358620800.00 
22 JUL 2026,BLS,EQ,BLS INTL SERVS LTD       ,Listed    ,22 JUL 2026,               1.00,         411740908,            230.60,    94947453384.80       
22 JUL 2026,BLSE,EQ,BLS E-SERVICES LIMITED   ,Listed    ,22 JUL 2026,              10.00,          90856485,            260.10,    23630863183.65      
22 JUL 2026,BLUECHIP,BE,BLUE CHIP INDIA LIMITED  ,Listed    ,22 JUL 2026,               2.00,          55304340,              1.95,      108949549.80  
22 JUL 2026,BLUECOAST,BE,BLUE COAST HOTELS LIMITED,Listed    ,22 JUL 2026,              10.00,          19679557,             26.60,      523476216.20 
22 JUL 2026,BLUEDART,EQ,BLUE DART EXPRESS LTD    ,Listed    ,22 JUL 2026,              10.00,          23727934,           4811.70,   114171700027.80  
22 JUL 2026,BLUEJET,EQ,BLUE JET HEALTHCARE LTD  ,Listed    ,22 JUL 2026,               2.00,         173465425,            585.40,   101546659795.00   
22 JUL 2026,BLUEPEBBLE,SM,BLUE PEBBLE LIMITED      ,Listed    ,21 JUL 2026,              10.00,           4080000,             67.00,      273360000.00
22 JUL 2026,BLUESTARCO,EQ,BLUE STAR LIMITED        ,Listed    ,22 JUL 2026,               2.00,         205614788,           1660.70,   341464478431.60
22 JUL 2026,BLUESTONE,EQ,BLUESTONE JEWEL LFSTL LTD,Listed    ,22 JUL 2026,               1.00,         152401781,            776.05,   118271402145.05 
22 JUL 2026,BLUEWATER,ST,BLUE WATER LOGISTICS LTD ,Listed    ,22 JUL 2026,              10.00,          11000000,            393.00,     4323000000.00 
22 JUL 2026,BLUSPRING,EQ,BLUSPRING ENTERPRISES LTD,Listed    ,22 JUL 2026,              10.00,         149440980,            108.05,    16147097889.00 
22 JUL 2026,BMETRICS,SM,BOMBAY METRICS S C LTD   ,Listed    ,22 JUL 2026,              10.00,          12313920,             36.90,      454383648.00  
22 JUL 2026,BMLL,SM,BIO MEDICA LABORATORIES L,Listed    ,22 JUL 2026,              10.00,          12575001,            139.45,     1753583889.45      
22 JUL 2026,BMWVENTLTD,EQ,BMW VENTURES LIMITED     ,Listed    ,22 JUL 2026,              10.00,          86715000,             56.70,     4915006200.00
22 JUL 2026,BNAGROCHEM,BE,BN AGROCHEM LTD.         ,Permitted ,22 JUL 2026,              10.00,          97772941,            267.65,    26168927658.65
22 JUL 2026,BNALTD,BE,B & A LTD.               ,Permitted ,22 JUL 2026,              10.00,           3100000,            496.00,     1537600000.00    
22 JUL 2026,BODALCHEM,BE,BODAL CHEMICALS LTD      ,Listed    ,22 JUL 2026,               2.00,         125944065,             65.30,     8226666325.80 
22 JUL 2026,BOHRAIND,EQ,BOHRA INDUSTRIES LIMITED ,Listed    ,22 JUL 2026,              10.00,          21172152,             13.10,      276931748.15  
22 JUL 2026,BOMDYEING,EQ,BOMBAY DYEING & MFG. CO L,Listed    ,22 JUL 2026,               2.00,         206534900,            120.40,    24870932658.00 
22 JUL 2026,BONLON,EQ,BONLON INDUSTRIES LIMITED,Listed    ,22 JUL 2026,              10.00,          14183358,             42.20,      598679541.20    
22 JUL 2026,BORANA,EQ,BORANA WEAVES LIMITED    ,Listed    ,22 JUL 2026,              10.00,          26645295,            327.25,     8719672788.75    
22 JUL 2026,BOROLTD,EQ,BOROSIL LIMITED          ,Listed    ,22 JUL 2026,               1.00,         119587629,            237.45,    28396082506.05   
22 JUL 2026,BORORENEW,EQ,BOROSIL RENEWABLES LTD   ,Listed    ,22 JUL 2026,               1.00,         140283183,            592.05,    83054658495.15 
22 JUL 2026,BOROSCI,EQ,BOROSIL SCIENTIFIC LTD   ,Listed    ,22 JUL 2026,               1.00,          88947050,            157.00,    13963797379.50   
22 JUL 2026,BOSCH-HCIL,EQ,BOSCH HOME COMFRT IND LTD,Listed    ,22 JUL 2026,              10.00,          27190884,           1320.20,    35897405056.80
22 JUL 2026,BOSCHLTD,EQ,BOSCH LIMITED            ,Listed    ,22 JUL 2026,              10.00,          29493640,          41560.00,  1225755678400.00  
22 JUL 2026,BOSS,SM,BOSS PACKAGING SOLU LTD  ,Listed    ,21 JUL 2026,              10.00,           4446260,             34.20,      152062092.00      
22 JUL 2026,BPCL,EQ,BHARAT PETROLEUM CORP  LT,Listed    ,22 JUL 2026,              10.00,        4338505488,            314.00,  1362290723232.00      
22 JUL 2026,BPL,EQ,BPL LTD                  ,Listed    ,22 JUL 2026,              10.00,          48975751,             54.25,     2656444734.25       
22 JUL 2026,BRACEPORT,SM,BRACE PORT LOGISTICS LTD ,Listed    ,21 JUL 2026,              10.00,          11301200,             63.00,      711975600.00 
22 JUL 2026,BRANDMAN,ST,BRANDMAN RETAIL LIMITED  ,Listed    ,22 JUL 2026,              10.00,          18457186,            184.00,     3396122224.00  
22 JUL 2026,BRIGADE,EQ,BRIGADE ENTER. LTD       ,Listed    ,22 JUL 2026,              10.00,         326162380,            545.20,   177823729576.00   
22 JUL 2026,BRIGHOTEL,EQ,BRIGADE HOTEL VENTURE LTD,Listed    ,22 JUL 2026,              10.00,         379842565,             60.60,    23018459439.00 
22 JUL 2026,BRITANNIA,EQ,BRITANNIA INDUSTRIES LTD ,Listed    ,22 JUL 2026,               1.00,         240868296,           5485.50,  1321283037708.00 
22 JUL 2026,BRNL,EQ,BHARAT ROAD NETWORK LTD  ,Listed    ,22 JUL 2026,              10.00,          83950000,             17.40,     1459051000.00      
22 JUL 2026,BROOKS,BE,BROOKS LAB LIMITED       ,Listed    ,22 JUL 2026,              10.00,          29457248,             66.75,     1966860448.95    
22 JUL 2026,BSE,EQ,BSE LIMITED              ,Listed    ,22 JUL 2026,               2.00,         407884077,           3632.20,  1481516544479.40       
22 JUL 2026,BSHSL,BE,BOMBAY SUPER HYBRID SEEDS,Listed    ,22 JUL 2026,               1.00,         104937280,             87.10,     9138987715.20     
22 JUL 2026,BSL,EQ,BSL LTD                  ,Listed    ,22 JUL 2026,              10.00,          10292168,            125.10,     1287550216.80       
22 JUL 2026,BSOFT,EQ,BIRLASOFT LIMITED        ,Listed    ,22 JUL 2026,               2.00,         279506288,            282.55,    78974501674.40     
22 JUL 2026,BTML,EQ,BODHI TREE MULTIMEDIA LTD,Listed    ,22 JUL 2026,               1.00,         181697777,              6.00,     1090186662.00      
22 JUL 2026,BTTL,BE,BHILWARA TECHNICAL TEXT L,Permitted ,22 JUL 2026,               1.00,          58373305,             49.85,     2909325521.20      
22 JUL 2026,BUILDPRO,EQ,SHANKARA BUILDPRO LIMITED,Listed    ,22 JUL 2026,              10.00,          24249326,           1212.00,    29390183112.00  
22 JUL 2026,BULKCORP,SM,BULKCORP INTERNATIONAL L ,Listed    ,22 JUL 2026,              10.00,           7514064,             57.85,      434688602.40  
22 JUL 2026,BUTTERFLY,EQ,BTRFLY GANDHI APPL LTD   ,Listed    ,22 JUL 2026,              10.00,          17879551,            759.95,    13587564782.45 
22 JUL 2026,BVCL,EQ,BARAK VALLEY CEM. LTD.   ,Listed    ,22 JUL 2026,              10.00,          22160000,             41.35,      916094400.00      
22 JUL 2026,BYKE,BE,THE BYKE HOSPITALITY LTD ,Listed    ,22 JUL 2026,              10.00,          52279300,             32.75,     1711624282.00      
22 JUL 2026,C2C,SM,C2C ADVANCED SYSTEMS LTD ,Listed    ,22 JUL 2026,              10.00,          16968433,            293.25,     4975992977.25       
22 JUL 2026,CADSYS,ST,CADSYS (INDIA) LIMITED   ,Listed    ,22 JUL 2026,              10.00,          10002500,             59.20,      592148000.00    
22 JUL 2026,CALSOFT,BE,CALIFORNIA SOFTWARE CO LT,Listed    ,22 JUL 2026,              10.00,          23612932,             22.25,      525151607.70   
22 JUL 2026,CAMLINFINE,EQ,CAMLIN FINE SCIENCES LTD ,Listed    ,22 JUL 2026,               1.00,         192096613,            121.45,    23328212682.70
22 JUL 2026,CAMPUS,EQ,CAMPUS ACTIVEWEAR LIMITED,Listed    ,22 JUL 2026,               5.00,         305653746,            221.35,    67653400139.65    
22 JUL 2026,CAMS,EQ,COMPUTER AGE MNGT SER LTD,Listed    ,22 JUL 2026,               2.00,         247984498,            773.00,   191692016954.00      
22 JUL 2026,CANARYS,SM,CANARYS AUTOMATIONS LTD  ,Listed    ,22 JUL 2026,               2.00,          58744893,             18.65,     1095592254.45   
22 JUL 2026,CANBK,EQ,CANARA BANK              ,Listed    ,22 JUL 2026,               2.00,        9070651260,            126.45,  1147074558339.60     
22 JUL 2026,CANFINHOME,EQ,CAN FIN HOMES LTD        ,Listed    ,22 JUL 2026,               2.00,         133154591,            819.80,   109160133701.80
22 JUL 2026,CANHLIFE,EQ,CANARA HSBC LIFE INS CO L,Listed    ,22 JUL 2026,              10.00,         950000000,            151.40,   143849000000.00  
22 JUL 2026,CANTABIL,EQ,CANTABIL RETAIL LTD      ,Listed    ,22 JUL 2026,               2.00,          83638040,            248.50,    20783216559.60  
22 JUL 2026,CAPACITE,EQ,CAPACITE INFRAPROJECT LTD,Listed    ,22 JUL 2026,              10.00,          84604043,            217.05,    18363307533.15  
22 JUL 2026,CAPILLARY,EQ,CAPILLARY TECHNO INDIA L ,Listed    ,22 JUL 2026,               2.00,          79471983,            480.00,    38146551840.00 
22 JUL 2026,CAPINVIT,IV,CAPITAL INFRA TRUST      ,Listed    ,22 JUL 2026,              99.00,         491551733,             73.95,    36355166172.70  
22 JUL 2026,CAPITALSFB,EQ,CAPITAL SMALL FIN BANK L ,Listed    ,22 JUL 2026,              10.00,          45431585,            300.70,    13661277609.50
22 JUL 2026,CAPLIPOINT,EQ,CAPLIN POINT LAB LTD.    ,Listed    ,22 JUL 2026,               2.00,          76011696,           2480.60,   188554613097.60
22 JUL 2026,CAPTRUST,EQ,CAPITAL TRUST LIMITED    ,Listed    ,22 JUL 2026,              10.00,          34019404,             15.40,      523898821.60  
22 JUL 2026,CARBORUNIV,EQ,CARBORUNDUM UNIVERSAL LTD,Listed    ,22 JUL 2026,               1.00,         190493502,           1068.90,   203618504287.80
22 JUL 2026,CARERATING,EQ,CARE RATINGS LIMITED     ,Listed    ,22 JUL 2026,              10.00,          30049163,           1674.50,    50317323443.50
22 JUL 2026,CARRARO,EQ,CARRARO INDIA LIMITED    ,Listed    ,22 JUL 2026,              10.00,          56851538,            544.30,    30944292133.40   
22 JUL 2026,CARTRADE,EQ,CARTRADE TECH LIMITED    ,Listed    ,22 JUL 2026,              10.00,          48023035,           2809.70,   134930321439.50  
22 JUL 2026,CARYSIL,EQ,CARYSIL LIMITED          ,Listed    ,22 JUL 2026,               2.00,          28442606,           1150.80,    32731750984.80   
22 JUL 2026,CASTROLIND,EQ,CASTROL INDIA LIMITED    ,Listed    ,22 JUL 2026,               5.00,         989122384,            185.80,   183759156499.50
22 JUL 2026,CBAZAAR,ST,NET AVENUE TECHNOLOGIES L,Listed    ,21 JUL 2026,               1.00,          21454078,              6.55,      140524210.90   
22 JUL 2026,CCAVENUE,EQ,AVENUESAI LIMITED        ,Listed    ,22 JUL 2026,               1.00,        3488229550,             16.75,    58392962667.00  
22 JUL 2026,CCCL,EQ,CONS. CONST. CONSORT LTD ,Listed    ,22 JUL 2026,               2.00,         446759451,             16.00,     7152618810.50      
22 JUL 2026,CCHHL,EQ,COUNTRY CLUB HOSP HOL LTD,Listed    ,22 JUL 2026,               2.00,         163464735,             12.75,     2082540723.90     
22 JUL 2026,CCL,EQ,CCL PRODUCTS (I) LTD     ,Listed    ,22 JUL 2026,               2.00,         133527920,           1203.20,   160660793344.00       
22 JUL 2026,CDSL,EQ,CENTRAL DEPO SER (I) LTD ,Listed    ,22 JUL 2026,              10.00,         209000000,           1339.70,   279997300000.00      
22 JUL 2026,CEATLTD,EQ,CEAT LIMITED             ,Listed    ,22 JUL 2026,              10.00,          40450092,           3345.50,   135325782786.00   
22 JUL 2026,CEDAAR,ST,CEDAAR TEXTILE LIMITED   ,Listed    ,22 JUL 2026,              10.00,          13878600,             17.85,      247733010.00    
22 JUL 2026,CEIGALL,EQ,CEIGALL INDIA LIMITED    ,Listed    ,22 JUL 2026,               5.00,         174204861,            339.10,    59072868365.10   
22 JUL 2026,CEINSYS,EQ,CEINSYS TECH LIMITED     ,Listed    ,22 JUL 2026,              10.00,          20937661,            869.75,    18210530654.75   
22 JUL 2026,CELEBRITY,EQ,CELEBRITY FASHIONS LTD   ,Listed    ,22 JUL 2026,              10.00,          64548346,              7.15,      460875190.45 
22 JUL 2026,CELLECOR,ST,CELLECOR GADGETS LIMITED ,Listed    ,22 JUL 2026,               1.00,         220677800,             35.00,     7723723000.00  
22 JUL 2026,CELLO,EQ,CELLO WORLD LIMITED      ,Listed    ,22 JUL 2026,               5.00,         220885034,            349.15,    77122009621.10     
22 JUL 2026,CELLPOINT,SM,CELL POINT (INDIA) LTD   ,Listed    ,22 JUL 2026,              10.00,          18685600,             18.45,      344749320.00 
22 JUL 2026,CEMPRO,EQ,CEMINDIA PROJECTS LIMITED,Listed    ,22 JUL 2026,               1.00,         171787584,           1596.60,   274276056614.40    
22 JUL 2026,CENTENKA,EQ,CENTURY ENKA LTD         ,Listed    ,22 JUL 2026,              10.00,          21850589,            558.65,    12206831544.85  
22 JUL 2026,CENTEXT,EQ,CENTURY EXTRUSIONS LTD   ,Listed    ,22 JUL 2026,               1.00,          80000000,             18.90,     1511200000.00   
22 JUL 2026,CENTRALBK,EQ,CENTRAL BANK OF INDIA    ,Listed    ,22 JUL 2026,              10.00,        9051401274,             31.20,   282222691723.30 
22 JUL 2026,CENTRUM,EQ,CENTRUM CAPITAL LIMITED  ,Listed    ,22 JUL 2026,               1.00,         486829194,             23.20,    11294437300.80   
22 JUL 2026,CENTUM,EQ,CENTUM ELECTRONICS LTD   ,Listed    ,22 JUL 2026,              10.00,          14759016,           3610.30,    53284475464.80    
22 JUL 2026,CENTURYPLY,EQ,CENTURY PLYBOARDS (I) LTD,Listed    ,22 JUL 2026,               1.00,         222172990,            782.95,   173950342520.50
22 JUL 2026,CERA,EQ,CERA SANITARYWARE LTD    ,Listed    ,22 JUL 2026,               5.00,          12897541,           6105.50,    78745936575.50      
22 JUL 2026,CEREBRAINT,BZ,CEREBRA INT TECH LTD     ,Listed    ,22 JUL 2026,              10.00,         111986482,              3.05,      341558770.10
22 JUL 2026,CESC,EQ,CESC LTD                 ,Listed    ,22 JUL 2026,               1.00,        1325570430,            164.45,   217976801509.20      
22 JUL 2026,CEWATER,EQ,CONCORD ENVIRO SYSTEMS L ,Listed    ,22 JUL 2026,               5.00,          20696233,            300.30,     6215078769.90   
22 JUL 2026,CGCL,EQ,CAPRI GLOBAL CAPITAL LTD ,Listed    ,22 JUL 2026,               1.00,         962153962,            244.00,   234765566728.00      
22 JUL 2026,CGPOWER,EQ,CG POWER AND IND SOL LTD ,Listed    ,22 JUL 2026,               2.00,        1574979249,            912.85,  1437719807449.65   
22 JUL 2026,CGRAPHICS,SM,CREATIVE GRAPHICS S IND L,Listed    ,22 JUL 2026,              10.00,          24286000,            130.20,     3162037200.00 
22 JUL 2026,CHALET,EQ,CHALET HOTELS LIMITED    ,Listed    ,22 JUL 2026,              10.00,         218994127,            822.45,   180111719751.15    
22 JUL 2026,CHAMBLFERT,EQ,CHAMBAL FERTILIZERS LTD  ,Listed    ,22 JUL 2026,              10.00,         400652297,            435.75,   174584238417.75
22 JUL 2026,CHAMUNDA,SM,CHAMUNDA ELECTRICAL LTD  ,Listed    ,22 JUL 2026,              10.00,          11004594,             44.15,      485852825.10  
22 JUL 2026,CHANDAN,SM,CHANDAN HEALTHCARE LTD   ,Listed    ,22 JUL 2026,              10.00,          24452064,            233.70,     5714447356.80   
22 JUL 2026,CHAVDA,SM,CHAVDA INFRA LIMITED     ,Listed    ,22 JUL 2026,              10.00,          32656000,            122.20,     3990563200.00    
22 JUL 2026,CHEMBOND,BE,CHEMBOND MATERIALTECH LTD,Listed    ,22 JUL 2026,               5.00,          13448288,            178.30,     2397964233.30  
22 JUL 2026,CHEMBONDCH,BE,CHEMBOND CHEMICAL LIMITED,Listed    ,22 JUL 2026,               5.00,          26896576,            257.70,     6930709703.70
22 JUL 2026,CHEMCON,BE,CHEMCON SPECIAL CHEM LTD ,Listed    ,22 JUL 2026,              10.00,          36630701,            177.35,     6495722208.35   
22 JUL 2026,CHEMFAB,BE,CHEMFAB ALKALIS LIMITED  ,Listed    ,22 JUL 2026,              10.00,          14373702,            365.00,     5246401230.00   
22 JUL 2026,CHEMPLASTS,EQ,CHEMPLAST SANMAR LIMITED ,Listed    ,22 JUL 2026,               5.00,         158109574,            196.60,    31085923344.15
22 JUL 2026,CHENNPETRO,EQ,CHENNAI PETROLEUM CORP LT,Listed    ,22 JUL 2026,              10.00,         148911400,           1307.80,   194746328920.00
22 JUL 2026,CHETANA,ST,CHETANA EDUCATION LIMITED,Listed    ,21 JUL 2026,              10.00,          20400000,             47.25,      963900000.00   
22 JUL 2026,CHEVIOT,EQ,CHEVIOT COMPANY LIMITED  ,Listed    ,22 JUL 2026,              10.00,           5841875,           1140.30,     6661490062.50   
22 JUL 2026,CHOICEIN,EQ,CHOICE INTERNATIONAL LTD ,Listed    ,22 JUL 2026,              10.00,         222776500,            809.20,   180270743800.00  
22 JUL 2026,CHOLAFIN,EQ,CHOLAMANDALAM IN & FIN CO,Listed    ,22 JUL 2026,               2.00,         852488507,           1728.00,  1473100140096.00  
22 JUL 2026,CHOLAHLDNG,EQ,CHOLAMANDALAM FIN HOL LTD,Listed    ,22 JUL 2026,               1.00,         187777462,           1527.10,   286754962220.20
22 JUL 2026,CIEINDIA,EQ,CIE AUTOMOTIVE INDIA LTD ,Listed    ,22 JUL 2026,              10.00,         379362377,            472.50,   179248723132.50  
22 JUL 2026,CIFL,EQ,CAPITAL INDIA FINANCE LTD,Listed    ,22 JUL 2026,               2.00,         391056300,             20.90,     8176987233.00      
22 JUL 2026,CINELINE,EQ,CINELINE INDIA LIMITED   ,Listed    ,22 JUL 2026,               5.00,          34266434,             78.20,     2679292474.45  
22 JUL 2026,CINEVISTA,EQ,CINEVISTA LIMITED        ,Listed    ,22 JUL 2026,               2.00,          57436475,             15.45,      887967903.50 
22 JUL 2026,CIPLA,EQ,CIPLA LTD                ,Listed    ,22 JUL 2026,               2.00,         807845316,           1415.10,  1143181906671.60     
22 JUL 2026,CITIUSINVT,IV,CITIUS TRANSNET INV TRUST,Listed    ,22 JUL 2026,             100.00,         610000000,            109.40,    66746200000.00
22 JUL 2026,CKKRETAIL,SM,C K K RETAIL MART LIMITED,Listed    ,22 JUL 2026,              10.00,          19368000,            130.05,     2518808400.00 
22 JUL 2026,CLASSICEIL,ST,CLASSIC ELECTRODE (IND) L,Listed    ,22 JUL 2026,              10.00,          17964950,             57.15,     1026696892.50
22 JUL 2026,CLAYCRAFT,SM,CLAY CRAFT INDIA LIMITED ,Listed    ,22 JUL 2026,              10.00,          20570280,            151.50,     3116397420.00 
22 JUL 2026,CLEAN,EQ,CLEAN SCIENCE & TECH LTD ,Listed    ,22 JUL 2026,               1.00,         106282520,            737.85,    78420557382.00     
22 JUL 2026,CLEANMAX,EQ,CLEAN MAX ENVIRO EN SOL L,Listed    ,22 JUL 2026,               1.00,         117126180,           1370.80,   160556567544.00  
22 JUL 2026,CLEDUCATE,BE,CL EDUCATE LIMITED       ,Listed    ,22 JUL 2026,               5.00,          54223958,             58.05,     3148785241.05 
22 JUL 2026,CLSEL,EQ,CHAMAN LAL SETIA EXP LTD ,Listed    ,22 JUL 2026,               2.00,          49725620,            281.85,    14015165997.00     
22 JUL 2026,CLSL,SM,CROP LIFE SCIENCE LIMITED,Listed    ,22 JUL 2026,              10.00,          17140000,             61.25,     1049825000.00      
22 JUL 2026,CMNL,SM,CHAMAN METALLICS LIMITED ,Listed    ,22 JUL 2026,              10.00,          24134764,            105.00,     2534150220.00      
22 JUL 2026,CMPDI,EQ,CENTRAL MINE P N D INST L,Listed    ,22 JUL 2026,               2.00,         714000000,            259.20,   185075940000.00     
22 JUL 2026,CMRGREEN,EQ,CMR GREEN TECHNOLOGIES L ,Listed    ,22 JUL 2026,               2.00,         219055489,            218.10,    47776002150.90  
22 JUL 2026,CMRSL,SM,CYBER MEDIA RES & SER LTD,Listed    ,22 JUL 2026,              10.00,           2928000,             62.00,      181536000.00     
22 JUL 2026,CMSINFO,EQ,CMS INFO SYSTEMS LIMITED ,Listed    ,22 JUL 2026,              10.00,         164637541,            272.90,    44929584938.90   
22 JUL 2026,CNL,EQ,CREATIVE NEWTECH LIMITED ,Listed    ,22 JUL 2026,              10.00,          15016675,            909.55,    13658416746.25       
22 JUL 2026,COALINDIA,EQ,COAL INDIA LTD           ,Listed    ,22 JUL 2026,              10.00,        6162728327,            428.40,  2640112815286.80 
22 JUL 2026,COASTCORP,EQ,COASTAL CORPORATION LTD  ,Listed    ,22 JUL 2026,               2.00,          66977230,             50.75,     3399764194.80 
22 JUL 2026,COCHINSHIP,EQ,COCHIN SHIPYARD LIMITED  ,Listed    ,22 JUL 2026,               5.00,         263080780,           1367.70,   359815582806.00
22 JUL 2026,COCKERILL,EQ,JOHN COCKERILL INDIA LTD.,Permitted ,22 JUL 2026,              10.00,           4937813,           9026.00,    44568700138.00 
22 JUL 2026,COFFEEDAY,BE,COFFEE DAY ENTERPRISE LTD,Listed    ,22 JUL 2026,              10.00,         211251719,             30.65,     6470640152.95 
22 JUL 2026,COFORGE,EQ,COFORGE LIMITED          ,Listed    ,22 JUL 2026,               2.00,         348522220,           1471.40,   512815594508.00   
22 JUL 2026,COHANCE,EQ,COHANCE LIFESCIENCES LTD ,Listed    ,22 JUL 2026,               1.00,         382567140,            438.10,   167602664034.00   
22 JUL 2026,COLPAL,EQ,COLGATE PALMOLIVE LTD.   ,Listed    ,22 JUL 2026,               1.00,         271985634,           2107.10,   573100929401.40    
22 JUL 2026,COMFINTE,EQ,COMFORT INTECH LTD.      ,Permitted ,22 JUL 2026,               1.00,         319938080,              5.50,     1753260678.40  
22 JUL 2026,COMMITTED,ST,COMMITTED CARGO CARE LTD ,Listed    ,21 JUL 2026,              10.00,          11574600,            343.00,     3970087800.00 
22 JUL 2026,COMPINFO,BZ,COMPUAGE INFOCOM LTD     ,Listed    ,22 JUL 2026,               2.00,          85768064,              1.15,       98633273.60  
22 JUL 2026,COMPUSOFT,EQ,COMPUCOM SOFTWARE LTD    ,Listed    ,22 JUL 2026,               2.00,          79125188,             13.15,     1041287474.10 
22 JUL 2026,COMSYN,EQ,COMMERCIAL SYN BAGS LTD  ,Listed    ,22 JUL 2026,              10.00,          40339200,            181.90,     7336893696.00    
22 JUL 2026,CONCOR,EQ,CONTAINER CORP OF IND LTD,Listed    ,22 JUL 2026,               5.00,         761617935,            481.40,   366642873909.00    
22 JUL 2026,CONCORDBIO,EQ,CONCORD BIOTECH LIMITED  ,Listed    ,22 JUL 2026,               1.00,         104616204,           1283.60,   134285359454.40
22 JUL 2026,CONFIPET,EQ,CONFIDENCE PETRO IND LTD.,Listed    ,22 JUL 2026,               1.00,         332241043,             74.75,    24838340374.70  
22 JUL 2026,CONNPLEX,SM,CONNPLEX CINEMAS LIMITED ,Listed    ,22 JUL 2026,              10.00,          19100000,            204.20,     3900220000.00  
22 JUL 2026,CONSOFINVT,EQ,CONSO. FIN. & HOLD. LTD. ,Listed    ,22 JUL 2026,              10.00,          32326366,            290.90,     9404063133.05
22 JUL 2026,CONTI,SM,CONTINENTAL SEED CHEM LTD,Listed    ,22 JUL 2026,              10.00,          13942414,             10.90,      151972312.60     
22 JUL 2026,CONTROLPR,EQ,CONTROL PRINT LIMITED    ,Listed    ,22 JUL 2026,              10.00,          15994212,            656.80,    10504998441.60 
22 JUL 2026,COOLCAPS,ST,COOL CAPS INDUSTRIES LTD ,Listed    ,22 JUL 2026,               2.00,         117624370,             20.70,     2434824459.00  
22 JUL 2026,CORALFINAC,EQ,CORAL INDIA FIN & HOUS LT,Listed    ,22 JUL 2026,               2.00,          40302225,             31.70,     1277177510.25
22 JUL 2026,CORDELIA,EQ,WATERWAYS LEISURE TOUR L ,Listed    ,22 JUL 2026,              10.00,          72394543,            912.60,    66067259941.80  
22 JUL 2026,CORDSCABLE,BE,CORDS CABLE INDUS LTD.   ,Listed    ,22 JUL 2026,              10.00,          12927780,            207.55,     2683031461.20
22 JUL 2026,COROMANDEL,EQ,COROMANDEL INTERNTL. LTD ,Listed    ,22 JUL 2026,               1.00,         295014639,           2039.30,   601623353312.70
22 JUL 2026,CORONA,EQ,CORONA REMEDIES LIMITED  ,Listed    ,22 JUL 2026,              10.00,          61160088,           2042.70,   124931711757.60    
22 JUL 2026,COSMOFIRST,EQ,COSMO FIRST LIMITED      ,Listed    ,22 JUL 2026,              10.00,          26249727,            865.45,    22717826232.15
22 JUL 2026,COUNCODOS,EQ,COUNTRY CONDO S LIMITED  ,Listed    ,22 JUL 2026,               1.00,          77597300,              6.55,      508262315.00 
22 JUL 2026,CPCAP,BE,CP CAPITAL LIMITED       ,Listed    ,22 JUL 2026,              10.00,          18192939,            108.55,     1974843528.45     
22 JUL 2026,CPEDU,EQ,CAREER POINT EDUTECH LTD ,Listed    ,22 JUL 2026,              10.00,          18192939,            188.30,     3426094272.50     
22 JUL 2026,CPPLUS,EQ,ADITYA INFOTECH LIMITED  ,Listed    ,22 JUL 2026,               1.00,         117850485,           3446.30,   406148126455.50    
22 JUL 2026,CPS,SM,C P S SHAPERS LIMITED    ,Listed    ,22 JUL 2026,              10.00,           2278020,           1039.50,     2368001790.00       
22 JUL 2026,CRAFTSMAN,EQ,CRAFTSMAN AUTOMATION LTD ,Listed    ,22 JUL 2026,               5.00,          26154433,           9400.00,   245851670200.00 
22 JUL 2026,CRAMC,EQ,CANARA ROBECO AMC LIMITED,Listed    ,22 JUL 2026,              10.00,         199417428,            266.80,    53206563964.70     
22 JUL 2026,CRAYONS,SM,CRAYONS ADVERTISING LTD  ,Listed    ,22 JUL 2026,              10.00,          24430000,             24.95,      609528500.00   
22 JUL 2026,CREATIVEYE,EQ,CREATIVE EYE LIMITED     ,Listed    ,22 JUL 2026,               5.00,          20058250,              6.05,      121352412.50
22 JUL 2026,CREDITACC,EQ,CREDITACCESS GRAMEEN LTD ,Listed    ,22 JUL 2026,              10.00,         160247885,           1488.90,   238593075976.50 
22 JUL 2026,CREST,EQ,CREST VENTURES LIMITED   ,Listed    ,22 JUL 2026,              10.00,          28449775,            376.25,    10704227843.75     
22 JUL 2026,CRISIL,EQ,CRISIL LTD               ,Listed    ,22 JUL 2026,               1.00,          73130017,           4495.20,   328734052418.40    
22 JUL 2026,CRIZAC,EQ,CRIZAC LIMITED           ,Listed    ,22 JUL 2026,               2.00,         174982500,            185.50,    32459253750.00    
22 JUL 2026,CROMPTON,EQ,CROMPT GREA CON ELEC LTD ,Listed    ,22 JUL 2026,               2.00,         643914875,            255.70,   164649033537.50  
22 JUL 2026,CROWN,EQ,CROWN LIFTERS LIMITED    ,Listed    ,22 JUL 2026,              10.00,          11590000,            115.90,     1343165100.00     
22 JUL 2026,CSBBANK,EQ,CSB BANK LIMITED         ,Listed    ,22 JUL 2026,              10.00,         173485827,            345.30,    59904656063.10   
22 JUL 2026,CSLFINANCE,EQ,CSL FINANCE LIMITED      ,Listed    ,22 JUL 2026,              10.00,          22782621,            214.65,     4890517423.85
22 JUL 2026,CSM,EQ,CSM TECHNOLOGIES LIMITED ,Listed    ,22 JUL 2026,              10.00,          51603472,             98.10,     5062816637.90       
22 JUL 2026,CSSL,SM,CLEAR SECURED SERVICES L ,Listed    ,22 JUL 2026,              10.00,          24047112,             96.50,     2320546308.00      
22 JUL 2026,CTE,EQ,CAMBRIDGE TECH ENTER LTD ,Listed    ,22 JUL 2026,              10.00,          19631015,             32.40,      635652265.70       
22 JUL 2026,CUB,EQ,CITY UNION BANK LTD      ,Listed    ,22 JUL 2026,               1.00,         990787238,            223.55,   221470671310.15       
22 JUL 2026,CUBEINVIT,IV,CUBE HIGHWAYS TRUST      ,Listed    ,17 JUL 2026,             100.00,        1344069762,            154.35,   207484049159.95 
22 JUL 2026,CUBEXTUB,EQ,CUBEX TUBINGS LTD        ,Listed    ,22 JUL 2026,              10.00,          14318975,             78.05,     1117452809.00  
22 JUL 2026,CUDML,ST,CASH UR DRIVE MARKETING L,Listed    ,22 JUL 2026,              10.00,          17645800,            150.00,     2646870000.00     
22 JUL 2026,CUMMINSIND,EQ,CUMMINS INDIA LTD        ,Listed    ,22 JUL 2026,               2.00,         277200000,           5586.00,  1548439200000.00
22 JUL 2026,CUPID,EQ,CUPID LIMITED            ,Listed    ,22 JUL 2026,               1.00,        1344660700,            206.90,   278210298830.00     
22 JUL 2026,CURAA,EQ,CURA TECHNOLOGIES LIMITED,Listed    ,22 JUL 2026,              10.00,           9900000,             71.00,      702900000.00     
22 JUL 2026,CURIS,SM,CURIS LIFESCIENCES LTD   ,Listed    ,22 JUL 2026,              10.00,           8084434,            109.90,      888479296.60     
22 JUL 2026,CURRENT,SM,CURRENT INFRAPROJECTS LTD,Listed    ,22 JUL 2026,              10.00,          19148000,            104.00,     1991392000.00   
22 JUL 2026,CYBERMEDIA,BE,CYBER MEDIA (INDIA) LTD. ,Listed    ,22 JUL 2026,              10.00,          20658392,             15.00,      309875880.00
22 JUL 2026,CYBERTECH,BE,CYBERTECH SYSTEMS & SOFTW,Listed    ,22 JUL 2026,              10.00,          31130593,            144.65,     4502728971.50 
22 JUL 2026,CYIENT,EQ,CYIENT LIMITED           ,Listed    ,22 JUL 2026,               5.00,         111141804,            843.30,    93725883313.20    
22 JUL 2026,CYIENTDLM,EQ,CYIENT DLM LIMITED       ,Listed    ,22 JUL 2026,              10.00,          79364396,            698.15,    55408253067.40 
22 JUL 2026,DABUR,EQ,DABUR INDIA LTD          ,Listed    ,22 JUL 2026,               1.00,        1773952388,            426.50,   756590693482.00     
22 JUL 2026,DAICHI,BE,DAI-ICHI KARKARIA LTD.   ,Permitted ,22 JUL 2026,              10.00,           7451229,            313.00,     2332234677.00    
22 JUL 2026,DALBHARAT,EQ,DALMIA BHARAT LIMITED    ,Listed    ,22 JUL 2026,               2.00,         187565953,           1864.20,   349660449582.60 
22 JUL 2026,DALMIASUG,EQ,DALMIA BHARAT SUG IN LTD ,Listed    ,22 JUL 2026,               2.00,          80939303,            365.05,    29546892560.15 
22 JUL 2026,DAMCAPITAL,EQ,DAM CAPITAL ADVISORS LTD ,Listed    ,22 JUL 2026,               2.00,          70686000,            157.60,    11140820460.00
22 JUL 2026,DAMODARIND,BE,DAMODAR INDUSTRIES LTD   ,Listed    ,22 JUL 2026,               5.00,          23300000,             28.80,      671040000.00
22 JUL 2026,DANGEE,EQ,DANGEE DUMS LIMITED      ,Listed    ,22 JUL 2026,               1.00,         153975000,              3.05,      468084000.00    
22 JUL 2026,DANISH,SM,DANISH POWER LIMITED     ,Listed    ,22 JUL 2026,              10.00,          19691610,            837.50,    16491723375.00    
22 JUL 2026,DATAMATICS,EQ,DATAMATICS GLOBAL SER LTD,Listed    ,22 JUL 2026,               5.00,          59106389,            833.30,    49253353953.70
22 JUL 2026,DATAPATTNS,EQ,DATA PATTERNS INDIA LTD  ,Listed    ,22 JUL 2026,               2.00,          55983969,           4782.80,   267760126933.20
22 JUL 2026,DAVANGERE,EQ,DAVANGERE SUGAR COMPANY L,Listed    ,22 JUL 2026,               1.00,        1429990798,              3.30,     4718969633.40 
22 JUL 2026,DBCORP,EQ,D.B.CORP LTD             ,Listed    ,22 JUL 2026,              10.00,         178254679,            214.25,    38194630069.35    
22 JUL 2026,DBEIL,BE,DEEPAK BUILDERS & ENG I L,Listed    ,22 JUL 2026,               1.00,         465808600,              7.25,     3372454264.00     
22 JUL 2026,DBL,EQ,DILIP BUILDCON LIMITED   ,Listed    ,22 JUL 2026,              10.00,         162444833,            400.45,    65051033374.85       
22 JUL 2026,DBOL,EQ,DHAMPUR BIO ORGANICS LTD ,Listed    ,22 JUL 2026,              10.00,          66387590,            103.65,     6881737579.40      
22 JUL 2026,DBREALTY,BE,VALOR ESTATE LIMITED     ,Listed    ,22 JUL 2026,              10.00,         542406761,            114.00,    61828946686.40  
22 JUL 2026,DBSTOCKBRO,BE,DB (INT) STOCK BROKERS   ,Listed    ,22 JUL 2026,               2.00,          35000000,             33.40,     1169000000.00
22 JUL 2026,DCAL,EQ,DISHMAN CARBO AMCIS LTD  ,Listed    ,22 JUL 2026,               2.00,         156783095,            186.20,    29189876627.10      
22 JUL 2026,DCBBANK,EQ,DCB BANK LIMITED         ,Listed    ,22 JUL 2026,              10.00,         322077427,            188.65,    60759906603.55   
22 JUL 2026,DCCL,SM,DAR CREDIT & CAPITAL LTD ,Listed    ,22 JUL 2026,              10.00,          14276000,             52.45,      748776200.00      
22 JUL 2026,DCG,SM,DCG CABLES & WIRES LTD   ,Listed    ,22 JUL 2026,              10.00,          18149600,             53.00,      961928800.00       
22 JUL 2026,DCI,EQ,DC INFOTECH AND COMUN LTD,Listed    ,22 JUL 2026,              10.00,          16400000,            265.15,     4348460000.00       
22 JUL 2026,DCM,BE,DCM LIMITED              ,Listed    ,22 JUL 2026,              10.00,          18677749,             92.05,     1719660350.45       
22 JUL 2026,DCMFINSERV,BE,DCM FINANCIAL SERVICES LT,Listed    ,22 JUL 2026,              10.00,          18781987,              5.00,       93909935.00
22 JUL 2026,DCMNVL,BE,DCM NOUVELLE LIMITED     ,Listed    ,22 JUL 2026,              10.00,          18677749,            147.85,     2761131634.65    
22 JUL 2026,DCMSHRIRAM,EQ,DCM SHRIRAM LIMITED      ,Listed    ,22 JUL 2026,               2.00,         155942296,           1013.70,   158078705455.20
22 JUL 2026,DCMSIL,BE,DCM SHRIRAM INTERNATNL L ,Listed    ,22 JUL 2026,               2.00,          86992185,             83.05,     7224700964.25    
22 JUL 2026,DCMSRIND,EQ,DCM SHRIRAM IND LTD      ,Listed    ,22 JUL 2026,               2.00,          86992185,             41.90,     3644972551.50  
22 JUL 2026,DCW,EQ,DCW LTD                  ,Listed    ,22 JUL 2026,               2.00,         295155017,             46.10,    13600743183.35       
22 JUL 2026,DCXINDIA,EQ,DCX SYSTEMS LIMITED      ,Listed    ,22 JUL 2026,               2.00,         111386427,            182.85,    20364780448.40  
22 JUL 2026,DDEVPLSTIK,EQ,DDEV PLASTIKS IND LTD    ,Listed    ,22 JUL 2026,               1.00,         103476664,            278.65,    28833772423.60
22 JUL 2026,DECCANCE,EQ,DECCAN CEMENTS LIMITED   ,Listed    ,22 JUL 2026,               5.00,          14007500,            564.15,     7902331125.00  
22 JUL 2026,DECCANTRAN,SM,DECCAN TRANSCON LEASING L,Listed    ,21 JUL 2026,              10.00,          22723448,             22.00,      499915856.00
22 JUL 2026,DECNGOLD,EQ,DECCAN GOLD MINES LTD.   ,Permitted ,22 JUL 2026,               1.00,         197901715,            185.80,    36768159629.85  
22 JUL 2026,DEEDEV,BE,DEE DEVELOPMENT ENG LTD  ,Listed    ,22 JUL 2026,              10.00,          69263342,            667.05,    46202112281.10    
22 JUL 2026,DEEM,ST,DEEM ROLL TECH LIMITED   ,Listed    ,22 JUL 2026,              10.00,           8337272,             52.65,      438957370.80      
22 JUL 2026,DEEPAKFERT,EQ,DEEPAK FERTILIZERS & PETR,Listed    ,22 JUL 2026,              10.00,         126237825,           1598.90,   201841658392.50
22 JUL 2026,DEEPAKNTR,EQ,DEEPAK NITRITE LTD       ,Listed    ,22 JUL 2026,               2.00,         136393041,           1696.00,   231322597536.00 
22 JUL 2026,DEEPINDS,EQ,DEEP INDUSTRIES LIMITED  ,Listed    ,22 JUL 2026,               5.00,          64000000,            469.50,    30048000000.00  
22 JUL 2026,DELAPLEX,SM,DELAPLEX LIMITED         ,Listed    ,21 JUL 2026,              10.00,           9110000,             98.00,      892780000.00  
22 JUL 2026,DELHIVERY,EQ,DELHIVERY LIMITED        ,Listed    ,22 JUL 2026,               1.00,         748848124,            467.60,   350161382782.40 
22 JUL 2026,DELPHIFX,BE,DELPHI WORLD MONEY LTD   ,Listed    ,22 JUL 2026,               2.00,         245267775,              6.85,     1677631581.00  
22 JUL 2026,DELTACORP,EQ,DELTA CORP LIMITED       ,Listed    ,22 JUL 2026,               1.00,         267771097,             62.85,    16832091157.40 
22 JUL 2026,DELTAMAGNT,EQ,DELTA MANUFACTURING LTD  ,Listed    ,22 JUL 2026,              10.00,          10851120,             58.25,      632186251.20
22 JUL 2026,DELTIC,ST,DELTA AUTOCORP LIMITED   ,Listed    ,22 JUL 2026,              10.00,          15289698,             34.65,      529788035.70    
22 JUL 2026,DEN,EQ,DEN NETWORKS LTD         ,Listed    ,22 JUL 2026,              10.00,         477223845,             27.40,    13075933353.00       
22 JUL 2026,DENEERS,SM,DE NEERS TOOLS LIMITED   ,Listed    ,22 JUL 2026,              10.00,           8846400,            188.15,     1664450160.00   
22 JUL 2026,DENORA,EQ,DE NORA INDIA LIMITED    ,Listed    ,22 JUL 2026,              10.00,           5308634,            863.55,     4584270890.70    
22 JUL 2026,DENTA,EQ,DENTA WATER N INFRA SOL L,Listed    ,22 JUL 2026,              10.00,          26700000,            332.45,     8876415000.00     
22 JUL 2026,DENTALKART,SM,VASA DENTICITY LIMITED   ,Listed    ,22 JUL 2026,              10.00,          17343549,            421.70,     7313774613.30
22 JUL 2026,DESTINY,SM,DESTINY LOGISTICS & I LTD,Listed    ,21 APR 2026,              10.00,          22423000,            105.90,     2374595700.00   
22 JUL 2026,DEVIT,EQ,DEV INFO TECHNOLOGY LTD  ,Listed    ,22 JUL 2026,               2.00,          56363714,             26.70,     1504911163.80     
22 JUL 2026,DEVX,EQ,DEV ACCELERATOR LIMITED  ,Listed    ,22 JUL 2026,               2.00,          90187515,             34.10,     3074492386.35      
22 JUL 2026,DEVYANI,EQ,DEVYANI INTERNATIONAL LTD,Listed    ,22 JUL 2026,               1.00,        1232939791,            110.65,   136400129078.35   
22 JUL 2026,DGCONTENT,EQ,DIGICONTENT LIMITED      ,Listed    ,22 JUL 2026,               2.00,          58187078,             24.30,     1413945995.40 
22 JUL 2026,DHAMPURSUG,EQ,DHAMPUR SUGAR MILLS LTD. ,Listed    ,22 JUL 2026,              10.00,          64306509,            142.85,     9184898680.45
22 JUL 2026,DHANBANK,EQ,DHANLAXMI BANK LIMITED   ,Listed    ,22 JUL 2026,              10.00,         394698851,             34.05,    13435548888.05  
22 JUL 2026,DHANLAXMI,SM,DHANLAXMI CROP SCIENCE L ,Listed    ,22 JUL 2026,              10.00,          16328000,             23.00,      375544000.00 
22 JUL 2026,DHANSA,ST,DHANSA LABS LIMITED      ,Listed    ,22 JUL 2026,              10.00,          24946819,             20.50,      511409789.50    
22 JUL 2026,DHANUKA,EQ,DHANUKA AGRITECH LTD     ,Listed    ,22 JUL 2026,               2.00,          45078324,           1009.50,    45506568078.00   
22 JUL 2026,DHARAN,BZ,DHARAN INFRA-EPC LIMITED ,Listed    ,22 JUL 2026,               1.00,        5228758452,              0.15,      784313767.80    
22 JUL 2026,DHARARAIL,ST,DHARA RAIL PROJECTS LTD  ,Listed    ,22 JUL 2026,              10.00,          15084000,            130.55,     1969216200.00 
22 JUL 2026,DHARIWAL,SM,DHARIWALCORP LIMITED     ,Listed    ,22 JUL 2026,               2.00,          94014000,             32.50,     3055455000.00  
22 JUL 2026,DHARMAJ,EQ,DHARMAJ CROP GUARD LTD   ,Listed    ,22 JUL 2026,              10.00,          33797296,            260.55,     8805885472.80   
22 JUL 2026,DHRUV,BE,DHRUV CONSULTANCY SER LTD,Listed    ,22 JUL 2026,              10.00,          18966569,             25.50,      483647509.50     
22 JUL 2026,DHTL,SM,DOCMODE HEALTH TECH LTD  ,Listed    ,16 JUL 2026,              10.00,           3142800,             37.50,      117855000.00      
22 JUL 2026,DHUNINV,EQ,DHUNSERI INVESTMENTS LTD ,Listed    ,22 JUL 2026,              10.00,           6097178,            892.60,     5442341082.80   
22 JUL 2026,DIACABS,EQ,DIAMOND POWER INFRA LTD  ,Listed    ,22 JUL 2026,               1.00,         526971060,            269.15,   141828991088.40   
22 JUL 2026,DIAMINESQ,EQ,DIAMINES & CHEMICALS LTD ,Listed    ,22 JUL 2026,              10.00,          10053392,            248.75,     2500982327.85 
22 JUL 2026,DIAMONDYD,EQ,PRATAAP SNACKS LIMITED   ,Listed    ,22 JUL 2026,               5.00,          23910527,           1132.00,    27066716564.00 
22 JUL 2026,DICIND,EQ,DIC INDIA LIMITED        ,Listed    ,22 JUL 2026,              10.00,           9178977,            522.55,     4796474431.35    
22 JUL 2026,DIFFNKG,EQ,DIFFUSION ENGINEERS LTD  ,Listed    ,22 JUL 2026,              10.00,          37426259,            392.80,    14701034535.20   
22 JUL 2026,DIGIDRIVE,EQ,DIGIDRIVE DISTRIBUTORS L ,Listed    ,22 JUL 2026,              10.00,          38561898,             18.05,      695656639.90 
22 JUL 2026,DIGIKORE,SM,DIGIKORE STUDIOS LIMITED ,Listed    ,22 JUL 2026,              10.00,          12665600,             48.65,      616181440.00  
22 JUL 2026,DIGISPICE,BE,DIGISPICE TECHNOLOGIES LT,Listed    ,22 JUL 2026,               3.00,         234671106,             18.85,     4428243770.20 
22 JUL 2026,DIGITIDE,EQ,DIGITIDE SOLUTIONS LTD   ,Listed    ,22 JUL 2026,              10.00,         149110807,            100.90,    15045280426.30  
22 JUL 2026,DIGJAMLMTD,EQ,DIGJAM LTD               ,Listed    ,22 JUL 2026,              10.00,          20000000,             44.00,      880200000.00
22 JUL 2026,DIRL,SM,DHANUKA INFRA REALTY LTD ,Listed    ,08 JUL 2026,              10.00,           9540040,             10.85,      103509434.00      
22 JUL 2026,DISAQ,EQ,DISA INDIA LTD.          ,Permitted ,22 JUL 2026,              10.00,           1454205,          11965.00,    17399562825.00     
22 JUL 2026,DISHTV,BE,DISH TV INDIA LTD.       ,Listed    ,22 JUL 2026,               1.00,        1841256054,              2.90,     5321229996.05    
22 JUL 2026,DIVGIITTS,EQ,DIVGI TORQTRANSFER SYST L,Listed    ,22 JUL 2026,               5.00,          30582927,            950.10,    29056838942.70 
22 JUL 2026,DIVINEHIRA,ST,DIVINE HIRA JEWELLERS LTD,Listed    ,22 JUL 2026,              10.00,          39141300,            109.85,     4299671805.00
22 JUL 2026,DIVISLAB,EQ,DIVI S LABORATORIES LTD  ,Listed    ,22 JUL 2026,               2.00,         265468580,           7386.50,  1960883666170.00  
22 JUL 2026,DIVYADHAN,ST,DIVYADHAN RECYCLING IND L,Listed    ,22 JUL 2026,              10.00,          14306714,             54.80,      784007927.20 
22 JUL 2026,DIXON,EQ,DIXON TECHNO (INDIA) LTD ,Listed    ,22 JUL 2026,               2.00,          61085921,          13882.00,   847994755322.00     
22 JUL 2026,DJML,EQ,DJ MEDIAPRINT & LOG LTD  ,Listed    ,22 JUL 2026,              10.00,          34377851,            108.40,     3725871491.40      
22 JUL 2026,DKEGL,SM,D K ENTERPRISES GLOBAL L ,Listed    ,22 JUL 2026,              10.00,           7508000,             65.90,      494777200.00     
22 JUL 2026,DLF,EQ,DLF LIMITED              ,Listed    ,22 JUL 2026,               2.00,        2475315036,            651.50,  1612667745954.00       
22 JUL 2026,DLINKINDIA,EQ,D-LINK INDIA LTD         ,Listed    ,22 JUL 2026,               2.00,          35504850,            447.90,    15902622315.00
22 JUL 2026,DMART,EQ,AVENUE SUPERMARTS LIMITED,Listed    ,22 JUL 2026,              10.00,         652230157,           4000.50,  2609246743078.50     
22 JUL 2026,DMCC,EQ,DMCC SPECIALITY CHEMICALS,Listed    ,22 JUL 2026,              10.00,          24939933,            266.05,     6635269174.65      
22 JUL 2026,DNAMEDIA,EQ,DILIGENT MEDIA CORP LTD. ,Listed    ,22 JUL 2026,               1.00,         117708018,              2.85,      333113690.95  
22 JUL 2026,DODLA,EQ,DODLA DAIRY LIMITED      ,Listed    ,22 JUL 2026,              10.00,          60327809,           1063.40,    64152592090.60     
22 JUL 2026,DOLATALGO,EQ,DOLAT ALGOTECH LIMITED   ,Listed    ,22 JUL 2026,               1.00,         176000000,             68.70,    12092960000.00 
22 JUL 2026,DOLLAR,EQ,DOLLAR INDUSTRIES LIMITED,Listed    ,22 JUL 2026,               2.00,          56716120,            256.45,    14544848974.00    
22 JUL 2026,DOLLEX,SM,DOLLEX AGROTECH LIMITED  ,Listed    ,21 JUL 2026,              10.00,          39948800,             30.35,     1212446080.00    
22 JUL 2026,DOLPHIN,EQ,DOLPHIN OFF ENT (IND) L  ,Listed    ,22 JUL 2026,               1.00,          40004580,            378.70,    15149734446.00   
22 JUL 2026,DOMS,EQ,DOMS INDUSTRIES LIMITED  ,Listed    ,22 JUL 2026,              10.00,          60688336,           2266.80,   137568320044.80      
22 JUL 2026,DONEAR,EQ,DONEAR IND. LIMITED      ,Listed    ,22 JUL 2026,               2.00,          52000000,             84.60,     4400240000.00    
22 JUL 2026,DPABHUSHAN,EQ,D. P. ABHUSHAN LIMITED   ,Listed    ,22 JUL 2026,              10.00,          22827920,           1386.05,    31640638516.00
22 JUL 2026,DPEL,SM,DIVINE POWER ENERGY LTD  ,Listed    ,22 JUL 2026,              10.00,          24965080,            576.00,    14379886080.00      
22 JUL 2026,DPSCLTD,BE,DPSC LIMITED             ,Listed    ,22 JUL 2026,               1.00,         973789640,              7.30,     7118402268.40   
22 JUL 2026,DPWIRES,BE,D P WIRES LIMITED        ,Listed    ,22 JUL 2026,              10.00,          15500444,            169.70,     2630270342.35   
22 JUL 2026,DRAGARWQ,EQ,DR. AGARWAL'S EYE HOSP L ,Permitted ,22 JUL 2026,              10.00,           4832827,           5033.50,    24326034704.50  
22 JUL 2026,DRCSYSTEMS,EQ,DRC SYSTEMS INDIA LIMITED,Listed    ,22 JUL 2026,               1.00,         144081330,             12.70,     1826951264.40
22 JUL 2026,DREAMFOLKS,EQ,DREAMFOLKS SERVICES LTD  ,Listed    ,22 JUL 2026,               2.00,          53269862,             67.25,     3582930918.10
22 JUL 2026,DREDGECORP,EQ,DREDGING CORP OF INDIA   ,Listed    ,22 JUL 2026,              10.00,          28000000,            996.70,    27907600000.00
22 JUL 2026,DRONE,ST,DRONE DESTINATION LIMITED,Listed    ,22 JUL 2026,              10.00,          24399998,             40.70,      993079918.60     
22 JUL 2026,DRREDDY,EQ,DR. REDDY S LABORATORIES ,Listed    ,22 JUL 2026,               1.00,         834669070,           1182.80,   987246575996.00   
22 JUL 2026,DRSCARGO,SM,DRS CARGO MOVERS LIMITED ,Listed    ,15 APR 2026,              10.00,           7531201,             21.80,      164180181.80  
22 JUL 2026,DRSDILIP,SM,DRS DILIP ROADLINES LTD. ,Listed    ,09 JUN 2026,              10.00,          15062403,            110.00,     1656864330.00  
22 JUL 2026,DSFCL,BE,DCM SHRIRAM FINE CHEM LTD,Listed    ,22 JUL 2026,               2.00,          86992185,             28.10,     2445350320.35     
22 JUL 2026,DSSL,EQ,DYNACONS SYS & SOLN LTD  ,Listed    ,22 JUL 2026,              10.00,          12737080,           1183.40,    15073060472.00      
22 JUL 2026,DTIL,EQ,DHUNSERI TEA & IND. LTD. ,Listed    ,22 JUL 2026,              10.00,          10507427,            134.35,     1411777891.70      
22 JUL 2026,DTL,SM,DIENSTEN TECH LIMITED    ,Listed    ,22 JUL 2026,              10.00,           8260646,            120.65,      996646939.90       
22 JUL 2026,DUCOL,SM,DUCOL ORGS AND COLOURS LT,Listed    ,22 JUL 2026,              10.00,          16293958,            108.45,     1767079745.10     
22 JUL 2026,DUCON,EQ,DUCON INFRATECHNOLOGIES L,Listed    ,22 JUL 2026,               1.00,         324925587,              3.05,      984524528.60     
22 JUL 2026,DUGLOBAL,ST,DUDIGITAL GLOBAL LIMITED ,Listed    ,22 JUL 2026,               2.00,          71941741,             28.45,     2046742531.45  
22 JUL 2026,DURLAX,ST,DURLAX TOP SURFACE LTD   ,Listed    ,22 JUL 2026,              10.00,          28932198,             49.10,     1420570921.80    
22 JUL 2026,DVL,EQ,DHUNSERI VENTURES LIMITED,Listed    ,22 JUL 2026,              10.00,          35024754,            244.80,     8574760274.30       
22 JUL 2026,DWARKESH,EQ,DWARIKESH SUGAR IND LTD  ,Listed    ,22 JUL 2026,               1.00,         185301470,             42.50,     7879018504.40  
22 JUL 2026,DYCL,EQ,DYNAMIC CABLES LIMITED   ,Listed    ,22 JUL 2026,              10.00,          48458638,            407.20,    19732357393.60      
22 JUL 2026,DYNAMATECH,EQ,DYNAMATIC TECHNOLOGIES   ,Listed    ,22 JUL 2026,              10.00,           6791443,          10161.00,    69007852323.00
22 JUL 2026,DYNAMIC,ST,DYNAMIC SRVCS & SEC LTD  ,Listed    ,22 JUL 2026,              10.00,          23518192,            153.80,     3617097929.60   
22 JUL 2026,DYNPRO,EQ,DYNEMIC PRODUCTS LIMITED ,Listed    ,22 JUL 2026,              10.00,          12428387,            236.05,     2933596467.50    
22 JUL 2026,E2E,EQ,E2E NETWORKS LIMITED     ,Listed    ,22 JUL 2026,               1.00,         205564890,            468.70,    96348263943.00       
22 JUL 2026,E2ERAIL,ST,E TO E TRANS INFRA LTD   ,Listed    ,22 JUL 2026,              10.00,          17257570,            251.50,     4340278855.00   
22 JUL 2026,EASEMYTRIP,EQ,EASY TRIP PLANNERS LTD   ,Listed    ,22 JUL 2026,               1.00,        3636853188,              6.80,    24766970210.30
22 JUL 2026,EASTSILK,BE,EASTERN SILK INDUSTRIES L,Listed    ,22 JUL 2026,               2.00,           5000000,             51.95,      259750000.00  
22 JUL 2026,EBGNG,EQ,GNG ELECTRONICS LIMITED  ,Listed    ,22 JUL 2026,               2.00,         114011517,            545.50,    62193282523.50     
22 JUL 2026,ECLERX,EQ,ECLERX SERVICES LTD      ,Listed    ,22 JUL 2026,              10.00,          94050718,           1946.90,   183107342874.20    
22 JUL 2026,ECOLINE,ST,ECOLINE EXIM LIMITED     ,Listed    ,22 JUL 2026,              10.00,          20515376,            197.00,     4041529072.00   
22 JUL 2026,ECOSMOBLTY,BE,ECOS (INDIA) MOB & HOSP L,Listed    ,22 JUL 2026,               2.00,          60000000,            129.40,     7762800000.00
22 JUL 2026,EDELWEISS,EQ,EDELWEISS FIN SERV LTD   ,Listed    ,22 JUL 2026,               1.00,         946531653,            117.55,   111274261126.70 
22 JUL 2026,EEPL,SM,EPPELTONE ENGINEERS LTD  ,Listed    ,22 JUL 2026,              10.00,          12959312,            102.45,     1327681514.40      
22 JUL 2026,EFACTOR,SM,E FACTOR EXPERIENCES LTD ,Listed    ,22 JUL 2026,              10.00,          13131398,            156.00,     2048498088.00   
22 JUL 2026,EFCIL,EQ,EFC (I) LIMITED          ,Listed    ,22 JUL 2026,               2.00,         147946162,            192.10,    28421937181.80     
22 JUL 2026,EFFWA,ST,EFFWA INFRA & RESEARCH L ,Listed    ,22 JUL 2026,              10.00,          23147167,            370.75,     8581812165.25     
22 JUL 2026,EFORCE,SM,ELECTRO FORCE (INDIA) LTD,Listed    ,22 JUL 2026,              10.00,          23400001,             21.35,      499590021.35    
22 JUL 2026,EICHERMOT,EQ,EICHER MOTORS LTD        ,Listed    ,22 JUL 2026,               1.00,         274497530,           7632.00,  2094965148960.00 
22 JUL 2026,EIDPARRY,EQ,EID PARRY INDIA LTD      ,Listed    ,22 JUL 2026,               1.00,         177926042,            765.45,   136193488848.90  
22 JUL 2026,EIEL,EQ,ENVIRO INFRA ENGINEERS L ,Listed    ,22 JUL 2026,              10.00,         175530000,            224.30,    39373134300.00      
22 JUL 2026,EIFFL,BE,EURO (I) FRESH FOODS LTD ,Listed    ,22 JUL 2026,              10.00,          24800000,            319.90,     7933520000.00     
22 JUL 2026,EIHAHOTELS,EQ,EIH ASSOCIATED HOTELS LTD,Listed    ,22 JUL 2026,              10.00,          60936294,            316.30,    19274149792.20
22 JUL 2026,EIHOTEL,EQ,EIH LIMITED              ,Listed    ,22 JUL 2026,               2.00,         625364182,            331.65,   207402030960.30   
22 JUL 2026,EIMCOELECO,EQ,EIMCO ELECON (INDIA) LTD ,Listed    ,22 JUL 2026,              10.00,           5768385,           1810.20,    10441930527.00
22 JUL 2026,EKC,EQ,EVEREST KANTO CYLINDERLTD,Listed    ,22 JUL 2026,               2.00,         112207682,            111.75,    12538086386.70       
22 JUL 2026,ELANTAS,EQ,ELANTAS BECK INDIA LTD.  ,Permitted ,22 JUL 2026,              10.00,           7927682,           9349.00,    74115899018.00   
22 JUL 2026,ELCIDIN,EQ,ELCID INVESTMENTS LTD.   ,Permitted ,22 JUL 2026,              10.00,            200000,         110000.00,    22000000000.00   
22 JUL 2026,ELDEHSG,EQ,ELDECO HSG & IND LTD.    ,Listed    ,22 JUL 2026,               2.00,           9833000,            779.25,     7662365250.00   
22 JUL 2026,ELECON,EQ,ELECON ENG. CO. LTD      ,Listed    ,22 JUL 2026,               1.00,         224399930,            437.10,    98085209403.00    
22 JUL 2026,ELECTCAST,EQ,ELECTROSTEEL CASTINGS LTD,Listed    ,22 JUL 2026,               1.00,         618184591,             71.25,    44058015800.55 
22 JUL 2026,ELECTHERM,EQ,ELECTROTHERM (I) LTD.    ,Listed    ,22 JUL 2026,              10.00,          12742814,           1030.00,    13125098420.00 
22 JUL 2026,ELGIEQUIP,EQ,ELGI EQUIPMENTS LTD      ,Listed    ,22 JUL 2026,               1.00,         316909016,            583.20,   184821338131.20 
22 JUL 2026,ELGIRUBCO,EQ,ELGI RUBBER CO. LTD      ,Listed    ,22 JUL 2026,               1.00,          50050000,             57.30,     2867364500.00 
22 JUL 2026,ELGNZ,SM,ELEGANZ INTERIORS LIMITED,Listed    ,22 JUL 2026,              10.00,          22599626,            102.00,     2305161852.00     
22 JUL 2026,ELIN,EQ,ELIN ELECTRONICS LIMITED ,Listed    ,22 JUL 2026,               5.00,          49709220,            101.00,     5020631220.00      
22 JUL 2026,ELITECON,EQ,ELITECON INTERNATIONAL L ,Permitted ,22 JUL 2026,               1.00,        1598500000,             16.70,    26662980000.00  
22 JUL 2026,ELLEN,EQ,ELLENBARRIE INDUS GASES L,Listed    ,22 JUL 2026,               2.00,         140935600,            287.85,    40568312460.00     
22 JUL 2026,ELPROINTL,EQ,ELPRO INTERNATIONAL LTD  ,Permitted ,22 JUL 2026,               1.00,         169479130,            174.55,    29582582141.50 
22 JUL 2026,EMAMILTD,EQ,EMAMI LIMITED            ,Listed    ,22 JUL 2026,               1.00,         436500000,            413.90,   180667350000.00  
22 JUL 2026,EMAMIPAP,EQ,EMAMI PAPER MILLS LIMITED,Listed    ,22 JUL 2026,               2.00,          60499050,            118.65,     7177002301.50  
22 JUL 2026,EMAMIREAL,BE,EMAMI REALTY LIMITED     ,Listed    ,22 JUL 2026,               2.00,          52033889,             78.80,     4099229775.40 
22 JUL 2026,EMAPARTNER,SM,EMA PARTNERS INDIA LTD   ,Listed    ,22 JUL 2026,               5.00,          22521426,             82.00,     1846756932.00
22 JUL 2026,EMBASSY,RR,EMBASSY OFFICE PARKS REIT,Listed    ,22 JUL 2026,             300.00,         947893743,            446.15,   422912272376.90   
22 JUL 2026,EMBDL,EQ,EMBASSY DEVELOPMENTS LTD ,Listed    ,22 JUL 2026,               2.00,        1390633433,             62.60,    87067559240.15     
22 JUL 2026,EMCURE,EQ,EMCURE PHARMACEUTICALS L ,Listed    ,22 JUL 2026,              10.00,         189659547,           1889.20,   358304816192.40    
22 JUL 2026,EMIL,EQ,ELECTRONICS MART IND LTD ,Listed    ,22 JUL 2026,              10.00,         384748762,            131.45,    50575224764.90      
22 JUL 2026,EMKAY,EQ,EMKAY GLOBAL FIN SERV LTD,Listed    ,22 JUL 2026,              10.00,          27130131,            237.60,     6446119125.60     
22 JUL 2026,EMKAYTOOLS,SM,EMKAY TAP & CUT. TOOL LTD,Listed    ,22 JUL 2026,              10.00,          10671300,             93.50,      997766550.00
22 JUL 2026,EMMBI,BE,EMMBI INDUSTRIES LIMITED ,Listed    ,22 JUL 2026,              10.00,          19240250,             87.10,     1675825775.00     
22 JUL 2026,EMMIL,SM,ENERGY MISSION MACH IND L,Listed    ,22 JUL 2026,              10.00,          11326500,            126.10,     1428271650.00     
22 JUL 2026,EMMVEE,EQ,EMMVEE PHOTOVOLTAIC PWR L,Listed    ,22 JUL 2026,               2.00,         692345033,            322.00,   222935100626.00    
22 JUL 2026,EMPOWER,BE,EMPOWER INDIA LTD.       ,Permitted ,22 JUL 2026,               1.00,        1163798560,              2.35,     2711650644.80   
22 JUL 2026,EMSLIMITED,EQ,EMS LIMITED              ,Listed    ,22 JUL 2026,              10.00,          55530807,            416.85,    23148016897.95
22 JUL 2026,EMUDHRA,EQ,EMUDHRA LIMITED          ,Listed    ,22 JUL 2026,               5.00,          82811707,            459.60,    38060260537.20   
22 JUL 2026,ENCOMPAS,SM,ENCOMPASS DESIGN INDIA L ,Listed    ,22 JUL 2026,              10.00,          14183544,            231.15,     3278526195.60  
22 JUL 2026,ENDURANCE,EQ,ENDURANCE TECHNO. LTD.   ,Listed    ,22 JUL 2026,              10.00,         140662848,           2738.20,   385163010393.60 
22 JUL 2026,ENERGYDEV,EQ,ENERGY DEVE. CO.LTD      ,Listed    ,22 JUL 2026,              10.00,          47500000,             17.00,      808450000.00 
22 JUL 2026,ENFUSE,SM,ENFUSE SOLUTIONS LIMITED ,Listed    ,21 JUL 2026,              10.00,           8847600,            165.00,     1459854000.00    
22 JUL 2026,ENGINERSIN,EQ,ENGINEERS INDIA LTD      ,Listed    ,22 JUL 2026,               5.00,         562042373,            225.40,   126678730450.45
22 JUL 2026,ENIL,EQ,ENTERTAIN NET. IND. LTD. ,Listed    ,22 JUL 2026,              10.00,          47670415,            107.00,     5101211109.15      
22 JUL 2026,ENRIN,EQ,SIEMENS ENERGY INDIA LTD ,Listed    ,22 JUL 2026,               2.00,         356120505,           3373.40,  1201336911567.00     
22 JUL 2026,ENSER,SM,ENSER COMMUNICATIONS LTD ,Listed    ,22 JUL 2026,               2.00,          87160590,             13.10,     1141803729.00     
22 JUL 2026,ENTERO,EQ,ENTERO HEALTHCARE SOLU L ,Listed    ,22 JUL 2026,              10.00,          43518177,           1239.30,    53932076756.10    
22 JUL 2026,ENVIRO,SM,ENVIROTECH SYSTEMS LTD   ,Listed    ,22 JUL 2026,              10.00,          18790000,             78.00,     1465620000.00    
22 JUL 2026,EPACK,EQ,EPACK DURABLE LIMITED    ,Listed    ,22 JUL 2026,              10.00,          96228477,            234.70,    22585785836.65     
22 JUL 2026,EPACKPEB,EQ,EPACK PREFAB TECHN LTD   ,Listed    ,22 JUL 2026,               2.00,         100628849,            241.10,    24260609205.40  
22 JUL 2026,EPIGRAL,EQ,EPIGRAL LIMITED          ,Listed    ,22 JUL 2026,              10.00,          43141338,           1138.80,    49129355714.40   
22 JUL 2026,EPL,EQ,EPL LIMITED              ,Listed    ,22 JUL 2026,               2.00,         320336779,            233.90,    74920365872.50       
22 JUL 2026,EPWINDIA,ST,EPW INDIA LIMITED        ,Listed    ,22 JUL 2026,               5.00,          11479600,            267.00,     3065053200.00  
22 JUL 2026,EQUIPPP,BE,EQUIPPP SOC IMP TECH LTD ,Listed    ,22 JUL 2026,               1.00,         103095225,             24.00,     2475316352.25   
22 JUL 2026,EQUITASBNK,EQ,EQUITAS SMALL FIN BNK LTD,Listed    ,22 JUL 2026,              10.00,        1143721806,             79.00,    90376897110.10
22 JUL 2026,ERIS,EQ,ERIS LIFESCIENCES LIMITED,Listed    ,22 JUL 2026,               1.00,         138567256,           1440.60,   199619988993.60      
22 JUL 2026,ESABINDIA,EQ,ESAB INDIA LTD           ,Listed    ,22 JUL 2026,              10.00,          15393020,           5787.00,    89079406740.00 
22 JUL 2026,ESAFSFB,EQ,ESAF SMALL FINANCE BANK L,Listed    ,22 JUL 2026,              10.00,         515951795,             35.70,    18424638599.45   
22 JUL 2026,ESCONET,SM,ESCONET TECHNOLOGIES LTD ,Listed    ,22 JUL 2026,              10.00,          13196238,            140.80,     1858030310.40   
22 JUL 2026,ESCORTS,EQ,ESCORTS KUBOTA LIMITED   ,Listed    ,22 JUL 2026,              10.00,         111877754,           2948.40,   329860369893.60   
22 JUL 2026,ESFL,SM,ESSEN SPECIALITY FILMS L ,Listed    ,22 JUL 2026,              10.00,          24839040,            123.90,     3077557056.00      
22 JUL 2026,ESPRIT,SM,ESPRIT STONES LIMITED    ,Listed    ,22 JUL 2026,              10.00,          21945200,             58.80,     1290377760.00    
22 JUL 2026,ESSARSHPNG,EQ,ESSAR SHIPPING LTD       ,Listed    ,22 JUL 2026,              10.00,         206976072,             20.25,     4189195697.30
22 JUL 2026,ESSENTIA,BE,INTEGRA ESSENTIA LIMITED ,Listed    ,22 JUL 2026,               1.00,        1755283254,              1.15,     2001022909.55  
22 JUL 2026,ESTER,EQ,ESTER INDUSTRIES LTD     ,Listed    ,22 JUL 2026,               5.00,         104295042,             87.00,     9072625703.60     
22 JUL 2026,ETERNAL,EQ,ETERNAL LIMITED          ,Listed    ,22 JUL 2026,               1.00,        9650350647,            284.40,  2744559724006.80   
22 JUL 2026,ETHOSLTD,EQ,ETHOS LIMITED            ,Listed    ,22 JUL 2026,              10.00,          26757693,           2621.30,    70139940660.90  
22 JUL 2026,ETL,SM,EMKAY TOOLS LIMITED      ,Listed    ,22 JUL 2026,               1.00,          10671300,            983.00,    10489887900.00       
22 JUL 2026,ETML,SM,EMERALD TYRE MANUF LTD   ,Listed    ,22 JUL 2026,              10.00,          19476512,             80.10,     1560068611.20      
22 JUL 2026,EUREKAFORB,EQ,EUREKA FORBES LIMITED    ,Listed    ,22 JUL 2026,              10.00,         193419186,            447.70,    86593769572.20
22 JUL 2026,EUROBOND,EQ,EURO PANEL PRODUCTS LTD  ,Listed    ,22 JUL 2026,              10.00,          24500000,            164.70,     4034905000.00  
22 JUL 2026,EUROPRATIK,EQ,EURO PRATIK SALES LIMITED,Listed    ,22 JUL 2026,               1.00,         102200000,            305.90,    31262980000.00
22 JUL 2026,EUROTEXIND,BE,EUROTEX IND & EXPORTS LTD,Listed    ,22 JUL 2026,              10.00,           8749865,             12.80,      111998272.00
22 JUL 2026,EVEREADY,EQ,EVEREADY INDS. IND.  LTD.,Listed    ,22 JUL 2026,               5.00,          72687260,            363.30,    26407281558.00  
22 JUL 2026,EVERESTIND,BE,EVEREST INDUSTRIES LTD   ,Listed    ,22 JUL 2026,              10.00,          15855754,            482.95,     7657536394.30
22 JUL 2026,EXCELINDUS,EQ,EXCEL INDUSTRIES LTD     ,Listed    ,22 JUL 2026,               5.00,          12570692,            948.20,    11919530154.40
22 JUL 2026,EXCELLENT,ST,EXCELLENT WIRES N PACK L ,Listed    ,22 JUL 2026,              10.00,           4470000,            212.90,      951663000.00 
22 JUL 2026,EXCELSOFT,EQ,EXCELSOFT TECHNOLOGIES L ,Listed    ,22 JUL 2026,              10.00,         115084164,             75.10,     8641669874.75 
22 JUL 2026,EXICOM,EQ,EXICOM TELE SYSTEMS LTD  ,Listed    ,22 JUL 2026,              10.00,         139079771,            169.30,    23544814432.60    
22 JUL 2026,EXIDEIND,EQ,EXIDE INDUSTRIES LTD     ,Listed    ,22 JUL 2026,               1.00,         850000000,            447.85,   380672500000.00  
22 JUL 2026,EXIMROUTES,SM,EXIM ROUTES LIMITED      ,Listed    ,22 JUL 2026,               5.00,          18752000,            114.95,     2155542400.00
22 JUL 2026,EXPLEOSOL,EQ,EXPLEO SOLUTIONS LIMITED ,Listed    ,22 JUL 2026,              10.00,          15519739,            801.15,    12433638899.85 
22 JUL 2026,EXXARO,EQ,EXXARO TILES LIMITED     ,Listed    ,22 JUL 2026,               1.00,         447410700,              6.35,     2836583838.00    
22 JUL 2026,FABTECH,EQ,FABTECH TECHNOLOGIES LTD ,Listed    ,22 JUL 2026,              10.00,          44450794,            147.25,     6544490400.60   
22 JUL 2026,FACT,EQ,FACT LTD                 ,Listed    ,22 JUL 2026,              10.00,         647071974,            814.05,   526748940434.70      
22 JUL 2026,FAIRCHEMOR,BE,FAIRCHEM ORGANICS LIMITED,Listed    ,22 JUL 2026,              10.00,          12595902,            736.80,     9280660593.60
22 JUL 2026,FALCONTECH,SM,FALCON TECHNOPROJ IND LTD,Listed    ,22 JUL 2026,              10.00,          26783965,             11.05,      295962813.25
22 JUL 2026,FAZE3Q,EQ,FAZE THREE LIMITED       ,Listed    ,22 JUL 2026,              10.00,          24319000,            555.50,    13509204500.00    
22 JUL 2026,FCL,EQ,FINEOTEX CHEMICAL LIMITED,Listed    ,22 JUL 2026,               1.00,        1164500900,             39.90,    46440295892.00       
22 JUL 2026,FCSSOFT,BE,FCS SOFTWARE SOLN. LTD.  ,Listed    ,22 JUL 2026,               1.00,        1709553100,              1.55,     2632711774.00   
22 JUL 2026,FDC,EQ,FDC LIMITED              ,Listed    ,22 JUL 2026,               1.00,         162810084,            410.30,    66800977465.20       
22 JUL 2026,FEDDERSHOL,EQ,FEDDERS HOLDING LTD.     ,Permitted ,22 JUL 2026,               1.00,         201415970,             51.50,    10376950774.40
22 JUL 2026,FEDERALBNK,EQ,FEDERAL BANK LTD         ,Listed    ,22 JUL 2026,               2.00,        2468325038,            353.25,   871935819673.50
22 JUL 2026,FEDFINA,EQ,FEDBANK FINANCIAL SER L  ,Listed    ,22 JUL 2026,              10.00,         374511445,            154.60,    57903214511.45   
22 JUL 2026,FEL,BZ,FUTURE ENTERPRISES LTD   ,Listed    ,22 JUL 2026,               2.00,         454930401,              0.40,      172873552.40       
22 JUL 2026,FELDVR,BZ,FUTURE ENTERPRISES LTD   ,Listed    ,22 JUL 2026,               2.00,          39374679,              2.55,      100405431.45    
22 JUL 2026,FELIX,SM,FELIX INDUSTRIES LTD.    ,Listed    ,22 JUL 2026,              10.00,          17206350,            181.55,     3123812842.50     
22 JUL 2026,FERMENTA,EQ,FERMENTA BIOTECH LTD.    ,Permitted ,22 JUL 2026,               5.00,          29430987,            420.85,    12386030878.95  
22 JUL 2026,FIBERWEB,EQ,FIBERWEB INDIA LIMITED   ,Listed    ,22 JUL 2026,              10.00,          28791710,             30.85,      888800087.70  
22 JUL 2026,FIDEL,SM,FIDEL SOFTECH LIMITED    ,Listed    ,22 JUL 2026,              10.00,          13750560,            153.60,     2112086016.00     
22 JUL 2026,FIEMIND,EQ,FIEM INDUSTRIES LIMITED  ,Listed    ,22 JUL 2026,              10.00,          26319660,           2343.60,    61682755176.00   
22 JUL 2026,FILATEX,EQ,FILATEX INDIA LTD        ,Listed    ,22 JUL 2026,               1.00,         444058375,             71.75,    31852307238.75   
22 JUL 2026,FILATFASH,BE,FILATEX FASHIONS LIMITED ,Listed    ,22 JUL 2026,               1.00,        8334072725,              0.20,     1500133090.50 
22 JUL 2026,FINBUD,SM,FINBUD FINANCIAL SERV LTD,Listed    ,22 JUL 2026,              10.00,          19049480,            118.50,     2257363380.00    
22 JUL 2026,FINCABLES,EQ,FINOLEX CABLES LTD       ,Listed    ,22 JUL 2026,               2.00,         152939345,           1014.90,   155218141240.50 
22 JUL 2026,FINEORG,EQ,FINE ORGANIC IND. LTD.   ,Listed    ,22 JUL 2026,               5.00,          30659976,           4928.50,   151107691716.00   
22 JUL 2026,FINKURVE,EQ,FINKURVE FINANCIAL SERV L,Listed    ,22 JUL 2026,               1.00,         140143988,             61.95,     8679117176.85  
22 JUL 2026,FINOPB,EQ,FINO PAYMENTS BANK LTD   ,Listed    ,22 JUL 2026,              10.00,          83218402,            171.05,    14233675478.10    
22 JUL 2026,FINPIPE,EQ,FINOLEX INDUSTRIES LTD   ,Listed    ,22 JUL 2026,               2.00,         620476905,            164.25,   101900922108.15   
22 JUL 2026,FIRSTCRY,EQ,BRAINBEES SOLUTIONS LTD  ,Listed    ,22 JUL 2026,               2.00,         522066865,            207.05,   108083503060.95  
22 JUL 2026,FISCHER,EQ,FISCHER MEDICAL VENTURE L,Listed    ,22 JUL 2026,               1.00,         648515470,             38.95,    25259677556.50   
22 JUL 2026,FIVESTAR,EQ,FIVE-STAR BUS FIN LTD    ,Listed    ,22 JUL 2026,               1.00,         295179788,            545.30,   160961538396.40  
22 JUL 2026,FLAIR,EQ,FLAIR WRITING INDUST LTD ,Listed    ,22 JUL 2026,               5.00,         105395378,            249.65,    26311956117.70     
22 JUL 2026,FLEXITUFF,BE,FLEXITUFF VENTURES INT L ,Listed    ,22 JUL 2026,              10.00,          32822806,              5.00,      164442258.05 
22 JUL 2026,FLFL,BZ,FUT LIFESTYLE FASH LTD   ,Listed    ,22 JUL 2026,               2.00,         201774874,              1.30,      266342833.70      
22 JUL 2026,FLUOROCHEM,EQ,GUJARAT FLUOROCHEM LTD   ,Listed    ,22 JUL 2026,               1.00,         109850000,           4590.40,   504255440000.00
22 JUL 2026,FLYSBS,SM,FLYSBS AVIATION LIMITED  ,Listed    ,22 JUL 2026,              10.00,          17303751,            466.30,     8068739091.30    
22 JUL 2026,FMGOETZE,EQ,FEDERAL-MOGUL GOETZE (IND,Listed    ,22 JUL 2026,              10.00,          55632130,            479.00,    26647790270.00  
22 JUL 2026,FMNL,BE,FUTURE MKT NETWORKS LTD  ,Listed    ,22 JUL 2026,              10.00,          60644381,              9.25,      561566968.05      
22 JUL 2026,FOCE,SM,FOCE INDIA LIMITED       ,Listed    ,16 JUL 2026,              10.00,          11743020,            604.80,     7102178496.00      
22 JUL 2026,FOCUS,BE,FOCUS LIGHTG & FIXTRS LTD,Listed    ,22 JUL 2026,               2.00,          67444950,             73.50,     4955854926.00     
22 JUL 2026,FONEBOX,SM,FONEBOX RETAIL LIMITED   ,Listed    ,22 JUL 2026,              10.00,          10260000,             80.45,      825417000.00   
22 JUL 2026,FOODSIN,EQ,FOODS & INNS LIMITED     ,Listed    ,22 JUL 2026,               1.00,          73531558,             56.95,     4189092859.25   
22 JUL 2026,FORCAS,SM,FORCAS STUDIO LIMITED    ,Listed    ,22 JUL 2026,              10.00,          17580000,            174.70,     3071226000.00    
22 JUL 2026,FORCEMOT,EQ,FORCE MOTORS LIMITED     ,Listed    ,22 JUL 2026,              10.00,          13032914,          17418.00,   227007296052.00  
22 JUL 2026,FORGEAUTO,SM,FORGE AUTO INTERNATION L ,Listed    ,21 JUL 2026,              10.00,          10920000,             84.30,      920556000.00 
22 JUL 2026,FORTIS,EQ,FORTIS HEALTHCARE LTD    ,Listed    ,22 JUL 2026,              10.00,         754958148,            949.85,   717096996877.80    
22 JUL 2026,FOSECOIND,EQ,FOSECO INDIA LTD         ,Listed    ,22 JUL 2026,              10.00,           7537259,           5103.00,    38462632677.00 
22 JUL 2026,FRACTAL,EQ,FRACTAL ANALYTICS LIMITED,Listed    ,22 JUL 2026,               1.00,         171965112,            895.30,   153960364773.60   
22 JUL 2026,FRESHARA,SM,FRESHARA AGRO EXPORTS LTD,Listed    ,22 JUL 2026,              10.00,          23499200,            307.50,     7226004000.00  
22 JUL 2026,FROG,ST,FROG INNOVATIONS LIMITED ,Listed    ,22 JUL 2026,              10.00,          15554300,            203.40,     3163744620.00      
22 JUL 2026,FRONTSP,EQ,FRONTIER SPRINGS LTD.    ,Permitted ,22 JUL 2026,              10.00,          11815533,           1389.90,    16422409316.70   
22 JUL 2026,FSL,EQ,FIRSTSOURCE SOLU. LTD.   ,Listed    ,22 JUL 2026,              10.00,         696990826,            264.05,   184047397513.55       
22 JUL 2026,FUSION,EQ,FUSION FINANCE LIMITED   ,Listed    ,22 JUL 2026,              10.00,         161683984,            219.80,    35539756523.05    
22 JUL 2026,FWSTC,SM,FLYWINGS SIMULAT T C LTD ,Listed    ,22 JUL 2026,              10.00,          10177128,            200.00,     2035425600.00     
22 JUL 2026,GABRIEL,EQ,GABRIEL INDIA LTD        ,Listed    ,22 JUL 2026,               1.00,         143643940,           1424.60,   204635156924.00   
22 JUL 2026,GAEL,EQ,GUJARAT AMBUJA EXPORTS LT,Listed    ,22 JUL 2026,               1.00,         458670660,            144.75,    66383404621.80      
22 JUL 2026,GAIL,EQ,GAIL (INDIA) LTD         ,Listed    ,22 JUL 2026,              10.00,        6575099644,            173.00,  1137557989408.45      
22 JUL 2026,GAJANAND,SM,GAJANAND INTERNATIONAL L ,Listed    ,20 JUL 2026,              10.00,          18835568,              8.60,      161985884.80  
22 JUL 2026,GALAPREC,EQ,GALA PRECISION ENG LTD   ,Listed    ,22 JUL 2026,              10.00,          12797550,           1165.20,    14911705260.00  
22 JUL 2026,GALAXYSURF,EQ,GALAXY SURFACTANTS LTD   ,Listed    ,22 JUL 2026,              10.00,          35454752,           1932.80,    68526944665.60
22 JUL 2026,GALLANTT,EQ,GALLANTT ISPAT LIMITED   ,Listed    ,22 JUL 2026,              10.00,         241280945,            562.30,   135672275373.50  
22 JUL 2026,GANDHAR,EQ,GANDHAR OIL REFINE IND L ,Listed    ,22 JUL 2026,               2.00,          97879530,            236.20,    23118166190.70   
22 JUL 2026,GANDHITUBE,EQ,GANDHI SPL. TUBES LTD    ,Listed    ,22 JUL 2026,               5.00,          12152000,            872.05,    10597151600.00
22 JUL 2026,GANECOS,EQ,GANESHA ECOSPHERE LIMITED,Listed    ,22 JUL 2026,              10.00,          26795984,           1199.35,    32137763410.40   
22 JUL 2026,GANESHBE,EQ,GANESH BENZOPLAST LIMITED,Listed    ,22 JUL 2026,               1.00,          71989421,            109.30,     7869883503.70  
22 JUL 2026,GANESHCP,EQ,GANESH CONSUMER PRODUCT L,Listed    ,22 JUL 2026,              10.00,          40412946,            175.15,     7077519233.00  
22 JUL 2026,GANESHHOU,EQ,GANESH HOUSING LIMITED   ,Listed    ,22 JUL 2026,              10.00,          83387090,            814.35,    67906276741.50 
22 JUL 2026,GANESHIN,ST,GANESH INFRAWORLD LIMITED,Listed    ,22 JUL 2026,               5.00,          42721397,             97.75,     4176016556.75  
22 JUL 2026,GANGABATH,SM,GANGA BATH FITTINGS LTD  ,Listed    ,22 JUL 2026,              10.00,          22207848,             21.70,      481910301.60 
22 JUL 2026,GANGAFORGE,BE,GANGA FORGING LIMITED    ,Listed    ,22 JUL 2026,               1.00,         337005575,              1.85,      620090258.00
22 JUL 2026,GANGESSECU,EQ,GANGES SECURITIES LIMITED,Listed    ,22 JUL 2026,              10.00,          10003687,            116.00,     1160227618.25
22 JUL 2026,GARFIBRES,EQ,GARWARE TECH FIBRES LTD  ,Listed    ,22 JUL 2026,              10.00,          99265845,            757.90,    75233583925.50 
22 JUL 2026,GARUDA,EQ,GARUDA CONSTRUCT N ENG L ,Listed    ,22 JUL 2026,               5.00,          93041742,            173.40,    16132507645.40    
22 JUL 2026,GATECH,EQ,GACM TECHNOLOGIES LIMITED,Listed    ,22 JUL 2026,               1.00,        1102742236,              0.45,      518288850.90    
22 JUL 2026,GATECHDVR,EQ,GACM TECHNOLOGIES LIMITED,Listed    ,22 JUL 2026,               1.00,         189665894,              0.40,       79659675.50 
22 JUL 2026,GATEWAY,EQ,GATEWAY DISTRIPARKS LTD  ,Listed    ,22 JUL 2026,              10.00,         499643836,             57.65,    28814460022.10   
22 JUL 2026,GAUDIUMIVF,BE,GAUDIUM IVF N WOMEN H L  ,Listed    ,22 JUL 2026,               5.00,          72786884,            158.15,    11511973573.45
22 JUL 2026,GAYAHWS,EQ,GAYATRI HIGHWAYS LIMITED ,Listed    ,22 JUL 2026,               2.00,         239651900,              1.90,      460131648.00   
22 JUL 2026,GAYAPROJ,BE,GAYATRI PROJECTS LTD     ,Listed    ,22 JUL 2026,               2.00,         187198685,             20.85,     3906836555.95  
22 JUL 2026,GCHOTELS,ST,GRAND CONTINENT HOTELS L ,Listed    ,22 JUL 2026,              10.00,          24919403,            115.15,     2869469255.45  
22 JUL 2026,GCSL,EQ,GRETEX CORPORATE SERVICES,Listed    ,22 JUL 2026,              10.00,          24159346,            523.55,    12648625598.30      
22 JUL 2026,GEECEE,BE,GEECEE VENTURES LIMITED  ,Listed    ,22 JUL 2026,              10.00,          20911729,            344.65,     7207227399.85    
22 JUL 2026,GEEKAYWIRE,EQ,GEEKAY WIRES LIMITED     ,Listed    ,22 JUL 2026,               1.00,         104520000,             24.20,     2528338800.00
22 JUL 2026,GEMAROMA,EQ,GEM AROMATICS LIMITED    ,Listed    ,22 JUL 2026,               2.00,          52237138,            178.60,     9329030475.40  
22 JUL 2026,GENCON,EQ,GENERIC ENG CONS PROJ LTD,Listed    ,22 JUL 2026,               5.00,          56986219,             38.55,     2195679018.05    
22 JUL 2026,GENESYS,EQ,GENESYS INTL CORPN LTD   ,Listed    ,22 JUL 2026,               5.00,          41790377,            300.95,    12576813958.15   
22 JUL 2026,GENUSPAPER,EQ,GENUS P&B LIMITED        ,Listed    ,22 JUL 2026,               1.00,         257125940,             12.40,     3185790396.60
22 JUL 2026,GENUSPOWER,EQ,GENUS POWER INFRASTRU LTD,Listed    ,22 JUL 2026,               1.00,         304242615,            312.80,    95167089972.00
22 JUL 2026,GENXAI,SM,GENXAI ANALYTICS LIMITED ,Listed    ,22 JUL 2026,              10.00,          17943610,             68.50,     1229137285.00    
22 JUL 2026,GEOJITFSL,EQ,GEOJIT FINANCIAL SER L   ,Listed    ,22 JUL 2026,               1.00,         279122119,             81.45,    22731705371.35 
22 JUL 2026,GESHIP,EQ,THE GE SHPG.LTD          ,Listed    ,22 JUL 2026,              10.00,         142767161,           1435.20,   204899429467.20    
22 JUL 2026,GFLLIMITED,EQ,GFL LIMITED              ,Listed    ,22 JUL 2026,               1.00,         109850000,             45.20,     4966318500.00
22 JUL 2026,GGBL,SM,GANESH GREEN BHARAT LTD  ,Listed    ,22 JUL 2026,              10.00,          24801000,            258.45,     6409818450.00      
22 JUL 2026,GHCL,EQ,GHCL LIMITED             ,Listed    ,22 JUL 2026,              10.00,          92130655,            428.90,    39514837929.50      
22 JUL 2026,GHCLTEXTIL,EQ,GHCL TEXTILES LIMITED    ,Listed    ,22 JUL 2026,               2.00,          95585786,            114.20,    10915896761.20
22 JUL 2026,GICHSGFIN,EQ,GIC HOUSING FINANCE LTD  ,Listed    ,22 JUL 2026,              10.00,          53851066,            148.40,     7991498194.40 
22 JUL 2026,GICL,EQ,GLOBE INTL CARRIERS LTD  ,Listed    ,22 JUL 2026,               5.00,         111954588,             16.55,     1850609339.65      
22 JUL 2026,GICRE,EQ,GENERAL INS CORP OF INDIA,Listed    ,22 JUL 2026,               5.00,        1754400000,            361.45,   634127880000.00     
22 JUL 2026,GILLANDERS,EQ,GILLANDERS ARBUTHNOT LTD ,Listed    ,22 JUL 2026,              10.00,          21342346,             89.05,     1900322487.85
22 JUL 2026,GILLETTE,EQ,GILLETTE INDIA LTD       ,Listed    ,22 JUL 2026,              10.00,          32585217,           7909.00,   257716481253.00  
22 JUL 2026,GINNIFILA,BE,GINNIFILAMENTS LTD.      ,Listed    ,22 JUL 2026,              10.00,          85650065,             48.20,     4130046134.30 
22 JUL 2026,GIPCL,EQ,GUJ IND POW CO. LTD      ,Listed    ,22 JUL 2026,              10.00,         155215944,            158.95,    24671574298.80     
22 JUL 2026,GIRIRAJ,SM,GIRIRAJ CIVIL DEVP LTD   ,Listed    ,22 JUL 2026,              10.00,          23920500,             94.95,     2271251475.00   
22 JUL 2026,GJL,ST,GROVER JEWELLS LIMITED   ,Listed    ,21 JUL 2026,              10.00,          14507200,            153.00,     2219601600.00       
22 JUL 2026,GKENERGY,EQ,GK ENERGY LIMITED        ,Listed    ,22 JUL 2026,               2.00,         202817266,            138.60,    28114529412.90  
22 JUL 2026,GKSL,EQ,GUJARAT KIDNEY N SUP SP L,Listed    ,22 JUL 2026,               2.00,          78843250,            127.35,    10040687887.50      
22 JUL 2026,GKWLIMITED,EQ,GKW LIMITED              ,Listed    ,22 JUL 2026,              10.00,           5966500,           1680.00,    10023720000.00
22 JUL 2026,GLAND,EQ,GLAND PHARMA LIMITED     ,Listed    ,22 JUL 2026,               1.00,         164959682,           2439.10,   402353160366.20     
22 JUL 2026,GLAXO,EQ,GLAXOSMITHKLINE PHARMA LT,Listed    ,22 JUL 2026,              10.00,         169406034,           2552.80,   432459723595.20     
22 JUL 2026,GLENMARK,EQ,GLENMARK PHARMACEUTICALS ,Listed    ,22 JUL 2026,               1.00,         282200809,           2199.90,   620813559719.10  
22 JUL 2026,GLFL,BE,GUJARAT LEASE FINANCING L,Listed    ,22 JUL 2026,              10.00,          27125767,              5.10,      138341411.70      
22 JUL 2026,GLOBAL,EQ,GLOBAL EDUCATION LIMITED ,Listed    ,22 JUL 2026,               2.00,          50901500,            101.75,     5178718610.00    
22 JUL 2026,GLOBALE,BE,GLOBALE TESSILE LIMITED  ,Listed    ,22 JUL 2026,              10.00,          10620275,             10.45,      110981873.75   
22 JUL 2026,GLOBALPET,ST,GLOBAL PET INDUSTRIES LTD,Listed    ,22 JUL 2026,              10.00,          11787408,            156.90,     1849444315.20 
22 JUL 2026,GLOBALVECT,EQ,GLOBAL VEC HELICORP LTD  ,Listed    ,22 JUL 2026,              10.00,          14000000,            149.90,     2098320000.00
22 JUL 2026,GLOBE,EQ,GLOBE ENTERPRISE (I) LTD ,Listed    ,22 JUL 2026,               2.00,         450418788,              2.15,      972904582.10     
22 JUL 2026,GLOBECIVIL,BE,GLOBE CIVIL PROJECTS LTD ,Listed    ,22 JUL 2026,              10.00,          59718999,             40.45,     2414439129.55
22 JUL 2026,GLOBUSSPR,EQ,GLOBUS SPIRITS LTD       ,Listed    ,22 JUL 2026,              10.00,          29080341,            878.85,    25557257687.85 
22 JUL 2026,GLOSTERLTD,EQ,GLOSTER LIMITED          ,Listed    ,22 JUL 2026,              10.00,          10943260,            675.70,     7394360782.00
22 JUL 2026,GLOTTIS,BE,GLOTTIS LIMITED          ,Listed    ,22 JUL 2026,               2.00,          92403000,             66.85,     6178064580.00   
22 JUL 2026,GMBREW,EQ,G M BREWERIES LTD        ,Listed    ,22 JUL 2026,              10.00,          22846923,            915.30,    20911788621.90    
22 JUL 2026,GMDCLTD,EQ,GUJARAT MINERAL DEV CORP ,Listed    ,22 JUL 2026,               2.00,         318000000,            560.25,   178159500000.00   
22 JUL 2026,GML,SM,GALAXY MEDICARE LIMITED  ,Listed    ,22 JUL 2026,              10.00,          15171983,             17.60,      267026900.80       
22 JUL 2026,GMMPFAUDLR,EQ,GMM PFAUDLER LIMITED     ,Listed    ,22 JUL 2026,               2.00,          44957224,            799.90,    35961283477.60
22 JUL 2026,GMRAIRPORT,EQ,GMR AIRPORTS LIMITED     ,Listed    ,22 JUL 2026,               1.00,       10558975952,            109.85,  1159692328808.15
22 JUL 2026,GMRP&UI,EQ,GMR POW AND URBAN INFRA L,Listed    ,22 JUL 2026,               5.00,         781017529,            100.95,    78835909377.25   
22 JUL 2026,GNA,EQ,GNA AXLES LIMITED        ,Listed    ,22 JUL 2026,              10.00,          42930800,            517.25,    22205956300.00       
22 JUL 2026,GNFC,EQ,GUJ NAR VAL FER & CHEM L ,Listed    ,22 JUL 2026,              10.00,         146940683,            506.15,    74374026700.45      
22 JUL 2026,GNRL,EQ,GUJARAT NATURAL RES L    ,Permitted ,22 JUL 2026,              10.00,         128402632,             95.70,    12286847856.10      
22 JUL 2026,GOACARBON,EQ,GOA CARBON LIMITED       ,Listed    ,22 JUL 2026,              10.00,           9151052,            370.45,     3390007213.40 
22 JUL 2026,GOCLCORP,EQ,GOCL CORPORATION LIMITED ,Listed    ,22 JUL 2026,               2.00,          49572490,            393.10,    19486945819.00  
22 JUL 2026,GOCOLORS,EQ,GO FASHION INDIA LTD     ,Listed    ,22 JUL 2026,              10.00,          54008984,            336.90,    18195626709.60  
22 JUL 2026,GODAVARIB,EQ,GODAVARI BIOREFINERIES L ,Listed    ,22 JUL 2026,              10.00,          51175977,            274.30,    14037570491.10 
22 JUL 2026,GODFRYPHLP,EQ,GODFREY PHILLIPS INDIA LT,Listed    ,22 JUL 2026,               2.00,         155981760,           2072.40,   323256599424.00
22 JUL 2026,GODIGIT,EQ,GO DIGIT GENERAL INS LTD ,Listed    ,22 JUL 2026,              10.00,         924575576,            283.00,   261654888008.00   
22 JUL 2026,GODREJAGRO,EQ,GODREJ AGROVET LIMITED   ,Listed    ,22 JUL 2026,              10.00,         192359967,            569.30,   109510529213.10
22 JUL 2026,GODREJCP,EQ,GODREJ CONSUMER PRODUCTS ,Listed    ,22 JUL 2026,               1.00,        1023244581,           1068.80,  1093643808172.80  
22 JUL 2026,GODREJIND,EQ,GODREJ INDUSTRIES LTD    ,Listed    ,22 JUL 2026,               1.00,         336804842,           1354.90,   456336880425.80 
22 JUL 2026,GODREJPROP,EQ,GODREJ PROPERTIES LTD    ,Listed    ,22 JUL 2026,               5.00,         301225962,           2081.10,   626881349518.20
22 JUL 2026,GOKEX,EQ,GOKALDAS EXPORTS LTD.    ,Listed    ,22 JUL 2026,               5.00,          73273628,            796.35,    58351453657.80     
22 JUL 2026,GOKUL,EQ,GOKUL REFOILS & SOLV LTD ,Listed    ,22 JUL 2026,               2.00,          98995000,             38.95,     3853875350.00     
22 JUL 2026,GOKULAGRO,EQ,GOKUL AGRO RESOURCES LTD ,Listed    ,22 JUL 2026,               1.00,         295086716,            212.20,    62611499400.90 
22 JUL 2026,GOLDENTOBC,BZ,GOLDEN TOBACCO LIMITED   ,Listed    ,22 JUL 2026,              10.00,          17608802,             25.50,      449024451.00
22 JUL 2026,GOLDIAM,EQ,GOLDIAM INTERNATIONAL LTD,Listed    ,22 JUL 2026,               2.00,         150557125,            341.90,    51475481037.50   
22 JUL 2026,GOLDKART,SM,GOLDKART JEWELS LIMITED  ,Listed    ,20 JUL 2026,              10.00,          16785350,            135.00,     2266022250.00  
22 JUL 2026,GOLDSTAR,SM,GOLDSTAR POWER LIMITED   ,Listed    ,22 JUL 2026,               1.00,         286198500,              7.05,     2017699425.00  
22 JUL 2026,GOLDTECH,BE,AION-TECH SOLUTIONS LTD  ,Listed    ,22 JUL 2026,              10.00,          52261836,             58.45,     3054704314.20  
22 JUL 2026,GOODLUCK,EQ,GOODLUCK INDIA LIMITED   ,Listed    ,22 JUL 2026,               2.00,          33238509,           1557.00,    51752358513.00  
22 JUL 2026,GOODYEAR,EQ,GOODYEAR INDIA LIMITED   ,Permitted ,22 JUL 2026,              10.00,          23066507,            824.80,    19025254973.60  
22 JUL 2026,GOPAL,EQ,GOPAL SNACKS LIMITED     ,Listed    ,22 JUL 2026,               1.00,         124666819,            259.70,    32375972894.30     
22 JUL 2026,GOYALALUM,EQ,GOYAL ALUMINIUMS LIMITED ,Listed    ,22 JUL 2026,               1.00,         142732780,              6.50,      927763070.00 
22 JUL 2026,GOYALSALT,SM,GOYAL SALT LIMITED       ,Listed    ,22 JUL 2026,              10.00,          17900250,            111.05,     1987822762.50 
22 JUL 2026,GPECO,ST,GP ECO SOLUTIONS INDIA L ,Listed    ,22 JUL 2026,              10.00,          11830800,            425.00,     5028090000.00     
22 JUL 2026,GPIL,EQ,GODAWARI POW & ISP LTD   ,Listed    ,22 JUL 2026,               1.00,         673097430,            242.75,   163394401132.50      
22 JUL 2026,GPPL,EQ,GUJARAT PIPAVAV PORT LTD ,Listed    ,22 JUL 2026,              10.00,         483439910,            148.70,    71887514617.00      
22 JUL 2026,GPTHEALTH,EQ,GPT HEALTHCARE LIMITED   ,Listed    ,22 JUL 2026,              10.00,          82054823,            155.40,    12750498945.95 
22 JUL 2026,GPTINFRA,EQ,GPT INFRAPROJECTS LTD    ,Listed    ,22 JUL 2026,              10.00,         126364600,            117.50,    14850367792.00  
22 JUL 2026,GRADIENTE,BE,GRADIENTE INFOTAINMENT L ,Listed    ,22 JUL 2026,              10.00,         332400000,              2.80,      937368000.00 
22 JUL 2026,GRANDOAK,EQ,GRAND OAK CANYONS DIST L ,Permitted ,22 JUL 2026,              10.00,         518883550,             39.45,    20464767212.00  
22 JUL 2026,GRANULES,EQ,GRANULES INDIA LIMITED   ,Listed    ,22 JUL 2026,               1.00,         247796921,            853.80,   211569011149.80  
22 JUL 2026,GRAPHISAD,SM,GRAPHISADS LIMITED       ,Listed    ,22 JUL 2026,              10.00,          18276500,             29.00,      530018500.00 
22 JUL 2026,GRAPHITE,EQ,GRAPHITE INDIA LTD       ,Listed    ,22 JUL 2026,               2.00,         195375594,            629.55,   122998705202.70  
22 JUL 2026,GRASIM,EQ,GRASIM INDUSTRIES LTD    ,Listed    ,22 JUL 2026,               2.00,         680524682,           3166.30,  2154745300616.60    
22 JUL 2026,GRAUWEIL,EQ,GRAUER & WEIL IND LTD    ,Permitted ,22 JUL 2026,               1.00,         453411500,             74.35,    33706610910.00  
22 JUL 2026,GRAVISSHO,EQ,GRAVISS HOSPITALITY LTD. ,Permitted ,22 JUL 2026,               2.00,          70519135,             29.95,     2112048093.25 
22 JUL 2026,GRAVITA,EQ,GRAVITA INDIA LIMITED    ,Listed    ,22 JUL 2026,               2.00,          73808451,           1793.00,   132338552643.00   
22 JUL 2026,GRCL,ST,GAYATRI RUBB AND CHEM LTD,Listed    ,21 JUL 2026,              10.00,           5738000,            607.40,     3485261200.00      
22 JUL 2026,GREAVESCOT,EQ,GREAVES COTTON LTD.      ,Listed    ,22 JUL 2026,               2.00,         232951434,            239.90,    55880389987.90
22 JUL 2026,GREENCHEF,SM,GREENCHEF APPLIANCES LTD ,Listed    ,22 JUL 2026,              10.00,          23271840,             47.00,     1093776480.00 
22 JUL 2026,GREENLAM,EQ,GREENLAM INDUSTRIES LTD. ,Listed    ,22 JUL 2026,               1.00,         255147702,            243.85,    62217767132.70  
22 JUL 2026,GREENLEAF,ST,GREENLEAF ENVIROTECH LTD ,Listed    ,22 JUL 2026,              10.00,           5929250,            102.85,      609823362.50 
22 JUL 2026,GREENPANEL,EQ,GREENPANEL INDUSTRIES LTD,Listed    ,22 JUL 2026,               1.00,         122627395,            197.60,    24233625799.90
22 JUL 2026,GREENPLY,EQ,GREENPLY INDUSTRIES LTD  ,Listed    ,22 JUL 2026,               1.00,         124902045,            329.65,    41173959134.25  
22 JUL 2026,GREENPOWER,EQ,ORIENT GREEN POWER CO LTD,Listed    ,22 JUL 2026,              10.00,        1173022796,             10.35,    12140785938.60
22 JUL 2026,GRETEX,SM,GRETEX INDUSTRIES LTD.   ,Listed    ,22 JUL 2026,              10.00,          15506060,            300.00,     4651818000.00    
22 JUL 2026,GRINDWELL,EQ,GRINDWELL NORTON LIMITED ,Listed    ,22 JUL 2026,               5.00,         110720000,           2020.80,   223742976000.00 
22 JUL 2026,GRINFRA,EQ,G R INFRAPROJECTS LIMITED,Listed    ,22 JUL 2026,               5.00,          96760529,            883.75,    85512117503.75   
22 JUL 2026,GRMOVER,EQ,GRM OVERSEAS LIMITED     ,Listed    ,22 JUL 2026,               2.00,         207210000,             90.15,    18677909400.00   
22 JUL 2026,GROBTEA,EQ,THE GROB TEA COMPANY LTD ,Listed    ,22 JUL 2026,              10.00,           1162330,            901.30,     1047608029.00   
22 JUL 2026,GROWW,EQ,BILLIONBRAINS GARAGE VN L,Listed    ,22 JUL 2026,               2.00,        6273596631,            203.90,  1279186353060.90     
22 JUL 2026,GRPLTD,EQ,GRP LIMITED              ,Listed    ,22 JUL 2026,              10.00,           5333332,           1888.80,    10073597481.60    
22 JUL 2026,GRSE,EQ,GARDEN REACH SHIP&ENG LTD,Listed    ,22 JUL 2026,              10.00,         114552000,           2588.80,   296552217600.00      
22 JUL 2026,GRWRHITECH,EQ,GARWARE HI-TECH FILMS LTD,Listed    ,22 JUL 2026,              10.00,          23232394,           6713.00,   155959060922.00
22 JUL 2026,GSFC,EQ,GUJ STATE FERT & CHEM LTD,Listed    ,22 JUL 2026,               2.00,         398477530,            156.20,    62234220635.40      
22 JUL 2026,GSLSU,EQ,GLOBAL SURFACES LIMITED  ,Listed    ,22 JUL 2026,              10.00,          42381818,             25.40,     1076921995.40     
22 JUL 2026,GSMFOILS,SM,GSM FOILS LIMITED        ,Listed    ,22 JUL 2026,              10.00,          14092749,            275.45,     3881847712.05  
22 JUL 2026,GSPCROP,EQ,GSP CROP SCIENCE LIMITED ,Listed    ,22 JUL 2026,              10.00,          46518750,            506.80,    23575702500.00   
22 JUL 2026,GSS,EQ,GSS INFOTECH LIMITED     ,Listed    ,22 JUL 2026,              10.00,          26156843,             12.15,      318328779.30       
22 JUL 2026,GSTL,SM,GLOBESECURE TECHNO LTD   ,Listed    ,22 JUL 2026,              10.00,          15939349,             19.45,      310020338.05      
22 JUL 2026,GTECJAINX,BE,G-TEC JAINX EDUCATION LTD,Listed    ,22 JUL 2026,              10.00,          10189098,             28.65,      291917657.70 
22 JUL 2026,GTL,EQ,GTL LTD                  ,Listed    ,22 JUL 2026,              10.00,         157296781,              7.20,     1134109791.00       
22 JUL 2026,GTLINFRA,EQ,GTL INFRA.LTD            ,Listed    ,22 JUL 2026,              10.00,       12809111895,              1.25,    15755207630.85  
22 JUL 2026,GTPL,EQ,GTPL HATHWAY LIMITED     ,Listed    ,22 JUL 2026,              10.00,         112463038,             60.90,     6850123644.60      
22 JUL 2026,GUFICBIO,EQ,GUFIC BIOSCIENCES LTD.   ,Listed    ,22 JUL 2026,               1.00,         100282506,            386.35,    38744146193.10  
22 JUL 2026,GUJALKALI,EQ,GUJARAT ALKALIES & CHEM  ,Listed    ,22 JUL 2026,              10.00,          73445242,            620.35,    45561755874.70 
22 JUL 2026,GUJAPOLLO,EQ,GUJ. APOLLO IND. LTD.    ,Listed    ,22 JUL 2026,              10.00,          12970000,            338.10,     4385157000.00 
22 JUL 2026,GUJENERGY,EQ,GUJARAT ENERGY LIMITED   ,Listed    ,22 JUL 2026,               2.00,         959087130,            264.90,   254062180737.00 
22 JUL 2026,GUJRAFFIA,EQ,GUJARAT RAFFIA INDUST LTD,Listed    ,22 JUL 2026,              10.00,           5404500,             39.25,      212180670.00 
22 JUL 2026,GUJTHEM,EQ,GUJARAT THEMIS BIOSYN LTD,Listed    ,22 JUL 2026,               1.00,         108965265,            351.50,    38301290647.50   
22 JUL 2026,GULFOILLUB,EQ,GULF OIL LUB. IND. LTD.  ,Listed    ,22 JUL 2026,               2.00,          49516775,            982.40,    48645279760.00
22 JUL 2026,GULFPETRO,BE,GP PETROLEUMS LIMITED    ,Listed    ,22 JUL 2026,               5.00,          50984383,             39.25,     2001646876.60 
22 JUL 2026,GULPOLY,EQ,GULSHAN POLYOLS LIMITED  ,Listed    ,22 JUL 2026,               1.00,          62370586,            186.95,    11658933641.00   
22 JUL 2026,GURUNANAK,ST,GURUNANAK AGRICULTUR IN L,Listed    ,22 JUL 2026,              10.00,          12000000,             41.00,      492000000.00 
22 JUL 2026,GVKPIL,BE,GVK POW. & INFRA LTD.    ,Listed    ,22 JUL 2026,               1.00,        1578620550,              2.50,     3914978964.00    
22 JUL 2026,GVPIL,EQ,GE POWER INDIA LIMITED   ,Listed    ,22 JUL 2026,              10.00,          67227471,            805.05,    54121475528.55     
22 JUL 2026,GVPTECH,EQ,GVP INFOTECH LIMITED     ,Listed    ,22 JUL 2026,               2.00,         162861590,              6.70,     1089544037.10   
22 JUL 2026,GVT&D,EQ,GE VERNOVA T&D INDIA LTD ,Listed    ,22 JUL 2026,               2.00,         256046535,           4481.50,  1147472546602.50     
22 JUL 2026,GYFTR,EQ,GYFTR LIMITED            ,Listed    ,22 JUL 2026,              10.00,          76808250,            150.80,    11584220265.00     
22 JUL 2026,HAL,EQ,HINDUSTAN AERONAUTICS LTD,Listed    ,22 JUL 2026,               5.00,         668775000,           4574.80,  3059511870000.00       
22 JUL 2026,HALDER,EQ,HALDER VENTURE LIMITED   ,Listed    ,22 JUL 2026,              10.00,          12438135,            234.10,     2911891784.85    
22 JUL 2026,HALDYNGL,BE,HALDYN GLASS LTD.        ,Permitted ,22 JUL 2026,               1.00,          53751700,            119.00,     6395914783.00  
22 JUL 2026,HALEOSLABS,EQ,HALEOS LABS LIMITED      ,Listed    ,22 JUL 2026,              10.00,           3023287,           1523.70,     4606582401.90
22 JUL 2026,HAPPSTMNDS,EQ,HAPPIEST MINDS TECHNO LTD,Listed    ,22 JUL 2026,               2.00,         152274811,            367.20,    55915310599.20
22 JUL 2026,HAPPY,ST,HAPPY STEELS LIMITED     ,Listed    ,22 JUL 2026,              10.00,          14286180,             62.00,      885743160.00     
22 JUL 2026,HAPPYFORGE,EQ,HAPPY FORGINGS LIMITED   ,Listed    ,22 JUL 2026,               2.00,          94350461,           1591.30,   150139888589.30
22 JUL 2026,HARDWYN,EQ,HARDWYN INDIA LIMITED    ,Listed    ,22 JUL 2026,               1.00,         488434054,             15.50,     7580496518.10   
22 JUL 2026,HARIOMPIPE,EQ,HARIOM PIPE INDUSTRIES L ,Listed    ,22 JUL 2026,              10.00,          30967289,            385.85,    11948728460.65
22 JUL 2026,HARRMALAYA,EQ,HARRISON MALAYALAM LTD   ,Listed    ,22 JUL 2026,              10.00,          18455405,            218.85,     4038965384.25
22 JUL 2026,HARSHA,EQ,HARSHA ENGINEERS INT LTD ,Listed    ,22 JUL 2026,              10.00,          91044105,            411.00,    37419127155.00    
22 JUL 2026,HATHWAY,EQ,HATHWAY CABLE & DATACOM  ,Listed    ,22 JUL 2026,               2.00,        1770104500,             10.80,    19152530690.00   
22 JUL 2026,HATSUN,EQ,HATSUN AGRO PRODUCT LTD. ,Listed    ,22 JUL 2026,               1.00,         222748268,            892.60,   198825104016.80    
22 JUL 2026,HAVELLS,EQ,HAVELLS INDIA LIMITED    ,Listed    ,22 JUL 2026,               1.00,         627561652,           1207.10,   757529670129.20   
22 JUL 2026,HAVISHA,EQ,SRI HAVISHA HOSP & INFR L,Listed    ,22 JUL 2026,               2.00,         153535800,              1.20,      182707602.00   
22 JUL 2026,HAWKINCOOK,EQ,HAWKINS COOKERS LTD      ,Permitted ,22 JUL 2026,              10.00,           5287815,           8735.50,    46191707932.50
22 JUL 2026,HBESD,EQ,H B ESTATE DEVELOPERS L  ,Permitted ,22 JUL 2026,              10.00,          22959947,             74.50,     1710516051.50     
22 JUL 2026,HBLENGINE,EQ,HBL ENGINEERING LTD      ,Listed    ,22 JUL 2026,               1.00,         277194946,            712.60,   197529118519.60 
22 JUL 2026,HBSL,BE,HB STOCKHOLDINGS LIMITED ,Listed    ,22 JUL 2026,              10.00,           7137665,             47.65,      340038360.60      
22 JUL 2026,HCC,EQ,HINDUSTAN CONSTRUCTION CO,Listed    ,22 JUL 2026,               1.00,        2619468062,             22.05,    57785465447.70       
22 JUL 2026,HCG,EQ,HEALTHCARE GLOB. ENT. LTD,Listed    ,22 JUL 2026,              10.00,         149302203,            670.95,   100174313102.85       
22 JUL 2026,HCL-INSYS,EQ,HCL INFOSYSTEMS LTD      ,Listed    ,22 JUL 2026,               2.00,         329209928,             11.55,     3808958866.95 
22 JUL 2026,HCLTECH,EQ,HCL TECHNOLOGIES LTD     ,Listed    ,22 JUL 2026,               2.00,        2713665096,           1237.30,  3357617823280.80   
22 JUL 2026,HDBFS,EQ,HDB FINANCIAL SERVICES L ,Listed    ,22 JUL 2026,              10.00,         830348568,            707.20,   587222507289.60     
22 JUL 2026,HDFCAMC,EQ,HDFC AMC LIMITED         ,Listed    ,22 JUL 2026,               5.00,         428653254,           2546.00,  1091351184684.00   
22 JUL 2026,HDFCBANK,EQ,HDFC BANK LTD            ,Listed    ,22 JUL 2026,               1.00,       15400809456,            753.15, 11599119641786.40  
22 JUL 2026,HDFCLIFE,EQ,HDFC LIFE INS CO LTD     ,Listed    ,22 JUL 2026,              10.00,        2157951075,            553.10,  1193562739582.50  
22 JUL 2026,HDIL,BZ,HOUSING DEV & INFRA LTD  ,Listed    ,22 JUL 2026,              10.00,         474003986,              1.70,      805806776.20      
22 JUL 2026,HEADSUP,EQ,HEADS UP VENTURES LIMITED,Listed    ,22 JUL 2026,              10.00,          22082609,              6.85,      151707523.85   
22 JUL 2026,HEALTHX,EQ,HEALTH X PLATFORM LIMITED,Listed    ,22 JUL 2026,              10.00,          31810500,            319.90,    10176178950.00   
22 JUL 2026,HECPROJECT,EQ,HEC INFRA PROJECTS LTD   ,Listed    ,22 JUL 2026,              10.00,          10838160,            143.05,     1550507169.60
22 JUL 2026,HEG,EQ,HEG LTD                  ,Listed    ,22 JUL 2026,               2.00,         192977530,            598.85,   115564593840.50       
22 JUL 2026,HEIDELBERG,EQ,HEIDELBERGCEMENT (I) LTD ,Listed    ,22 JUL 2026,              10.00,         226613116,            158.90,    36004291870.10
22 JUL 2026,HEMIPROP,EQ,HEMISPHERE PROP IND LTD  ,Listed    ,22 JUL 2026,              10.00,         285000000,            135.40,    38586150000.00  
22 JUL 2026,HERANBA,EQ,HERANBA INDUSTRIES LTD   ,Listed    ,22 JUL 2026,              10.00,          40013467,            175.25,     7012360091.75   
22 JUL 2026,HERITGFOOD,EQ,HERITAGE FOODS LTD       ,Listed    ,22 JUL 2026,               5.00,          92796000,            330.50,    30669078000.00
22 JUL 2026,HEROMOTOCO,EQ,HERO MOTOCORP LIMITED    ,Listed    ,22 JUL 2026,               2.00,         200092938,           4987.10,   997883491099.80
22 JUL 2026,HESTERBIO,EQ,HESTER BIOSCIENCES LTD   ,Listed    ,22 JUL 2026,              10.00,           8506865,           2431.00,    20680188815.00 
22 JUL 2026,HEXAGON,BE,HEXAGON NUTRITION LIMITED,Listed    ,22 JUL 2026,               1.00,         122918109,             67.80,     8336306152.40   
22 JUL 2026,HEXATRADEX,EQ,HEXA TRADEX LIMITED      ,Listed    ,22 JUL 2026,               2.00,          55244704,            156.90,     8667894057.60
22 JUL 2026,HEXT,EQ,HEXAWARE TECHNOLOGIES LTD,Listed    ,22 JUL 2026,               1.00,         611015992,            550.70,   336486506794.40      
22 JUL 2026,HFCL,EQ,HFCL LIMITED             ,Listed    ,22 JUL 2026,               1.00,        1530602463,            217.90,   333518276687.70      
22 JUL 2026,HGINFRA,EQ,H.G.INFRA ENGINEERING LTD,Listed    ,22 JUL 2026,              10.00,          65171111,            547.10,    35655114828.10   
22 JUL 2026,HGM,EQ,HANDSON GBL MNGMNT LTD   ,Listed    ,22 JUL 2026,              10.00,          12594972,             47.05,      592467482.90       
22 JUL 2026,HGS,EQ,HINDUJA GLOBAL SOLS. LTD.,Listed    ,22 JUL 2026,              10.00,          46520285,            427.85,    19903703937.25       
22 JUL 2026,HIGREEN,SM,HI GREEN CARBON LIMITED  ,Listed    ,22 JUL 2026,              10.00,          24990000,            138.60,     3463614000.00   
22 JUL 2026,HIKAL,EQ,HIKAL LIMITED            ,Listed    ,22 JUL 2026,               2.00,         123300750,            213.65,    26343205237.50     
22 JUL 2026,HILINFRA,BE,HIGHWAY INFRASTRUCTURE L ,Listed    ,22 JUL 2026,               5.00,          71720632,             44.05,     3160011045.90  
22 JUL 2026,HILTON,BE,HILTON METAL FORGING LTD ,Listed    ,22 JUL 2026,              10.00,          51466551,             21.40,     1101898856.90    
22 JUL 2026,HIMATSEIDE,EQ,HIMATSINGKA SEIDE LTD    ,Listed    ,22 JUL 2026,               5.00,         125742289,             82.60,    10388827917.20
22 JUL 2026,HINDALCO,EQ,HINDALCO  INDUSTRIES  LTD,Listed    ,22 JUL 2026,               1.00,        2247226523,            950.00,  2134865196850.00  
22 JUL 2026,HINDCOMPOS,EQ,HINDUSTAN COMPOSITES LTD.,Listed    ,22 JUL 2026,               5.00,          14769000,            432.95,     6394238550.00
22 JUL 2026,HINDCON,BE,HINDCON CHEMICALS LIMITED,Listed    ,22 JUL 2026,               2.00,          51190625,             20.75,     1062717375.00   
22 JUL 2026,HINDCOPPER,EQ,HINDUSTAN COPPER LTD     ,Listed    ,22 JUL 2026,               5.00,         967024020,            489.25,   473116501785.00
22 JUL 2026,HINDOILEXP,EQ,HINDUSTAN OIL EXPLORATION,Listed    ,22 JUL 2026,              10.00,         132294300,            164.05,    21704202858.00
22 JUL 2026,HINDPETRO,EQ,HINDUSTAN PETROLEUM CORP ,Listed    ,22 JUL 2026,              10.00,        2127822518,            395.20,   840915459113.60 
22 JUL 2026,HINDUNILVR,EQ,HINDUSTAN UNILEVER LTD.  ,Listed    ,22 JUL 2026,               1.00,        2349591262,           2154.60,  5062429333105.20
22 JUL 2026,HINDWAREAP,EQ,HINDWARE HME INOVATON LTD,Listed    ,22 JUL 2026,               2.00,          83646357,            213.55,    17862679537.35
22 JUL 2026,HINDZINC,EQ,HINDUSTAN ZINC LIMITED   ,Listed    ,22 JUL 2026,               2.00,        4225319000,            535.40,  2262235792600.00  
22 JUL 2026,HIRECT,EQ,HIND RECTIFIER LIMITED   ,Listed    ,22 JUL 2026,               2.00,          34372239,           1278.40,    43941470337.60    
22 JUL 2026,HISARMETAL,EQ,HISAR METAL IND. LIMITED ,Listed    ,22 JUL 2026,              10.00,           5400000,            153.00,      826254000.00
22 JUL 2026,HITECH,EQ,HI-TECH PIPES LIMITED    ,Listed    ,22 JUL 2026,               1.00,         203107734,             85.90,    17446954350.60    
22 JUL 2026,HITECHCORP,BE,HITECH CORPORATION LTD   ,Listed    ,22 JUL 2026,              10.00,          17175700,            321.20,     5516834840.00
22 JUL 2026,HITECHGEAR,BE,THE HI-TECH GEARS LIMITED,Permitted ,22 JUL 2026,              10.00,          18813547,            594.15,    11178068950.05
22 JUL 2026,HLEGLAS,EQ,HLE GLASCOAT LIMITED     ,Listed    ,22 JUL 2026,               2.00,          69454739,            418.00,    29032080902.00   
22 JUL 2026,HLVLTD,EQ,HLV LIMITED              ,Listed    ,22 JUL 2026,               2.00,         659259899,              7.20,     4733486074.80    
22 JUL 2026,HMAAGRO,EQ,HMA AGRO INDUSTRIES LTD  ,Listed    ,22 JUL 2026,               1.00,         500769770,             21.55,    10791588543.50   
22 JUL 2026,HMT,BZ,HMT LTD -                ,Listed    ,22 JUL 2026,              10.00,         470670740,             60.10,    28277898059.20       
22 JUL 2026,HMVL,EQ,HINDUSTAN MEDIA VENT LTD ,Listed    ,22 JUL 2026,              10.00,          73671548,             91.40,     6732842771.70      
22 JUL 2026,HNDFDS,EQ,HINDUSTAN FOODS LIMITED  ,Listed    ,22 JUL 2026,               2.00,         119481762,            563.50,    67327972887.00    
22 JUL 2026,HOACFOODS,ST,HOAC FOODS INDIA LIMITED ,Listed    ,22 JUL 2026,              10.00,           4340460,            730.00,     3168535800.00 
22 JUL 2026,HOLMARC,SM,HOLMARC OPTO MECHATRO L  ,Listed    ,20 JUL 2026,              10.00,          10050000,            110.00,     1105500000.00   
22 JUL 2026,HOMEFIRST,EQ,HOME FIRST FIN CO IND LTD,Listed    ,22 JUL 2026,               2.00,         104525221,           1224.10,   127949323026.10 
22 JUL 2026,HOMESFY,SM,HOMESFY REALTY LIMITED   ,Listed    ,17 JUL 2026,              10.00,           3226200,            122.85,      396338670.00   
22 JUL 2026,HONASA,EQ,HONASA CONSUMER LIMITED  ,Listed    ,22 JUL 2026,              10.00,         326024216,            456.65,   148878958236.40    
22 JUL 2026,HONAUT,EQ,HONEYWELL AUTOMATION IND ,Listed    ,22 JUL 2026,              10.00,           8841523,          38095.00,   336817818685.00    
22 JUL 2026,HONDAPOWER,EQ,HONDA I POWER PRODUCT LTD,Listed    ,22 JUL 2026,              10.00,          10143071,           2118.30,    21486067299.30
22 JUL 2026,HPAL,EQ,HP ADHESIVES LIMITED     ,Listed    ,22 JUL 2026,               2.00,          91874735,             33.50,     3076884875.15      
22 JUL 2026,HPIL,EQ,HINDPRAKASH INDUSTRY LTD ,Listed    ,22 JUL 2026,              10.00,          11424110,            121.70,     1390542669.20      
22 JUL 2026,HPL,EQ,HPL ELECTRIC & POWER LTD ,Listed    ,22 JUL 2026,              10.00,          64300486,            342.60,    22029346503.60       
22 JUL 2026,HPTL,SM,HP TELECOM INDIA LIMITED ,Listed    ,22 JUL 2026,              10.00,          11914710,            286.05,     3408202795.50      
22 JUL 2026,HRHNEXT,SM,HRH NEXT SERVICES LIMITED,Listed    ,22 JUL 2026,              10.00,          13204438,             26.25,      346616497.50   
22 JUL 2026,HSCL,EQ,HIMADRI SPECIALITY CHEM L,Listed    ,22 JUL 2026,               1.00,         504541599,            768.25,   387614083431.75      
22 JUL 2026,HTMEDIA,EQ,HT MEDIA LIMITED         ,Listed    ,22 JUL 2026,               2.00,         182655286,             25.65,     4688761191.60   
22 JUL 2026,HUBTOWN,EQ,HUBTOWN LIMITED          ,Listed    ,22 JUL 2026,              10.00,         142100657,            201.75,    28670228556.30   
22 JUL 2026,HUDCO,EQ,HSG & URBAN DEV CORPN LTD,Listed    ,22 JUL 2026,              10.00,        2001900000,            198.30,   397016808000.00     
22 JUL 2026,HUHTAMAKI,EQ,HUHTAMAKI INDIA LIMITED  ,Listed    ,22 JUL 2026,               2.00,          75521934,            292.00,    22050894289.30 
22 JUL 2026,HVAX,SM,HVAX TECHNOLOGIES LIMITED,Listed    ,22 JUL 2026,              10.00,           2776875,            655.55,     1820380406.25      
22 JUL 2026,HYBRIDFIN,BE,HYBRID FINANCIAL SERVICE ,Listed    ,22 JUL 2026,               5.00,          29436275,             18.75,      551635793.50 
22 JUL 2026,HYUNDAI,EQ,HYUNDAI MOTOR INDIA LTD  ,Listed    ,22 JUL 2026,              10.00,         812541100,           1945.60,  1580879964160.00   
22 JUL 2026,IBLFL,SM,IBL FINANCE LIMITED      ,Listed    ,17 JUL 2026,              10.00,          24730650,             61.00,     1508569650.00     
22 JUL 2026,IBULLSLTD,BE,INDIABULLS LIMITED       ,Listed    ,22 JUL 2026,               2.00,        2324382138,             29.60,    68778467463.40 
22 JUL 2026,ICDSLTD,EQ,ICDS LTD                 ,Listed    ,22 JUL 2026,              10.00,          13026700,             39.50,      514554650.00   
22 JUL 2026,ICELCO,ST,IC ELECTRICALS COMPANY L ,Listed    ,22 JUL 2026,              10.00,          18261600,            169.45,     3094428120.00    
22 JUL 2026,ICEMAKE,EQ,ICE MAKE REFRIGERAT LTD  ,Listed    ,22 JUL 2026,              10.00,          15779735,            878.90,    13868809091.50   
22 JUL 2026,ICICIAMC,EQ,ICICI PRUDENTIAL AMC LTD ,Listed    ,22 JUL 2026,               1.00,         494258520,           3119.90,  1542037156548.00  
22 JUL 2026,ICICIBANK,EQ,ICICI BANK LTD.          ,Listed    ,22 JUL 2026,               2.00,        7173504860,           1440.70, 10334868451802.00 
22 JUL 2026,ICICIGI,EQ,ICICI LOMBARD GIC LIMITED,Listed    ,22 JUL 2026,              10.00,         499172227,           1583.50,   790439221454.50   
22 JUL 2026,ICICIPRULI,EQ,ICICI PRU LIFE INS CO LTD,Listed    ,22 JUL 2026,              10.00,        1450717046,            499.50,   724633164477.00
22 JUL 2026,ICIL,EQ,INDO COUNT INDUSTRIES LTD,Listed    ,22 JUL 2026,               2.00,         198054340,            398.00,    78825627320.00      
22 JUL 2026,ICRA,EQ,ICRA LIMITED             ,Listed    ,22 JUL 2026,              10.00,           9651231,           5127.50,    49486686952.50      
22 JUL 2026,IDBI,EQ,IDBI BANK LIMITED        ,Listed    ,22 JUL 2026,              10.00,       10752402175,             85.95,   923953918897.75      
22 JUL 2026,IDEA,EQ,VODAFONE IDEA LIMITED    ,Listed    ,22 JUL 2026,              10.00,      108343035001,             13.55,  1466964693913.55      
22 JUL 2026,IDEAFORGE,BE,IDEAFORGE TECHNO LTD     ,Listed    ,22 JUL 2026,              10.00,          43388897,            861.65,    37386043100.05 
22 JUL 2026,IDEALTECHO,SM,IDEAL TECHNOPLAST IND LTD,Listed    ,22 JUL 2026,              10.00,           5000000,            185.00,      925000000.00
22 JUL 2026,IDENTICAL,SM,IDENTICAL BRAINS STUDIO L,Listed    ,21 JUL 2026,              10.00,          14025958,             20.00,      280519160.00 
22 JUL 2026,IDFCFIRSTB,EQ,IDFC FIRST BANK LIMITED  ,Listed    ,22 JUL 2026,              10.00,        8613225416,             80.70,   695259555579.50
22 JUL 2026,IEML,SM,INDIAN EMULSIFIERS LTD   ,Listed    ,22 JUL 2026,              10.00,          18333333,             42.25,      774583319.25      
22 JUL 2026,IEX,EQ,INDIAN ENERGY EXC LTD    ,Listed    ,22 JUL 2026,               1.00,         891692735,            123.50,   110106218917.80       
22 JUL 2026,IFBAGRO,BE,IFB AGRO INDUSTRIES LTD  ,Listed    ,22 JUL 2026,              10.00,           9367111,            946.80,     8868780694.80   
22 JUL 2026,IFBIND,EQ,IFB INDUSTRIES LTD       ,Listed    ,22 JUL 2026,              10.00,          40518796,           1320.00,    53484810720.00    
22 JUL 2026,IFCI,EQ,IFCI LTD                 ,Listed    ,22 JUL 2026,              10.00,        2694314331,             71.45,   192562645236.55      
22 JUL 2026,IFGLEXPOR,EQ,IFGL REFRACTORIES LIMITED,Listed    ,22 JUL 2026,              10.00,          72078624,            203.60,    14675207846.40 
22 JUL 2026,IGARASHI,EQ,IGARASHI MOTORS INDIA LTD,Listed    ,22 JUL 2026,              10.00,          31475048,            447.55,    14086657732.40  
22 JUL 2026,IGCL,EQ,INDOGULF CROPSCIENCES LTD,Listed    ,22 JUL 2026,              10.00,          63223997,             69.55,     4397228991.35      
22 JUL 2026,IGIL,EQ,INTL GEMOLOGICAL INST LTD,Listed    ,22 JUL 2026,               2.00,         432159696,            348.45,   150586046071.20      
22 JUL 2026,IGL,EQ,INDRAPRASTHA GAS LTD     ,Listed    ,22 JUL 2026,               2.00,        1400001600,            151.40,   211932242208.00       
22 JUL 2026,IGPL,EQ,I G PETROCHEMICALS LTD   ,Listed    ,22 JUL 2026,              10.00,          30794850,            438.40,    13500462240.00      
22 JUL 2026,IIFL,EQ,IIFL FINANCE LIMITED     ,Listed    ,22 JUL 2026,               2.00,         425324987,            570.35,   242584106335.45      
22 JUL 2026,IIFLCAPS,EQ,IIFL CAPITAL SERVICES LTD,Listed    ,22 JUL 2026,               2.00,         311669964,            342.95,   106887214153.80  
22 JUL 2026,IITL,EQ,INDUSTRIAL INV TRUST LTD ,Listed    ,22 JUL 2026,              10.00,          21827550,            129.55,     2828195653.50      
22 JUL 2026,IKIO,EQ,IKIO TECHNOLOGIES LIMITED,Listed    ,22 JUL 2026,              10.00,          77280701,            212.75,    16439923523.75      
22 JUL 2026,IKS,EQ,INVENTURUS KNOWLEDGE SO L,Listed    ,22 JUL 2026,               1.00,         171573159,           1815.60,   311508227480.40       
22 JUL 2026,IL&FSENGG,BZ,IL&FS ENG AND CONS CO LTD,Listed    ,22 JUL 2026,              10.00,         131121078,             28.65,     3753996463.15 
22 JUL 2026,IL&FSTRANS,BZ,IL&FS TRANS NET LTD      ,Listed    ,22 JUL 2026,              10.00,         328960027,              2.10,      684236856.15
22 JUL 2026,IMAGICAA,EQ,IMAGICAAWORLD ENT LTD    ,Listed    ,22 JUL 2026,              10.00,         565861447,             47.35,    26799198129.90  
22 JUL 2026,IMFA,EQ,INDIAN METALS & FERRO    ,Listed    ,22 JUL 2026,              10.00,          53954106,           1370.00,    73917125220.00      
22 JUL 2026,IMPAL,EQ,IND MOTOR PART & ACC LTD ,Listed    ,22 JUL 2026,              10.00,          12480000,           1077.30,    13444704000.00     
22 JUL 2026,INA,EQ,INSOLATION ENERGY LIMITED,Listed    ,22 JUL 2026,               1.00,         220394625,            117.30,    25850085566.25       
22 JUL 2026,INCREDIBLE,EQ,INCREDIBLE INDUSTRIES LTD,Listed    ,22 JUL 2026,              10.00,          46763750,             34.00,     1589967500.00
22 JUL 2026,INDBANK,EQ,INDBANK MERCH BANK       ,Listed    ,22 JUL 2026,              10.00,          44378200,             32.65,     1449392012.00   
22 JUL 2026,INDGN,EQ,INDEGENE LIMITED         ,Listed    ,22 JUL 2026,               2.00,         240954305,            493.35,   118874806371.75     
22 JUL 2026,INDHOTEL,EQ,THE INDIAN HOTELS CO. LTD,Listed    ,22 JUL 2026,               1.00,        1423432227,            724.85,  1031774849740.95  
22 JUL 2026,INDIACEM,EQ,THE INDIA CEMENTS LIMITED,Listed    ,22 JUL 2026,              10.00,         309897201,            409.65,   126949388389.65  
22 JUL 2026,INDIAGLYCO,EQ,INDIA GLYCOLS LTD        ,Listed    ,22 JUL 2026,               5.00,          67026765,           1140.55,    76447376820.75
22 JUL 2026,INDIAMART,EQ,INDIAMART INTERMESH LTD  ,Listed    ,22 JUL 2026,              10.00,          60143148,           1820.00,   109460529360.00 
22 JUL 2026,INDIANB,EQ,INDIAN BANK              ,Listed    ,22 JUL 2026,              10.00,        1346963981,            827.55,  1114680042476.55   
22 JUL 2026,INDIANCARD,EQ,INDIAN CARD CLOTHING CO. ,Listed    ,22 JUL 2026,              10.00,           5941120,            223.40,     1327365030.40
22 JUL 2026,INDIANHUME,EQ,INDIAN HUME PIPE CO. LTD.,Listed    ,22 JUL 2026,               2.00,          52681770,            382.10,    20129704317.00
22 JUL 2026,INDIASHLTR,EQ,INDIA SHELTER FIN CORP L ,Listed    ,22 JUL 2026,               5.00,         108785099,            770.55,    83824358034.45
22 JUL 2026,INDIFRA,SM,INDIFRA LIMITED          ,Listed    ,17 JUL 2026,              10.00,           7290000,             11.95,       87115500.00   
22 JUL 2026,INDIGO,EQ,INTERGLOBE AVIATION LTD  ,Listed    ,22 JUL 2026,              10.00,         386657498,           5117.00,  1978526417266.00    
22 JUL 2026,INDIGOPNTS,EQ,INDIGO PAINTS LIMITED    ,Listed    ,22 JUL 2026,              10.00,          47675662,           1064.80,    50765044897.60
22 JUL 2026,INDIGRID,IV,INDIGRID INFRASTRUCT TRST,Listed    ,22 JUL 2026,             100.00,         952564719,            179.50,   171004418354.90  
22 JUL 2026,INDIQUBE,EQ,INDIQUBE SPACES LIMITED  ,Listed    ,22 JUL 2026,               1.00,         211997634,            174.65,    37025386778.10  
22 JUL 2026,INDNIPPON,EQ,INDIA NIPPON ELECT  LTD  ,Listed    ,22 JUL 2026,               5.00,          22621424,           1213.70,    27455622308.80 
22 JUL 2026,INDOAMIN,BE,INDO AMINES LIMITED      ,Listed    ,22 JUL 2026,               5.00,          72587560,            131.85,     9571395661.60  
22 JUL 2026,INDOBORAX,EQ,INDO BORAX & CHEMICAL LTD,Listed    ,22 JUL 2026,               1.00,          32090000,            396.70,    12730103000.00 
22 JUL 2026,INDOCO,EQ,INDOCO REMEDIES LTD.     ,Listed    ,22 JUL 2026,               2.00,          92303605,            233.20,    21525200686.00    
22 JUL 2026,INDOFARM,EQ,INDO FARM EQUIPMENT LTD  ,Listed    ,22 JUL 2026,              10.00,          48051600,            156.15,     7503257340.00  
22 JUL 2026,INDORAMA,EQ,INDO RAMA SYNTHETICS LTD ,Listed    ,22 JUL 2026,              10.00,         261113151,             48.65,    12708377059.15  
22 JUL 2026,INDOSTAR,EQ,INDOSTAR CAPITAL FIN LTD ,Listed    ,22 JUL 2026,              10.00,         161616023,            265.35,    42884811703.05  
22 JUL 2026,INDOTECH,BE,INDO TECH TRANSFORM LTD. ,Listed    ,22 JUL 2026,              10.00,          10620000,           3412.90,    36244998000.00  
22 JUL 2026,INDOTHAI,EQ,INDO THAI SEC LTD        ,Listed    ,22 JUL 2026,               1.00,         128618190,            216.25,    27812397405.60  
22 JUL 2026,INDOUS,EQ,INDO US BIOTECH LTD      ,Listed    ,22 JUL 2026,              10.00,          20052000,             86.65,     1737505800.00    
22 JUL 2026,INDOWIND,BE,INDOWIND ENERGY LTD      ,Listed    ,22 JUL 2026,              10.00,         161002170,              9.25,     1492490115.90  
22 JUL 2026,INDPRUD,EQ,INDUSTRIAL & PRU INV CO L,Permitted ,21 JUL 2026,              10.00,           1675840,           6512.00,    10913070080.00   
22 JUL 2026,INDRAMEDCO,EQ,INDRAPRASTHA MEDICAL CORP,Listed    ,22 JUL 2026,              10.00,          91673000,            367.45,    33685243850.00
22 JUL 2026,INDSWFTLAB,EQ,IND SWIFT LABORATORIES LT,Listed    ,22 JUL 2026,              10.00,          86836558,            233.05,    20238996573.05
22 JUL 2026,INDTERRAIN,EQ,IND TERRAIN FASHIONS LTD ,Listed    ,22 JUL 2026,               2.00,          50667367,             28.85,     1460740190.60
22 JUL 2026,INDUSINDBK,EQ,INDUSIND BANK LIMITED    ,Listed    ,22 JUL 2026,              10.00,         779132752,           1069.30,   833126651713.60
22 JUL 2026,INDUSINVIT,IV,INDUS INFRA TRUST        ,Listed    ,22 JUL 2026,             100.00,         611005831,            130.50,    79724040828.90
22 JUL 2026,INDUSTOWER,EQ,INDUS TOWERS LIMITED     ,Listed    ,22 JUL 2026,              10.00,        2638162757,            394.85,  1041678564601.45
22 JUL 2026,INFINIUM,SM,INFINIUM PHARMACHEM LTD  ,Listed    ,22 JUL 2026,              10.00,          15583120,            209.50,     3264663640.00  
22 JUL 2026,INFLUX,SM,INFLUX HEALTHTECH LIMITED,Listed    ,22 JUL 2026,              10.00,          23150400,            290.10,     6715931040.00    
22 JUL 2026,INFOBEAN,EQ,INFOBEANS TECHNO. LTD.   ,Listed    ,22 JUL 2026,              10.00,          96959440,            158.05,    15324439492.00  
22 JUL 2026,INFOLLION,SM,INFOLLION RESEARCH SER L ,Listed    ,22 JUL 2026,              10.00,           9706759,            167.55,     1626367470.45 
22 JUL 2026,INFOMEDIA,EQ,INFOMEDIA PRESS LIMITED  ,Listed    ,22 JUL 2026,              10.00,          50194172,              5.60,      282091246.65 
22 JUL 2026,INFY,EQ,INFOSYS LIMITED          ,Listed    ,22 JUL 2026,               5.00,        4057255905,           1052.10,  4268638937650.50      
22 JUL 2026,INGERRAND,EQ,INGERSOLL-RAND INDIA LTD ,Listed    ,22 JUL 2026,              10.00,          31568000,           4540.40,   143331347200.00 
22 JUL 2026,INM,SM,INTERIORS & MORE LIMITED ,Listed    ,22 JUL 2026,              10.00,          13990800,            178.00,     2490362400.00       
22 JUL 2026,INNOMET,ST,INNOMET ADVANCED MATERI L,Listed    ,22 JUL 2026,              10.00,          12940138,            184.25,     2384220426.50   
22 JUL 2026,INNOVACAP,EQ,INNOVA CAPTAB LIMITED    ,Listed    ,22 JUL 2026,              10.00,          57224929,            974.10,    55742803338.90 
22 JUL 2026,INNOVANA,EQ,INNOVANA THINKLABS LTD   ,Listed    ,22 JUL 2026,              10.00,          20660000,            328.20,     6780612000.00  
22 JUL 2026,INNOVISION,EQ,INNOVISION LIMITED       ,Listed    ,22 JUL 2026,              10.00,          23813294,            286.10,     6812983413.40
22 JUL 2026,INOXGREEN,EQ,INOX GREEN ENERGY SER LTD,Listed    ,22 JUL 2026,              10.00,         401492045,            193.50,    77684695787.05 
22 JUL 2026,INOXINDIA,EQ,INOX INDIA LIMITED       ,Listed    ,22 JUL 2026,               2.00,          90763500,           2042.20,   185357219700.00 
22 JUL 2026,INOXWIND,EQ,INOX WIND LIMITED        ,Listed    ,22 JUL 2026,              10.00,        1728237822,             76.65,   132503993812.75  
22 JUL 2026,INSECTICID,EQ,INSECTICIDES (I) LTD     ,Listed    ,22 JUL 2026,              10.00,          29097837,            616.55,    17940271402.35
22 JUL 2026,INSPIRE,ST,INSPIRE FILMS LIMITED    ,Listed    ,22 JUL 2026,              10.00,          13609299,              8.65,      117720436.35   
22 JUL 2026,INSPIRISYS,BE,INSPIRISYS SOLUTIONS LTD ,Listed    ,22 JUL 2026,              10.00,          39616873,             98.65,     3907808352.70
22 JUL 2026,INTEGRITY,ST,INTEGRITY INFRABUILD DE L,Listed    ,22 JUL 2026,              10.00,           4400000,            160.00,      704000000.00 
22 JUL 2026,INTELLECT,EQ,INTELLECT DESIGN ARENA   ,Listed    ,22 JUL 2026,               5.00,         140010738,            738.40,   103383928939.20 
22 JUL 2026,INTENTECH,EQ,INTENSE TECHNOLOGIES LTD ,Listed    ,22 JUL 2026,               2.00,          23624449,             91.60,     2164235772.90 
22 JUL 2026,INTERARCH,EQ,INTERARCH BLDNG SOLTN LTD,Listed    ,22 JUL 2026,              10.00,          16771853,           1832.30,    30731066251.90 
22 JUL 2026,INTERISE,IV,INTERISE TRUST           ,Listed    ,16 SEP 2025,             100.00,        1042411177,            107.60,   112142594421.65  
22 JUL 2026,INTLCONV,EQ,INTL CONVEYORS LIMITED   ,Listed    ,22 JUL 2026,               1.00,          63781000,             76.60,     4886900220.00  
22 JUL 2026,INVENTURE,EQ,INVENTURE GRO & SEC LTD  ,Listed    ,22 JUL 2026,               1.00,        1050000000,              0.90,      945000000.00 
22 JUL 2026,INVICTA,ST,INVICTA DIAGNOSTIC LTD   ,Listed    ,22 JUL 2026,              10.00,          12571973,             67.95,      854265565.35   
22 JUL 2026,INVPRECQ,EQ,INVESTMENT & PREC CAST L ,Permitted ,22 JUL 2026,              10.00,          10000000,            923.60,     9236000000.00  
22 JUL 2026,IOB,EQ,INDIAN OVERSEAS BANK     ,Listed    ,22 JUL 2026,              10.00,       19256589795,             34.60,   666085441009.05       
22 JUL 2026,IOC,EQ,INDIAN OIL CORP LTD      ,Listed    ,22 JUL 2026,              10.00,       14121238383,            142.05,  2005639487537.50       
22 JUL 2026,IOLCP,EQ,IOL CHEM AND PHARMA LTD  ,Listed    ,22 JUL 2026,               2.00,         293527510,            148.25,    43509582807.30     
22 JUL 2026,IONEXCHANG,EQ,ION EXCHANGE (INDIA) LTD ,Listed    ,22 JUL 2026,               1.00,         146666590,            424.75,    62296634102.50
22 JUL 2026,IPCALAB,EQ,IPCA LABORATORIES LTD    ,Listed    ,22 JUL 2026,               1.00,         253704218,           1788.50,   453749993893.00   
22 JUL 2026,IPHL,SM,INDIAN PHOSPHATE LIMITED ,Listed    ,22 JUL 2026,              10.00,          24989609,             57.90,     1446898361.10      
22 JUL 2026,IPL,EQ,INDIA PESTICIDES LIMITED ,Listed    ,22 JUL 2026,               1.00,         115163508,            151.10,    17398902788.65       
22 JUL 2026,IPSL,SM,INTEGRATED PERSO SER LTD ,Listed    ,16 JUL 2026,              10.00,           8606510,            230.00,     1979497300.00      
22 JUL 2026,IRB,EQ,IRB INFRA DEV LTD.       ,Listed    ,22 JUL 2026,               1.00,       12078000000,             19.85,   239748300000.00       
22 JUL 2026,IRBINVIT,IV,IRB INVIT FUND           ,Listed    ,22 JUL 2026,             102.00,        1281600000,             63.00,    80727984000.00  
22 JUL 2026,IRBIT,IV,IRB INFRASTRUCTURE TRUST ,Listed    ,13 JUN 2024,             100.00,        1172093265,            214.25,   251097540160.95     
22 JUL 2026,IRCON,EQ,IRCON INTERNATIONAL LTD  ,Listed    ,22 JUL 2026,               2.00,         940515740,            127.15,   119605386655.80     
22 JUL 2026,IRCTC,EQ,INDIAN RAIL TOUR CORP LTD,Listed    ,22 JUL 2026,               2.00,         800000000,            494.05,   395240000000.00     
22 JUL 2026,IREDA,EQ,INDIAN RENEWABLE ENERGY  ,Listed    ,22 JUL 2026,              10.00,        2809231268,            119.70,   336208798154.25     
22 JUL 2026,IRFC,EQ,INDIAN RAILWAY FIN CORP L,Listed    ,22 JUL 2026,              10.00,       13068506000,             87.40,  1142056739340.00      
22 JUL 2026,IRIS,EQ,IRIS REGTECH SOLUTION LTD,Listed    ,22 JUL 2026,              10.00,          20568247,            237.45,     4883930250.15      
22 JUL 2026,IRISDOREME,EQ,IRIS CLOTHINGS LIMITED   ,Listed    ,22 JUL 2026,               2.00,         190331470,             46.70,     8884673019.60
22 JUL 2026,IRMENERGY,EQ,IRM ENERGY LIMITED       ,Listed    ,22 JUL 2026,              10.00,          41059677,            256.55,    10533860134.35 
22 JUL 2026,ISFT,EQ,INTRASOFT TECH. LTD      ,Listed    ,22 JUL 2026,              10.00,          16311678,             72.15,     1177050684.50      
22 JUL 2026,ISGEC,EQ,ISGEC HEAVY ENG LTD      ,Listed    ,22 JUL 2026,               1.00,          73529510,            873.50,    64228026985.00     
22 JUL 2026,ISHAN,SM,ISHAN INTERNATIONAL LTD  ,Listed    ,22 JUL 2026,               1.00,         216235290,              0.50,      108117645.00     
22 JUL 2026,ISHANCH,EQ,ISHAN DYES N CHEMICALS L ,Listed    ,22 JUL 2026,              10.00,          27304397,             54.85,     1497919219.40   
22 JUL 2026,ITALIANE,SM,ITALIAN EDIBLES LIMITED  ,Listed    ,21 JUL 2026,              10.00,          14777151,             33.00,      487645983.00  
22 JUL 2026,ITC,EQ,ITC LTD                  ,Listed    ,22 JUL 2026,               1.00,       12529468232,            280.80,  3518274679545.60       
22 JUL 2026,ITCHOTELS,EQ,ITC HOTELS LIMITED       ,Listed    ,22 JUL 2026,               1.00,        2082976309,            163.85,   341254008703.45 
22 JUL 2026,ITDC,EQ,INDIA TOUR. DEV. CO. LTD.,Listed    ,22 JUL 2026,              10.00,          85769400,            750.15,    64339915410.00      
22 JUL 2026,ITI,EQ,ITI LTD                  ,Listed    ,22 JUL 2026,              10.00,         962851967,            280.65,   270224404538.55       
22 JUL 2026,ITTL,ST,INNOVATIVE TYRE & TUBE LT,Listed    ,22 JUL 2026,              10.00,          10000000,             72.05,      720500000.00      
22 JUL 2026,IVALUE,EQ,IVALUE INFOSOLUTIONS LTD ,Listed    ,22 JUL 2026,               2.00,          54630380,            283.95,    15512296401.00    
22 JUL 2026,IVC,EQ,IL&FS INVESTMENT MANAGERS,Listed    ,22 JUL 2026,               2.00,         314032740,              8.25,     2593910432.40       
22 JUL 2026,IVP,BE,IVP LIMITED              ,Listed    ,22 JUL 2026,              10.00,          10326263,            156.80,     1619364563.65       
22 JUL 2026,IWARE,ST,IWARE SUPPLYCHAIN SER LTD,Listed    ,22 JUL 2026,              10.00,          10716000,            503.05,     5390683800.00     
22 JUL 2026,IWP,EQ,INDIAN WOOD PRODUCTS CO L,Permitted ,22 JUL 2026,               2.00,          63972720,             33.55,     2145005301.60       
22 JUL 2026,IXIGO,EQ,LE TRAVENUES TECHNOLOGY L,Listed    ,22 JUL 2026,               1.00,         438669111,            191.35,    83948107772.05     
22 JUL 2026,IZMO,EQ,IZMO LIMITED             ,Listed    ,22 JUL 2026,              10.00,          14962576,           1084.10,    16220928641.60      
22 JUL 2026,J&KBANK,EQ,J & K BANK LTD.          ,Listed    ,22 JUL 2026,               1.00,        1101182463,            179.80,   198014630496.65   
22 JUL 2026,JAGRAN,EQ,JAGRAN PRAKASHAN LIMITED ,Listed    ,22 JUL 2026,               2.00,         217654272,             63.05,    13718748764.15    
22 JUL 2026,JAGSNPHARM,EQ,JAGSONPAL PHARMACEUTICALS,Listed    ,22 JUL 2026,               2.00,          65835470,            220.20,    14495653784.60
22 JUL 2026,JAIBALAJI,BE,JAI BALAJI INDUSTRIES LTD,Listed    ,22 JUL 2026,               2.00,         912256930,             61.45,    56058188348.50 
22 JUL 2026,JAICORPLTD,EQ,JAI CORP LIMITED         ,Listed    ,22 JUL 2026,               1.00,         175504995,            102.05,    17908529689.80
22 JUL 2026,JAINAM,SM,JAINAM FER ALLOYS (I) LTD,Listed    ,16 JUL 2026,              10.00,          11711200,            247.00,     2892666400.00    
22 JUL 2026,JAINIK,SM,JAINIK POWER CABLES LTD  ,Listed    ,22 JUL 2026,              10.00,          14347700,            186.00,     2668672200.00    
22 JUL 2026,JAINREC,EQ,JAIN RESOURCE RECYCLING L,Listed    ,22 JUL 2026,               2.00,         345085814,            335.90,   115914324922.60   
22 JUL 2026,JAIPURKURT,EQ,NANDANI CREATION LIMITED ,Listed    ,22 JUL 2026,              10.00,          19090714,             27.25,      519840142.20
22 JUL 2026,JAKHARIA,ST,JAKHARIA FABRIC LIMITED  ,Listed    ,16 OCT 2025,              10.00,          12191490,             60.50,      737585145.00  
22 JUL 2026,JALAN,ST,JALAN TRANSOLU. INDIA LTD,Listed    ,22 JUL 2026,              10.00,          14537220,              1.75,       25440135.00     
22 JUL 2026,JAMNAAUTO,EQ,JAMNA AUTO IND LTD       ,Listed    ,22 JUL 2026,               1.00,         399786635,            131.95,    52743850755.55 
22 JUL 2026,JARO,EQ,JARO INS OF TEC MG N RE L,Listed    ,22 JUL 2026,              10.00,          22270387,            476.50,    10611839405.50      
22 JUL 2026,JASH,EQ,JASH ENGINEERING LIMITED ,Listed    ,22 JUL 2026,               2.00,          63193720,            506.50,    32007619180.00      
22 JUL 2026,JAYAGROGN,EQ,JAYANT AGRO ORGANICS LTD ,Listed    ,22 JUL 2026,               5.00,          30000000,            220.30,     6608400000.00 
22 JUL 2026,JAYBARMARU,EQ,JAY BHARAT MARUTI LTD    ,Listed    ,22 JUL 2026,               2.00,         108250000,            168.05,    18193577500.00
22 JUL 2026,JAYBEE,SM,JAY BEE LAMINATIONS LTD  ,Listed    ,22 JUL 2026,              10.00,          22567600,             89.55,     2020928580.00    
22 JUL 2026,JAYESH,SM,JAYESH LOGISTICS LIMITED ,Listed    ,22 JUL 2026,              10.00,           8691449,            130.00,     1129888370.00    
22 JUL 2026,JAYKAY,EQ,JAYKAY ENTERPRISES LTD   ,Listed    ,22 JUL 2026,               1.00,         130287066,            166.15,    21648498886.55    
22 JUL 2026,JAYNECOIND,EQ,JAYASWAL NECO INDUSTR LTD,Listed    ,22 JUL 2026,              10.00,         970998244,             83.95,    81534722548.70
22 JUL 2026,JAYSREETEA,EQ,JAYSHREE TEA & INDUSTRIES,Listed    ,22 JUL 2026,               5.00,          28877488,             81.10,     2341386727.05
22 JUL 2026,JBMA,EQ,JBM AUTO LIMITED         ,Listed    ,22 JUL 2026,               1.00,         236494264,            672.65,   159077866679.60      
22 JUL 2026,JETFREIGHT,EQ,JET FREIGHT LOGISTICS LTD,Listed    ,22 JUL 2026,               5.00,          46403784,             23.35,     1084456432.10
22 JUL 2026,JETKNIT,ST,JET KNITWEARS LTD.       ,Listed    ,17 JUL 2026,              10.00,           4083200,             62.45,      254995840.00   
22 JUL 2026,JEYYAM,ST,JEYYAM GLOBAL FOODS LTD  ,Listed    ,22 JUL 2026,               5.00,          47496756,             25.65,     1218291791.40    
22 JUL 2026,JFLLIFE,SM,JFL LIFE SCIENCES LIMITED,Listed    ,22 JUL 2026,              10.00,          65990646,             10.35,      683003186.10   
22 JUL 2026,JGCHEM,EQ,J.G.CHEMICALS LIMITED    ,Listed    ,22 JUL 2026,              10.00,          39186063,            484.45,    18983688220.35    
22 JUL 2026,JHS,EQ,JHS SVEND. LAB. LTD      ,Listed    ,22 JUL 2026,              10.00,          87405767,              7.25,      632817753.10       
22 JUL 2026,JINDALPHOT,EQ,JINDAL PHOTO LIMITED     ,Listed    ,22 JUL 2026,              10.00,          10258326,           1061.40,    10888187216.40
22 JUL 2026,JINDALPOLY,EQ,JINDAL POLY FILMS LIMITED,Listed    ,22 JUL 2026,              10.00,          43786413,            647.65,    28358270379.45
22 JUL 2026,JINDALSAW,EQ,JINDAL SAW LIMITED       ,Listed    ,22 JUL 2026,               1.00,         639508234,            265.15,   169565608245.10 
22 JUL 2026,JINDALSTEL,EQ,JINDAL STEEL LIMITED     ,Listed    ,22 JUL 2026,               1.00,        1020088097,           1045.00,  1065992061365.00
22 JUL 2026,JINDRILL,EQ,JINDAL DRILLING IND. LTD ,Listed    ,22 JUL 2026,               5.00,          28981104,            590.00,    17098851360.00  
22 JUL 2026,JINDWORLD,EQ,JINDAL WORLDWIDE LTD     ,Listed    ,22 JUL 2026,               1.00,        1002602000,             37.15,    37246664300.00 
22 JUL 2026,JIOFIN,EQ,JIO FIN SERVICES LTD     ,Listed    ,22 JUL 2026,              10.00,        6603141623,            234.80,  1550417653080.40    
22 JUL 2026,JISLDVREQS,EQ,JAIN DVR EQUITY SHARES   ,Listed    ,22 JUL 2026,               2.00,          19294304,             21.45,      413669877.75
22 JUL 2026,JISLJALEQS,EQ,JAIN IRRIGATION SYSTEMS  ,Listed    ,22 JUL 2026,               2.00,         714609991,             30.10,    21502614629.20
22 JUL 2026,JITFINFRA,EQ,JITF INFRALOGISTICS LTD  ,Listed    ,22 JUL 2026,               2.00,          25703706,            372.10,     9564349002.60 
22 JUL 2026,JIWANRAM,SM,JIWANRAM SHEODUTTRA IND L,Listed    ,22 JUL 2026,              10.00,          24748225,              5.10,      126215947.50  
22 JUL 2026,JKCEMENT,EQ,JK CEMENT LIMITED        ,Listed    ,22 JUL 2026,              10.00,          77268251,           5762.00,   445219662262.00  
22 JUL 2026,JKIL,EQ,JKUMAR INFR.LTD.         ,Listed    ,22 JUL 2026,               5.00,          75665506,            485.90,    36765869365.40      
22 JUL 2026,JKIPL,BE,JINKUSHAL INDUSTRIES LTD ,Listed    ,22 JUL 2026,              10.00,          38386000,             96.75,     3714613220.00     
22 JUL 2026,JKLAKSHMI,EQ,JK LAKSHMI CEMENT LTD    ,Listed    ,22 JUL 2026,               5.00,         124144426,            580.00,    72003767080.00 
22 JUL 2026,JKPAPER,EQ,JK PAPER LIMITED         ,Listed    ,22 JUL 2026,              10.00,         181318771,            389.30,    70587397550.30   
22 JUL 2026,JKTYRE,EQ,JK TYRE & INDUSTRIES LTD ,Listed    ,22 JUL 2026,               2.00,         288289511,            391.15,   112764442227.65    
22 JUL 2026,JLHL,EQ,JUPITER LIFE LINE HOSP L ,Listed    ,22 JUL 2026,              10.00,          65566022,           1561.00,   102348560342.00      
22 JUL 2026,JMA,EQ,JULLUNDUR MOT AGENCY LTD ,Listed    ,22 JUL 2026,               2.00,          22841054,             88.50,     2021890100.10       
22 JUL 2026,JMFINANCIL,EQ,JM FINANCIAL LIMITED     ,Listed    ,22 JUL 2026,               1.00,         956466194,            124.40,   118974829871.65
22 JUL 2026,JNKINDIA,EQ,JNK INDIA LIMITED        ,Listed    ,22 JUL 2026,               2.00,          55953915,            473.75,    26508167231.25  
22 JUL 2026,JOCIL,BE,JOCIL LIMITED            ,Listed    ,22 JUL 2026,              10.00,           8881150,            140.15,     1244781984.00     
22 JUL 2026,JPOLYINVST,EQ,JIND POL INV & FIN CO LTD,Listed    ,22 JUL 2026,              10.00,          10511929,           1062.30,    11166822176.70
22 JUL 2026,JPPOWER,EQ,JAIPRAKASH POWER VEN. LTD,Listed    ,22 JUL 2026,              10.00,        6853458827,             17.35,   119044579825.00   
22 JUL 2026,JSFB,EQ,JANA SMALL FIN BANK LTD  ,Listed    ,22 JUL 2026,              10.00,         105341046,            552.25,    58174592653.50      
22 JUL 2026,JSL,EQ,JINDAL STAINLESS LIMITED ,Listed    ,22 JUL 2026,               2.00,         824419588,            738.40,   608751423779.20       
22 JUL 2026,JSLL,EQ,JEENA SIKHO LIFECARE LTD ,Listed    ,22 JUL 2026,               2.00,         124300730,            559.35,    69527613325.50      
22 JUL 2026,JSWCEMENT,EQ,JSW CEMENT LIMITED       ,Listed    ,22 JUL 2026,              10.00,        1363364936,            137.30,   187176372063.45 
22 JUL 2026,JSWDULUX,EQ,JSW DULUX LIMITED        ,Listed    ,22 JUL 2026,              10.00,          45540314,           3055.30,   139139321364.20  
22 JUL 2026,JSWENERGY,EQ,JSW ENERGY LIMITED       ,Listed    ,22 JUL 2026,              10.00,        1833482736,            561.70,  1029867252811.20 
22 JUL 2026,JSWHL,EQ,JSW HOLDINGS LIMITED     ,Listed    ,22 JUL 2026,              10.00,          11099625,          10915.00,   121152406875.00     
22 JUL 2026,JSWINFRA,EQ,JSW INFRASTRUCTURE LTD   ,Listed    ,22 JUL 2026,               2.00,        2100001567,            330.00,   693000517110.00  
22 JUL 2026,JSWSTEEL,EQ,JSW STEEL LIMITED        ,Listed    ,22 JUL 2026,               1.00,        2445453966,           1266.90,  3098145629525.40  
22 JUL 2026,JTEKTINDIA,EQ,JTEKT INDIA LIMITED      ,Listed    ,22 JUL 2026,               1.00,         277396890,            132.05,    36627485355.60
22 JUL 2026,JTLIND,EQ,JTL INDUSTRIES LIMITED   ,Listed    ,22 JUL 2026,               1.00,         393081630,             73.05,    28714613071.50    
22 JUL 2026,JUBLCPL,EQ,JUBILANT AGRI N CON PRO L,Listed    ,22 JUL 2026,              10.00,          15152493,           1882.70,    28527598571.10   
22 JUL 2026,JUBLFOOD,EQ,JUBILANT FOODWORKS LTD   ,Listed    ,22 JUL 2026,               2.00,         659845200,            417.20,   275287417440.00  
22 JUL 2026,JUBLINGREA,EQ,JUBILANT INGREVIA LIMITED,Listed    ,22 JUL 2026,               1.00,         159281139,            743.75,   118465347131.25
22 JUL 2026,JUBLPHARMA,EQ,JUBILANT PHARMOVA LTD    ,Listed    ,22 JUL 2026,               1.00,         159281139,            989.00,   157529046471.00
22 JUL 2026,JUNIPER,EQ,JUNIPER HOTELS LIMITED   ,Listed    ,22 JUL 2026,              10.00,         222502384,            192.40,    42811683705.45   
22 JUL 2026,JUSTDIAL,EQ,JUSTDIAL LTD.            ,Listed    ,22 JUL 2026,              10.00,          85049032,            722.95,    61486197684.40  
22 JUL 2026,JWL,EQ,JUPITER WAGONS LIMITED   ,Listed    ,22 JUL 2026,              10.00,         427370389,            246.65,   105410906446.85       
22 JUL 2026,JYOTHYLAB,EQ,JYOTHY LABS LIMITED      ,Listed    ,22 JUL 2026,               1.00,         367214511,            200.65,    73685263777.25 
22 JUL 2026,JYOTICNC,EQ,JYOTI CNC AUTOMATION LTD ,Listed    ,22 JUL 2026,               2.00,         227423096,            790.85,   179857555471.60  
22 JUL 2026,JYOTIGLOBL,SM,JYOTI GLOBAL PLAST LTD   ,Listed    ,22 JUL 2026,              10.00,          19820000,             39.00,      772980000.00
22 JUL 2026,JYOTISTRUC,EQ,JYOTI STRUCTURES LTD     ,Listed    ,22 JUL 2026,               2.00,        1193659937,             10.75,    12819907723.40
22 JUL 2026,K2INFRA,ST,K2 INFRAGEN LIMITED      ,Listed    ,22 JUL 2026,              10.00,          12618394,             59.45,      750163523.30   
22 JUL 2026,KABRAEXTRU,EQ,KABRA EXTRUSION TECHNIK L,Listed    ,22 JUL 2026,               5.00,          34972836,            341.00,    11925737076.00
22 JUL 2026,KAJARIACER,EQ,KAJARIA CERAMICS LTD     ,Listed    ,22 JUL 2026,               1.00,         159272290,           1229.60,   195841207784.00
22 JUL 2026,KAKATCEM,BE,KAKATIYA CEM SUGAR &IND L,Listed    ,22 JUL 2026,              10.00,           7773858,            121.60,      945301132.80  
22 JUL 2026,KALAMANDIR,EQ,SAI SILKS (KALAMANDIR) L ,Listed    ,22 JUL 2026,               2.00,         153366112,             86.60,    13283038960.30
22 JUL 2026,KALANA,SM,KALANA ISPAT LIMITED     ,Listed    ,22 JUL 2026,              10.00,          13039185,             19.90,      259479781.50    
22 JUL 2026,KALPATARU,EQ,KALPATARU LIMITED        ,Listed    ,22 JUL 2026,              10.00,         205913993,            273.35,    56286589986.55 
22 JUL 2026,KALYANI,BE,KALYANI COMMERCIALS LTD  ,Listed    ,04 JUL 2025,              10.00,           1000000,            138.10,      138090000.00   
22 JUL 2026,KALYANIFRG,EQ,KALYANI FORGE LIMITED    ,Listed    ,22 JUL 2026,              10.00,           3638000,            609.40,     2216997200.00
22 JUL 2026,KALYANKJIL,EQ,KALYAN JEWELLERS IND LTD ,Listed    ,22 JUL 2026,              10.00,        1032740207,            596.10,   615616437392.70
22 JUL 2026,KAMAHOLD,EQ,KAMA HOLDINGS LTD.       ,Permitted ,22 JUL 2026,              10.00,          32090575,           2640.40,    84731954230.00  
22 JUL 2026,KAMATHOTEL,EQ,KAMAT HOTELS (I) LTD     ,Listed    ,22 JUL 2026,              10.00,          29480072,            167.75,     4945282078.00
22 JUL 2026,KAMDHENU,BE,KAMDHENU LIMITED         ,Listed    ,22 JUL 2026,               1.00,         281883000,             33.75,     9516370080.00  
22 JUL 2026,KAMOPAINTS,EQ,KAMDHENU VENTURES LIMITED,Listed    ,22 JUL 2026,               1.00,         329000000,              4.50,     1487080000.00
22 JUL 2026,KANANIIND,EQ,KANANI INDUSTRIES LTD    ,Listed    ,22 JUL 2026,               1.00,         197868000,              1.50,      296802000.00 
22 JUL 2026,KANCHI,BE,KANCHI KARPOORAM LTD.    ,Permitted ,22 JUL 2026,              10.00,           4343891,            368.55,     1600941028.05    
22 JUL 2026,KANDARP,SM,KANDARP DG SMART BPO LTD ,Listed    ,22 JUL 2026,              10.00,           8973000,             95.60,      857818800.00   
22 JUL 2026,KANORICHEM,BE,KANORIACHEMICALS-        ,Listed    ,22 JUL 2026,               5.00,          43693333,            153.35,     6699935682.20
22 JUL 2026,KANPRPLA,EQ,KANPUR PLASTIPACK LIMITED,Listed    ,22 JUL 2026,              10.00,          24478958,            201.00,     4920760137.15  
22 JUL 2026,KANSAINER,EQ,KANSAI NEROLAC PAINTS LTD,Listed    ,22 JUL 2026,               1.00,         808714470,            198.90,   160869482372.40 
22 JUL 2026,KAPSTON,EQ,KAPSTON SERVICES LIMITED ,Listed    ,22 JUL 2026,               5.00,          30432183,            464.45,    14134227394.35   
22 JUL 2026,KARMAENG,EQ,KARMA ENERGY LIMITED     ,Listed    ,22 JUL 2026,              10.00,          11569918,             38.10,      440698176.60  
22 JUL 2026,KARNIKA,SM,KARNIKA INDUSTRIES LTD   ,Listed    ,22 JUL 2026,              10.00,          61997500,            116.90,     7247507750.00   
22 JUL 2026,KARURVYSYA,EQ,KARUR VYSYA BANK LTD     ,Listed    ,22 JUL 2026,               2.00,         966493959,            339.15,   327786426194.85
22 JUL 2026,KATARIA,SM,KATARIA INDUSTRIES LTD   ,Listed    ,22 JUL 2026,              10.00,          21531234,            101.00,     2174654634.00   
22 JUL 2026,KAUSHALYA,BE,KAUSHALYA INFRA DEV LTD. ,Listed    ,22 JUL 2026,            1000.00,            346306,            893.45,      309407095.70 
22 JUL 2026,KAVDEFENCE,EQ,KAVVERI DFS & WIR TEC LTD,Listed    ,22 JUL 2026,              10.00,          60124260,             57.70,     3470372287.20
22 JUL 2026,KAYA,EQ,KAYA LIMITED             ,Listed    ,22 JUL 2026,              10.00,          15187609,            266.30,     4044764028.90      
22 JUL 2026,KAYNES,EQ,KAYNES TECHNOLOGY IND LTD,Listed    ,22 JUL 2026,              10.00,          67034654,           3252.40,   218023508669.60    
22 JUL 2026,KAYTEX,SM,KAYTEX FABRICS LIMITED   ,Listed    ,22 JUL 2026,              10.00,          14699200,             59.50,      874602400.00    
22 JUL 2026,KCEIL,ST,KAY CEE ENERGY & INFRA L ,Listed    ,22 JUL 2026,              10.00,          12224000,             92.40,     1129497600.00     
22 JUL 2026,KCK,SM,KCK INDUSTRIES LTD       ,Listed    ,22 JUL 2026,               2.00,          63601700,             16.15,     1027167455.00       
22 JUL 2026,KCP,EQ,KCP LTD                  ,Listed    ,22 JUL 2026,               1.00,         128921160,            170.10,    21926910892.80       
22 JUL 2026,KCPSUGIND,EQ,KCP SUGAR IND CORP LTD.  ,Listed    ,22 JUL 2026,               1.00,         113385050,             25.05,     2841429353.00 
22 JUL 2026,KDDL,EQ,KDDL LIMITED             ,Listed    ,22 JUL 2026,              10.00,          12299280,           3097.60,    38098249728.00      
22 JUL 2026,KDL,SM,KORE DIGITAL LIMITED     ,Listed    ,22 JUL 2026,              10.00,          12024000,            112.60,     1353902400.00       
22 JUL 2026,KEC,EQ,KEC INTL. LIMITED        ,Listed    ,22 JUL 2026,               2.00,         266200000,            479.60,   127669520000.00       
22 JUL 2026,KECL,BE,KIRLOSKAR ELECTRIC CO LTD,Listed    ,22 JUL 2026,              10.00,          66414071,            127.15,     8444549127.65      
22 JUL 2026,KEEPLEARN,EQ,DSJ KEEP LEARNING LTD    ,Listed    ,22 JUL 2026,               1.00,         155712083,              1.75,      272496145.25 
22 JUL 2026,KEI,EQ,KEI INDUSTRIES LTD.      ,Listed    ,22 JUL 2026,               2.00,          95600595,           4971.00,   475230557745.00       
22 JUL 2026,KEL,SM,KUNDAN EDIFICE LIMITED   ,Listed    ,21 JUL 2026,              10.00,          10272000,             80.00,      821760000.00       
22 JUL 2026,KELLTONTEC,EQ,KELLTON TECH SOL LTD     ,Listed    ,22 JUL 2026,               1.00,         527804670,             14.50,     7653167715.00
22 JUL 2026,KEN,SM,KEN ENTERPRISES LIMITED  ,Listed    ,21 JUL 2026,              10.00,          24565480,             36.45,      895411746.00       
22 JUL 2026,KENNAMET,EQ,KENNAMETAL INDIA LIMITED ,Permitted ,22 JUL 2026,              10.00,          21978240,           2751.60,    60475325184.00  
22 JUL 2026,KERNEX,EQ,KERNEX MICROSYS(I) LTD   ,Listed    ,22 JUL 2026,              10.00,          16802422,           2195.60,    36891397743.20    
22 JUL 2026,KESORAMIND,BE,KESORAM INDUSTRIES LTD   ,Listed    ,22 JUL 2026,              10.00,         310663663,             12.10,     3755923685.65
22 JUL 2026,KEYFINSERV,EQ,KEYNOTE FIN SERV LTD.    ,Listed    ,22 JUL 2026,              10.00,           5566637,            262.25,     1459906219.60
22 JUL 2026,KFINTECH,EQ,KFIN TECHNOLOGIES LIMITED,Listed    ,22 JUL 2026,              10.00,         172827638,            880.20,   152122886967.60  
22 JUL 2026,KHADIM,BE,KHADIM INDIA LIMITED     ,Listed    ,22 JUL 2026,              10.00,          18378382,             94.65,     1739330072.50    
22 JUL 2026,KHAICHEM,BE,KHAITAN CHEM & FERT LTD  ,Listed    ,22 JUL 2026,               1.00,          96989200,             48.00,     4655481600.00  
22 JUL 2026,KHAITANLTD,BE,KHAITAN (INDIA)LTD.      ,Listed    ,22 JUL 2026,              10.00,           4750000,            129.50,      615125000.00
22 JUL 2026,KHANDSE,EQ,KHANDWALA SECURITIES LTD ,Listed    ,22 JUL 2026,              10.00,          15253805,             17.50,      266789049.45   
22 JUL 2026,KHFM,SM,KHFM HOS FAC MANA SER LTD,Listed    ,22 JUL 2026,              10.00,          23110499,             47.00,     1086193453.00      
22 JUL 2026,KICL,EQ,KALYANI INVEST CO LTD    ,Listed    ,22 JUL 2026,              10.00,           4365306,           5469.50,    23876041167.00      
22 JUL 2026,KILITCH,BE,KILITCH DRUGS INDIA LTD  ,Listed    ,22 JUL 2026,              10.00,          34961564,            178.20,     6229451473.50   
22 JUL 2026,KIMS,EQ,KRISHNA INST OF MED SCI L,Listed    ,22 JUL 2026,               2.00,         420006484,            784.45,   329474086373.80      
22 JUL 2026,KINGFA,EQ,KINGFA SCI & TEC IND LTD.,Listed    ,22 JUL 2026,              10.00,          13551381,           5068.00,    68678398908.00    
22 JUL 2026,KIOCL,EQ,KIOCL LIMITED            ,Listed    ,22 JUL 2026,              10.00,         607751096,            357.10,   217027916381.60     
22 JUL 2026,KIRANVYPAR,EQ,KIRAN VYAPAR LTD.        ,Permitted ,22 JUL 2026,              10.00,          27284211,            196.35,     5357527671.95
22 JUL 2026,KIRIINDUS,EQ,KIRI INDUSTRIES LIMITED  ,Listed    ,22 JUL 2026,              10.00,          65168000,            402.00,    26197536000.00 
22 JUL 2026,KIRLFER,EQ,KIRLOSKAR FERROUS IND LTD,Permitted ,22 JUL 2026,               5.00,         164921643,            470.00,    77513172210.00   
22 JUL 2026,KIRLOSBROS,EQ,KIRLOSKAR BROTHERS LTD   ,Listed    ,22 JUL 2026,               2.00,          79408926,           1876.80,   149034672316.80
22 JUL 2026,KIRLOSENG,EQ,KIRLOSKAR OIL ENG LTD    ,Listed    ,22 JUL 2026,               2.00,         145379944,           2187.90,   318076779477.60 
22 JUL 2026,KIRLOSIND,EQ,KIRLOSKAR INDUSTRIES LTD ,Listed    ,22 JUL 2026,              10.00,          10509372,           3784.20,    39769565522.40 
22 JUL 2026,KIRLPNU,EQ,KIRLOSKAR PNEUMATIC COM L,Listed    ,22 JUL 2026,               2.00,          64958190,           1598.70,   103848658353.00   
22 JUL 2026,KISSHT,EQ,ONEMI TECHNOLOGY SOL LTD ,Listed    ,22 JUL 2026,               1.00,         168483022,            339.05,    57124168609.10    
22 JUL 2026,KITEX,EQ,KITEX GARMENTS LTD       ,Listed    ,22 JUL 2026,               1.00,         199500000,            145.20,    28965405000.00     
22 JUL 2026,KKCL,EQ,KEWAL KIRAN CLOTHING LTD ,Listed    ,22 JUL 2026,              10.00,          61625185,            499.90,    30806429981.50      
22 JUL 2026,KKJEWELS,SM,KABRA JEWELS LIMITED     ,Listed    ,21 JUL 2026,              10.00,          10485000,            109.50,     1148107500.00  
22 JUL 2026,KKVAPOW,SM,KKV AGRO POWERS LTD.     ,Listed    ,17 JUL 2026,              10.00,            623562,            499.35,      311375684.70   
22 JUL 2026,KLBRENG-B,EQ,KILBURN ENGINEERING LTD. ,Permitted ,22 JUL 2026,              10.00,          52312858,            443.65,    23208599451.70 
22 JUL 2026,KLL,SM,KAUSHALYA LOGISTICS LTD  ,Listed    ,22 JUL 2026,              10.00,          18530000,             29.00,      537370000.00       
22 JUL 2026,KMEW,EQ,KNOWLEDGE MARINE & EN W L,Listed    ,22 JUL 2026,               5.00,          24444108,           2426.70,    59318516883.60      
22 JUL 2026,KMSUGAR,EQ,K M SUGAR MILLS LTD      ,Listed    ,22 JUL 2026,               2.00,          92000170,             28.65,     2636724872.20   
22 JUL 2026,KNACK,EQ,KNACK PACKAGING LIMITED  ,Listed    ,22 JUL 2026,              10.00,         122365164,            190.40,    23299550877.25     
22 JUL 2026,KNAGRI,EQ,KN AGRI RESOURCES LIMITED,Listed    ,22 JUL 2026,              10.00,          24998910,            208.75,     5218772451.60    
22 JUL 2026,KNRCON,EQ,KNR CONSTRU LTD.         ,Listed    ,22 JUL 2026,               2.00,         281234600,            121.60,    34195315014.00    
22 JUL 2026,KODYTECH,SM,KODY TECHNOLAB LIMITED   ,Listed    ,22 JUL 2026,              10.00,          14293460,           1204.25,    17212899205.00  
22 JUL 2026,KOHINOOR,EQ,KOHINOOR FOODS LIMITED   ,Listed    ,22 JUL 2026,              10.00,          37071530,             23.50,      871922385.60  
22 JUL 2026,KOKUYOCMLN,EQ,KOKUYO CAMLIN LIMITED    ,Listed    ,22 JUL 2026,               1.00,         100303806,             85.35,     8558923766.00
22 JUL 2026,KOLTEPATIL,EQ,KOLTE PATIL DEV. LTD.    ,Listed    ,22 JUL 2026,              10.00,          88680094,            386.05,    34234950288.70
22 JUL 2026,KONSTELEC,ST,KONSTELEC ENGINEERS LTD  ,Listed    ,22 JUL 2026,              10.00,          15100000,             59.95,      905245000.00 
22 JUL 2026,KONTOR,SM,KONTOR SPACE LIMITED     ,Listed    ,21 JUL 2026,              10.00,           6180000,             59.60,      368328000.00    
22 JUL 2026,KOPRAN,BE,KOPRAN LTD               ,Listed    ,22 JUL 2026,              10.00,          48287601,            201.35,     9723191337.35    
22 JUL 2026,KORE,SM,JAY JALARAM TECHNO LTD   ,Listed    ,22 JUL 2026,              10.00,          12125000,            164.00,     1988500000.00      
22 JUL 2026,KOTAKBANK,EQ,KOTAK MAHINDRA BANK LTD  ,Listed    ,22 JUL 2026,               1.00,        9946508970,            381.15,  3791111893915.50 
22 JUL 2026,KOTARISUG,EQ,KOTHARI SUG & CHEM LTD.  ,Listed    ,22 JUL 2026,              10.00,          82888580,             24.45,     2025796895.20 
22 JUL 2026,KOTHARIPET,EQ,KOTHARI PETROCHEM LTD    ,Listed    ,22 JUL 2026,              10.00,          58846400,            126.40,     7438773424.00
22 JUL 2026,KOTHARIPRO,EQ,KOTHARI PRODUCTS LTD     ,Listed    ,22 JUL 2026,              10.00,          59687730,             67.45,     4025937388.50
22 JUL 2026,KOTIC,EQ,KOTHARI INDUSTRIAL CORP L,Permitted ,22 JUL 2026,               5.00,         108021773,            167.90,    18136855686.70     
22 JUL 2026,KOTYARK,BE,KOTYARK INDUSTRIES LTD   ,Listed    ,22 JUL 2026,              10.00,         113070276,             33.30,     3767501596.30   
22 JUL 2026,KOVAI,EQ,KOVAI MEDICAL CENTER & HO,Permitted ,22 JUL 2026,              10.00,          10942262,           5749.00,    62907064238.00     
22 JUL 2026,KPEL,EQ,K.P. ENERGY LIMITED      ,Listed    ,22 JUL 2026,               5.00,          67798099,            306.85,    20803846678.15      
22 JUL 2026,KPIGREEN,EQ,KPI GREEN ENERGY LIMITED ,Listed    ,22 JUL 2026,               5.00,         197671968,            396.70,    78416469705.60  
22 JUL 2026,KPIL,EQ,KALPATARU PROJECT INT LTD,Listed    ,22 JUL 2026,               2.00,         170772546,           1320.00,   225419760720.00      
22 JUL 2026,KPITTECH,EQ,KPIT TECHNOLOGIES LIMITED,Listed    ,22 JUL 2026,              10.00,         274143808,            554.90,   152122399059.20  
22 JUL 2026,KPL,EQ,KWALITY PHARMACEUTICALS L,Permitted ,22 JUL 2026,              10.00,          10376198,           2697.50,    27989794105.00       
22 JUL 2026,KPRMILL,EQ,KPR MILL LTD.            ,Listed    ,22 JUL 2026,               1.00,         341814000,           1064.80,   363963547200.00   
22 JUL 2026,KRBL,EQ,KRBL LIMITED             ,Listed    ,22 JUL 2026,               1.00,         228889892,            350.30,    80180129167.60      
22 JUL 2026,KREBSBIO,EQ,KREBS BIOCHEMICALS & IND ,Listed    ,22 JUL 2026,              10.00,          21560586,             53.50,     1153060139.30  
22 JUL 2026,KRIDHANINF,BE,KRIDHAN INFRA LIMITED    ,Listed    ,22 JUL 2026,               2.00,          94779205,              2.45,      234104636.35
22 JUL 2026,KRISHANA,EQ,KRISHANA PHOSCHEM LIMITED,Listed    ,22 JUL 2026,               2.00,         309138000,            143.65,    44407673700.00  
22 JUL 2026,KRISHCA,SM,KRISHCA STRAPPING SLTN L ,Listed    ,22 JUL 2026,              10.00,          14440000,            166.75,     2407870000.00   
22 JUL 2026,KRISHIVAL,EQ,KRISHIVAL FOODS LIMITED  ,Listed    ,22 JUL 2026,              10.00,          22295141,            389.35,     8680613148.35 
22 JUL 2026,KRISHNADEF,EQ,KRISHNA DEF AND ALD IND L,Listed    ,22 JUL 2026,              10.00,          14933388,           1306.80,    19514951438.40
22 JUL 2026,KRITI,BE,KRITI INDUSTRIES IND LTD ,Listed    ,22 JUL 2026,               1.00,          52696000,             65.60,     3456857600.00     
22 JUL 2026,KRITIKA,EQ,KRITIKA WIRES LIMITED    ,Listed    ,22 JUL 2026,               2.00,         266280000,              5.60,     1488505200.00   
22 JUL 2026,KRITINUT,BE,KRITI NUTRIENTS LIMITED  ,Listed    ,22 JUL 2026,               1.00,          50103520,             76.00,     3807867520.00  
22 JUL 2026,KRMAYURVED,ST,KRM AYURVEDA LIMITED     ,Listed    ,22 JUL 2026,              10.00,          21260800,            249.60,     5306695680.00
22 JUL 2026,KRN,BE,KRN HEAT EXCHANGE N REF L,Listed    ,22 JUL 2026,              10.00,          65458486,           1237.90,    81031059819.40       
22 JUL 2026,KRONOX,EQ,KRONOX LAB SCIENCES LTD  ,Listed    ,22 JUL 2026,              10.00,          37104000,            148.85,     5522559360.00    
22 JUL 2026,KROSS,EQ,KROSS LIMITED            ,Listed    ,22 JUL 2026,               5.00,          64509422,            210.70,    13592135215.40     
22 JUL 2026,KRSNAA,EQ,KRSNAA DIAGNOSTICS LTD   ,Listed    ,22 JUL 2026,               5.00,          32438672,            541.70,    17572028622.40    
22 JUL 2026,KRT,RR,KNOWLEDGE REALTY TRUST   ,Listed    ,22 JUL 2026,             100.00,        4434399541,            116.45,   516341482554.05       
22 JUL 2026,KRYSTAL,EQ,KRYSTAL INTEGRATED SER L ,Listed    ,22 JUL 2026,              10.00,          13971952,            600.05,     8383869797.60   
22 JUL 2026,KSB,EQ,KSB LIMITED              ,Listed    ,22 JUL 2026,               2.00,         174039220,            892.35,   155303897967.00       
22 JUL 2026,KSCL,EQ,KAVERI SEED CO. LTD.     ,Listed    ,22 JUL 2026,               2.00,          51439071,            855.40,    44000981333.40      
22 JUL 2026,KSHINTL,EQ,KSH INTERNATIONAL LIMITED,Listed    ,22 JUL 2026,               5.00,          67755700,            893.70,    60553269090.00   
22 JUL 2026,KSHITIJPOL,BE,KSHITIJ POLYLINE LIMITED ,Listed    ,22 JUL 2026,               2.00,         154244874,              2.60,      401036672.40
22 JUL 2026,KSL,EQ,KALYANI STEELS LIMITED   ,Listed    ,22 JUL 2026,               5.00,          43653060,            886.15,    38683159119.00       
22 JUL 2026,KSOLVES,EQ,KSOLVES INDIA LIMITED    ,Listed    ,22 JUL 2026,               5.00,          23720400,            287.80,     6826731120.00   
22 JUL 2026,KSR,EQ,KSR FOOTWEAR LIMITED     ,Listed    ,22 JUL 2026,              10.00,          18378382,             29.80,      547675783.60       
22 JUL 2026,KTKBANK,EQ,KARNATAKA BANK LIMITED   ,Listed    ,22 JUL 2026,              10.00,         378203335,            276.25,   104478671293.75   
22 JUL 2026,KUANTUM,EQ,KUANTUM PAPERS LIMITED   ,Listed    ,22 JUL 2026,               1.00,          87263630,             78.25,     6826633774.90   
22 JUL 2026,KUSUMGAR,EQ,KUSUMGAR LIMITED         ,Listed    ,22 JUL 2026,               1.00,         104991372,            575.85,    60459281566.20  
22 JUL 2026,KWIL,EQ,KWALITY WALL'S (INDIA) L ,Listed    ,22 JUL 2026,               1.00,        2349591262,             32.60,    76549683315.95      
22 JUL 2026,LAGNAM,EQ,LAGNAM SPINTEX LIMITED   ,Listed    ,22 JUL 2026,              10.00,          17669000,             88.55,     1564943330.00    
22 JUL 2026,LAHOTIOV,EQ,LAHOTI OVERSEAS LTD.     ,Permitted ,22 JUL 2026,               2.00,          29171500,             42.60,     1242122470.00  
22 JUL 2026,LAKPRE,BZ,LAKSHMI PRE SCRE LTD     ,Listed    ,22 JUL 2026,              10.00,          10941667,              5.10,       55802501.70    
22 JUL 2026,LAKSHYA,ST,LAKSHYA POWERTECH LIMITED,Listed    ,22 JUL 2026,              10.00,          10083920,             97.00,      978140240.00   
22 JUL 2026,LAL,EQ,LORENZINI APPARELS LTD   ,Listed    ,22 JUL 2026,               1.00,         172736551,              8.80,     1523536379.80       
22 JUL 2026,LALPATHLAB,EQ,DR. LAL PATH LABS LTD.   ,Listed    ,22 JUL 2026,              10.00,         167637770,           1699.00,   284816571230.00
22 JUL 2026,LAMBODHARA,EQ,LAMBODHARA TEXTILES LTD. ,Listed    ,22 JUL 2026,               5.00,          10377600,            113.80,     1180970880.00
22 JUL 2026,LAMOSAIC,ST,LAMOSAIC INDIA LIMITED   ,Listed    ,22 JUL 2026,              10.00,          10338008,             44.65,      461592057.20  
22 JUL 2026,LANCORHOL,EQ,LANCOR HOLDINGS LIMITED  ,Listed    ,22 JUL 2026,               2.00,          73550560,             24.85,     1827731416.00 
22 JUL 2026,LANDMARK,EQ,LANDMARK CARS LIMITED    ,Listed    ,22 JUL 2026,               5.00,          41464910,            519.25,    21530654517.50  
22 JUL 2026,LANDSMILL,EQ,LANDSMILL GREEN LIMITED  ,Listed    ,22 JUL 2026,               1.00,        1410695055,              0.75,     1072128241.80 
22 JUL 2026,LAOPALA,EQ,LA OPALA RG LIMITED      ,Listed    ,22 JUL 2026,               2.00,         111000000,            189.75,    21063360000.00   
22 JUL 2026,LASA,EQ,LASA SUPERGENERICS LTD   ,Listed    ,22 JUL 2026,              10.00,          50101239,              7.10,      356720821.70      
22 JUL 2026,LASERPOWER,EQ,LASER POWER & INFRA LTD  ,Listed    ,22 JUL 2026,               5.00,         140368342,            277.70,    38978884890.00
22 JUL 2026,LATENTVIEW,EQ,LATENT VIEW ANALYTICS LTD,Listed    ,22 JUL 2026,               1.00,         206924980,            304.55,    63019002659.00
22 JUL 2026,LATTEYS,BE,LATTEYS INDUSTRIES LTD   ,Listed    ,22 JUL 2026,               2.00,          57495825,             20.15,     1157390957.25   
22 JUL 2026,LAURUSLABS,EQ,LAURUS LABS LIMITED      ,Listed    ,22 JUL 2026,               2.00,         539856582,           1577.80,   851785715079.60
22 JUL 2026,LAXMICOT,EQ,LAXMI COTSPIN LIMITED    ,Listed    ,22 JUL 2026,              10.00,          17147670,             14.70,      252242225.70  
22 JUL 2026,LAXMIDENTL,EQ,LAXMI DENTAL LIMITED     ,Listed    ,22 JUL 2026,               2.00,          54962149,            217.95,    11977901131.55
22 JUL 2026,LAXMIINDIA,BE,LAXMI INDIA FINANCE LTD  ,Listed    ,22 JUL 2026,               5.00,          52393078,            129.80,     6801145455.20
22 JUL 2026,LCCINFOTEC,EQ,LCC INFOTECH LTD         ,Listed    ,22 JUL 2026,               2.00,         168593350,              4.50,      758670075.00
22 JUL 2026,LEMERITE,EQ,LE MERITE EXPORTS LIMITED,Listed    ,22 JUL 2026,               2.00,         125168000,             20.35,     2545917120.00  
22 JUL 2026,LEMONTREE,EQ,LEMON TREE HOTELS LTD    ,Listed    ,22 JUL 2026,              10.00,         792246464,            108.90,    86283562394.25 
22 JUL 2026,LENSKART,EQ,LENSKART SOLUTIONS LTD   ,Listed    ,22 JUL 2026,               2.00,        1738720607,            559.35,   972553371525.45  
22 JUL 2026,LEXUS,EQ,LEXUS GRANITO (INDIA) LTD,Listed    ,22 JUL 2026,              10.00,          20790724,             14.90,      309989694.85     
22 JUL 2026,LFIC,EQ,LAKSHMI FIN IND CORP LTD ,Listed    ,22 JUL 2026,              10.00,           3000000,            143.70,      431160000.00      
22 JUL 2026,LGBBROSLTD,EQ,LG BALAKRISHNAN & BROS   ,Listed    ,22 JUL 2026,              10.00,          31892416,           1547.70,    49359892243.20
22 JUL 2026,LGEINDIA,EQ,LG ELECTRONICS INDIA LTD ,Listed    ,22 JUL 2026,              10.00,         678772392,           1529.40,  1038114496324.80  
22 JUL 2026,LGHL,EQ,LAXMI GOLDORNA HOUSE LTD ,Listed    ,22 JUL 2026,              10.00,          50092560,            208.75,    10457823751.20      
22 JUL 2026,LIBAS,EQ,LIBAS CONSU PRODUCTS LTD ,Listed    ,22 JUL 2026,              10.00,          26344580,             10.35,      272666403.00     
22 JUL 2026,LIBERTSHOE,EQ,LIBERTY SHOES LTD        ,Listed    ,22 JUL 2026,              10.00,          17040000,            262.20,     4467888000.00
22 JUL 2026,LICHSGFIN,EQ,LIC HOUSING FINANCE LTD  ,Listed    ,22 JUL 2026,               2.00,         550063000,            538.60,   296263931800.00 
22 JUL 2026,LICI,EQ,LIFE INSURA CORP OF INDIA,Listed    ,22 JUL 2026,              10.00,       12649995402,            423.30,  5354743053666.60      
22 JUL 2026,LIKHITHA,EQ,LIKHITHA INFRASTRUC LTD  ,Listed    ,22 JUL 2026,               5.00,          39450000,            236.10,     9314145000.00  
22 JUL 2026,LINC,EQ,LINC LIMITED             ,Listed    ,22 JUL 2026,               5.00,          59489164,            105.45,     6273727235.45      
22 JUL 2026,LINCOLN,EQ,LINCOLN PHARMA LTD       ,Listed    ,22 JUL 2026,              10.00,          20029728,            576.95,    11556151569.60   
22 JUL 2026,LINDEINDIA,EQ,LINDE INDIA LIMITED      ,Listed    ,22 JUL 2026,              10.00,          85284223,           6840.50,   583386727431.50
22 JUL 2026,LLOYDS,ST,LLOYDS LUXURIES LIMITED  ,Listed    ,21 JUL 2026,              10.00,          24134873,             74.50,     1798048038.50    
22 JUL 2026,LLOYDSENGG,EQ,LLOYDS ENGG WORK LIMITED ,Listed    ,22 JUL 2026,               1.00,        1460757205,             86.95,   126983623830.65
22 JUL 2026,LLOYDSENT,EQ,LLOYDS ENTERPRISES LTD   ,Listed    ,22 JUL 2026,               1.00,        1503044790,             78.50,   118019076910.80 
22 JUL 2026,LLOYDSME,EQ,LLOYDS METALS N ENERGY L ,Listed    ,22 JUL 2026,               1.00,         562785088,           1871.70,  1053364849209.60  
22 JUL 2026,LMW,EQ,LMW LIMITED              ,Listed    ,22 JUL 2026,              10.00,          10683000,          16096.00,   171953568000.00       
22 JUL 2026,LODHA,EQ,LODHA DEVELOPERS LIMITED ,Listed    ,22 JUL 2026,              10.00,         999060060,           1161.00,  1159908729660.00     
22 JUL 2026,LOKESHMACH,BE,LOKESH MACHINES LTD      ,Listed    ,22 JUL 2026,              10.00,          19996770,            344.00,     6878888880.00
22 JUL 2026,LORDSCHLO,EQ,LORDS CHLORO ALKALI LTD  ,Listed    ,22 JUL 2026,              10.00,          28653861,            144.10,     4129594447.30 
22 JUL 2026,LOTUSDEV,EQ,SRI LOTUS DEVLPRS N RTY L,Listed    ,22 JUL 2026,               1.00,         488723710,            162.70,    79515347617.00  
22 JUL 2026,LOTUSEYE,EQ,LOTUS EYE HOSP & INST L  ,Listed    ,22 JUL 2026,              10.00,          20796330,            119.00,     2474347343.40  
22 JUL 2026,LOVABLE,EQ,LOVABLE LINGERIE LTD     ,Listed    ,22 JUL 2026,              10.00,          14800000,             72.15,     1067524000.00   
22 JUL 2026,LOYALTEX,EQ,LOYAL TEXTILE MILLS LTD  ,Listed    ,22 JUL 2026,              10.00,           4816446,            212.00,     1021086552.00  
22 JUL 2026,LPDC,EQ,LANDMARK PR.DEV.CO.LTD   ,Listed    ,22 JUL 2026,               1.00,         134143160,              6.20,      830346160.40      
22 JUL 2026,LRRPL,SM,LEAD REC AND RUB PROD LTD,Listed    ,22 JUL 2026,              10.00,           8640675,             88.00,      760379400.00     
22 JUL 2026,LT,EQ,LARSEN & TOUBRO LTD.     ,Listed    ,22 JUL 2026,               2.00,        1375729178,           3817.40,  5251708564097.20        
22 JUL 2026,LTF,EQ,L&T FINANCE LIMITED      ,Listed    ,22 JUL 2026,              10.00,        2505506199,            305.90,   766434346274.10       
22 JUL 2026,LTFOODS,EQ,LT FOODS LIMITED         ,Listed    ,22 JUL 2026,               1.00,         347252944,            378.65,   131487327245.60   
22 JUL 2026,LTM,EQ,LTM LIMITED              ,Listed    ,22 JUL 2026,               1.00,         296621321,           3982.40,  1181264748750.40       
22 JUL 2026,LTTS,EQ,L&T TECHNOLOGY SER. LTD. ,Listed    ,22 JUL 2026,               2.00,         106068593,           3333.20,   353547834187.60      
22 JUL 2026,LUMAXIND,EQ,LUMAX INDUSTRIES LTD     ,Listed    ,22 JUL 2026,              10.00,           9347732,           5084.00,    47523869488.00  
22 JUL 2026,LUMAXTECH,EQ,LUMAX AUTO TECH LTD      ,Listed    ,22 JUL 2026,               2.00,          68157705,           1475.30,   100553062186.50 
22 JUL 2026,LUPIN,EQ,LUPIN LIMITED            ,Listed    ,22 JUL 2026,               2.00,         457232536,           2406.90,  1100512990898.40     
22 JUL 2026,LUXIND,EQ,LUX INDUSTRIES LIMITED   ,Listed    ,22 JUL 2026,               2.00,          30071681,           1225.60,    36855852233.60    
22 JUL 2026,LXCHEM,EQ,LAXMI ORGANIC INDUS LTD  ,Listed    ,22 JUL 2026,               2.00,         277211567,            174.50,    48378962672.85    
22 JUL 2026,LYKALABS,BE,LYKA LABS LTD.           ,Listed    ,22 JUL 2026,              10.00,          35690000,             64.95,     2318065500.00  
22 JUL 2026,M&M,EQ,MAHINDRA & MAHINDRA LTD  ,Listed    ,22 JUL 2026,               5.00,        1243528831,           3175.30,  3948577097074.30       
22 JUL 2026,M&MFIN,EQ,M&M FIN. SERVICES LTD    ,Listed    ,22 JUL 2026,               2.00,        1389971160,            378.15,   525617594154.00    
22 JUL 2026,MAANALU,EQ,MAAN ALUMINIUM LIMITED   ,Listed    ,22 JUL 2026,               5.00,          59984864,            114.90,     6891061176.30   
22 JUL 2026,MACOBSTECH,SM,MACOBS TECHNOLOGIES LTD  ,Listed    ,22 JUL 2026,              10.00,           9795200,            210.00,     2056992000.00
22 JUL 2026,MACPOWER,EQ,MACPOWER CNC MACHINES LTD,Listed    ,22 JUL 2026,              10.00,          10004160,           1340.90,    13414578144.00  
22 JUL 2026,MADHAV,EQ,MADHAV MARBLE & GRANITE  ,Listed    ,22 JUL 2026,              10.00,           8947000,             34.45,      308313620.00    
22 JUL 2026,MADHAVBAUG,ST,VAIDYA SANE AYUR LAB LTD ,Listed    ,22 JUL 2026,              10.00,          10513450,            208.80,     2195208360.00
22 JUL 2026,MADHAVIPL,EQ,MADHAV INFRA PROJECTS L  ,Permitted ,22 JUL 2026,               1.00,         269581560,              7.90,     2126998508.40 
22 JUL 2026,MADHUCON,BE,MADHUCON PROJECTS LTD.   ,Listed    ,22 JUL 2026,               1.00,          73794940,              5.25,      388899333.80  
22 JUL 2026,MADHUSUDAN,ST,MADHUSUDAN MASALA LIMITED,Listed    ,22 JUL 2026,              10.00,          15240000,            235.40,     3587496000.00
22 JUL 2026,MADRASFERT,EQ,MADRAS FERTILISERS LTD   ,Listed    ,22 JUL 2026,              10.00,         161101300,             67.05,    10805064191.00
22 JUL 2026,MAFATIND,EQ,MAFATLAL INDUSTRIES LTD. ,Permitted ,22 JUL 2026,               2.00,          72163930,            130.60,     9423887618.70  
22 JUL 2026,MAGADSUGAR,EQ,MAGADH SUGAR & ENERGY LTD,Listed    ,22 JUL 2026,              10.00,          14091630,            499.35,     7036655440.50
22 JUL 2026,MAGNUM,EQ,MAGNUM VENTURES LTD.     ,Listed    ,22 JUL 2026,              10.00,          68411317,             19.05,     1304603815.20    
22 JUL 2026,MAGSON,SM,MAGSON RETAIL AND DIST L ,Listed    ,22 JUL 2026,              10.00,          13368454,            184.00,     2459795536.00    
22 JUL 2026,MAHABANK,EQ,BANK OF MAHARASHTRA      ,Listed    ,22 JUL 2026,              10.00,        7691554950,             79.15,   608940405391.50  
22 JUL 2026,MAHAPEXLTD,EQ,MAHA RASHTRA APEX COPR. L,Listed    ,22 JUL 2026,              10.00,          28183792,             44.20,     1246287282.25
22 JUL 2026,MAHASTEEL,EQ,MAHAMAYA STEEL INDS LTD  ,Listed    ,22 JUL 2026,              10.00,          16434400,            795.85,    13079317240.00 
22 JUL 2026,MAHEPC,EQ,MAHINDRA EPC IRRIG LTD   ,Listed    ,22 JUL 2026,              10.00,          27950753,            106.70,     2982624852.65    
22 JUL 2026,MAHESHWARI,BE,MAHESHWARI LOGISTICS LTD.,Listed    ,22 JUL 2026,              10.00,          29597200,             73.00,     2160595600.00
22 JUL 2026,MAHICKRA,SM,MAHICKRA CHEMICAL LIMITED,Listed    ,22 JUL 2026,              10.00,           9775910,            257.95,     2521695984.50  
22 JUL 2026,MAHLIFE,EQ,MAHINDRA LIFESPACE DEVLTD,Listed    ,22 JUL 2026,              10.00,         213342715,            374.10,    79811509681.50   
22 JUL 2026,MAHLOG,EQ,MAHINDRA LOGISTIC LIMITED,Listed    ,22 JUL 2026,              10.00,          99222483,            402.15,    39902321538.45    
22 JUL 2026,MAHSCOOTER,EQ,MAHARASHTRA SCOOTERS LTD ,Listed    ,22 JUL 2026,              10.00,          11428568,          12836.00,   146697098848.00
22 JUL 2026,MAHSEAMLES,EQ,MAHARASHTRA SEAMLESS LTD ,Listed    ,22 JUL 2026,               5.00,         133999252,            575.45,    77109869563.40
22 JUL 2026,MAITHANALL,EQ,MAITHAN ALLOYS LTD       ,Listed    ,22 JUL 2026,              10.00,          29111550,            977.10,    28444895505.00
22 JUL 2026,MAITREYA,SM,MAITREYA MEDICARE LIMITED,Listed    ,22 JUL 2026,              10.00,           6776000,            132.60,      898497600.00  
22 JUL 2026,MAJESAUT,EQ,MAJESTIC AUTO LTD.       ,Permitted ,22 JUL 2026,              10.00,          10397478,            430.25,     4473514909.50  
22 JUL 2026,MAKS,SM,MAKS ENERGY SOL INDIA LTD,Listed    ,20 JUL 2026,              10.00,           6934790,             18.05,      125172959.50      
22 JUL 2026,MAL,SM,MANGALAM ALLOYS LIMITED  ,Listed    ,22 JUL 2026,              10.00,          24685927,             33.00,      814635591.00       
22 JUL 2026,MALLCOM,EQ,MALLCOM (INDIA) LIMITED  ,Listed    ,22 JUL 2026,              10.00,           6240000,           1005.40,     6273696000.00   
22 JUL 2026,MALUPAPER,EQ,MALU PAPER MILLS LIMITED ,Listed    ,22 JUL 2026,              10.00,          17059250,             34.85,      594514862.50 
22 JUL 2026,MAMATA,EQ,MAMATA MACHINERY LIMITED ,Listed    ,22 JUL 2026,              10.00,          24607800,            397.95,     9792674010.00    
22 JUL 2026,MANAKALUCO,EQ,MANAK ALUMINIUM CO. LTD. ,Listed    ,22 JUL 2026,               1.00,          65534050,             36.40,     2386750101.00
22 JUL 2026,MANAKCOAT,EQ,MAN COAT METAL & IND LTD ,Listed    ,22 JUL 2026,               1.00,         105834050,            122.60,    12974196189.50 
22 JUL 2026,MANAKSIA,EQ,MANAKSIA LTD.            ,Listed    ,22 JUL 2026,               2.00,          65534050,             57.00,     3734785509.50  
22 JUL 2026,MANAKSTEEL,BE,MANAKSIA STEELS LTD      ,Listed    ,22 JUL 2026,               1.00,          65534050,             72.85,     4774155542.50
22 JUL 2026,MANALIPETC,EQ,MANALI PETROCHEMICALS LT ,Listed    ,22 JUL 2026,               5.00,         171999229,             64.25,    11049230470.95
22 JUL 2026,MANAPPURAM,EQ,MANAPPURAM FINANCE LTD   ,Listed    ,22 JUL 2026,               2.00,         939336102,            350.20,   328955502920.40
22 JUL 2026,MANAV,SM,MANAV INFRA PROJECTS LTD ,Listed    ,17 JUL 2026,              10.00,          13160000,             31.40,      413224000.00     
22 JUL 2026,MANBA,EQ,MANBA FINANCE LIMITED    ,Listed    ,22 JUL 2026,              10.00,          50239410,            139.15,     6991316295.60     
22 JUL 2026,MANCREDIT,EQ,MANGAL CREDIT N FINCORP L,Listed    ,22 JUL 2026,              10.00,          21113986,            215.75,     4555764759.20 
22 JUL 2026,MANDEEP,SM,MANDEEP AUTO INDUSTRIES L,Listed    ,22 JUL 2026,              10.00,          11437894,             19.15,      219035670.10   
22 JUL 2026,MANGALAM,EQ,MANGALAM DRUG & CHEM LTD ,Listed    ,22 JUL 2026,              10.00,          15828248,             27.20,      430844910.55  
22 JUL 2026,MANGLMCEM,EQ,MANGALAM CEMENT LTD      ,Listed    ,22 JUL 2026,              10.00,          27497298,            982.50,    27016095285.00 
22 JUL 2026,MANILAM,SM,MANILAM INDUSTRIES IND L ,Listed    ,16 JUL 2026,              10.00,          21848000,             55.30,     1208194400.00   
22 JUL 2026,MANINDS,EQ,MAN INDUSTRIES (I) LTD.  ,Listed    ,22 JUL 2026,               5.00,          75009571,            514.60,    38599925236.60   
22 JUL 2026,MANINFRA,EQ,MAN INFRA LTD            ,Listed    ,22 JUL 2026,               2.00,         403666505,             98.60,    39805554058.05  
22 JUL 2026,MANKIND,EQ,MANKIND PHARMA LIMITED   ,Listed    ,22 JUL 2026,               1.00,         412995978,           2544.70,  1050950865216.60   
22 JUL 2026,MANOMAY,EQ,MANOMAY TEX INDIA LTD    ,Listed    ,22 JUL 2026,              10.00,          18048735,            202.15,     3648732267.60   
22 JUL 2026,MANORAMA,EQ,MANORAMA INDUSTRIES LTD  ,Listed    ,22 JUL 2026,               2.00,          59708530,           1573.60,    93957342808.00  
22 JUL 2026,MANORG,BE,MANGALAM ORGANICS LIMITED,Listed    ,22 JUL 2026,              10.00,           8564440,            550.00,     4710442000.00    
22 JUL 2026,MANUGRAPH,BE,MANUGRAPH INDIA LIMITED  ,Listed    ,22 JUL 2026,               2.00,          30415061,             14.45,      439193480.85 
22 JUL 2026,MANYAVAR,EQ,VEDANT FASHIONS LIMITED  ,Listed    ,22 JUL 2026,               1.00,         242977245,            407.75,    99073971648.75  
22 JUL 2026,MAPMYINDIA,EQ,C.E. INFO SYSTEMS LIMITED,Listed    ,22 JUL 2026,               2.00,          54761056,           1044.40,    57192446886.40
22 JUL 2026,MARALOVER,BE,MARAL OVERSEAS LTD       ,Listed    ,22 JUL 2026,              10.00,          41508000,             55.00,     2282940000.00 
22 JUL 2026,MARATHON,EQ,MARATHON NXTGEN REALT LTD,Listed    ,22 JUL 2026,               5.00,          67420546,            388.50,    26192882121.00  
22 JUL 2026,MARC,SM,MARC TECHNOCRATS LIMITED ,Listed    ,22 JUL 2026,              10.00,          17313383,            111.05,     1922651182.15      
22 JUL 2026,MARCO,SM,MARCO CABLE & CONDUCTOR L,Listed    ,22 JUL 2026,              10.00,          18699000,             32.80,      613327200.00     
22 JUL 2026,MARICO,EQ,MARICO LIMITED           ,Listed    ,22 JUL 2026,               1.00,        1298375399,            862.65,  1120043537947.35    
22 JUL 2026,MARINE,EQ,MARINE ELECTRICAL (I) LTD,Listed    ,22 JUL 2026,               2.00,         139944410,            255.50,    35755796755.00    
22 JUL 2026,MARINETRAN,SM,MARINETRANS INDIA LIMITED,Listed    ,09 JUL 2026,              10.00,          12726000,             14.15,      180072900.00
22 JUL 2026,MARKOLINES,EQ,MARKOLINES PAVEMENT TEC L,Listed    ,22 JUL 2026,              10.00,          22203720,            181.30,     4025978510.40
22 JUL 2026,MARKSANS,EQ,MARKSANS PHARMA LIMITED  ,Listed    ,22 JUL 2026,               1.00,         453288438,            241.10,   109287842401.80  
22 JUL 2026,MARSONS,EQ,MARSONS LIMITED          ,Listed    ,22 JUL 2026,               1.00,         172100000,            114.50,    19703729000.00   
22 JUL 2026,MARUSHIKA,SM,MARUSHIKA TECHNOLOGY LTD ,Listed    ,15 JUL 2026,              10.00,           8536768,             85.00,      725625280.00 
22 JUL 2026,MARUTI,EQ,MARUTI SUZUKI INDIA LTD. ,Listed    ,22 JUL 2026,               5.00,         314402574,          13545.00,  4258582864830.00    
22 JUL 2026,MASFIN,EQ,MAS FINANCIAL SERV LTD   ,Listed    ,22 JUL 2026,              10.00,         181453377,            315.75,    57293903787.75    
22 JUL 2026,MASKINVEST,BE,MASK INVESTMENTS LIMITED ,Listed    ,22 JUL 2026,              10.00,           3051500,            150.00,      457725000.00
22 JUL 2026,MASON,SM,MASON INFRATECH LIMITED  ,Listed    ,22 JUL 2026,              10.00,          23940000,            124.40,     2978136000.00     
22 JUL 2026,MASTEK,EQ,MASTEK LTD               ,Listed    ,22 JUL 2026,               5.00,          31000782,           1715.40,    53178741442.80    
22 JUL 2026,MASTER,SM,MASTER COMPONENTS LIMITED,Listed    ,22 JUL 2026,              10.00,           4000000,            440.00,     1760000000.00    
22 JUL 2026,MASTERTR,EQ,MASTER TRUST LIMITED     ,Listed    ,22 JUL 2026,               1.00,         123016000,             85.35,    10500645760.00  
22 JUL 2026,MATRIMONY,EQ,MATRIMONY.COM LIMITED    ,Listed    ,22 JUL 2026,               5.00,          20673393,            429.95,     8888525320.35 
22 JUL 2026,MAWANASUG,BE,MAWANA SUGARS LIMITED    ,Listed    ,22 JUL 2026,              10.00,          39116864,            114.10,     4462451845.10 
22 JUL 2026,MAXESTATES,EQ,MAX ESTATES LIMITED      ,Listed    ,22 JUL 2026,              10.00,         163487626,            391.75,    64046277485.50
22 JUL 2026,MAXHEALTH,EQ,MAX HEALTHCARE INS LTD   ,Listed    ,22 JUL 2026,              10.00,         973243789,           1081.00,  1052076535909.00 
22 JUL 2026,MAXIND,EQ,MAX INDIA LIMITED        ,Listed    ,22 JUL 2026,              10.00,          52522862,            160.80,     8445676209.60    
22 JUL 2026,MAXPOSURE,SM,MAXPOSURE LIMITED        ,Listed    ,22 JUL 2026,              10.00,          22740950,             33.50,      761821825.00 
22 JUL 2026,MAXVOLT,ST,MAXVOLT ENERGY INDUS L   ,Listed    ,22 JUL 2026,              10.00,          10903928,            366.70,     3998470397.60   
22 JUL 2026,MAYASHEEL,SM,MAYASHEEL VENTURES LTD   ,Listed    ,22 JUL 2026,              10.00,          22050000,             37.00,      815850000.00 
22 JUL 2026,MAYURUNIQ,EQ,MAYUR UNIQUOTERS LTD     ,Listed    ,22 JUL 2026,               5.00,          43452600,            798.15,    34681692690.00 
22 JUL 2026,MAZDA,BE,MAZDA LIMITED            ,Listed    ,22 JUL 2026,               2.00,          20025000,            221.40,     4433134500.00     
22 JUL 2026,MAZDOCK,EQ,MAZAGON DOCK SHIPBUIL LTD,Listed    ,22 JUL 2026,               5.00,         403380000,           2307.40,   930759012000.00   
22 JUL 2026,MBAPL,EQ,MADHYA BHARAT AGRO P. LTD,Listed    ,22 JUL 2026,               2.00,         438134700,            139.25,    61010256975.00     
22 JUL 2026,MBEL,EQ,M AND B ENGINEERING LTD  ,Listed    ,22 JUL 2026,              10.00,          57148215,            299.30,    17104460749.50      
22 JUL 2026,MBLINFRA,BE,MBL INFRASTRUCTURE LTD   ,Listed    ,22 JUL 2026,              10.00,         152529256,             24.85,     3793402596.70  
22 JUL 2026,MCCHRLS-B,EQ,MAC CHARLES (INDIA) LTD. ,Permitted ,22 JUL 2026,              10.00,          13100452,            705.70,     9244988976.40 
22 JUL 2026,MCL,EQ,M TEK COPPER LIMITED     ,Listed    ,22 JUL 2026,               5.00,          27142800,             52.70,     1430696988.00       
22 JUL 2026,MCLEODRUSS,BE,MCLEOD RUSSEL INDIA LTD. ,Listed    ,22 JUL 2026,               5.00,         104455735,             53.70,     5609272969.50
22 JUL 2026,MCLOUD,EQ,MAGELLANIC CLOUD LIMITED ,Listed    ,22 JUL 2026,               2.00,         589067120,             27.50,    16193455128.80    
22 JUL 2026,MCON,SM,MCON RASAYAN INDIA LTD   ,Listed    ,22 JUL 2026,              10.00,           7335388,             44.00,      322757072.00      
22 JUL 2026,MCX,EQ,MULTI COMMODITY EXCHANGE ,Permitted ,22 JUL 2026,               2.00,         254991845,           2803.90,   714971634195.50       
22 JUL 2026,MDL,ST,MARVEL DECOR LIMITED     ,Listed    ,21 JUL 2026,              10.00,          17740140,             70.00,     1241809800.00       
22 JUL 2026,MEDANTA,EQ,GLOBAL HEALTH LIMITED    ,Listed    ,22 JUL 2026,               2.00,         268867782,           1353.40,   363885656158.80   
22 JUL 2026,MEDIASSIST,EQ,MEDI ASSIST HEALTH SER L ,Listed    ,22 JUL 2026,               5.00,          74701842,            348.15,    26007446292.30
22 JUL 2026,MEDICAMEQ,EQ,MEDICAMEN BIOTECH LIMITED,Listed    ,22 JUL 2026,              10.00,          13562815,            245.20,     3325602238.00 
22 JUL 2026,MEDICO,EQ,MEDICO REMEDIES LIMITED  ,Listed    ,22 JUL 2026,               2.00,          82984000,             38.15,     3167499280.00    
22 JUL 2026,MEDIORG,SM,MEDICAMEN ORGANICS LTD   ,Listed    ,22 JUL 2026,              10.00,          12165910,             25.00,      304147750.00   
22 JUL 2026,MEDISTEP,SM,MEDISTEP HEALTHCARE LTD  ,Listed    ,21 JUL 2026,              10.00,          14209546,             19.40,      275665192.40  
22 JUL 2026,MEDPLUS,EQ,MEDPLUS HEALTH SERV LTD  ,Listed    ,22 JUL 2026,               2.00,         120137061,            691.95,    83128839358.95   
22 JUL 2026,MEESHO,EQ,MEESHO LIMITED           ,Listed    ,22 JUL 2026,               1.00,        4598301651,            189.85,   873079534475.35    
22 JUL 2026,MEGAFLEX,SM,MEGA FLEX PLASTICS LTD   ,Listed    ,22 JUL 2026,              10.00,          12131025,            100.00,     1213102500.00  
22 JUL 2026,MEGASTAR,EQ,MEGASTAR FOODS LIMITED   ,Listed    ,22 JUL 2026,              10.00,          11293700,            348.30,     3933595710.00  
22 JUL 2026,MEGATHERM,SM,MEGATHERM INDUCTION LTD  ,Listed    ,22 JUL 2026,              10.00,          18840729,            217.10,     4090322265.90 
22 JUL 2026,MEIL,BE,MANGAL ELECTRICAL IND L  ,Listed    ,22 JUL 2026,              10.00,          27630124,            289.85,     8008591441.40      
22 JUL 2026,MENNPIS,EQ,MENON PISTONS LTD.       ,Permitted ,22 JUL 2026,               1.00,          51000000,             75.40,     3844380000.00   
22 JUL 2026,MENONBE,BE,MENON BEARINGS LIMITED   ,Listed    ,22 JUL 2026,               1.00,          56040000,            207.70,    11638387200.00   
22 JUL 2026,MEP,BZ,MEP INFRA. DEVELOPERS LTD,Listed    ,22 JUL 2026,              10.00,         183446051,              0.55,      104564249.05       
22 JUL 2026,MERCANTILE,EQ,MERCANTILE VENTURES LTD. ,Permitted ,22 JUL 2026,              10.00,         111918195,             24.60,     2752068415.05
22 JUL 2026,MERCURYEV,BE,MERCURY EV-TECH LIMITED  ,Listed    ,22 JUL 2026,               1.00,         189973058,             35.20,     6688951372.20 
22 JUL 2026,METROBRAND,EQ,METRO BRANDS LIMITED     ,Listed    ,22 JUL 2026,               5.00,         272561468,           1061.80,   289405766722.40
22 JUL 2026,METROGLOBL,EQ,METROGLOBAL LTD.         ,Permitted ,22 JUL 2026,              10.00,          12334375,            131.30,     1619256750.00
22 JUL 2026,METROPOLIS,EQ,METROPOLIS HEALTHCARE LTD,Listed    ,22 JUL 2026,               2.00,         207327768,            570.10,   118197560536.80
22 JUL 2026,MFML,EQ,MAHALAXMI FABRIC MILLS LT,Listed    ,22 JUL 2026,              10.00,          10620275,             19.75,      209644228.50      
22 JUL 2026,MFSL,EQ,MAX FINANCIAL SERV LTD   ,Listed    ,22 JUL 2026,               2.00,         345114771,           1523.30,   525713330664.30      
22 JUL 2026,MGEL,BE,MANGALAM GLOBAL ENT LTD  ,Listed    ,22 JUL 2026,               1.00,         329555600,             16.45,     5414598508.00      
22 JUL 2026,MGL,EQ,MAHANAGAR GAS LTD.       ,Listed    ,22 JUL 2026,              10.00,          98777778,           1081.90,   106867678018.20       
22 JUL 2026,MGSL,SM,MATRIX GEO SOLUTIONS LTD ,Listed    ,22 JUL 2026,              10.00,          14581832,             58.10,      847204439.20      
22 JUL 2026,MHHL,SM,MOHINI HEALTH&HYGIENE LTD,Listed    ,21 JUL 2026,              10.00,          18235900,             35.20,      641903680.00      
22 JUL 2026,MHLXMIRU,EQ,MAHALAXMI RUBTECH LIMITED,Listed    ,22 JUL 2026,              10.00,          10620275,            135.95,     1443932589.00  
22 JUL 2026,MHRIL,EQ,MAHINDRA HOLIDAYS LTD    ,Listed    ,22 JUL 2026,              10.00,         202056152,            211.70,    42775287378.40     
22 JUL 2026,MICEL,BE,MIC ELECTRONICS LTD      ,Listed    ,22 JUL 2026,               2.00,         241011560,             36.70,     8842714136.40     
22 JUL 2026,MICROPRO,SM,MICROPRO SOFTWARE SOL L  ,Listed    ,21 JUL 2026,              10.00,          14299400,             20.00,      285988000.00  
22 JUL 2026,MIDHANI,EQ,MISHRA DHATU NIGAM LTD   ,Listed    ,22 JUL 2026,              10.00,         187340000,            402.20,    75348148000.00   
22 JUL 2026,MIDWESTLTD,EQ,MIDWEST LIMITED          ,Listed    ,22 JUL 2026,               5.00,          36160816,           1256.20,    45425217059.20
22 JUL 2026,MIEL,SM,MANGLAM INFRA & ENG LTD  ,Listed    ,22 JUL 2026,              10.00,          17596700,             12.15,      213799905.00      
22 JUL 2026,MILTON,SM,MILTON INDUSTRIES LIMITED,Listed    ,14 JUL 2026,              10.00,          16995000,             36.95,      627965250.00    
22 JUL 2026,MINDACORP,EQ,MINDA CORPORATION LTD    ,Listed    ,22 JUL 2026,               2.00,         239079428,            671.25,   160482066045.00 
22 JUL 2026,MINDPOOL,SM,MINDPOOL TECHNOLOGIES LTD,Listed    ,11 SEP 2025,              10.00,           4237500,             71.10,      301286250.00  
22 JUL 2026,MINDSPACE,RR,MINDSPACE BUSINESS P REIT,Listed    ,22 JUL 2026,             275.00,         661993482,            497.40,   329288797816.45 
22 JUL 2026,MINDTECK,EQ,MINDTECK (INDIA) LIMITED ,Listed    ,22 JUL 2026,              10.00,          31954221,            197.20,     6301372381.20  
22 JUL 2026,MIRZAINT,EQ,MIRZA INTERNATIONAL LIMIT,Listed    ,22 JUL 2026,               2.00,         138201900,             36.30,     5016728970.00  
22 JUL 2026,MITCON,BE,MITCON CON & ENG SER LTD ,Listed    ,22 JUL 2026,              10.00,          17418418,             73.55,     1281298828.10    
22 JUL 2026,MITTAL,EQ,MITTAL LIFE STYLE LIMITED,Listed    ,22 JUL 2026,               1.00,         224016720,              0.95,      210575716.80    
22 JUL 2026,MKPL,EQ,M K PROTEINS LIMITED     ,Listed    ,22 JUL 2026,               1.00,         375372000,              4.25,     1587823560.00      
22 JUL 2026,MMEL,ST,MOVING MEDIA ENTER LTD   ,Listed    ,22 JUL 2026,              10.00,          18806336,             29.60,      556667545.60      
22 JUL 2026,MMFL,EQ,MM FORGINGS LTD          ,Listed    ,22 JUL 2026,              10.00,          48281600,            552.10,    26656271360.00      
22 JUL 2026,MMP,EQ,MMP INDUSTRIES LIMITED   ,Listed    ,22 JUL 2026,              10.00,          25402613,            285.10,     7242284966.30       
22 JUL 2026,MMTC,EQ,MMTC LIMITED             ,Listed    ,22 JUL 2026,               1.00,        1500000000,             62.25,    93405000000.00      
22 JUL 2026,MMWL,BE,MEDIA MATRIX WORLDWIDE L ,Permitted ,22 JUL 2026,               1.00,        1132742219,             14.70,    16628655774.90      
22 JUL 2026,MOBIKWIK,EQ,ONE MOBIKWIK SYSTEMS LTD ,Listed    ,22 JUL 2026,               2.00,          78730262,            203.95,    16057036934.90  
22 JUL 2026,MOBILISE,ST,MOBILISE APP LAB LIMITED ,Listed    ,22 JUL 2026,              10.00,           9512000,            113.95,     1083892400.00  
22 JUL 2026,MODINATUR,BE,MODI NATURALS LIMITED    ,Listed    ,22 JUL 2026,              10.00,          13306397,            413.00,     5495541961.00 
22 JUL 2026,MODIRUBBER,EQ,MODI RUBBER LTD          ,Listed    ,22 JUL 2026,              10.00,          25040532,            126.00,     3155107032.00
22 JUL 2026,MODIS,EQ,MODIS NAVNIRMAN LTD      ,Listed    ,22 JUL 2026,              10.00,          19591200,            408.00,     7993209600.00     
22 JUL 2026,MODISONLTD,BE,MODISON LIMITED          ,Listed    ,22 JUL 2026,               1.00,          32450000,            293.25,     9515962500.00
22 JUL 2026,MODTHREAD,EQ,MODERN THREADS INDIA LTD ,Listed    ,22 JUL 2026,              10.00,          34775160,             45.05,     1566968709.60 
22 JUL 2026,MOHITIND,EQ,MOHIT INDUSTRIES LTD     ,Listed    ,22 JUL 2026,              10.00,          14157575,             22.50,      318403861.75  
22 JUL 2026,MOIL,EQ,MOIL LIMITED             ,Listed    ,22 JUL 2026,              10.00,         203485211,            270.00,    54941006970.00      
22 JUL 2026,MOKSH,EQ,MOKSH ORNAMENTS LIMITED  ,Listed    ,22 JUL 2026,               2.00,          88248967,             10.95,      968091168.00     
22 JUL 2026,MOL,EQ,MEGHMANI ORGANICS LIMITED,Listed    ,22 JUL 2026,               1.00,         254314211,             55.80,    14188189831.70       
22 JUL 2026,MOLDTECH,EQ,MOLD-TEK TECHNOLOGIES LTD,Listed    ,22 JUL 2026,               2.00,          28805118,            133.10,     3834537308.15  
22 JUL 2026,MOLDTKPAC,EQ,MOLD-TEK PACKAGING LTD   ,Listed    ,22 JUL 2026,               5.00,          33120639,            705.00,    23350050495.00 
22 JUL 2026,MONARCH,EQ,MONARCH NETWORTH CAP LTD ,Listed    ,22 JUL 2026,              10.00,          73947387,            356.35,    26351151357.45   
22 JUL 2026,MONEYBOXX,EQ,MONEYBOXX FINANCE LIMITED,Listed    ,22 JUL 2026,              10.00,          69809200,             58.65,     4095705764.00 
22 JUL 2026,MONOLITH,SM,MONOLITHISCH INDIA LTD   ,Listed    ,22 JUL 2026,              10.00,          21736000,            755.35,    16418287600.00  
22 JUL 2026,MONOPHARMA,SM,MONO PHARMACARE LIMITED  ,Listed    ,22 JUL 2026,              10.00,          17668564,             10.40,      183753065.60
22 JUL 2026,MONTECARLO,EQ,MONTE CARLO FASHIONS LTD.,Listed    ,22 JUL 2026,              10.00,          20732064,            534.85,    11088544430.40
22 JUL 2026,MOREPENLAB,EQ,MOREPEN LAB. LTD         ,Listed    ,22 JUL 2026,               2.00,         547953699,             53.20,    29151136786.80
22 JUL 2026,MOS,ST,MOS UTILITY LIMITED      ,Listed    ,22 JUL 2026,               2.00,         257440410,             11.95,     3076412899.50       
22 JUL 2026,MOSCHIP,EQ,MOSCHIP TECHNOLOGIES LTD ,Listed    ,22 JUL 2026,               2.00,         194219080,            243.90,    47366149230.40   
22 JUL 2026,MOTHERSON,EQ,SAMVRDHNA MTHRSN INTL LTD,Listed    ,22 JUL 2026,               1.00,       10554442601,            143.60,  1515617957503.60 
22 JUL 2026,MOTILALOFS,EQ,MOTILAL OSWAL FIN LTD    ,Listed    ,22 JUL 2026,               1.00,         602146704,            943.05,   567854449207.20
22 JUL 2026,MOTISONS,EQ,MOTISONS JEWELLERS LTD   ,Listed    ,22 JUL 2026,               1.00,        1137506600,             13.45,    15310838836.00  
22 JUL 2026,MOTOGENFIN,BE,MOTOR & GENERAL FINANCE L,Listed    ,22 JUL 2026,               5.00,          38727190,             27.45,     1062674093.60
22 JUL 2026,MOXSH,ST,MOXSH OVERSEAS EDUCON LTD,Listed    ,22 JUL 2026,              10.00,           9340800,            101.00,      943420800.00     
22 JUL 2026,MPEL,ST,MANAS POLYMER N ENERGIE L,Listed    ,22 JUL 2026,              10.00,           7776000,             37.55,      291988800.00      
22 JUL 2026,MPHASIS,EQ,MPHASIS LIMITED          ,Listed    ,22 JUL 2026,              10.00,         190873137,           2273.80,   434007338910.60   
22 JUL 2026,MPSLTD,EQ,MPS LIMITED              ,Listed    ,22 JUL 2026,              10.00,          17105816,           2564.50,    43867865132.00    
22 JUL 2026,MPTODAY,SM,M P TODAY MEDIA LIMITED  ,Listed    ,05 JUN 2026,              10.00,           4568000,             46.00,      210128000.00   
22 JUL 2026,MRF,EQ,MRF LTD                  ,Listed    ,22 JUL 2026,              10.00,           4241143,         132945.00,   563838756135.00       
22 JUL 2026,MRIL,ST,MAHENDRA REALTO & INFRA L,Listed    ,22 JUL 2026,              10.00,          22103900,             71.35,     1577113265.00      
22 JUL 2026,MRPL,EQ,MRPL                     ,Listed    ,22 JUL 2026,              10.00,        1752598777,            174.65,   306108902390.80      
22 JUL 2026,MSPL,EQ,MSP STEEL & POWER LTD.   ,Listed    ,22 JUL 2026,              10.00,         566796645,             35.45,    20104276998.15      
22 JUL 2026,MSTCLTD,EQ,MSTC LIMITED             ,Listed    ,22 JUL 2026,              10.00,          70400000,            590.45,    41567680000.00   
22 JUL 2026,MSUMI,EQ,MOTHERSON SUMI WRNG IND L,Listed    ,22 JUL 2026,               1.00,        6631661898,             40.20,   266526491680.60     
22 JUL 2026,MTARTECH,BE,MTAR TECHNOLOGIES LIMITED,Listed    ,22 JUL 2026,              10.00,          30759591,           5852.00,   180005126532.00  
22 JUL 2026,MTEDUCARE,BE,MT EDUCARE LTD           ,Listed    ,22 JUL 2026,              10.00,          72228054,              1.75,      127843655.60 
22 JUL 2026,MTNL,EQ,MAHANAGAR TELEPHONE NIGAM,Listed    ,22 JUL 2026,              10.00,         630000000,             27.70,    17444700000.00      
22 JUL 2026,MUFIN,EQ,MUFIN GREEN FINANCE LTD  ,Listed    ,22 JUL 2026,               1.00,         198162188,            126.65,    25093277866.45     
22 JUL 2026,MUFTI,EQ,CREDO BRANDS MARKETING L ,Listed    ,22 JUL 2026,               2.00,          65394103,             83.60,     5468254892.85     
22 JUL 2026,MUKANDLTD,EQ,MUKAND LTD.              ,Listed    ,22 JUL 2026,              10.00,         144495563,            142.50,    20590617727.50 
22 JUL 2026,MUKKA,EQ,MUKKA PROTEINS LIMITED   ,Listed    ,22 JUL 2026,               1.00,         300000000,             23.00,     6900000000.00     
22 JUL 2026,MUKTAARTS,BE,MUKTA ARTS LIMITED       ,Listed    ,22 JUL 2026,               5.00,          22585200,             56.40,     1273579428.00 
22 JUL 2026,MUNISH,ST,MUNISH FORGE LIMITED     ,Listed    ,22 JUL 2026,              10.00,          24070263,             70.60,     1699360567.80    
22 JUL 2026,MUNJALAU,EQ,MUNJAL AUTO IND. LTD.    ,Listed    ,22 JUL 2026,               2.00,         100000000,            101.95,    10194000000.00  
22 JUL 2026,MUNJALSHOW,EQ,MUNJAL SHOWA LTD         ,Listed    ,22 JUL 2026,               2.00,          39995000,            136.25,     5449318750.00
22 JUL 2026,MURUDCERA,EQ,MURUDESHWAR CERAMICS LTD ,Listed    ,22 JUL 2026,              10.00,          60545260,             30.35,     1838154093.60 
22 JUL 2026,MUTHOOTCAP,EQ,MUTHOOT CAP SERV LTD     ,Listed    ,22 JUL 2026,              10.00,          16447533,            215.45,     3543456509.50
22 JUL 2026,MUTHOOTFIN,EQ,MUTHOOT FINANCE LIMITED  ,Listed    ,22 JUL 2026,              10.00,         401468476,           3035.60,  1218697705745.60
22 JUL 2026,MUTHOOTMF,EQ,MUTHOOT MICROFIN LIMITED ,Listed    ,22 JUL 2026,              10.00,         170492176,            250.25,    42663962122.25 
22 JUL 2026,MVGJL,EQ,MANOJ VAIBHAV GEM N JEW L,Listed    ,22 JUL 2026,              10.00,          48847441,            156.90,     7665140441.70     
22 JUL 2026,MVKAGRO,SM,M.V.K. AGRO FOOD PROD LTD,Listed    ,22 JUL 2026,              10.00,          50503900,            403.05,    20355596895.00   
22 JUL 2026,MWL,EQ,MANGALAM WORLDWIDE LTD   ,Listed    ,22 JUL 2026,               1.00,         297006740,             35.90,    10662541966.00       
22 JUL 2026,MYMUDRA,SM,MY MUDRA FINCORP LIMITED ,Listed    ,22 JUL 2026,              10.00,          11391800,             80.00,      911344000.00   
22 JUL 2026,NACLIND,EQ,NACL INDUSTRIES LIMITED  ,Listed    ,22 JUL 2026,               1.00,         234243330,            204.90,    47994115883.70   
22 JUL 2026,NAGREEKCAP,BE,NAGREEKA CAP & INFR.LTD  ,Listed    ,22 JUL 2026,               5.00,          12615300,             22.70,      286115004.00
22 JUL 2026,NAGREEKEXP,EQ,NAGREEKA EXPORTS LTD.    ,Listed    ,22 JUL 2026,               5.00,          31249250,             22.75,      711545422.50
22 JUL 2026,NAHARCAP,EQ,NAHAR CAP & FIN.         ,Listed    ,22 JUL 2026,               5.00,          16746167,            251.60,     4213670540.55  
22 JUL 2026,NAHARINDUS,EQ,NAHAR INDS ENT LTD       ,Listed    ,22 JUL 2026,              10.00,          43205581,            117.30,     5068446707.10
22 JUL 2026,NAHARPOLY,EQ,NAHAR POLY FILMS LIMITED ,Listed    ,22 JUL 2026,               5.00,          24587991,            272.60,     6702686346.60 
22 JUL 2026,NAHARSPING,BE,NAHAR SPINNING MILLS LTD.,Listed    ,22 JUL 2026,               5.00,          36065303,            278.15,    10031564029.45
22 JUL 2026,NAM-INDIA,EQ,NIPPON L I A M LTD       ,Listed    ,22 JUL 2026,              10.00,         638780167,           1147.90,   733255753699.30 
22 JUL 2026,NAMAN,SM,NAMAN INDUSTRE PRXIMA LTD,Listed    ,22 JUL 2026,              10.00,          13065980,             45.80,      598421884.00     
22 JUL 2026,NAMOEWASTE,ST,NAMO EWASTE MANAGEMENT L ,Listed    ,22 JUL 2026,              10.00,          22867515,            283.55,     6484083878.25
22 JUL 2026,NARMADA,EQ,NARMADA AGROBASE LIMITED ,Listed    ,22 JUL 2026,              10.00,          37936399,             35.75,     1356226264.25   
22 JUL 2026,NATCAPSUQ,EQ,NATURAL CAPSULES LIMITED ,Listed    ,22 JUL 2026,              10.00,          10411154,            142.70,     1485775787.35 
22 JUL 2026,NATCOPHARM,EQ,NATCO PHARMA LTD.        ,Listed    ,22 JUL 2026,               2.00,         179109870,            934.25,   167333396047.50
22 JUL 2026,NATHBIOGEN,EQ,NATH BIO-GENES (I) LTD   ,Listed    ,22 JUL 2026,              10.00,          19004000,            161.80,     3074847200.00
22 JUL 2026,NATIONALUM,EQ,NATIONAL ALUMINIUM CO LTD,Listed    ,22 JUL 2026,               5.00,        1836631787,            342.40,   628862723868.80
22 JUL 2026,NATIONSTD,EQ,NATIONAL STAND (INDIA) L ,Permitted ,22 JUL 2026,              10.00,          20000000,            354.70,     7094000000.00 
22 JUL 2026,NAUKRI,EQ,INFO EDGE (I) LTD        ,Listed    ,22 JUL 2026,               2.00,         648420600,           1189.30,   771166619580.00    
22 JUL 2026,NAVA,EQ,NAVA LIMITED             ,Listed    ,22 JUL 2026,               1.00,         283001276,            571.15,   161636178787.40      
22 JUL 2026,NAVINFLUOR,EQ,NAVIN FLUORINE INT. LTD  ,Listed    ,22 JUL 2026,               2.00,          51275419,           7789.00,   399384238591.00
22 JUL 2026,NAVKARCORP,EQ,NAVKAR CORPORATION LTD.  ,Listed    ,22 JUL 2026,              10.00,         150519181,             98.95,    14896883343.55
22 JUL 2026,NAVKARURB,BE,NAVKAR URBANSTRUCTURE LTD,Listed    ,22 JUL 2026,               1.00,        1122090422,              1.05,     1189415847.30 
22 JUL 2026,NAVNETEDUL,EQ,NAVNEET EDUCATION LTD    ,Listed    ,22 JUL 2026,               2.00,         221213181,            144.20,    31894516436.60
22 JUL 2026,NAZARA,EQ,NAZARA TECHNOLOGIES LTD  ,Listed    ,22 JUL 2026,               2.00,         370465024,            304.65,   112862169561.60    
22 JUL 2026,NBCC,EQ,NBCC (INDIA) LIMITED     ,Listed    ,22 JUL 2026,               1.00,        2700000000,             94.75,   255798000000.00      
22 JUL 2026,NBIFIN,EQ,N.B.I. IND. FIN. CO. LTD ,Listed    ,22 JUL 2026,               5.00,           2954850,           2149.70,     6352041045.00    
22 JUL 2026,NCC,EQ,NCC LIMITED              ,Listed    ,22 JUL 2026,               2.00,         627846588,            137.75,    86485867497.00       
22 JUL 2026,NCLIND,EQ,NCL INDUSTRIES LIMITED   ,Listed    ,22 JUL 2026,              10.00,          45232790,            184.50,     8346354410.80    
22 JUL 2026,NDGL,EQ,NAGA DHUNSERI GROUP LTD  ,Listed    ,22 JUL 2026,              10.00,           1000000,           2665.00,     2665000000.00      
22 JUL 2026,NDL,EQ,NANDAN DENIM LIMITED     ,Listed    ,22 JUL 2026,               1.00,        1441471680,              2.35,     3373043731.20       
22 JUL 2026,NDLVENTURE,EQ,NDL VENTURES LIMITED     ,Listed    ,22 JUL 2026,              10.00,          33671621,            125.90,     4239257083.90
22 JUL 2026,NDRAUTO,EQ,NDR AUTO COMPONENTS LTD  ,Listed    ,22 JUL 2026,              10.00,          23785304,            806.50,    19182847676.00   
22 JUL 2026,NDRINVIT,IV,NDR INVIT TRUST          ,Listed    ,21 JUL 2026,             100.00,         458039043,            145.90,    66827896373.70  
22 JUL 2026,NDTV,EQ,NDTV LTD                 ,Listed    ,22 JUL 2026,               4.00,         112824717,             76.00,     8576934986.35      
22 JUL 2026,NEAGI,EQ,NEELAMALAI AGRO INDS. L  ,Permitted ,22 JUL 2026,              10.00,            622062,           3119.00,     1940211378.00     
22 JUL 2026,NECCLTD,BE,NORTH EAST CARRY CORP LTD,Listed    ,22 JUL 2026,              10.00,         104500000,             15.05,     1571680000.00   
22 JUL 2026,NECLIFE,BE,NECTAR LIFESCIENCES LTD. ,Listed    ,22 JUL 2026,               1.00,         194260970,             10.55,     2049453233.50   
22 JUL 2026,NEELAM,SM,NEELAM LINENS & GAR (I) L,Listed    ,10 JUL 2026,              10.00,          20218000,              9.70,      196114600.00    
22 JUL 2026,NELCAST,EQ,NELCAST LIMITED          ,Listed    ,22 JUL 2026,               2.00,          87001200,            134.15,    11672951004.00   
22 JUL 2026,NELCO,EQ,NELCO LTD                ,Listed    ,22 JUL 2026,              10.00,          22818400,            934.95,    21334063080.00     
22 JUL 2026,NEOCHEM,ST,NEOCHEM BIO SOLUTIONS LTD,Listed    ,22 JUL 2026,              10.00,          17120753,             93.75,     1605070593.75   
22 JUL 2026,NEOGEN,EQ,NEOGEN CHEMICALS LIMITED ,Listed    ,22 JUL 2026,              10.00,          27381674,           2105.20,    57643900104.80    
22 JUL 2026,NEPHROCARE,ST,NEPHRO CARE INDIA LIMITED,Listed    ,22 JUL 2026,              10.00,          16486400,             65.40,     1078210560.00
22 JUL 2026,NEPHROPLUS,EQ,NEPHROCARE HEALTH SERV L ,Listed    ,22 JUL 2026,               2.00,         100340717,            672.65,    67494183290.05
22 JUL 2026,NEPTUNE,SM,NEPTUNE PETROCHEMICALS L ,Listed    ,22 JUL 2026,              10.00,          22653500,            180.00,     4077630000.00   
22 JUL 2026,NESCO,EQ,NESCO LTD.               ,Listed    ,22 JUL 2026,               2.00,          70459960,           1059.20,    74631189632.00     
22 JUL 2026,NESTLEIND,EQ,NESTLE INDIA LIMITED     ,Listed    ,22 JUL 2026,               1.00,        1928314320,           1493.60,  2880130268352.00 
22 JUL 2026,NETWEB,EQ,NETWEB TECH INDIA LTD    ,Listed    ,22 JUL 2026,               2.00,          56940687,           4288.70,   244201524336.90    
22 JUL 2026,NETWORK18,EQ,NETWORK18 MEDIA & INV LTD,Listed    ,22 JUL 2026,               5.00,        1542000018,             28.75,    44347920517.70 
22 JUL 2026,NEUEON,BE,NEUEON CORPORATION LTD   ,Listed    ,22 JUL 2026,               1.00,         565445520,             16.45,     9295924348.80    
22 JUL 2026,NEULANDLAB,EQ,NEULAND LAB LTD.         ,Listed    ,22 JUL 2026,              10.00,          12829889,          18466.00,   236916730274.00
22 JUL 2026,NEWGEN,EQ,NEWGEN SOFTWARE TECH LTD ,Listed    ,22 JUL 2026,              10.00,         142510002,            533.15,    75979207566.30    
22 JUL 2026,NEWJAISA,ST,NEWJAISA TECHNOLOGIES LTD,Listed    ,22 JUL 2026,               5.00,          35774694,             15.80,      565240165.20  
22 JUL 2026,NEXTMEDIA,EQ,NEXT MEDIAWORKS LIMITED  ,Listed    ,22 JUL 2026,              10.00,          66892908,              3.80,      253524121.30 
22 JUL 2026,NFL,EQ,NATIONAL FERT. LTD       ,Listed    ,22 JUL 2026,              10.00,         490578400,             70.85,    34767291208.00       
22 JUL 2026,NFPSAMPOOR,SM,NFP SAMPOORNA FOODS LTD  ,Listed    ,22 JUL 2026,              10.00,          12634128,             23.25,      293743476.00
22 JUL 2026,NGIL,BE,NAKODA GROUP OF IND. LTD ,Listed    ,22 JUL 2026,              10.00,          17538052,             39.00,      683984028.00      
22 JUL 2026,NGLFINE,EQ,NGL FINE CHEM LIMITED    ,Listed    ,22 JUL 2026,               5.00,           6178024,           3256.20,    20116881748.80   
22 JUL 2026,NH,EQ,NARAYANA HRUDAYALAYA LTD.,Listed    ,22 JUL 2026,              10.00,         204360804,           1968.00,   402182062272.00        
22 JUL 2026,NHIT,IV,NATIONAL HIGHW INFRA TRUS,Listed    ,22 JUL 2026,             100.00,        2138550600,            169.25,   361949689050.00      
22 JUL 2026,NHPC,EQ,NHPC LTD                 ,Listed    ,22 JUL 2026,              10.00,       10045034805,             80.30,   806415394145.40      
22 JUL 2026,NIACL,EQ,THE NEW INDIA ASSU CO LTD,Listed    ,22 JUL 2026,               5.00,        1648000000,            175.15,   288630720000.00     
22 JUL 2026,NIBE,EQ,NIBE LIMITED             ,Listed    ,22 JUL 2026,              10.00,          14941273,           1539.20,    22997607401.60      
22 JUL 2026,NIBL,EQ,NRB INDUS. BEARINGS LTD. ,Listed    ,22 JUL 2026,               2.00,          24230650,             34.40,      834018973.00      
22 JUL 2026,NIDAN,SM,NIDAN LABS AND HEALTH LTD,Listed    ,22 JUL 2026,              10.00,          13900000,             12.90,      179310000.00     
22 JUL 2026,NIITLTD,EQ,NIIT LIMITED             ,Listed    ,22 JUL 2026,               2.00,         136653763,             95.80,    13094163570.65   
22 JUL 2026,NIITMTS,EQ,NIIT LEARNING SYSTEMS LTD,Listed    ,22 JUL 2026,               2.00,         137671443,            233.35,    32124254509.60   
22 JUL 2026,NIKITA,SM,NIKITA GRENTEC RECYCL LTD,Listed    ,22 JUL 2026,              10.00,          24667900,             75.25,     1856259475.00    
22 JUL 2026,NILAINFRA,EQ,NILA INFRASTRUCTURES LTD ,Listed    ,22 JUL 2026,               1.00,         393889200,              7.20,     2843880024.00 
22 JUL 2026,NILASPACES,EQ,NILA SPACES LIMITED      ,Listed    ,22 JUL 2026,               1.00,         393889200,             12.00,     4718792616.00
22 JUL 2026,NILE,EQ,NILE LTD.                ,Permitted ,22 JUL 2026,              10.00,           3001900,           1839.00,     5520494100.00      
22 JUL 2026,NILKAMAL,EQ,NILKAMAL LIMITED         ,Listed    ,22 JUL 2026,              10.00,          14922525,           1604.30,    23940206857.50  
22 JUL 2026,NIMBSPROJ,BE,NIMBUS PROJECTS LIMITED  ,Listed    ,22 JUL 2026,              10.00,          19318735,            194.00,     3747834590.00 
22 JUL 2026,NINSYS,BE,NINTEC SYSTEMS LIMITED   ,Listed    ,22 JUL 2026,              10.00,          18576000,            870.60,    16172265600.00    
22 JUL 2026,NIPPOBATRY,EQ,INDO-NATIONAL LIMITED    ,Listed    ,22 JUL 2026,               5.00,           7500000,            327.90,     2459250000.00
22 JUL 2026,NIRAJ,BE,NIRAJ CEMENT STRUC LTD   ,Listed    ,22 JUL 2026,              10.00,          59694340,             29.00,     1729941973.20     
22 JUL 2026,NIRAJISPAT,EQ,NIRAJ ISPAT IND LTD      ,Listed    ,21 JUL 2026,              10.00,            600000,            190.50,      114300000.00
22 JUL 2026,NIRLON,EQ,NIRLON LTD               ,Permitted ,22 JUL 2026,              10.00,          90118040,            626.50,    56458952060.00    
22 JUL 2026,NIRMAN,SM,NIRMAN AGRI GENTICS LTD  ,Listed    ,22 JUL 2026,              10.00,           8009676,             39.25,      314379783.00    
22 JUL 2026,NITCO,EQ,NITCO LIMITED            ,Listed    ,22 JUL 2026,              10.00,         240516105,            105.35,    25340776822.80     
22 JUL 2026,NITINSPIN,EQ,NITIN SPINNERS LIMITED   ,Listed    ,22 JUL 2026,              10.00,          56220000,            533.55,    29996181000.00 
22 JUL 2026,NITIRAJ,EQ,NITIRAJ ENGINEERS LTD    ,Listed    ,22 JUL 2026,              10.00,          10251000,            219.80,     2253272310.00   
22 JUL 2026,NITTAGELA,EQ,NITTA GELATIN INDIA LTD. ,Permitted ,22 JUL 2026,              10.00,           9079160,           1836.50,    16673877340.00 
22 JUL 2026,NIVABUPA,EQ,NIVA BUPA HEALTH INS CO L,Listed    ,22 JUL 2026,              10.00,        1847757271,             84.80,   156671339008.10  
22 JUL 2026,NKIND,EQ,NK INDUSTRIES LTD        ,Listed    ,22 JUL 2026,              10.00,           6009900,             65.00,      390523302.00     
22 JUL 2026,NLCINDIA,EQ,NLC INDIA LIMITED        ,Listed    ,22 JUL 2026,              10.00,        1386636609,            287.60,   398796688748.40  
22 JUL 2026,NMDC,EQ,NMDC LTD.                ,Listed    ,22 JUL 2026,               1.00,        8791817550,             83.35,   732710074617.00      
22 JUL 2026,NMSTEEL,SM,NEWMALAYALAM STEEL LTD   ,Listed    ,22 JUL 2026,              10.00,          17287600,             24.00,      414902400.00   
22 JUL 2026,NOCIL,EQ,NOCIL LIMITED            ,Listed    ,22 JUL 2026,              10.00,         167024930,            164.00,    27390418270.70     
22 JUL 2026,NOIDATOLL,BE,NOIDA TOLL BRIDGE CO LTD ,Listed    ,22 JUL 2026,              10.00,         186195002,              4.40,      821119958.80 
22 JUL 2026,NORBTEAEXP,EQ,NORBEN TEA & EXPORTS LTD ,Listed    ,22 JUL 2026,              10.00,          15544100,             68.50,     1064770850.00
22 JUL 2026,NORTHARC,EQ,NORTHERN ARC CAPITAL LTD ,Listed    ,22 JUL 2026,              10.00,         161612375,            299.70,    48435228787.50  
22 JUL 2026,NOVAAGRI,BE,NOVA AGRITECH LIMITED    ,Listed    ,22 JUL 2026,               2.00,          92519813,             22.85,     2113152528.90  
22 JUL 2026,NOVARTIND,EQ,NOVARTIS INDIA LIMITED   ,Permitted ,22 JUL 2026,               5.00,          24690797,           1699.80,    41969416740.60 
22 JUL 2026,NPST,EQ,NETWORK PEOPLE SRV TECH L,Listed    ,22 JUL 2026,              10.00,          20850650,           1539.10,    32091235415.00      
22 JUL 2026,NRAIL,EQ,N R AGARWAL INDS LTD     ,Listed    ,22 JUL 2026,              10.00,          17019100,            451.95,     7691782245.00     
22 JUL 2026,NRBBEARING,EQ,NRB BEARING LIMITED      ,Listed    ,22 JUL 2026,               2.00,          96922600,            394.20,    38206888920.00
22 JUL 2026,NRL,BE,NUPUR RECYCLERS LIMITED  ,Listed    ,22 JUL 2026,              10.00,          69068995,            107.80,     7447019040.90       
22 JUL 2026,NRVANDANA,ST,N R VANDANA TEX IND LTD  ,Listed    ,22 JUL 2026,              10.00,          23294809,             70.00,     1630636630.00 
22 JUL 2026,NSIL,EQ,NALWA SONS INVESTMENT LTD,Listed    ,22 JUL 2026,              10.00,           5136163,           5556.00,    28536521628.00      
22 JUL 2026,NSLNISP,EQ,NMDC STEEL LIMITED       ,Listed    ,22 JUL 2026,              10.00,        2930605850,             42.25,   123788791104.00   
22 JUL 2026,NTPC,EQ,NTPC LTD                 ,Listed    ,22 JUL 2026,              10.00,        9696666134,            350.50,  3398681479967.00      
22 JUL 2026,NTPCGREEN,EQ,NTPC GREEN ENERGY LIMITED,Listed    ,22 JUL 2026,              10.00,        8426329669,             91.30,   769323898779.70 
22 JUL 2026,NUCLEUS,EQ,NUCLEUS SOFTWARE EXPORTS ,Listed    ,22 JUL 2026,              10.00,          26325306,            743.45,    19571548745.70   
22 JUL 2026,NURECA,EQ,NURECA LIMITED           ,Listed    ,22 JUL 2026,              10.00,           9541920,            311.15,     2968777569.60    
22 JUL 2026,NUVAMA,EQ,NUVAMA WEALTH MANAGE LTD ,Listed    ,22 JUL 2026,               2.00,         182485118,           1882.40,   343509986123.20    
22 JUL 2026,NUVOCO,EQ,NUVOCO VISTAS CORP LTD   ,Listed    ,22 JUL 2026,              10.00,         357156153,            359.70,   128469068234.10    
22 JUL 2026,NXST,RR,NEXUS SELECT TRUST       ,Listed    ,22 JUL 2026,             100.00,        1515000000,            167.90,   254368500000.00      
22 JUL 2026,NXT-INFRA,IV,NXT-INFRA TRUST          ,Listed    ,30 JUN 2026,             100.00,         285000000,             95.60,    27248850000.00 
22 JUL 2026,NYKAA,EQ,FSN E COMMERCE VENTURES  ,Listed    ,22 JUL 2026,               1.00,        2863824106,            326.60,   935324953019.60     
22 JUL 2026,OAL,EQ,ORIENTAL AROMATICS LTD   ,Listed    ,22 JUL 2026,               5.00,          33653576,            348.60,    11731636593.60       
22 JUL 2026,OBCL,EQ,OBCL LIMITED             ,Listed    ,22 JUL 2026,              10.00,          21082790,             53.00,     1117387870.00      
22 JUL 2026,OBEROIRLTY,EQ,OBEROI REALTY LIMITED    ,Listed    ,22 JUL 2026,              10.00,         363602237,           1851.50,   673209541805.50
22 JUL 2026,OBSCP,SM,OBSC PERFECTION LIMITED  ,Listed    ,22 JUL 2026,              10.00,          25845600,            580.45,    15002078520.00     
22 JUL 2026,OCCLLTD,BE,OCCL LIMITED             ,Listed    ,22 JUL 2026,               2.00,          49950460,            136.90,     6837218964.80   
22 JUL 2026,ODIGMA,BE,ODIGMA CONSULTANCY SOL L ,Listed    ,22 JUL 2026,               1.00,          31258450,             22.75,      710817153.00    
22 JUL 2026,OFSS,EQ,ORACLE FIN SERV SOFT LTD.,Listed    ,22 JUL 2026,               5.00,          87064329,          10851.00,   944735033979.00      
22 JUL 2026,OIL,EQ,OIL INDIA LTD            ,Listed    ,22 JUL 2026,              10.00,        1626607791,            451.15,   733844104909.65       
22 JUL 2026,OILCOUNTUB,BE,OIL COUNTRY TUBULAR LTD. ,Listed    ,22 JUL 2026,              10.00,          51989530,             56.10,     2916092737.70
22 JUL 2026,OLAELEC,EQ,OLA ELECTRIC MOBILITY LTD,Listed    ,22 JUL 2026,              10.00,        4628408313,             36.65,   169723732837.70   
22 JUL 2026,OLECTRA,EQ,OLECTRA GREENTECH LIMITED,Listed    ,22 JUL 2026,               4.00,          82080737,           1345.80,   110464255854.60   
22 JUL 2026,OLIL,ST,ONECLICK LOGISTICS IND L ,Listed    ,22 JUL 2026,              10.00,           6711723,            415.00,     2785365045.00      
22 JUL 2026,OMAXAUTO,BE,OMAX AUTOS LTD           ,Listed    ,22 JUL 2026,              10.00,          21371213,            224.40,     4795700197.20  
22 JUL 2026,OMAXE,EQ,OMAXE LIMITED            ,Listed    ,22 JUL 2026,              10.00,         182900540,             89.50,    16369598330.00     
22 JUL 2026,OMFREIGHT,BE,OM FREIGHT FORWARDERS LTD,Listed    ,22 JUL 2026,              10.00,          33675442,             91.70,     3088711540.25 
22 JUL 2026,OMFURN,ST,OMFURN INDIA LIMITED     ,Listed    ,22 JUL 2026,              10.00,          11774400,             54.50,      641704800.00    
22 JUL 2026,OMINFRAL,EQ,OM INFRA LIMITED         ,Listed    ,22 JUL 2026,               1.00,          96303809,             87.20,     8396729106.70  
22 JUL 2026,OMNI,EQ,OMNITECH ENGINEERING LTD ,Listed    ,22 JUL 2026,               5.00,         123666020,            580.65,    71806674513.00      
22 JUL 2026,OMPOWER,EQ,OM POWER TRANSMISSION LTD,Listed    ,22 JUL 2026,              10.00,          34245000,            167.10,     5722681950.00   
22 JUL 2026,ONDOOR,SM,ON DOOR CONCEPTS LIMITED ,Listed    ,22 JUL 2026,              10.00,           5648612,            232.90,     1315561734.80    
22 JUL 2026,ONELIFECAP,BE,ONELIFE CAP ADVISORS LTD ,Listed    ,22 JUL 2026,              10.00,          37360000,             37.30,     1392780800.00
22 JUL 2026,ONEPOINT,EQ,ONE POINT ONE SOL LTD    ,Listed    ,22 JUL 2026,               2.00,         262936776,             54.25,    14261690730.25  
22 JUL 2026,ONESOURCE,EQ,ONESOURCE SPECL PHARMA L ,Listed    ,22 JUL 2026,               1.00,         114645801,           1671.50,   191630456371.50 
22 JUL 2026,ONGC,EQ,OIL AND NATURAL GAS CORP.,Listed    ,22 JUL 2026,               5.00,       12580279206,            251.90,  3168972331991.40      
22 JUL 2026,ONIDA,BE,ONIDA ELECTRONICS LIMITED,Listed    ,22 JUL 2026,               1.00,         369392364,             38.55,    14236381708.55     
22 JUL 2026,ONMOBILE,BE,ONMOBILE GLOBAL LTD.     ,Listed    ,22 JUL 2026,              10.00,         106321351,             60.50,     6431378522.00  
22 JUL 2026,ONWARDTEC,EQ,ONWARD TECHNOLOGIES LTD  ,Listed    ,22 JUL 2026,              10.00,          22211890,            284.65,     6322614488.50 
22 JUL 2026,ONYX,ST,ONYX BIOTEC LIMITED      ,Listed    ,22 JUL 2026,              10.00,          18132200,             37.60,      681770720.00      
22 JUL 2026,OPTIEMUS,EQ,OPTIEMUS INFRACOM LTD    ,Listed    ,22 JUL 2026,              10.00,          88688783,            615.45,    54583511497.35  
22 JUL 2026,OPTIVALUE,SM,OPTIVALUE TEK CONSULT LTD,Listed    ,22 JUL 2026,              10.00,          23411400,             93.05,     2178430770.00 
22 JUL 2026,ORBTEXP,BE,ORBIT EXPORTS LIMITED    ,Listed    ,22 JUL 2026,              10.00,          26511152,            221.05,     5860025038.10   
22 JUL 2026,ORCHASP,EQ,ORCHASP LIMITED          ,Listed    ,22 JUL 2026,               2.00,         346425366,              1.65,      575066107.55   
22 JUL 2026,ORCHPHARMA,EQ,ORCHID PHARMA LIMITED    ,Listed    ,22 JUL 2026,              10.00,          50719105,           1001.00,    50769824105.00
22 JUL 2026,ORIANA,SM,ORIANA POWER LIMITED     ,Listed    ,22 JUL 2026,              10.00,          20319150,           1435.10,    29160012165.00    
22 JUL 2026,ORICONENT,EQ,ORICON ENTERPRISES LTD   ,Listed    ,22 JUL 2026,               2.00,         157047715,             54.90,     8620349076.35 
22 JUL 2026,ORIENTALTL,EQ,ORIENTAL TRIMEX LTD      ,Listed    ,22 JUL 2026,              10.00,          73507265,              5.30,      391058649.80
22 JUL 2026,ORIENTBELL,EQ,ORIENT BELL LIMITED      ,Listed    ,22 JUL 2026,              10.00,          14710476,            314.90,     4632328892.40
22 JUL 2026,ORIENTCEM,EQ,ORIENT CEMENT LTD.       ,Listed    ,22 JUL 2026,               1.00,         205459873,            136.60,    28067873250.55 
22 JUL 2026,ORIENTCER,EQ,ORIENT CERATECH LIMITED  ,Listed    ,22 JUL 2026,               1.00,         119639200,             40.60,     4859744304.00 
22 JUL 2026,ORIENTELEC,EQ,ORIENT ELECTRIC LIMITED  ,Listed    ,22 JUL 2026,               1.00,         213365899,            170.30,    36331945281.70
22 JUL 2026,ORIENTHOT,EQ,ORIENT HOTELS LTD        ,Listed    ,22 JUL 2026,               1.00,         178599180,            135.50,    24198402898.20 
22 JUL 2026,ORIENTLTD,EQ,ORIENT PRESS LIMITED     ,Listed    ,22 JUL 2026,              10.00,          10000000,             71.45,      714500000.00 
22 JUL 2026,ORIENTPPR,EQ,ORIENT PAPER AND INDS LTD,Listed    ,22 JUL 2026,               1.00,         212185822,             17.20,     3649596138.40 
22 JUL 2026,ORIENTTECH,EQ,ORIENT TECHNOLOGIES LTD  ,Listed    ,22 JUL 2026,              10.00,          45805916,            262.95,    12044665612.20
22 JUL 2026,ORISSAMINE,EQ,ORISSA MIN DEV CO LTD    ,Listed    ,22 JUL 2026,               1.00,           6000000,           3751.20,    22507200000.00
22 JUL 2026,ORKLAINDIA,EQ,ORKLA INDIA LIMITED      ,Listed    ,22 JUL 2026,               1.00,         136989230,            565.05,    77405764411.50
22 JUL 2026,ORTEL,BZ,ORTEL COMMUNICATIONS LTD ,Listed    ,22 JUL 2026,              10.00,          32976900,              1.75,       57709575.00     
22 JUL 2026,ORTINGLOBE,BE,ORTIN GLOBAL LIMITED     ,Listed    ,22 JUL 2026,              10.00,           8131392,             15.25,      124166355.85
22 JUL 2026,OSEINTRUST,IV,ORIENTAL INFRATRUST      ,Listed    ,Not Traded ,             100.00,         583483081,             81.80,    47740585687.40
22 JUL 2026,OSELDEVICE,SM,OSEL DEVICES LIMITED     ,Listed    ,22 JUL 2026,              10.00,          17794600,            444.00,     7900802400.00
22 JUL 2026,OSIAHYPER,BE,OSIA HYPER RETAIL LIMITED,Listed    ,22 JUL 2026,               1.00,         176958900,              2.95,      523798344.00 
22 JUL 2026,OSWALAGRO,BE,OSWAL AGRO MILLS LTD     ,Listed    ,22 JUL 2026,              10.00,         134234776,             37.80,     5071389837.30 
22 JUL 2026,OSWALGREEN,EQ,OSWAL GREENTECH LIMITED  ,Listed    ,22 JUL 2026,              10.00,         256809159,             21.35,     5488011727.85
22 JUL 2026,OSWALPUMPS,EQ,OSWAL PUMPS LIMITED      ,Listed    ,22 JUL 2026,               1.00,         114004897,            356.35,    40625645045.95
22 JUL 2026,OSWALSEEDS,EQ,SHREEOSWAL S AND CHE LTD ,Listed    ,22 JUL 2026,               2.00,          91470000,             10.05,      919273500.00
22 JUL 2026,OWAIS,ST,OWAIS METAL & MINERAL    ,Listed    ,22 JUL 2026,              10.00,          18182398,             98.95,     1799148282.10     
22 JUL 2026,PACEDIGITK,EQ,PACE DIGITEK LIMITED     ,Listed    ,22 JUL 2026,               2.00,         215851327,            198.35,    42814110710.45
22 JUL 2026,PAGEIND,EQ,PAGE INDUSTRIES LTD      ,Listed    ,22 JUL 2026,              10.00,          11153874,          39820.00,   444147262680.00   
22 JUL 2026,PAISALO,EQ,PAISALO DIGITAL LIMITED  ,Listed    ,22 JUL 2026,               1.00,         909521874,             73.25,    66604286833.00   
22 JUL 2026,PAKKA,EQ,PAKKA LIMITED            ,Listed    ,22 JUL 2026,              10.00,          44948100,             72.10,     3241207491.00     
22 JUL 2026,PALASHSECU,EQ,PALASH SECURITIES LTD    ,Listed    ,22 JUL 2026,              10.00,          10003102,             89.35,      893777163.70
22 JUL 2026,PALREDTEC,BE,PALRED TECHNOLOGIES LTD  ,Listed    ,22 JUL 2026,              10.00,          12232566,             47.35,      579212000.10 
22 JUL 2026,PANACEABIO,EQ,PANACEA BIOTEC LTD       ,Listed    ,22 JUL 2026,               1.00,          61250746,            461.95,    28294782114.70
22 JUL 2026,PANACHE,BE,PANACHE DIGILIFE LIMITED ,Listed    ,22 JUL 2026,              10.00,          16014000,            437.90,     7012530600.00   
22 JUL 2026,PANAMAPET,EQ,PANAMA PETROCHEM LTD     ,Listed    ,22 JUL 2026,               2.00,          60493598,            457.00,    27645574286.00 
22 JUL 2026,PANSARI,EQ,PANSARI DEVELOPERS LTD   ,Listed    ,22 JUL 2026,              10.00,          17446800,            360.20,     6284337360.00   
22 JUL 2026,PAR,EQ,PAR DRUGS AND CHEM LTD   ,Listed    ,22 JUL 2026,              10.00,          12304636,             98.25,     1208930487.00       
22 JUL 2026,PARACABLES,EQ,PARAMOUNT COMM LTD       ,Listed    ,22 JUL 2026,               2.00,         305209814,             63.20,    19289260244.80
22 JUL 2026,PARADEEP,EQ,PARADEEP PHOSPHATES LTD  ,Listed    ,22 JUL 2026,              10.00,        1038170594,            139.30,   144627545450.15  
22 JUL 2026,PARAGMILK,EQ,PARAG MILK FOODS LTD.    ,Listed    ,22 JUL 2026,              10.00,         125609554,            215.90,    27117846613.05 
22 JUL 2026,PARAGON,SM,PARAGON FINE S.C. LTD.   ,Listed    ,22 JUL 2026,              10.00,          19566000,             48.50,      948951000.00   
22 JUL 2026,PARAMATRIX,SM,PARAMATRIX TECHNOLOGIES L,Listed    ,20 JUL 2026,              10.00,          11048000,             58.00,      640784000.00
22 JUL 2026,PARAMOUNT,ST,PARAMOUNT DYE TEC LIMITED,Listed    ,22 JUL 2026,              10.00,           6942651,             37.00,      256878087.00 
22 JUL 2026,PARAMPARA,SM,PARAMPARA DAIRY DLGHT LTD,Listed    ,17 JUL 2026,              10.00,          10500000,             11.70,      122850000.00 
22 JUL 2026,PARAS,EQ,PARAS DEF AND SPCE TECH L,Listed    ,22 JUL 2026,               5.00,          80587330,           1223.10,    98566363323.00     
22 JUL 2026,PARASPETRO,EQ,PARAS PETROFILS LTD.     ,Listed    ,22 JUL 2026,               1.00,         334221000,              2.00,      665099790.00
22 JUL 2026,PARIN,SM,PARIN ENTERPRISES LIMITED,Listed    ,22 JUL 2026,              10.00,          11118000,            719.00,     7993842000.00     
22 JUL 2026,PARKHOSPS,EQ,PARK MEDI WORLD LIMITED  ,Listed    ,22 JUL 2026,               2.00,         431930864,            281.60,   121631731302.40 
22 JUL 2026,PARKHOTELS,EQ,PARKHOTELS               ,Listed    ,22 JUL 2026,               1.00,         213374246,            127.20,    27136936606.30
22 JUL 2026,PARSVNATH,BE,PARSVNATH DEVELOPER LTD  ,Listed    ,22 JUL 2026,               5.00,         435181170,              2.00,      879065963.40 
22 JUL 2026,PARTH,SM,PARTH ELEC & ENG LTD     ,Listed    ,22 JUL 2026,              10.00,          13667955,            451.00,     6164247705.00     
22 JUL 2026,PARTYCRUS,SM,PARTY CRUISERS LIMITED   ,Listed    ,22 JUL 2026,              10.00,          11985113,             90.00,     1078660170.00 
22 JUL 2026,PASHUPATI,EQ,PASHUPATI COTSPIN LIMITED,Listed    ,22 JUL 2026,               1.00,         157840000,             86.70,    13683149600.00 
22 JUL 2026,PASUPTAC,BE,PASUPATI ACRYLON LIMITED ,Listed    ,22 JUL 2026,              10.00,          89133121,             58.20,     5185764979.80  
22 JUL 2026,PATANJALI,EQ,PATANJALI FOODS LIMITED  ,Listed    ,22 JUL 2026,               2.00,        1088108595,            336.15,   365767704209.25 
22 JUL 2026,PATELENG,EQ,PATEL ENGINEERING LTD.   ,Listed    ,22 JUL 2026,               1.00,         992141937,             29.05,    28821723269.85  
22 JUL 2026,PATELRMART,EQ,PATEL RETAIL LIMITED     ,Listed    ,22 JUL 2026,              10.00,          33400528,            214.90,     7177439461.90
22 JUL 2026,PATILAUTOM,ST,PATIL AUTOMATION LIMITED ,Listed    ,22 JUL 2026,              10.00,          21820800,            185.00,     4036848000.00
22 JUL 2026,PATINTLOG,BE,PATEL INT. LOG. LTD      ,Listed    ,22 JUL 2026,              10.00,          69585746,             14.35,      997163740.20 
22 JUL 2026,PATTECH,ST,PATTECH FITWELL TUB COM L,Listed    ,09 JUN 2026,              10.00,           9397187,            114.85,     1079266926.95   
22 JUL 2026,PAUSHAKLTD,EQ,PAUSHAK LIMITED          ,Listed    ,22 JUL 2026,               5.00,          24656912,            546.40,    13472536716.80
22 JUL 2026,PAVNAIND,EQ,PAVNA INDUSTRIES LIMITED ,Listed    ,22 JUL 2026,               1.00,         139530000,             16.45,     2295268500.00  
22 JUL 2026,PAYTM,EQ,ONE 97 COMMUNICATIONS LTD,Listed    ,22 JUL 2026,               1.00,         640337006,           1267.00,   811306986602.00     
22 JUL 2026,PCBL,EQ,PCBL CHEMICAL LIMITED    ,Listed    ,22 JUL 2026,               1.00,         393462604,            322.10,   126734304748.40      
22 JUL 2026,PCCL,SM,PETRO CARBON AND CHEMI L ,Listed    ,22 JUL 2026,              10.00,          24700000,            256.50,     6335550000.00      
22 JUL 2026,PCJEWELLER,EQ,PC JEWELLER LTD          ,Listed    ,22 JUL 2026,               1.00,        8368587325,              9.85,    82597956897.75
22 JUL 2026,PDMJEPAPER,EQ,PUDUMJEE PAPER PRO. LTD  ,Listed    ,22 JUL 2026,               1.00,          94950000,             89.70,     8516065500.00
22 JUL 2026,PDSL,EQ,PDS LIMITED              ,Listed    ,22 JUL 2026,               2.00,         141442133,            356.65,    50445336734.45      
22 JUL 2026,PEARLPOLY,BE,PEARL POLYMERS LTD       ,Listed    ,22 JUL 2026,              10.00,          16834932,             17.25,      290739275.65 
22 JUL 2026,PELATRO,SM,PELATRO LIMITED          ,Listed    ,22 JUL 2026,              10.00,          10597399,            264.95,     2807780865.05   
22 JUL 2026,PENIND,EQ,PENNAR INDUSTRIES LTD    ,Listed    ,22 JUL 2026,               5.00,         134946231,            164.85,    22243187255.75    
22 JUL 2026,PENINLAND,BE,PENINSULA LAND LIMITED   ,Listed    ,22 JUL 2026,               2.00,         331728220,             16.75,     5553130402.80 
22 JUL 2026,PENTAGON,SM,PENTAGON RUBBER LIMITED  ,Listed    ,22 JUL 2026,              10.00,           7710000,             53.95,      415954500.00  
22 JUL 2026,PERFECT,SZ,PERFECT INFRAENGINEER LTD,Listed    ,22 JUL 2026,              10.00,          17495778,              2.85,       49862967.30   
22 JUL 2026,PERSISTENT,EQ,PERSISTENT SYSTEMS LTD   ,Listed    ,22 JUL 2026,               5.00,         157750000,           5098.80,   804335700000.00
22 JUL 2026,PETRONET,EQ,PETRONET LNG LIMITED     ,Listed    ,22 JUL 2026,              10.00,        1500000088,            279.65,   419475024609.20  
22 JUL 2026,PFC,EQ,POWER FIN CORP LTD.      ,Listed    ,22 JUL 2026,              10.00,        3300101760,            412.30,  1360631955648.00       
22 JUL 2026,PFIZER,EQ,PFIZER LTD               ,Listed    ,22 JUL 2026,              10.00,          45747732,           4644.60,   212479916047.20    
22 JUL 2026,PFOCUS,EQ,PRIME FOCUS LIMITED      ,Listed    ,22 JUL 2026,               1.00,         775990547,            285.35,   221428902586.45    
22 JUL 2026,PFS,EQ,PTC INDIA FIN SERV LTD   ,Listed    ,22 JUL 2026,              10.00,         642283335,             29.50,    18947358382.50       
22 JUL 2026,PGEL,EQ,PG ELECTROPLAST LTD      ,Listed    ,22 JUL 2026,               1.00,         285342658,            575.40,   164186165413.20      
22 JUL 2026,PGHH,EQ,P&G HYGIENE & HEALTH CARE,Listed    ,22 JUL 2026,              10.00,          32460736,           8999.50,   292130393632.00      
22 JUL 2026,PGHL,EQ,PROCTER & GAMBLE HEALTH L,Listed    ,22 JUL 2026,              10.00,          16599382,           6712.00,   111415051984.00      
22 JUL 2026,PGIL,EQ,PEARL GLOBAL IND LIMITED ,Listed    ,22 JUL 2026,               5.00,          46179567,           2004.50,    92566942051.50      
22 JUL 2026,PGINVIT,IV,POWERGRID INFRA. INVITS  ,Listed    ,22 JUL 2026,             100.00,         909999200,             99.35,    90417520512.00   
22 JUL 2026,PHANTOMFX,SM,PHANTOM DIGITAL EFF LTD  ,Listed    ,22 JUL 2026,              10.00,          15922800,            175.50,     2794451400.00 
22 JUL 2026,PHOENIXLTD,EQ,THE PHOENIX MILLS LTD    ,Listed    ,22 JUL 2026,               2.00,         357639425,           2055.60,   735163602030.00
22 JUL 2026,PHOGLOBAL,SM,PHOENIX OVERSEAS LIMITED ,Listed    ,22 JUL 2026,              10.00,          19346018,             17.10,      330816907.80 
22 JUL 2026,PICCADIL,EQ,PICCADILY AGRO INDUSTRI L,Listed    ,22 JUL 2026,              10.00,          98572144,            745.00,    73436247280.00  
22 JUL 2026,PIDILITIND,EQ,PIDILITE INDUSTRIES LTD  ,Listed    ,22 JUL 2026,               1.00,        1017775348,           1608.60,  1637193424792.80
22 JUL 2026,PIGL,EQ,POWER INSTRUMENT (G) LTD ,Listed    ,22 JUL 2026,              10.00,          20978900,            109.30,     2292993770.00      
22 JUL 2026,PIIND,EQ,PI INDUSTRIES LTD        ,Listed    ,22 JUL 2026,               1.00,         151718118,           2697.60,   409274795116.80     
22 JUL 2026,PILANIINVS,EQ,PILANI INV & IND COR LTD ,Listed    ,22 JUL 2026,              10.00,          11072250,           4352.20,    48188646450.00
22 JUL 2026,PILITA,BE,PIL ITALICA LIFESTYLE LTD,Listed    ,22 JUL 2026,               1.00,         235000000,              9.00,     2115000000.00    
22 JUL 2026,PINELABS,EQ,PINE LABS LIMITED        ,Listed    ,22 JUL 2026,               1.00,        1148276377,            146.90,   168670317017.55  
22 JUL 2026,PIONEEREMB,EQ,PIONEER EMBROIDERIES LTD ,Listed    ,22 JUL 2026,              10.00,          30807192,             22.00,      677450152.10
22 JUL 2026,PIONRINV,EQ,PIONEER INVESTCORP LTD.  ,Permitted ,22 JUL 2026,              10.00,          12296908,             94.35,     1160213269.80  
22 JUL 2026,PIRAMALFIN,EQ,PIRAMAL FINANCE LIMITED  ,Listed    ,22 JUL 2026,               2.00,         226677700,           2146.70,   486609018590.00
22 JUL 2026,PITTIENG,EQ,PITTI ENGINEERING LIMITED,Listed    ,22 JUL 2026,               5.00,          37653588,            927.70,    34931233587.60  
22 JUL 2026,PIXTRANS,EQ,PIX TRANSMISSIONS LIMITED,Listed    ,22 JUL 2026,              10.00,          13625200,           1816.90,    24755625880.00  
22 JUL 2026,PKTEA,EQ,THE P K TEA PROD CO LTD  ,Listed    ,22 JUL 2026,              10.00,           3095879,            743.40,     2301476448.60     
22 JUL 2026,PLADAINFO,SM,PLADA INFOTECH SERVICES L,Listed    ,20 JUL 2026,              10.00,           8574000,             11.45,       98172300.00 
22 JUL 2026,PLASTIBLEN,EQ,PLASTIBLENDS INDIA LTD   ,Listed    ,22 JUL 2026,               5.00,          25989200,            194.40,     5052560372.00
22 JUL 2026,PLATIND,EQ,PLATINUM INDUSTRIES LTD  ,Listed    ,22 JUL 2026,              10.00,          54924873,            228.80,    12565712444.95   
22 JUL 2026,PLAZACABLE,BE,PLAZA WIRES LIMITED      ,Listed    ,22 JUL 2026,              10.00,          43752078,             42.30,     1850712899.40
22 JUL 2026,PML,EQ,PAUL MERCHANTS LTD.      ,Permitted ,22 JUL 2026,              10.00,           3084000,            487.45,     1503295800.00       
22 JUL 2026,PNB,EQ,PUNJAB NATIONAL BANK     ,Listed    ,22 JUL 2026,               2.00,       11492943268,            110.75,  1272613608065.65       
22 JUL 2026,PNBGILTS,EQ,PNB GILTS LIMITED        ,Listed    ,22 JUL 2026,              10.00,         180010134,             85.55,    15401667065.05  
22 JUL 2026,PNBHOUSING,EQ,PNB HOUSING FIN LTD.     ,Listed    ,22 JUL 2026,              10.00,         260589923,           1082.30,   282036473662.90
22 JUL 2026,PNC,EQ,PRITISH NANDY COMMUNICATI,Listed    ,22 JUL 2026,              10.00,          14467000,             19.70,      285144570.00       
22 JUL 2026,PNCINFRA,EQ,PNC INFRATECH LTD.       ,Listed    ,22 JUL 2026,               2.00,         256539165,            234.40,    60127649492.70  
22 JUL 2026,PNGJL,EQ,P N GADGIL JEWELLERS LTD ,Listed    ,22 JUL 2026,              10.00,         135708333,            636.60,    86391924787.80     
22 JUL 2026,PNGSREVA,EQ,PNGS REVA DIAMOND JEWEL L,Listed    ,22 JUL 2026,              10.00,          31698400,            414.10,    13126307440.00  
22 JUL 2026,POCL,EQ,PONDY OXIDES & CHEM LTD  ,Listed    ,22 JUL 2026,               2.00,          76278198,            537.90,    41030042704.20      
22 JUL 2026,PODDARMENT,EQ,PODDAR PIGMENTS LIMITED  ,Listed    ,22 JUL 2026,              10.00,          10610000,            265.50,     2817167200.00
22 JUL 2026,POKARNA,EQ,POKARNA LIMITED          ,Listed    ,22 JUL 2026,               2.00,          31004000,            945.60,    29317382400.00   
22 JUL 2026,POLICYBZR,EQ,PB FINTECH LIMITED       ,Listed    ,22 JUL 2026,               2.00,         462693070,           1548.20,   716341410974.00 
22 JUL 2026,POLYCAB,EQ,POLYCAB INDIA LIMITED    ,Listed    ,22 JUL 2026,              10.00,         150635053,           9090.50,  1369347949296.50   
22 JUL 2026,POLYMED,EQ,POLY MEDICURE LIMITED    ,Listed    ,22 JUL 2026,               5.00,         101359490,           1674.40,   169716330056.00   
22 JUL 2026,POLYPLEX,EQ,POLYPLEX CORPORATION LTD ,Listed    ,22 JUL 2026,              10.00,          31392462,           1115.05,    35004164753.10  
22 JUL 2026,POLYSIL,SM,POLYSIL IRRIGATION SYST L,Listed    ,22 JUL 2026,              10.00,          22505090,            121.50,     2734368435.00   
22 JUL 2026,PONNIERODE,EQ,PONNIE SUGARS (ERODE) LTD,Listed    ,22 JUL 2026,              10.00,           8598418,            317.40,     2729137873.20
22 JUL 2026,POONAWALLA,EQ,POONAWALLA FINCORP LTD   ,Listed    ,22 JUL 2026,               2.00,         880479991,            473.00,   416467035743.00
22 JUL 2026,POSITRON,ST,POSITRON ENERGY LIMITED  ,Listed    ,22 JUL 2026,              10.00,           7600400,            178.00,     1352871200.00  
22 JUL 2026,POWERGRID,EQ,POWER GRID CORP. LTD.    ,Listed    ,22 JUL 2026,              10.00,        9300603819,            289.30,  2690664684836.70 
22 JUL 2026,POWERICA,EQ,POWERICA LIMITED         ,Listed    ,22 JUL 2026,               5.00,         126551877,            554.05,    70116067451.85  
22 JUL 2026,POWERINDIA,EQ,HITACHI ENERGY INDIA LTD ,Listed    ,22 JUL 2026,               2.00,          44572363,          32055.00,  1428767095965.00
22 JUL 2026,POWERMECH,EQ,POWER MECH PROJECTS LTD. ,Listed    ,22 JUL 2026,              10.00,          31616292,           2539.30,    80283250275.60 
22 JUL 2026,PPAP,BE,PPAP AUTOMOTIVE LIMITED  ,Listed    ,22 JUL 2026,              10.00,          14152987,            290.50,     4111159663.75      
22 JUL 2026,PPL,BE,PRAKASH PIPES LIMITED    ,Listed    ,22 JUL 2026,              10.00,          23918354,            263.20,     6295310772.80       
22 JUL 2026,PPLPHARMA,EQ,PIRAMAL PHARMA LIMITED   ,Listed    ,22 JUL 2026,              10.00,        1331348130,            177.10,   235781753823.00 
22 JUL 2026,PPSL,ST,PICTUREPOST STUDIOS LTD  ,Listed    ,22 JUL 2026,               1.00,          29300000,              2.50,       73250000.00      
22 JUL 2026,PRABHA,EQ,PRABHA ENERGY LIMITED    ,Listed    ,22 JUL 2026,               1.00,         136905531,            142.55,    19513145333.45    
22 JUL 2026,PRADPME,BE,PRADEEP METALS LTD.      ,Permitted ,22 JUL 2026,              10.00,          17270000,            514.85,     8891459500.00   
22 JUL 2026,PRAENG,EQ,PRAJAY ENG. SYN. LTD.    ,Listed    ,22 JUL 2026,              10.00,          69935791,             19.65,     1374238293.15    
22 JUL 2026,PRAJIND,EQ,PRAJ INDUSTRIES LTD      ,Listed    ,22 JUL 2026,               2.00,         183813088,            326.55,    60024163886.40   
22 JUL 2026,PRAKASH,EQ,PRAKASH INDUSTRIES LTD   ,Listed    ,22 JUL 2026,              10.00,         179081839,            123.90,    22190030670.50   
22 JUL 2026,PRAKASHSTL,EQ,PRAKASH STEELAGE LTD     ,Listed    ,22 JUL 2026,               1.00,         175000390,              4.00,      701751563.90
22 JUL 2026,PRAMARA,SM,PRAMARA PROMOTIONS LTD   ,Listed    ,22 JUL 2026,              10.00,          13944168,            128.35,     1789733962.80   
22 JUL 2026,PRANIK,SM,PRANIK LOGISTICS LIMITED ,Listed    ,22 JUL 2026,              10.00,          11010150,             43.10,      474537465.00    
22 JUL 2026,PRATHAM,SM,PRATHAM EPC PROJECTS LTD ,Listed    ,20 JUL 2026,              10.00,          18212489,            116.90,     2129039964.10   
22 JUL 2026,PRAVEG,EQ,PRAVEG LTD.              ,Permitted ,22 JUL 2026,              10.00,          26140695,            293.50,     7671771168.60    
22 JUL 2026,PRAXIS,BE,PRAXIS HOME RETAIL LTD   ,Listed    ,22 JUL 2026,               5.00,         185812210,              7.20,     1339706034.10    
22 JUL 2026,PRECAM,EQ,PRECISION CAMSHAFTS LTD. ,Listed    ,22 JUL 2026,              10.00,          94985835,            140.55,    13348359392.55    
22 JUL 2026,PRECISION,SM,PRECISION METALIKS LTD   ,Listed    ,22 JUL 2026,              10.00,          22959066,              7.30,      167601181.80 
22 JUL 2026,PRECOT,EQ,PRECOT LIMITED           ,Listed    ,22 JUL 2026,              10.00,          12000000,            834.45,    10013400000.00    
22 JUL 2026,PRECWIRE,EQ,PRECISION WIRES INDIA LTD,Listed    ,22 JUL 2026,               1.00,         182807975,            372.15,    68031987896.25  
22 JUL 2026,PREMCO,EQ,PREMCO GLOBAL LTD.       ,Permitted ,22 JUL 2026,              10.00,           3304800,            367.35,     1214018280.00    
22 JUL 2026,PREMEXPLN,EQ,PREMIER EXPLOSIVES LTD   ,Listed    ,22 JUL 2026,               2.00,          53761195,            675.25,    36302246923.75 
22 JUL 2026,PREMIER,BE,PREMIER LIMITED          ,Listed    ,22 JUL 2026,              10.00,          30372570,              2.90,       87473001.60   
22 JUL 2026,PREMIERENE,EQ,PREMIER ENERGIES LIMITED ,Listed    ,22 JUL 2026,               1.00,         452994368,           1021.90,   462914944659.20
22 JUL 2026,PREMIERPOL,EQ,PREMIER POLYFILM LTD     ,Listed    ,22 JUL 2026,               1.00,         104742475,             79.50,     8324931913.00
22 JUL 2026,PREMIUM,SM,PREMIUM PLAST LIMITED    ,Listed    ,22 JUL 2026,              10.00,          19097100,             40.00,      763884000.00   
22 JUL 2026,PRESSTONIC,SM,PRESSTONIC ENGINEERING L ,Listed    ,22 JUL 2026,              10.00,          15241080,             26.15,      398554242.00
22 JUL 2026,PRESTIGE,EQ,PRESTIGE ESTATE LTD      ,Listed    ,22 JUL 2026,              10.00,         430730232,           1663.10,   716347448839.20  
22 JUL 2026,PRICOLLTD,EQ,PRICOL LIMITED           ,Listed    ,22 JUL 2026,               1.00,         121881498,            605.30,    73774870739.40 
22 JUL 2026,PRIMECAB,ST,PRIME CABLE INDUSTRIES L ,Listed    ,22 JUL 2026,               5.00,          18324060,            185.40,     3397280724.00  
22 JUL 2026,PRIMESECU,EQ,PRIME SECURITIES LIMITED ,Listed    ,22 JUL 2026,               5.00,          33940325,            271.60,     9218192270.00 
22 JUL 2026,PRIMO,EQ,PRIMO CHEMICALS LIMITED  ,Listed    ,22 JUL 2026,               2.00,         242343220,             22.60,     5474533339.80     
22 JUL 2026,PRINCEPIPE,EQ,PRINCE PIPES FITTINGS LTD,Listed    ,22 JUL 2026,              10.00,         110561079,            260.70,    28823273295.30
22 JUL 2026,PRITI,BE,PRITI INTERNATIONAL LTD  ,Listed    ,22 JUL 2026,              10.00,          13353328,             37.80,      504622265.10     
22 JUL 2026,PRITIKA,SM,PRITIKA ENG COMPO LTD    ,Listed    ,22 JUL 2026,               5.00,          26365030,             57.80,     1523898734.00   
22 JUL 2026,PRITIKAUTO,BE,PRITIKA AUTO INDUS LTD   ,Listed    ,22 JUL 2026,               2.00,         166512667,             17.80,     2962260345.95
22 JUL 2026,PRIVISCL,EQ,PRIVI SPECIALITY CHE LTD ,Listed    ,22 JUL 2026,              10.00,          39062706,           3676.40,   143610132338.40  
22 JUL 2026,PRIZOR,ST,PRIZOR VIZTECH LIMITED   ,Listed    ,22 JUL 2026,              10.00,          10796203,            844.75,     9120092484.25    
22 JUL 2026,PRLIND,SM,PREMIER ROADLINES LIMITED,Listed    ,22 JUL 2026,              10.00,          22862547,             45.35,     1036816506.45    
22 JUL 2026,PROFX,SM,PRO FX TECH LIMITED      ,Listed    ,22 JUL 2026,              10.00,          17503686,             73.00,     1277769078.00     
22 JUL 2026,PROLIFE,SM,PROLIFE INDUSTRIES LTD   ,Listed    ,17 JUL 2026,              10.00,           4094080,             75.00,      307056000.00   
22 JUL 2026,PROPEQUITY,SM,P. E. ANALYTICS LIMITED  ,Listed    ,22 JUL 2026,              10.00,          10482104,            222.00,     2327027088.00
22 JUL 2026,PROSTARM,EQ,PROSTARM INFO SYSTEMS LTD,Listed    ,22 JUL 2026,              10.00,          58874592,            124.15,     7309280596.80  
22 JUL 2026,PROTEAN,EQ,PROTEAN EGOV TECHNO LTD  ,Listed    ,22 JUL 2026,              10.00,          40616731,            584.50,    23740479269.50   
22 JUL 2026,PROV,SM,PROVENTUS AGROCOM LIMITED,Listed    ,21 JUL 2026,              10.00,           3453416,           1710.00,     5905341360.00      
22 JUL 2026,PROZONER,EQ,PROZONE REALTY LIMITED   ,Listed    ,22 JUL 2026,               2.00,         152602883,             41.70,     6362014192.25  
22 JUL 2026,PRSMJOHNSN,EQ,PRISM JOHNSON LIMITED    ,Listed    ,22 JUL 2026,              10.00,         503356580,            109.00,    54860833654.20
22 JUL 2026,PRUDENT,EQ,PRUDENT CORP ADV SER LTD ,Listed    ,22 JUL 2026,               5.00,          41406680,           2870.50,   118857874940.00   
22 JUL 2026,PRUDMOULI,BE,PRUDENTIAL SUGAR CORPORAT,Listed    ,22 JUL 2026,              10.00,          32252000,             13.40,      431531760.00 
22 JUL 2026,PSB,EQ,PUNJAB & SIND BANK       ,Listed    ,22 JUL 2026,              10.00,        7095585220,             24.45,   173345146924.60       
22 JUL 2026,PSFL,SM,PARAMOUNT SPECIALI FORG L,Listed    ,22 JUL 2026,              10.00,          19682000,             30.60,      602269200.00      
22 JUL 2026,PSPPROJECT,EQ,PSP PROJECTS LIMITED     ,Listed    ,22 JUL 2026,              10.00,          39641791,           1056.20,    41869659654.20
22 JUL 2026,PSRAJ,ST,P S RAJ STEELS LIMITED   ,Listed    ,22 JUL 2026,              10.00,           7538314,            410.00,     3090708740.00     
22 JUL 2026,PTC,EQ,PTC INDIA LIMITED        ,Listed    ,22 JUL 2026,              10.00,         296008321,            167.70,    49643555514.90       
22 JUL 2026,PTCIL,EQ,PTC INDUSTRIES LIMITED   ,Listed    ,22 JUL 2026,              10.00,          14992549,          17777.00,   266522543573.00     
22 JUL 2026,PTL,EQ,PTL ENTERPRISES LTD      ,Listed    ,22 JUL 2026,               1.00,         132377000,             39.55,     5238157890.00       
22 JUL 2026,PULZ,SM,PULZ ELECTRONICS LIMITED ,Listed    ,22 JUL 2026,              10.00,          21808000,             23.00,      501584000.00      
22 JUL 2026,PUNJABCHEM,EQ,PUNJAB CHEM & CROP PROT L,Listed    ,22 JUL 2026,              10.00,          12262185,           1125.50,    13801089217.50
22 JUL 2026,PURPLEUTED,ST,PURPLE UNITED SALES LTD  ,Listed    ,22 JUL 2026,              10.00,           9609800,            363.00,     3488357400.00
22 JUL 2026,PURVA,EQ,PURAVANKARA LIMITED      ,Listed    ,22 JUL 2026,               5.00,         237149686,            215.25,    51048841408.35     
22 JUL 2026,PURVFLEXI,ST,PURV FLEXIPACK LIMITED   ,Listed    ,22 JUL 2026,              10.00,          20982750,             45.95,      964157362.50 
22 JUL 2026,PUSHPA,SM,PUSHPA JEWELLERS LIMITED ,Listed    ,22 JUL 2026,              10.00,          24222912,            113.05,     2738400201.60    
22 JUL 2026,PVP,EQ,PVP VENTURES LIMITED     ,Listed    ,22 JUL 2026,              10.00,         260403681,             28.15,     7327759583.35       
22 JUL 2026,PVRINOX,EQ,PVR INOX LIMITED         ,Listed    ,22 JUL 2026,              10.00,          98199962,            992.65,    97478192279.30   
22 JUL 2026,PVSL,EQ,POPULAR VEHICLES N SER L ,Listed    ,22 JUL 2026,               2.00,          71198198,            105.45,     7506426015.15      
22 JUL 2026,PWL,EQ,PHYSICSWALLAH LIMITED    ,Listed    ,22 JUL 2026,               1.00,        2896392376,            131.90,   382063118318.15       
22 JUL 2026,PYRAMID,EQ,PYRAMID TECHNOPLAST LTD  ,Listed    ,22 JUL 2026,              10.00,          36784800,            161.20,     5930445456.00   
22 JUL 2026,QFIL,SM,QUALITY FOILS (INDIA) LTD,Listed    ,21 JUL 2026,              10.00,           2854000,             61.50,      175521000.00      
22 JUL 2026,QLINE,SM,Q-LINE BIOTECH LIMITED   ,Listed    ,22 JUL 2026,              10.00,          23328199,            510.25,    11903213539.75     
22 JUL 2026,QMSMEDI,EQ,QMS MEDICAL ALLIED S LTD ,Listed    ,22 JUL 2026,              10.00,          19337443,            111.50,     2156124894.50   
22 JUL 2026,QPOWER,BE,QUALITY POWER ELEC EQUP L,Listed    ,22 JUL 2026,              10.00,          77444100,           1132.00,    87666721200.00    
22 JUL 2026,QUADFUTURE,EQ,QUADRANT FUTURE TEK LTD  ,Listed    ,22 JUL 2026,              10.00,          40000000,            386.30,    15452000000.00
22 JUL 2026,QUADPRO,SM,QUADPRO ITES LIMITED     ,Listed    ,22 JUL 2026,               2.00,          50550000,              2.40,      121320000.00   
22 JUL 2026,QUESS,EQ,QUESS CORP LIMITED       ,Listed    ,22 JUL 2026,              10.00,         149359849,            295.65,    44158239356.85     
22 JUL 2026,QUESTLAB,SM,QUEST LABORATORIES LTD   ,Listed    ,22 JUL 2026,              10.00,          16387200,             92.95,     1523190240.00  
22 JUL 2026,QUICKHEAL,BE,QUICK HEAL TECH LTD      ,Listed    ,22 JUL 2026,              10.00,          54248216,            156.30,     8479538642.95 
22 JUL 2026,QUICKTOUCH,SM,QUICKTOUCH TECHNOLOGIES L,Listed    ,22 JUL 2026,              10.00,          12815996,             23.15,      296690307.40
22 JUL 2026,QUINT,EQ,QUINT DIGITAL LTD.       ,Permitted ,22 JUL 2026,              10.00,          47208008,             38.15,     1801457585.30     
22 JUL 2026,QVCEL,SM,QVC EXPORTS LIMITED      ,Listed    ,22 JUL 2026,              10.00,          10451292,             23.05,      240902280.60     
22 JUL 2026,RACE,EQ,RACE ECO CHAIN LIMITED   ,Listed    ,22 JUL 2026,              10.00,          17257200,            109.65,     1892079408.00      
22 JUL 2026,RACLGEAR,EQ,RACL GEARTECH LIMITED    ,Listed    ,22 JUL 2026,              10.00,          11788080,           1347.30,    15882080184.00  
22 JUL 2026,RADAAN,EQ,RADAAN MEDIAWORKS (I) LTD,Listed    ,22 JUL 2026,               2.00,          54161540,              2.95,      159776543.00    
22 JUL 2026,RADHIKAJWE,EQ,RADHIKA JEWELTECH LIMITED,Listed    ,22 JUL 2026,               2.00,         118000000,             65.65,     7747880000.00
22 JUL 2026,RADIANTCMS,EQ,RADIANT CASH MGMT SER LTD,Listed    ,22 JUL 2026,               1.00,         106707906,             37.45,     3994076921.60
22 JUL 2026,RADICO,EQ,RADICO KHAITAN LTD       ,Listed    ,22 JUL 2026,               2.00,         133931350,           4147.50,   555480274125.00    
22 JUL 2026,RADIOCITY,EQ,MUSIC BROADCAST LIMITED  ,Listed    ,22 JUL 2026,               2.00,         345685625,              6.00,     2067200037.50 
22 JUL 2026,RADIOWALLA,ST,RADIOWALLA NETWORK LTD   ,Listed    ,22 JUL 2026,              10.00,           7048236,             29.35,      206865726.60
22 JUL 2026,RAILTEL,EQ,RAILTEL CORP OF IND LTD  ,Listed    ,22 JUL 2026,              10.00,         320938407,            289.90,    93040044189.30   
22 JUL 2026,RAIN,EQ,RAIN INDUSTRIES LIMITED  ,Listed    ,22 JUL 2026,               2.00,         336345679,            216.65,    72865927898.55      
22 JUL 2026,RAINBOW,EQ,RAINBOW CHILDRENS MED LTD,Listed    ,22 JUL 2026,              10.00,         101559156,           1489.90,   151312986524.40   
22 JUL 2026,RAJESHEXPO,BZ,RAJESH EXPORTS LTD       ,Listed    ,22 JUL 2026,               1.00,         295259959,             89.25,    26351951340.75
22 JUL 2026,RAJINDLTD,SM,RAJPUTANA INDUSTRIES LTD ,Listed    ,22 JUL 2026,              10.00,          22215000,             77.55,     1722773250.00 
22 JUL 2026,RAJMET,EQ,RAJNANDINI METAL LIMITED ,Listed    ,22 JUL 2026,               1.00,         276480000,              3.45,      948326400.00    
22 JUL 2026,RAJOOENG,BE,RAJOO ENGINEERS LIMITED  ,Listed    ,22 JUL 2026,               1.00,         178675293,             56.30,    10057632242.95  
22 JUL 2026,RAJPALAYAM,EQ,RAJAPALAYAM MILLS LTD.   ,Permitted ,22 JUL 2026,              10.00,           9220200,            820.70,     7567018140.00
22 JUL 2026,RAJPUTANA,SM,RAJPUTANA BIODIESEL LTD  ,Listed    ,22 JUL 2026,              10.00,           7033500,            178.80,     1257589800.00 
22 JUL 2026,RAJRATAN,EQ,RAJRATAN GLOBAL WIRE LTD ,Listed    ,22 JUL 2026,               2.00,          50771000,            495.35,    25149414850.00  
22 JUL 2026,RAJRILTD,BE,RAJ RAYON INDUSTRIES LTD ,Listed    ,22 JUL 2026,               1.00,         556082495,             21.40,    11905726217.95  
22 JUL 2026,RAJSREESUG,EQ,RAJSHREE SUGAR & CHEMICAL,Listed    ,22 JUL 2026,              10.00,          33135606,             30.85,     1022564801.15
22 JUL 2026,RAJTV,EQ,RAJ TV NETWORK LTD       ,Listed    ,22 JUL 2026,               5.00,          51913344,             12.00,      623479261.45     
22 JUL 2026,RALLIS,EQ,RALLIS INDIA LTD         ,Listed    ,22 JUL 2026,               1.00,         194468890,            227.70,    44282510941.90    
22 JUL 2026,RAMANEWS,EQ,SHREE RAMA NEWSPRINT LTD ,Listed    ,22 JUL 2026,              10.00,         147522032,             27.95,     4120290353.75  
22 JUL 2026,RAMAPHO,EQ,RAMA PHOSPHATES LIMITED  ,Listed    ,22 JUL 2026,               5.00,          35386426,            124.95,     4420826200.20   
22 JUL 2026,RAMASTEEL,BE,RAMA STEEL TUBES LIMITED ,Listed    ,22 JUL 2026,               1.00,        1636040979,              4.30,     7018615799.90 
22 JUL 2026,RAMBHAJO,EQ,ADVIT JEWELS LIMITED     ,Listed    ,22 JUL 2026,              10.00,          45810000,            204.65,     9374100300.00  
22 JUL 2026,RAMCOCEM,EQ,THE RAMCO CEMENTS LIMITED,Listed    ,22 JUL 2026,               1.00,         236292380,            907.00,   214317188660.00  
22 JUL 2026,RAMCOIND,EQ,RAMCO INDUSTRIES LIMITED ,Listed    ,22 JUL 2026,               1.00,          86841560,            340.40,    29560867024.00  
22 JUL 2026,RAMCOSYS,EQ,RAMCO SYSTEMS LTD.       ,Listed    ,22 JUL 2026,              10.00,          37583978,            816.45,    30685438838.10  
22 JUL 2026,RAMKY,EQ,RAMKY INFRA LTD          ,Listed    ,22 JUL 2026,              10.00,          69197791,            377.40,    26115246323.40     
22 JUL 2026,RAMRAT,EQ,RAM RATNA WIRES LIMITED  ,Listed    ,22 JUL 2026,               5.00,          93349072,            416.60,    38889223395.20    
22 JUL 2026,RANASUG,EQ,RANA SUGARS LTD.         ,Listed    ,22 JUL 2026,              10.00,         153567820,             11.80,     1810564597.80   
22 JUL 2026,RANEHOLDIN,EQ,RANE HOLDINGS LIMITED    ,Listed    ,22 JUL 2026,              10.00,          14277809,           1732.30,    24733448530.70
22 JUL 2026,RAPIDFLEET,SM,RAPID FLEET MGT SERVICE L,Listed    ,22 JUL 2026,              10.00,           7434800,            176.00,     1308524800.00
22 JUL 2026,RAPPID,SM,RAPPID VALVES (INDIA) LTD,Listed    ,22 JUL 2026,              10.00,           5191984,            339.50,     1762678568.00    
22 JUL 2026,RATEGAIN,EQ,RATEGAIN TRAVEL TECHN LTD,Listed    ,22 JUL 2026,               1.00,         118425559,            896.40,   106156671087.60  
22 JUL 2026,RATNAMANI,EQ,RATNAMANI MET & TUB LTD. ,Listed    ,22 JUL 2026,               2.00,          70092000,           2478.90,   173751058800.00 
22 JUL 2026,RATNAVEER,EQ,RATNAVEER PRECISION ENG L,Listed    ,22 JUL 2026,              10.00,          67870463,            175.35,    11900406982.40 
22 JUL 2026,RAYMOND,EQ,RAYMOND LTD              ,Listed    ,22 JUL 2026,              10.00,          66573731,            606.05,    40347009672.55   
22 JUL 2026,RAYMONDLSL,EQ,RAYMOND LIFESTYLE LIMITED,Listed    ,22 JUL 2026,               2.00,          60923629,            711.20,    43328884944.80
22 JUL 2026,RAYMONDREL,EQ,RAYMOND REALTY LIMITED   ,Listed    ,22 JUL 2026,              10.00,          66573731,            667.20,    44417993323.20
22 JUL 2026,RBA,EQ,RESTAURANT BRAND ASIA LTD,Listed    ,22 JUL 2026,              10.00,         582876287,             65.95,    38429033601.90       
22 JUL 2026,RBLBANK,EQ,RBL BANK LIMITED         ,Listed    ,22 JUL 2026,              10.00,         619423213,            355.50,   220204952221.50   
22 JUL 2026,RBMINFRA,SM,RBM INFRACON LIMITED     ,Listed    ,22 JUL 2026,              10.00,          10633000,            264.60,     2813491800.00  
22 JUL 2026,RBS,ST,RAMDEVBABA SOLVENT LTD   ,Listed    ,22 JUL 2026,              10.00,          22861350,             78.75,     1800331312.50       
22 JUL 2026,RBZJEWEL,EQ,RBZ JEWELLERS LIMITED    ,Listed    ,22 JUL 2026,              10.00,          40000000,            146.60,     5863600000.00  
22 JUL 2026,RCDL,SM,RAJGOR CASTOR DERIVATI L ,Listed    ,22 JUL 2026,              10.00,          23915852,             25.00,      597896300.00      
22 JUL 2026,RCF,EQ,RASHTRIYA CHEMICALS & FER,Listed    ,22 JUL 2026,              10.00,         551688100,            126.00,    69518217481.00       
22 JUL 2026,RCOM,BE,RELIANCE COMMUNICATIONS L,Listed    ,22 JUL 2026,               5.00,        2765533050,              0.85,     2323047762.00      
22 JUL 2026,READYMIX,SM,READYMIX CONSTRU MACHI L ,Listed    ,22 JUL 2026,              10.00,          10958500,            104.00,     1139684000.00  
22 JUL 2026,RECLTD,EQ,REC LIMITED              ,Listed    ,22 JUL 2026,              10.00,        2633224000,            360.65,   949672235600.00    
22 JUL 2026,REDINGTON,EQ,REDINGTON LIMITED        ,Listed    ,22 JUL 2026,               2.00,         781774431,            265.85,   207834732481.35 
22 JUL 2026,REDTAPE,EQ,REDTAPE LIMITED          ,Listed    ,22 JUL 2026,               2.00,         552807600,            130.00,    71859459924.00   
22 JUL 2026,REFEX,EQ,REFEX INDUSTRIES LIMITED ,Listed    ,22 JUL 2026,               2.00,         137219448,            311.35,    42723275134.80     
22 JUL 2026,REFRACTORY,SM,REFRACTORY SHAPES LIMITED,Listed    ,22 JUL 2026,              10.00,          21800000,             28.10,      612580000.00
22 JUL 2026,REGAAL,BE,REGAAL RESOURCES LIMITED ,Listed    ,22 JUL 2026,               5.00,         102723460,             77.70,     7981612842.00    
22 JUL 2026,REGENCERAM,EQ,REGENCY CERAMICS LTD.    ,Listed    ,22 JUL 2026,              10.00,          26441586,             33.90,      896634181.25
22 JUL 2026,RELAXO,EQ,RELAXO FOOT LTD.         ,Listed    ,22 JUL 2026,               1.00,         248938586,            401.50,    99948842279.00    
22 JUL 2026,RELCHEMQ,EQ,RELIANCE CHEMOTEX IND LTD,Listed    ,22 JUL 2026,              10.00,           7543563,            129.65,      977947507.30  
22 JUL 2026,RELIABLE,EQ,RELIABLE DATA SERVICE LTD,Listed    ,22 JUL 2026,              10.00,          10320000,            146.50,     1512086400.00  
22 JUL 2026,RELIANCE,EQ,RELIANCE INDUSTRIES LTD  ,Listed    ,22 JUL 2026,              10.00,       13532538722,           1288.60, 17438029397169.20  
22 JUL 2026,RELIGARE,EQ,RELIGARE ENTER. LTD.     ,Listed    ,22 JUL 2026,              10.00,         332890479,            261.70,    87117438354.30  
22 JUL 2026,RELTD,EQ,RAVINDRA ENERGY LIMITED  ,Listed    ,22 JUL 2026,              10.00,         198549404,            174.55,    34656798468.20     
22 JUL 2026,REMSONSIND,EQ,REMSONS INDUSTRIES LTD   ,Listed    ,22 JUL 2026,               2.00,          34878785,             79.55,     2775304922.45
22 JUL 2026,REMUS,SM,REMUS PHARMACEUTICALS L  ,Listed    ,22 JUL 2026,              10.00,          11784000,            738.00,     8696592000.00     
22 JUL 2026,RENUKA,EQ,SHREE RENUKA SUGARS LTD  ,Listed    ,22 JUL 2026,               1.00,        2128489773,             22.00,    46869344801.45    
22 JUL 2026,REPCOHOME,EQ,REPCO HOME FINANCE LTD   ,Listed    ,22 JUL 2026,              10.00,          62561362,            392.40,    24549078448.80 
22 JUL 2026,REPL,BE,RUDRABHISHEK ENTERP LTD  ,Listed    ,22 JUL 2026,              10.00,          18122500,             64.45,     1167995125.00      
22 JUL 2026,REPRO,EQ,REPRO INDIA LIMITED      ,Listed    ,22 JUL 2026,              10.00,          14345338,            370.30,     5312078661.40     
22 JUL 2026,RESPONIND,EQ,RESPONSIVE INDUSTRIES LTD,Listed    ,22 JUL 2026,               1.00,         266608544,            179.00,    47717597205.10 
22 JUL 2026,RETAIL,EQ,JHS SVENDGAARD RETAIL V L,Listed    ,22 JUL 2026,              10.00,           8204600,             17.10,      140462752.00    
22 JUL 2026,REXPIPES,SM,REX PIPES AND CABLES LTD ,Listed    ,16 JUL 2026,              10.00,           9450000,            171.00,     1615950000.00  
22 JUL 2026,REXPRO,SM,REXPRO ENTERPRISES LTD   ,Listed    ,21 JUL 2026,              10.00,          11206460,             41.95,      470110997.00    
22 JUL 2026,RFBL,ST,RFBL FLEXI PACK LIMITED  ,Listed    ,22 JUL 2026,              10.00,          23315000,             87.00,     2028405000.00      
22 JUL 2026,RGL,EQ,RENAISSANCE GLOBAL LTD   ,Listed    ,22 JUL 2026,               2.00,         107333881,            120.10,    12892945785.70       
22 JUL 2026,RHETAN,EQ,RHETAN TMT LIMITED       ,Listed    ,22 JUL 2026,               1.00,         796875000,             28.50,    22695000000.00    
22 JUL 2026,RHFL,BZ,RELIANCE HOME FINANCE LTD,Listed    ,22 JUL 2026,              10.00,         484555683,              2.00,      959420252.35      
22 JUL 2026,RHIM,EQ,RHI MAGNESITA INDIA LTD  ,Listed    ,22 JUL 2026,               1.00,         206501426,            398.45,    82280493189.70      
22 JUL 2026,RHL,EQ,ROBUST HOTELS LIMITED    ,Listed    ,22 JUL 2026,              10.00,          17291696,            171.15,     2959300853.45       
22 JUL 2026,RICHA,ST,RICHA INFO SYSTEMS LTD   ,Listed    ,20 JUL 2026,              10.00,          13762833,             93.00,     1279943469.00     
22 JUL 2026,RICOAUTO,EQ,RICO AUTO INDUSTRIES LTD ,Listed    ,22 JUL 2026,               1.00,         135285000,            133.90,    18113308650.00  
22 JUL 2026,RIIL,EQ,RELIANCE INDUSTRIAL INFRA,Listed    ,22 JUL 2026,              10.00,          15100000,            747.75,    11291025000.00      
22 JUL 2026,RIIT,IV,RAAJMARG INFRA INVEST T  ,Listed    ,22 JUL 2026,             100.00,         600000000,            116.75,    70050000000.00      
22 JUL 2026,RILINFRA,SM,RACHANA INFRA LTD        ,Listed    ,22 JUL 2026,              10.00,          18605000,             39.30,      731176500.00  
22 JUL 2026,RIR,EQ,RIR POWER ELECTRONICS L  ,Listed    ,22 JUL 2026,               2.00,          79572400,            160.35,    12757842892.00       
22 JUL 2026,RISHABH,EQ,RISHABH INSTRUMENTS LTD  ,Listed    ,22 JUL 2026,              10.00,          38623455,            648.70,    25055035258.50   
22 JUL 2026,RITCO,EQ,RITCO LOGISTICS LIMITED  ,Listed    ,22 JUL 2026,              10.00,          28622757,            288.10,     8246216291.70     
22 JUL 2026,RITES,EQ,RITES LIMITED            ,Listed    ,22 JUL 2026,              10.00,         480603774,            216.00,   103820027259.50     
22 JUL 2026,RITEZONE,ST,RITE ZONE CHEMCON IND LTD,Listed    ,21 JUL 2026,              10.00,           4230270,             21.55,       91162318.50  
22 JUL 2026,RKDL,EQ,RAVI KUMAR DIST. LTD.    ,Listed    ,22 JUL 2026,              10.00,          24000000,             19.20,      461040000.00      
22 JUL 2026,RKEC,EQ,RKEC PROJECTS LIMITED    ,Listed    ,22 JUL 2026,              10.00,          25820600,             25.70,      663847626.00      
22 JUL 2026,RKFORGE,EQ,RAMKRISHNA FORGINGS LTD  ,Listed    ,22 JUL 2026,               2.00,         181835017,            575.70,   104682419286.90   
22 JUL 2026,RKSWAMY,EQ,R K SWAMY LIMITED        ,Listed    ,22 JUL 2026,               5.00,          50477241,             99.55,     5024504569.15   
22 JUL 2026,RMC,EQ,RMC SWITCHGEARS LIMITED  ,Listed    ,22 JUL 2026,              10.00,          10576850,            262.30,     2774307755.00       
22 JUL 2026,RMDRIP,EQ,R M DRIP & SPRINK SYS LTD,Listed    ,22 JUL 2026,               1.00,         428228571,             18.55,     7935075420.65    
22 JUL 2026,RML,EQ,RANE (MADRAS) LIMITED    ,Listed    ,22 JUL 2026,              10.00,          27637137,           1145.00,    31644521865.00       
22 JUL 2026,RNBDENIMS,EQ,R&B DENIMS LIMITED       ,Listed    ,22 JUL 2026,               1.00,         269920320,              9.45,     2550747024.00 
22 JUL 2026,RNFI,SM,RNFI SERVICES LIMITED    ,Listed    ,22 JUL 2026,              10.00,          25060651,            262.05,     6567143594.55      
22 JUL 2026,RNPL,SM,RENOL POLYCHEM LIMITED   ,Listed    ,22 JUL 2026,              10.00,          11398462,             72.55,      826958418.10      
22 JUL 2026,ROADSTAR,IV,ROADSTAR INFRA INVT TRUST,Listed    ,Not Traded ,             100.00,         455477143,            100.00,    45547714300.00  
22 JUL 2026,ROCKINGDCE,SM,ROCKINGDEALS CIRCU ECO L ,Listed    ,22 JUL 2026,              10.00,           5659000,            180.00,     1018620000.00
22 JUL 2026,ROHLTD,EQ,ROYAL ORCHID HOTELS LTD  ,Listed    ,22 JUL 2026,              10.00,          27425215,            313.80,     8606032467.00    
22 JUL 2026,ROLEXRINGS,EQ,ROLEX RINGS LIMITED      ,Listed    ,22 JUL 2026,               1.00,         272333120,            143.55,    39090696044.80
22 JUL 2026,ROLLT,BE,ROLLATAINERS LIMITED     ,Listed    ,22 JUL 2026,               1.00,         250130000,              2.10,      522771700.00     
22 JUL 2026,ROML,EQ,RAJ OIL MILLS LIMITED    ,Listed    ,22 JUL 2026,              10.00,          14988684,             44.70,      669694401.10      
22 JUL 2026,ROSSARI,EQ,ROSSARI BIOTECH LIMITED  ,Listed    ,22 JUL 2026,               2.00,          55391616,            496.70,    27513015667.20   
22 JUL 2026,ROSSELLIND,EQ,ROSSELL INDIA LIMITED    ,Listed    ,22 JUL 2026,               2.00,          62428270,             58.80,     3670157993.30
22 JUL 2026,ROSSTECH,EQ,ROSSELL TECHSYS LIMITED  ,Listed    ,22 JUL 2026,               2.00,          37696475,            995.30,    37519301567.50  
22 JUL 2026,ROTO,EQ,ROTO PUMPS LIMITED       ,Listed    ,22 JUL 2026,               1.00,         188445660,             68.40,    12885914230.80      
22 JUL 2026,ROUTE,EQ,ROUTE MOBILE LIMITED     ,Listed    ,22 JUL 2026,              10.00,          63003082,            567.05,    35725897648.10     
22 JUL 2026,ROXHITECH,ST,ROX HI TECH LIMITED      ,Listed    ,22 JUL 2026,              10.00,          22937688,             41.00,      940445208.00 
22 JUL 2026,ROYALARC,SM,ROYAL ARC ELECTRODES LTD ,Listed    ,22 JUL 2026,              10.00,          11100200,            147.20,     1633949440.00  
22 JUL 2026,RPEL,EQ,RAGHAV PRODUCTIVITY ENH L,Listed    ,22 JUL 2026,              10.00,          45921950,           1274.50,    58527525275.00      
22 JUL 2026,RPGLIFE,EQ,RPG LIFE SCIENCES LTD    ,Listed    ,22 JUL 2026,               8.00,          16539015,           3004.90,    49698086173.50   
22 JUL 2026,RPOWER,EQ,RELIANCE POWER LTD.      ,Listed    ,22 JUL 2026,              10.00,        4135770966,             24.15,    99961584248.20    
22 JUL 2026,RPPINFRA,EQ,R.P.P INFRA PROJECTS LTD ,Listed    ,22 JUL 2026,              10.00,          49585918,             61.90,     3068376605.85  
22 JUL 2026,RPPL,EQ,RAJSHREE POLYPACK LTD    ,Listed    ,22 JUL 2026,               5.00,          74244000,             21.55,     1601443080.00      
22 JUL 2026,RPSGVENT,EQ,RPSG VENTURES LIMITED    ,Listed    ,22 JUL 2026,              10.00,          33086409,            911.20,    30148335880.80  
22 JUL 2026,RPTECH,EQ,RASHI PERIPHERALS LIMITED,Listed    ,22 JUL 2026,               5.00,          65899665,            744.95,    49091955441.75    
22 JUL 2026,RRIL,EQ,R R I L LTD.             ,Permitted ,22 JUL 2026,               5.00,         121214290,             16.85,     2040036500.70      
22 JUL 2026,RRKABEL,EQ,R R KABEL LIMITED        ,Listed    ,22 JUL 2026,               5.00,         113105505,           2432.40,   275117830362.00   
22 JUL 2026,RSDFIN,EQ,R S D FINANCE LTD.       ,Permitted ,22 JUL 2026,               5.00,          12946480,             83.00,     1074298910.40    
22 JUL 2026,RSL,EQ,RAJPUTANA STAINLESS LTD  ,Listed    ,22 JUL 2026,              10.00,          83567658,            133.75,    11178009934.10       
22 JUL 2026,RSSOFTWARE,BE,R. S. SOFTWARE (INDIA) LI,Listed    ,22 JUL 2026,               5.00,          25831211,             32.50,      839514357.50
22 JUL 2026,RSWM,BE,RSWM LIMITED             ,Listed    ,22 JUL 2026,              10.00,          47101684,            212.25,     9998274462.70      
22 JUL 2026,RSYSTEMS,EQ,R SYS INTERNATIONAL LTD  ,Listed    ,22 JUL 2026,               1.00,         118486475,            239.00,    28319452389.75  
22 JUL 2026,RTL,SM,RAMA TELECOM LIMITED     ,Listed    ,22 JUL 2026,              10.00,          13199349,             81.05,     1069807236.45       
22 JUL 2026,RTNINDIA,EQ,RATTANINDIA ENT LIMITED  ,Listed    ,22 JUL 2026,               2.00,        1382269592,             32.05,    44301740423.60  
22 JUL 2026,RTNPOWER,EQ,RATTANINDIA POWER LIMITED,Listed    ,22 JUL 2026,              10.00,        5370105860,              8.60,    46290312513.20  
22 JUL 2026,RUBFILA,EQ,RUBFILA INTERNATIONAL LTD,Listed    ,22 JUL 2026,               5.00,          54267529,             72.85,     3952304137.05   
22 JUL 2026,RUBICON,EQ,RUBICON RESEARCH LIMITED ,Listed    ,22 JUL 2026,               1.00,         165382750,           1466.40,   242517264600.00   
22 JUL 2026,RUBYMILLS,BE,THE RUBY MILLS LTD       ,Listed    ,22 JUL 2026,               5.00,          33440000,            417.20,    13951168000.00 
22 JUL 2026,RUCHINFRA,EQ,RUCHI INFRASTRUCTURE LTD ,Listed    ,22 JUL 2026,               1.00,         236024942,              5.90,     1394907407.20 
22 JUL 2026,RUCHIRA,EQ,RUCHIRA PAPERS LIMITED   ,Listed    ,22 JUL 2026,              10.00,          29844985,            107.35,     3204456039.45   
22 JUL 2026,RUDRA,BE,RUDRA GLOBAL INFRA PROD L,Listed    ,22 JUL 2026,               5.00,         100343828,             16.75,     1681762557.30     
22 JUL 2026,RULKA,SM,RULKA ELECTRICALS LIMITED,Listed    ,22 JUL 2026,              10.00,           4258400,            110.00,      468424000.00     
22 JUL 2026,RUPA,EQ,RUPA & COMPANY LTD       ,Listed    ,22 JUL 2026,               1.00,          79524560,            163.30,    12984770156.80      
22 JUL 2026,RUSHIL,EQ,RUSHIL DECOR LIMITED     ,Listed    ,22 JUL 2026,               1.00,         293416820,             17.55,     5149465191.00    
22 JUL 2026,RUSTOMJEE,EQ,KEYSTONE REALTORS LIMITED,Listed    ,22 JUL 2026,              10.00,         126240412,            405.70,    51215735148.40 
22 JUL 2026,RVHL,EQ,RAVINDER HEIGHTS LIMITED ,Listed    ,22 JUL 2026,               1.00,          61325746,             45.20,     2770697204.30      
22 JUL 2026,RVNL,EQ,RAIL VIKAS NIGAM LIMITED ,Listed    ,22 JUL 2026,              10.00,        2085020100,            223.10,   465188834511.00      
22 JUL 2026,RVTH,EQ,REVATHI EQUIPMENT INDIA L,Listed    ,22 JUL 2026,              10.00,           3066943,            697.45,     2139039395.35      
22 JUL 2026,S&SPOWER,EQ,S&S POWER SWITCHGEARS LTD,Listed    ,22 JUL 2026,              10.00,          12341550,            342.05,     4221427177.50  
22 JUL 2026,SAAKSHI,ST,SAAKSHI MEDTEC N PANELS L,Listed    ,22 JUL 2026,              10.00,          17656000,            301.55,     5324166800.00   
22 JUL 2026,SAATVIKGL,EQ,SAATVIK GREEN ENERGY LTD ,Listed    ,22 JUL 2026,               2.00,         127105004,            444.75,    56529950529.00 
22 JUL 2026,SABAR,SM,SABAR FLEX INDIA LIMITED ,Listed    ,22 JUL 2026,              10.00,          19219364,              5.00,       96096820.00     
22 JUL 2026,SABEVENTS,EQ,SAB EVENTS & GOVERNANCE  ,Listed    ,22 JUL 2026,              10.00,          10483711,              7.75,       81248760.25 
22 JUL 2026,SACHEEROME,SM,SACHEEROME LIMITED       ,Listed    ,22 JUL 2026,              10.00,          22372800,            440.10,     9846269280.00
22 JUL 2026,SADBHAV,EQ,SADBHAV ENGINEERING LTD  ,Listed    ,22 JUL 2026,               1.00,         171570800,              7.75,     1326242284.00   
22 JUL 2026,SADBHIN,BE,SADBHAV INFRA PROJ LTD.  ,Listed    ,22 JUL 2026,              10.00,         352225216,              2.35,      827729257.60   
22 JUL 2026,SADHAV,SM,SADHAV SHIPPING LIMITED  ,Listed    ,22 JUL 2026,              10.00,          16133043,            115.50,     1863366466.50    
22 JUL 2026,SADHNANIQ,BE,SADHANA NITROCHEM LIMITED,Listed    ,22 JUL 2026,               1.00,        2964694385,              2.75,     8123262614.90 
22 JUL 2026,SAFARI,EQ,SAFARI IND (INDIA) LTD   ,Listed    ,22 JUL 2026,               2.00,          48995551,           1578.60,    77344376808.60    
22 JUL 2026,SAFEENTP,SM,SAFE ENTER RETAIL FIX LTD,Listed    ,22 JUL 2026,               5.00,          46604478,            260.85,    12156778086.30  
22 JUL 2026,SAGARDEEP,EQ,SAGARDEEP ALLOYS LIMITED ,Listed    ,22 JUL 2026,              10.00,          17057400,             24.55,      418929744.00 
22 JUL 2026,SAGCEM,EQ,SAGAR CEMENTS LIMITED    ,Listed    ,22 JUL 2026,               2.00,         130707548,            180.45,    23587484112.10    
22 JUL 2026,SAGILITY,EQ,SAGILITY LIMITED         ,Listed    ,22 JUL 2026,              10.00,        4681328413,             41.15,   192683477479.10  
22 JUL 2026,SAHAJSOLAR,SM,SAHAJ SOLAR LIMITED      ,Listed    ,22 JUL 2026,              10.00,          21972020,            124.90,     2744305298.00
22 JUL 2026,SAHANA,SM,SAHANA SYSTEM LIMITED    ,Listed    ,22 JUL 2026,              10.00,           8837104,            886.00,     7829674144.00    
22 JUL 2026,SAHASRA,ST,SAHASRA ELECTRONIC SOLU L,Listed    ,22 JUL 2026,              10.00,          24992763,            318.50,     7960195015.50   
22 JUL 2026,SAHLIBHFI,EQ,SHALIBHADRA FINANCE LTD  ,Listed    ,22 JUL 2026,              10.00,          30888400,             77.10,     2381186756.00 
22 JUL 2026,SAHYADRI,EQ,SAHYADRI INDUSTRIES LTD  ,Listed    ,22 JUL 2026,              10.00,          10946300,            280.80,     3073721040.00  
22 JUL 2026,SAIFL,SM,SAMEERA AGRO AND INFRA L ,Listed    ,22 JUL 2026,              10.00,          26949800,              5.05,      136096490.00     
22 JUL 2026,SAIL,EQ,STEEL AUTHORITY OF INDIA ,Listed    ,22 JUL 2026,              10.00,        4130525289,            162.00,   669062486312.20      
22 JUL 2026,SAILIFE,EQ,SAI LIFE SCIENCES LIMITED,Listed    ,22 JUL 2026,               1.00,         212115515,           1250.50,   265250451507.50   
22 JUL 2026,SAIPARENT,EQ,SAI PARENTERALS LIMITED  ,Listed    ,22 JUL 2026,               5.00,          44179231,            551.05,    24344965242.55 
22 JUL 2026,SAJHOTELS,ST,SAJ HOTELS LIMITED       ,Listed    ,22 JUL 2026,              10.00,          16125000,             39.95,      644193750.00 
22 JUL 2026,SAKAR,EQ,SAKAR HEALTHCARE LIMITED ,Listed    ,22 JUL 2026,              10.00,          22249910,            837.25,    18628737147.50     
22 JUL 2026,SAKHTISUG,EQ,SAKTHI SUGARS LTD        ,Listed    ,22 JUL 2026,              10.00,         118849036,             17.10,     2032318515.60 
22 JUL 2026,SAKSOFT,EQ,SAKSOFT LIMITED          ,Listed    ,22 JUL 2026,               1.00,         132551250,            169.05,    22405137787.50   
22 JUL 2026,SAKUMA,BE,SAKUMA EXPORTS LIMITED   ,Listed    ,22 JUL 2026,               1.00,        1567718640,              1.65,     2571058569.60    
22 JUL 2026,SALASAR,EQ,SALASAR TECHNO ENGG. LTD.,Listed    ,22 JUL 2026,               1.00,        1747950290,              5.95,    10365345219.70   
22 JUL 2026,SALONA,EQ,SALONA COTSPIN LTD.      ,Listed    ,22 JUL 2026,              10.00,           5262400,            258.20,     1358751680.00    
22 JUL 2026,SALSTEEL,BE,S.A.L. STEEL LTD.        ,Listed    ,22 JUL 2026,              10.00,         109016700,             57.00,     6211771566.00  
22 JUL 2026,SALZERELEC,EQ,SALZER ELECTRONICS LTD   ,Listed    ,22 JUL 2026,              10.00,          17682737,            578.65,    10232115765.05
22 JUL 2026,SAMAY,ST,SAMAY PROJECT SERVICES L ,Listed    ,21 JUL 2026,              10.00,          15349320,             43.70,      670765284.00     
22 JUL 2026,SAMBHAAV,EQ,SAMBHAAV MEDIA LTD       ,Listed    ,22 JUL 2026,               1.00,         191110840,              6.05,     1160042798.80  
22 JUL 2026,SAMBHV,EQ,SAMBHV STEEL TUBES LTD   ,Listed    ,22 JUL 2026,              10.00,         294671429,            116.15,    34231979906.95    
22 JUL 2026,SAMHI,EQ,SAMHI HOTELS LIMITED     ,Listed    ,22 JUL 2026,               1.00,         222134736,            163.65,    36356792241.10     
22 JUL 2026,SAMMAANCAP,EQ,SAMMAAN CAPITAL LIMITED  ,Listed    ,22 JUL 2026,               2.00,        1161543321,            163.60,   190016871882.40
22 JUL 2026,SAMPANN,EQ,SAMPANN UTPADAN INDIA LTD,Listed    ,22 JUL 2026,              10.00,          48810000,             27.35,     1335441600.00   
22 JUL 2026,SANATHAN,EQ,SANATHAN TEXTILES LIMITED,Listed    ,22 JUL 2026,              10.00,          84404059,            495.60,    41830651640.40  
22 JUL 2026,SANDESH,EQ,SANDESH LTD              ,Listed    ,22 JUL 2026,              10.00,           7569421,            973.15,     7366182046.15   
22 JUL 2026,SANDHAR,EQ,SANDHAR TECHNOLOGIES LTD ,Listed    ,22 JUL 2026,              10.00,          60190708,            599.20,    36066272233.60   
22 JUL 2026,SANDUMA,EQ,SANDUR MANG & IRON ORES L,Listed    ,22 JUL 2026,              10.00,         486104814,            194.95,    94761272441.15   
22 JUL 2026,SANGAMIND,EQ,SANGAM (INDIA) LTD       ,Listed    ,22 JUL 2026,              10.00,          50246559,            621.90,    31248335042.10 
22 JUL 2026,SANGANI,SM,SANGANI HOSPITALS LIMITED,Listed    ,22 JUL 2026,              10.00,          13776990,             42.70,      588277473.00   
22 JUL 2026,SANGHVIMOV,EQ,SANGHVI MOVERS LTD       ,Listed    ,22 JUL 2026,               1.00,          86576000,            429.75,    37206036000.00
22 JUL 2026,SANGINITA,BE,SANGINITA CHEMICALS LTD  ,Listed    ,22 JUL 2026,              10.00,          25901550,             59.25,     1534666837.50 
22 JUL 2026,SANOFI,EQ,SANOFI INDIA LIMITED     ,Listed    ,22 JUL 2026,              10.00,          23030622,           3409.40,    78520602646.80    
22 JUL 2026,SANOFICONR,EQ,SANOFI CONS HEALTHC IND L,Listed    ,22 JUL 2026,              10.00,          23030622,           4615.40,   106295532778.80
22 JUL 2026,SANSERA,EQ,SANSERA ENGINEERING LTD  ,Listed    ,22 JUL 2026,               2.00,          62332048,           3255.20,   202903282649.60   
22 JUL 2026,SANSTAR,EQ,SANSTAR LIMITED          ,Listed    ,22 JUL 2026,               2.00,         182244250,            106.50,    19405367740.00   
22 JUL 2026,SANWARIA,BZ,SANWARIA CONSUMER LIMITED,Listed    ,22 JUL 2026,               1.00,         736100000,              0.20,      154581000.00  
22 JUL 2026,SAPPHIRE,EQ,SAPPHIRE FOODS INDIA LTD ,Listed    ,22 JUL 2026,               2.00,         321382905,            180.45,    57993545207.25  
22 JUL 2026,SAPPL,EQ,SHREE AJIT PULP & PAPER L,Permitted ,22 JUL 2026,              10.00,           8850744,            294.60,     2607429182.40     
22 JUL 2026,SARDAEN,EQ,SARDA ENERGY & MIN LTD   ,Listed    ,22 JUL 2026,               1.00,         352381270,            499.40,   175979206238.00   
22 JUL 2026,SAREGAMA,EQ,SAREGAMA INDIA LIMITED   ,Listed    ,22 JUL 2026,               1.00,         192809490,            489.40,    94360964406.00  
22 JUL 2026,SARLAPOLY,EQ,SARLA PERF. FIBERS LTD   ,Listed    ,22 JUL 2026,               1.00,          79503000,            102.15,     8119641390.00 
22 JUL 2026,SAROJA,SM,SAROJA PHARMA INDUS IND L,Listed    ,20 JUL 2026,              10.00,           4020486,             30.00,      120614580.00    
22 JUL 2026,SARTELE,SM,SAR TELEVENTURE LIMITED  ,Listed    ,22 JUL 2026,               2.00,          50147500,            117.95,     5914897625.00   
22 JUL 2026,SARVESHWAR,BE,SARVESHWAR FOODS LIMITED ,Listed    ,22 JUL 2026,               1.00,        1231626469,              3.45,     4273743847.45
22 JUL 2026,SASKEN,EQ,SASKEN TECHNOLOGIES LTD  ,Listed    ,22 JUL 2026,              10.00,          15186471,           1905.40,    28936301843.40    
22 JUL 2026,SATECH,SM,S A TECH SOFTWARE INDIA L,Listed    ,22 JUL 2026,              10.00,          13057281,             34.75,      453740514.75    
22 JUL 2026,SATIA,EQ,SATIA INDUSTRIES LIMITED ,Listed    ,22 JUL 2026,               1.00,         100000000,             58.90,     5892000000.00     
22 JUL 2026,SATIN,EQ,SATIN CREDIT NET LTD     ,Listed    ,22 JUL 2026,              10.00,         110470965,            251.85,    27822112535.25     
22 JUL 2026,SATIPOLY,ST,SATI POLY PLAST LIMITED  ,Listed    ,22 JUL 2026,              10.00,           4947000,             40.40,      199858800.00  
22 JUL 2026,SATKARTAR,ST,SAT KARTAR LIFE LIMITED  ,Listed    ,22 JUL 2026,              10.00,          15795276,            140.05,     2212128403.80 
22 JUL 2026,SATTVAENGG,SM,SATTVA ENGINEERING CSTN L,Listed    ,22 JUL 2026,              10.00,          17468616,             82.00,     1432426512.00
22 JUL 2026,SAURASHCEM,EQ,SAURASHTRA CEMENT LIMITED,Listed    ,22 JUL 2026,              10.00,         111287280,             57.85,     6436856275.20
22 JUL 2026,SAVY,SM,SAVY INFRA AND LOGI LTD  ,Listed    ,22 JUL 2026,              10.00,          20808480,            115.00,     2392975200.00      
22 JUL 2026,SAWALIYA,SM,SAWALIYA FOOD PRODUCTS L ,Listed    ,22 JUL 2026,              10.00,           9918220,            298.90,     2964555958.00  
22 JUL 2026,SAYAJIHOTL,EQ,SAYAJI HOTELS LTD.       ,Permitted ,16 JUL 2026,              10.00,          17517977,            300.00,     5255393100.00
22 JUL 2026,SBC,EQ,SBC EXPORTS LIMITED      ,Listed    ,22 JUL 2026,               1.00,         476190000,             42.10,    20057122800.00       
22 JUL 2026,SBCL,EQ,SHIVALIK BIMETAL CON. LTD,Listed    ,22 JUL 2026,               2.00,          57604200,            741.90,    42736555980.00      
22 JUL 2026,SBFC,EQ,SBFC FINANCE LIMITED     ,Listed    ,22 JUL 2026,              10.00,        1107306773,             92.35,   102248707418.80      
22 JUL 2026,SBGLP,EQ,SURATWWALA BUS GROUP LTD ,Listed    ,22 JUL 2026,               1.00,         173416440,             25.50,     4425587548.80     
22 JUL 2026,SBICARD,EQ,SBI CARDS & PAY SER LTD  ,Listed    ,22 JUL 2026,              10.00,         951609294,            626.85,   596516285943.90   
22 JUL 2026,SBIFUNDS,EQ,SBI FUNDS MANAGEMENT LTD ,Listed    ,22 JUL 2026,               1.00,        2036827612,            584.70,  1190933104736.40  
22 JUL 2026,SBILIFE,EQ,SBI LIFE INSURANCE CO LTD,Listed    ,22 JUL 2026,              10.00,        1003171541,           1806.70,  1812430023124.70   
22 JUL 2026,SBIN,EQ,STATE BANK OF INDIA      ,Listed    ,22 JUL 2026,               1.00,        9230617586,           1025.00,  9461383025650.00      
22 JUL 2026,SCANSTL,EQ,SCAN STEELS LTD.         ,Permitted ,22 JUL 2026,              10.00,          58602295,             47.95,     2809980045.25   
22 JUL 2026,SCHAEFFLER,EQ,SCHAEFFLER INDIA LIMITED ,Listed    ,22 JUL 2026,               2.00,         156303670,           4199.20,   656350371064.00
22 JUL 2026,SCHAND,EQ,S CHAND AND COMPANY LTD  ,Listed    ,22 JUL 2026,               5.00,          35272192,            149.30,     5266490987.50    
22 JUL 2026,SCHNEIDER,EQ,SCHNEIDER ELECTRIC INFRA ,Listed    ,22 JUL 2026,               2.00,         239104035,           1342.30,   320949346180.50 
22 JUL 2026,SCI,EQ,SHIPPING CORP OF INDIA LT,Listed    ,22 JUL 2026,              10.00,         465799010,            268.80,   125206773888.00       
22 JUL 2026,SCILAL,EQ,SHIPPING CORP OF ILA LTD ,Listed    ,22 JUL 2026,              10.00,         465799010,             42.00,    19563558420.00    
22 JUL 2026,SCML,SM,SHARP CHUCKS N MACHINES L,Listed    ,21 JUL 2026,              10.00,          11509792,             79.50,      915028464.00      
22 JUL 2026,SCODATUBES,EQ,SCODA TUBES LIMITED      ,Listed    ,22 JUL 2026,              10.00,          59908900,            141.70,     8489091130.00
22 JUL 2026,SCPL,EQ,SHEETAL COOL PRODUCTS LTD,Listed    ,22 JUL 2026,              10.00,          10500000,            582.60,     6117300000.00      
22 JUL 2026,SDBL,EQ,SOM DIST & BREW LTD      ,Listed    ,22 JUL 2026,               2.00,         194988432,             74.35,    14495440034.90      
22 JUL 2026,SDREAMS,SM,S D RETAIL LIMITED       ,Listed    ,22 JUL 2026,              10.00,          18722386,             90.85,     1700928768.10   
22 JUL 2026,SEAMECLTD,EQ,SEAMEC LIMITED           ,Listed    ,22 JUL 2026,              10.00,          25425000,           1370.70,    34850047500.00 
22 JUL 2026,SECMARK,EQ,SECMARK CONSULTANCY LTD  ,Listed    ,22 JUL 2026,              10.00,          10447000,            127.00,     1326769000.00   
22 JUL 2026,SECURKLOUD,EQ,SECUREKLOUD TECH LIMITED ,Listed    ,22 JUL 2026,               5.00,          33410605,             17.90,      597381617.40
22 JUL 2026,SEDEMAC,EQ,SEDEMAC MECHATRONICS LTD ,Listed    ,22 JUL 2026,              10.00,          44161500,           2775.20,   122556994800.00   
22 JUL 2026,SEIL,EQ,SHANTI EDU INITIATIVES L ,Permitted ,22 JUL 2026,               1.00,         161000000,            210.00,    33811610000.00      
22 JUL 2026,SEITINVIT,IV,SUSTAINABLE ENERGY INFRA ,Listed    ,21 JUL 2026,             100.00,         324000000,            126.00,    40824000000.00 
22 JUL 2026,SEJALLTD,BE,SEJAL GLASS LIMITED      ,Listed    ,22 JUL 2026,              10.00,          11400000,            732.65,     8352210000.00  
22 JUL 2026,SEL,SM,SUNGARNER ENERGIES LTD   ,Listed    ,22 JUL 2026,              10.00,           2318750,            258.25,      598817187.50       
22 JUL 2026,SELLOWRAP,SM,SELLOWRAP INDUSTRIES LTD ,Listed    ,17 JUL 2026,              10.00,          13744220,             64.25,      883066135.00 
22 JUL 2026,SELMC,EQ,SEL MANUFACTURING CO LTD ,Listed    ,22 JUL 2026,              10.00,          33134700,             28.45,      942350868.00     
22 JUL 2026,SEMAC,BE,SEMAC CONSTRUCTION LTD   ,Listed    ,22 JUL 2026,              10.00,           3117308,            311.00,      969482788.00     
22 JUL 2026,SENCO,EQ,SENCO GOLD LIMITED       ,Listed    ,22 JUL 2026,               5.00,         163838649,            391.65,    64167406880.85     
22 JUL 2026,SENORES,EQ,SENORES PHARMACEUTICALS L,Listed    ,22 JUL 2026,              10.00,          46053588,           1393.40,    64171069519.20   
22 JUL 2026,SEPC,EQ,SEPC LIMITED             ,Listed    ,22 JUL 2026,              10.00,        1920373759,              6.00,    11541446291.60      
22 JUL 2026,SERVICE,SM,SERVICE CARE LIMITED     ,Listed    ,22 JUL 2026,              10.00,          13328500,             61.10,      814371350.00   
22 JUL 2026,SERVOTECH,EQ,SERVOTECH REN POW SYS LTD,Listed    ,22 JUL 2026,               1.00,         225845348,             99.95,    22568725625.65 
22 JUL 2026,SESHAPAPER,EQ,SESHASAYEE PAPER & BOARDS,Listed    ,22 JUL 2026,               2.00,          63068140,            220.60,    13914093046.80
22 JUL 2026,SETCO,BE,SETCO AUTOMOTIVE LTD     ,Listed    ,22 JUL 2026,               2.00,         133767275,             18.15,     2425200695.75     
22 JUL 2026,SETL,EQ,STANDARD ENGNG TCNLGY LTD,Listed    ,22 JUL 2026,              10.00,         199491662,            287.85,    57423674906.70      
22 JUL 2026,SETUINFRA,BZ,SETUBANDHAN INFRA LTD    ,Listed    ,22 JUL 2026,               1.00,         125678260,              0.45,       55298434.40 
22 JUL 2026,SEYAIND,BE,SEYA INDUSTRIES LIMITED  ,Listed    ,22 JUL 2026,              10.00,          26570540,             12.50,      332131750.00   
22 JUL 2026,SFL,EQ,SHEELA FOAM LIMITED      ,Listed    ,22 JUL 2026,               5.00,         109203314,            745.65,    81427451084.10       
22 JUL 2026,SFML,SM,SUPREME FACILITY MGMT LTD,Listed    ,22 JUL 2026,              10.00,          24829200,             24.50,      608315400.00      
22 JUL 2026,SGFIN,EQ,SG FINSERVE LIMITED      ,Listed    ,22 JUL 2026,              10.00,          55895000,            665.65,    37206506750.00     
22 JUL 2026,SGIL,EQ,SYNERGY GREEN IND. LTD   ,Listed    ,22 JUL 2026,              10.00,          15543000,            582.50,     9053797500.00      
22 JUL 2026,SGL,EQ,STL GLOBAL LIMITED       ,Listed    ,22 JUL 2026,              10.00,          26990914,             10.00,      269639230.85       
22 JUL 2026,SGMART,EQ,SG MART LIMITED          ,Listed    ,22 JUL 2026,               1.00,         126035200,            660.70,    83271456640.00    
22 JUL 2026,SHADOWFAX,EQ,SHADOWFAX TECHNOLOGIES L ,Listed    ,22 JUL 2026,              10.00,         584980412,            217.15,   127028496465.80 
22 JUL 2026,SHAH,EQ,SHAH METACORP LIMITED    ,Listed    ,22 JUL 2026,               1.00,         987679005,              4.35,     4276650091.65      
22 JUL 2026,SHAHALLOYS,EQ,SHAH ALLOYS LIMITED      ,Listed    ,22 JUL 2026,              10.00,          19797540,             66.40,     1314160705.20
22 JUL 2026,SHAILY,EQ,SHAILY ENG PLASTICS LTD  ,Listed    ,22 JUL 2026,               2.00,          45995248,           2884.50,   132673292856.00    
22 JUL 2026,SHAIVAL,ST,SHAIVAL REALITY LIMITED  ,Listed    ,20 MAR 2026,              10.00,          11574000,             33.00,      381942000.00   
22 JUL 2026,SHAKTIPUMP,EQ,SHAKTI PUMPS (I) LTD     ,Listed    ,22 JUL 2026,              10.00,         123397965,            537.50,    66326406187.50
22 JUL 2026,SHALBY,EQ,SHALBY LIMITED           ,Listed    ,22 JUL 2026,              10.00,         108009770,            163.75,    17688760032.90    
22 JUL 2026,SHALPAINTS,EQ,SHALIM PAINTS LTD        ,Listed    ,22 JUL 2026,               2.00,          83711178,             67.05,     5613671596.70
22 JUL 2026,SHANKARA,EQ,SHANKARA BLDG PRODUCT LTD,Listed    ,22 JUL 2026,              10.00,          24249326,            139.65,     3385933389.40  
22 JUL 2026,SHANTHALA,SM,SHANTHALA FMCG PRODUCTS L,Listed    ,22 JUL 2026,              10.00,           6698064,             18.80,      125923603.20 
22 JUL 2026,SHANTI,EQ,SHANTI OVERSEAS INDIA LTD,Listed    ,22 JUL 2026,              10.00,          11106000,              6.90,       76631400.00    
22 JUL 2026,SHANTIGEAR,EQ,SHANTHI GEARS LTD        ,Listed    ,22 JUL 2026,               1.00,          76715853,            413.30,    31706662044.90
22 JUL 2026,SHANTIGOLD,EQ,SHANTI GOLD INTERNATION L,Listed    ,22 JUL 2026,              10.00,          72096000,            206.80,    14908731840.00
22 JUL 2026,SHARDACROP,EQ,SHARDA CROPCHEM LTD.     ,Listed    ,22 JUL 2026,              10.00,          90220495,            873.15,    78776025209.25
22 JUL 2026,SHARDAMOTR,EQ,SHARDA MOTOR INDS LTD    ,Listed    ,22 JUL 2026,               2.00,          57407706,            838.55,    48139231866.30
22 JUL 2026,SHARDUL,BE,SHARDUL SECURITIES LTD.  ,Permitted ,22 JUL 2026,               2.00,          87492165,             59.40,     5196159679.35   
22 JUL 2026,SHAREINDIA,EQ,SHARE IND. SECURITIES LTD,Listed    ,22 JUL 2026,               2.00,         217492050,            190.75,    41482258696.50
22 JUL 2026,SHBAJRG,EQ,SHRI BAJRANG ALLIANCE L  ,Permitted ,22 JUL 2026,              10.00,           9000000,            192.20,     1729800000.00   
22 JUL 2026,SHEEL,ST,SHEEL BIOTECH LIMITED    ,Listed    ,22 JUL 2026,              10.00,          20352550,             69.95,     1423660872.50     
22 JUL 2026,SHEETAL,SM,SHEETAL UNIVERSAL LIMITED,Listed    ,22 JUL 2026,              10.00,          11455999,            293.95,     3367490906.05   
22 JUL 2026,SHEKHAWATI,BE,SHEKHAWATI INDUSTRIES LTD,Listed    ,22 JUL 2026,              10.00,          34470000,             12.10,      417087000.00
22 JUL 2026,SHEMAROO,BE,SHEMAROO ENTER. LTD.     ,Listed    ,22 JUL 2026,              10.00,          28730299,            125.05,     3592436586.95  
22 JUL 2026,SHERA,ST,SHERA ENERGY LIMITED     ,Listed    ,22 JUL 2026,              10.00,          24439347,            173.60,     4242670639.20     
22 JUL 2026,SHETHJI,ST,SHREEJI GLOBAL FMCG LTD  ,Listed    ,22 JUL 2026,              10.00,          22760000,            152.40,     3468624000.00   
22 JUL 2026,SHIGAN,SM,SHIGAN QUANTUM TECH LTD  ,Listed    ,22 JUL 2026,              10.00,          20327400,             62.00,     1260298800.00    
22 JUL 2026,SHILCTECH,EQ,SHILCHAR TECHNOLOGIES LTD,Listed    ,22 JUL 2026,              10.00,          11440200,           4164.00,    47636992800.00 
22 JUL 2026,SHILPAMED,EQ,SHILPA MEDICARE LTD      ,Listed    ,22 JUL 2026,               1.00,         195581816,            613.35,   119960106843.60 
22 JUL 2026,SHINDL,EQ,SHARAT INDUSTRIES LTD.   ,Permitted ,22 JUL 2026,              10.00,          39214451,            160.35,     6288037217.85    
22 JUL 2026,SHIVALIK,BE,SHIVALIK RASAYAN LIMITED ,Listed    ,22 JUL 2026,               5.00,          15750365,            242.35,     3816943454.10  
22 JUL 2026,SHIVAMAUTO,BE,SHIVAM AUTO.LTD          ,Listed    ,22 JUL 2026,               2.00,         131495219,             16.40,     2157836543.80
22 JUL 2026,SHIVAMILLS,BE,SHIVA MILLS LIMITED      ,Listed    ,22 JUL 2026,              10.00,           8641808,             61.30,      529742830.40
22 JUL 2026,SHIVASHRIT,SM,SHIVASHRIT FOODS LIMITED ,Listed    ,22 JUL 2026,              10.00,          18269000,            113.75,     2078098750.00
22 JUL 2026,SHIVATEX,EQ,SHIVA TEXYARN LIMITED    ,Listed    ,22 JUL 2026,              10.00,          12962713,            149.40,     1936499695.05  
22 JUL 2026,SHIVAUM,EQ,SHIV AUM STEELS LIMITED  ,Listed    ,22 JUL 2026,              10.00,          13600400,            404.55,     5502041820.00   
22 JUL 2026,SHK,EQ,S H KELKAR AND CO. LTD.  ,Listed    ,22 JUL 2026,              10.00,         138420801,            138.90,    19223880842.90       
22 JUL 2026,SHKSIL,SM,SHRI HARE-KRI SPO IRON L ,Listed    ,20 JUL 2026,              10.00,          19191050,             41.85,      803145442.50    
22 JUL 2026,SHOPERSTOP,EQ,SHOPPERS STOP LIMITED    ,Listed    ,22 JUL 2026,               5.00,         110124746,            375.70,    41373867072.20
22 JUL 2026,SHRADHA,EQ,SHRADHA REALTY LIMITED   ,Listed    ,22 JUL 2026,               2.00,          80997568,             35.05,     2837344807.05   
22 JUL 2026,SHREDIGCEM,EQ,SHREE DIGVIJAY CEM CO LTD,Listed    ,22 JUL 2026,              10.00,         147869278,             74.45,    11008867747.10
22 JUL 2026,SHREECEM,EQ,SHREE CEMENT LIMITED     ,Listed    ,22 JUL 2026,              10.00,          36080748,          26720.00,   964077586560.00  
22 JUL 2026,SHREEDHAR,SM,SHREEDHAR SPINNERS LTD   ,Listed    ,22 JUL 2026,              10.00,          21438000,             90.95,     1949786100.00 
22 JUL 2026,SHREEJISPG,EQ,SHREEJI SHIPPING GLOBAL L,Listed    ,22 JUL 2026,              10.00,         162918254,            626.10,   102003118829.40
22 JUL 2026,SHREEKARNI,SM,SHREE KARNI FABCOM LTD   ,Listed    ,22 JUL 2026,              10.00,           7228750,            410.00,     2963787500.00
22 JUL 2026,SHREEOSFM,SM,SHREE OSFM E-MOBILITY LTD,Listed    ,22 JUL 2026,              10.00,          15403400,             61.00,      939607400.00 
22 JUL 2026,SHREEPUSHK,EQ,SHRE PUSH CHEM & FERT LTD,Listed    ,22 JUL 2026,              10.00,          32337691,            388.90,    12576128029.90
22 JUL 2026,SHREERAMA,EQ,SHREE RAMA MULTI TECH LTD,Listed    ,22 JUL 2026,               5.00,         133468005,             40.60,     5418801003.00 
22 JUL 2026,SHREMINVIT,IV,SHREM INVIT              ,Listed    ,17 JUL 2026,             100.00,         610844160,            102.00,    62306104320.00
22 JUL 2026,SHRENIK,BZ,SHRENIK LIMITED          ,Listed    ,22 JUL 2026,               1.00,         612000000,              0.35,      214200000.00   
22 JUL 2026,SHREYANIND,EQ,SHREYANS INDUSTRIES LTD  ,Listed    ,22 JUL 2026,              10.00,          13825000,            134.90,     1864854250.00
22 JUL 2026,SHRIAHIMSA,ST,SHRI AHIMSA NATURALS LTD ,Listed    ,22 JUL 2026,              10.00,          23430900,            378.60,     8870938740.00
22 JUL 2026,SHRIKANHA,ST,SHRI KANHA STAINLESS LTD ,Listed    ,22 JUL 2026,              10.00,          15582400,             23.20,      361511680.00 
22 JUL 2026,SHRIKRISH,EQ,SHRI KRISHNA DEVCON LTD. ,Permitted ,22 JUL 2026,              10.00,          28000000,             43.00,     1204000000.00 
22 JUL 2026,SHRINGARMS,EQ,SHRINGAR HOU OF MANGALS L,Listed    ,22 JUL 2026,              10.00,          96432080,            220.15,    21227593770.40
22 JUL 2026,SHRIPISTON,EQ,SPR AUTO TECHNOLOGIES LTD,Listed    ,22 JUL 2026,              10.00,          44049824,           4394.40,   193572546585.60
22 JUL 2026,SHRIRAMFIN,EQ,SHRIRAM FINANCE LIMITED  ,Listed    ,22 JUL 2026,               2.00,        2352830568,           1058.80,  2491177005398.40
22 JUL 2026,SHRIRAMPPS,EQ,SHRIRAM PROPERTIES LTD   ,Listed    ,22 JUL 2026,              10.00,         170654392,             85.50,    14587537428.15
22 JUL 2026,SHRITECH,SM,SHRI TECHTEX LIMITED     ,Listed    ,17 JUL 2026,              10.00,          24950000,             61.40,     1531930000.00  
22 JUL 2026,SHUBHLAXMI,SM,SHUBHLAXMI JEWEL ART LTD ,Listed    ,22 JUL 2026,              10.00,          10604000,             20.75,      220033000.00
22 JUL 2026,SHUBHSHREE,SM,SHUBHSHREE BIOFUELS ENE L,Listed    ,22 JUL 2026,              10.00,           5242000,            342.00,     1792764000.00
22 JUL 2026,SHYAMCENT,BE,SHYAM CENTURY FERROUS LTD,Listed    ,22 JUL 2026,               1.00,         212172990,              5.20,     1105421277.90 
22 JUL 2026,SHYAMDHANI,ST,SHYAM DHANI INDUSTRIES L ,Listed    ,22 JUL 2026,              10.00,          20656000,             58.15,     1201146400.00
22 JUL 2026,SHYAMMETL,EQ,SHYAM METALICS AND ENGY L,Listed    ,22 JUL 2026,              10.00,         279131853,           1030.15,   287547678367.95 
22 JUL 2026,SHYAMTEL,BE,SHYAM TELECOM LIMITED    ,Listed    ,22 JUL 2026,              10.00,          11270000,             15.25,      172092900.00  
22 JUL 2026,SICAGEN,EQ,SICAGEN INDIA LIMITED    ,Permitted ,22 JUL 2026,              10.00,          39571684,             51.20,     2025674503.95   
22 JUL 2026,SICALLOG,EQ,SICAL LOGISTICS LIMITED  ,Listed    ,22 JUL 2026,              10.00,         208797056,             99.25,    20725195778.55  
22 JUL 2026,SIDDHICOTS,SM,SIDDHI COTSPIN LIMITED   ,Listed    ,22 JUL 2026,              10.00,          24406491,             28.65,      699245967.15
22 JUL 2026,SIDDHIKA,SM,SIDDHIKA COATINGS LIMITED,Listed    ,22 JUL 2026,              10.00,           6179000,            222.00,     1371738000.00  
22 JUL 2026,SIEMENS,EQ,SIEMENS LTD              ,Listed    ,22 JUL 2026,               2.00,         356120505,           3649.40,  1299626170947.00   
22 JUL 2026,SIGACHI,BE,SIGACHI INDUSTRIES LTD   ,Listed    ,22 JUL 2026,               1.00,         382117010,             26.55,    10145206615.50   
22 JUL 2026,SIGIND,EQ,SIGNET INDUSTRIES LIMITED,Listed    ,22 JUL 2026,              10.00,          29437000,             44.35,     1305530950.00    
22 JUL 2026,SIGMA,EQ,SIGMA SOLVE LIMITED      ,Listed    ,22 JUL 2026,               1.00,         102774980,             38.25,     3932170734.80     
22 JUL 2026,SIGMAADV,BE,SIGMA ADVANCED SYSTEM LTD,Listed    ,22 JUL 2026,              10.00,         176239705,            526.10,    92719708800.50  
22 JUL 2026,SIGNATURE,EQ,SIGNATUREGLOBAL INDIA LTD,Listed    ,22 JUL 2026,               1.00,         140510691,            781.10,   109752900740.10 
22 JUL 2026,SIGNORIA,ST,SIGNORIA CREATION LIMITED,Listed    ,22 JUL 2026,              10.00,           4758000,            135.00,      642330000.00  
22 JUL 2026,SIGNPOST,EQ,SIGNPOST INDIA LIMITED   ,Listed    ,22 JUL 2026,               2.00,          53450000,            292.45,    15631452500.00  
22 JUL 2026,SIKA,EQ,SIKA INTERPLANT SYSTEMS L,Permitted ,22 JUL 2026,               2.00,          21200875,           1164.80,    24694779200.00      
22 JUL 2026,SIKKO,EQ,SIKKO INDUSTRIES LIMITED ,Listed    ,22 JUL 2026,               1.00,         436800000,              4.75,     2074800000.00     
22 JUL 2026,SIL,EQ,STANDARD INDUSTRIES LTD. ,Listed    ,22 JUL 2026,               5.00,          64328941,             16.00,     1029263056.00       
22 JUL 2026,SILGO,EQ,SILGO RETAIL LIMITED     ,Listed    ,22 JUL 2026,              10.00,          39290219,             74.70,     2934193554.90     
22 JUL 2026,SILINV,EQ,SIL INVESTMENTS LIMITED  ,Listed    ,22 JUL 2026,              10.00,          10595860,            420.70,     4457678302.00    
22 JUL 2026,SILKFLEX,ST,SILKFLEX POLYMERS INDIA L,Listed    ,22 JUL 2026,              10.00,          11607000,            193.75,     2248856250.00  
22 JUL 2026,SILKY,SM,SILKY OVERSEAS LIMITED   ,Listed    ,22 JUL 2026,              10.00,           6367623,             75.65,      481710679.95     
22 JUL 2026,SILLYMONKS,EQ,SILLY MONKS ENTERTAIN LTD,Listed    ,22 JUL 2026,              10.00,          12460837,             16.20,      201616342.65
22 JUL 2026,SILVERTUC,EQ,SILVER TOUCH TECHNO LTD  ,Listed    ,22 JUL 2026,               2.00,         126810000,            195.95,    24845883300.00 
22 JUL 2026,SIMBHALS,BZ,SIMBHAOLI SUGARS LTD.    ,Listed    ,22 JUL 2026,              10.00,          41279020,              7.00,      288127559.60  
22 JUL 2026,SIMCA,SM,SIMCA ADVERTISING LIMITED,Listed    ,22 JUL 2026,              10.00,          11971600,            194.30,     2326081880.00     
22 JUL 2026,SIMPLEXINF,EQ,SIMPLEX INFRASTRUCTURES L,Listed    ,22 JUL 2026,               2.00,          79095346,            242.15,    19152938033.90
22 JUL 2026,SINCLAIR,EQ,SINCLAIRS HOTELS LIMITED ,Listed    ,22 JUL 2026,               2.00,          51260000,             74.30,     3808105400.00  
22 JUL 2026,SINDHUTRAD,EQ,SINDHU TRADE LINKS LTD   ,Listed    ,22 JUL 2026,               1.00,        1541928780,             25.05,    38625315939.00
22 JUL 2026,SINGERIND,EQ,SINGER INDIA LIMITED     ,Listed    ,22 JUL 2026,               2.00,          62219117,             65.25,     4061041766.60 
22 JUL 2026,SINTERCOM,EQ,SINTERCOM INDIA LIMITED  ,Listed    ,22 JUL 2026,              10.00,          27527822,             82.00,     2257006125.80 
22 JUL 2026,SIRCA,EQ,SIRCA PAINT INDIA LIMITED,Listed    ,22 JUL 2026,              10.00,          56792800,            393.50,    22347966800.00     
22 JUL 2026,SIS,EQ,SIS LIMITED              ,Listed    ,22 JUL 2026,               5.00,         141300750,            437.10,    61762557825.00       
22 JUL 2026,SITINET,BZ,SITI NETWORKS LIMITED    ,Listed    ,22 JUL 2026,               1.00,         872053848,              0.30,      279057231.35   
22 JUL 2026,SIYSIL,EQ,SIYARAM SILK MILLS LTD   ,Listed    ,22 JUL 2026,               2.00,          45370088,            627.85,    28485609750.80    
22 JUL 2026,SJLOGISTIC,SM,S J LOGISTICS (INDIA) LTD,Listed    ,22 JUL 2026,              10.00,          15293130,            329.95,     5045968243.50
22 JUL 2026,SJS,EQ,SJS ENTERPRISES LIMITED  ,Listed    ,22 JUL 2026,              10.00,          32005154,           2240.20,    71697945990.80       
22 JUL 2026,SJVN,EQ,SJVN LTD                 ,Listed    ,22 JUL 2026,              10.00,        3929795175,             68.65,   269819736715.50      
22 JUL 2026,SKFINDIA,EQ,SKF INDIA LTD            ,Listed    ,22 JUL 2026,              10.00,          49437963,           1500.40,    74176719685.20  
22 JUL 2026,SKFINDUS,EQ,SKF IND (INDUSTRIAL) LTD ,Listed    ,22 JUL 2026,              10.00,          49437963,           2736.50,   135286985749.50  
22 JUL 2026,SKIPPER,EQ,SKIPPER LIMITED          ,Listed    ,22 JUL 2026,               1.00,         112904035,            530.25,    59867364558.75   
22 JUL 2026,SKMEGGPROD,EQ,SKM EGG PROD EXPORT(I) LT,Listed    ,22 JUL 2026,               5.00,          52660000,            314.05,    16537873000.00
22 JUL 2026,SKP,SM,SKP BEARING INDUSTRI. LTD,Listed    ,22 JUL 2026,              10.00,          16600000,            158.00,     2622800000.00       
22 JUL 2026,SKYGOLD,EQ,SKY GOLD AND DIAMONDS LTD,Listed    ,22 JUL 2026,              10.00,         154873884,            671.25,   103959094635.00   
22 JUL 2026,SLONE,ST,SLONE INFOSYSTEMS LIMITED,Listed    ,22 JUL 2026,              10.00,           5269013,            117.60,      619635928.80     
22 JUL 2026,SMARTEN,ST,SMARTEN POWER SYSTEMS LTD,Listed    ,22 JUL 2026,              10.00,          19000800,             58.00,     1102046400.00   
22 JUL 2026,SMARTLINK,BE,SMARTLINK HOLDINGS LTD   ,Listed    ,22 JUL 2026,               2.00,           9975000,            214.45,     2139238500.00 
22 JUL 2026,SMARTWORKS,EQ,SMARTWORKS COWORKING SP L,Listed    ,22 JUL 2026,              10.00,         114262076,            489.15,    55891294475.40
22 JUL 2026,SMCGLOBAL,EQ,SMC GLOBAL SECURITIES LTD,Listed    ,22 JUL 2026,               2.00,         209400000,             79.80,    16708026000.00 
22 JUL 2026,SMLMAH,EQ,SML MAHINDRA LIMITED     ,Listed    ,22 JUL 2026,              10.00,          14471646,           3961.70,    57332319958.20    
22 JUL 2026,SMLT,EQ,SARTHAK METALS LIMITED   ,Listed    ,22 JUL 2026,              10.00,          13689750,             66.65,      912148042.50      
22 JUL 2026,SMSPHARMA,EQ,SMS PHARMACEUTICALS LTD. ,Listed    ,22 JUL 2026,               1.00,          93652030,            386.55,    36201192196.50 
22 JUL 2026,SMVD,SM,SMVD POLY PACK LIMITED   ,Listed    ,17 JUL 2026,              10.00,          10030108,             14.60,      146439576.80      
22 JUL 2026,SNEHAA,ST,SNEHAA ORGANICS LIMITED  ,Listed    ,22 JUL 2026,              10.00,          10179000,             49.75,      506405250.00    
22 JUL 2026,SNOWMAN,EQ,SNOWMAN LOGISTICS LTD.   ,Listed    ,22 JUL 2026,              10.00,         167087995,             36.65,     6127116776.65   
22 JUL 2026,SOBHA,EQ,SOBHA LIMITED            ,Listed    ,22 JUL 2026,              10.00,         106932806,           1426.00,   152486181356.00     
22 JUL 2026,SOCL,ST,SUNDREX OIL COMPANY LTD  ,Listed    ,22 JUL 2026,              10.00,          13393552,             28.40,      380376876.80      
22 JUL 2026,SOFTTECH,BE,SOFTTECH ENGINEERS LTD   ,Listed    ,22 JUL 2026,              10.00,          13842138,            414.15,     5732721452.70  
22 JUL 2026,SOLARA,EQ,SOLARA ACTIVE PHA SCI LTD,Listed    ,22 JUL 2026,              10.00,          47711831,            536.15,    25580698190.65    
22 JUL 2026,SOLARINDS,EQ,SOLAR INDUSTRIES (I) LTD ,Listed    ,22 JUL 2026,               2.00,          90490055,          18856.00,  1706280477080.00 
22 JUL 2026,SOLARWORLD,EQ,SOLARWORLD ENERGY SOL LTD,Listed    ,22 JUL 2026,               5.00,          86672654,            195.55,    16948837489.70
22 JUL 2026,SOLEX,EQ,SOLEX ENERGY LIMITED     ,Listed    ,22 JUL 2026,              10.00,          10802489,            952.60,    10290451021.40     
22 JUL 2026,SOMANYCERA,EQ,SOMANY CERAMICS LIMITED  ,Listed    ,22 JUL 2026,               2.00,          41012806,            503.60,    20654049101.60
22 JUL 2026,SOMATEX,EQ,SOMA TEXTILES & INDUST LT,Listed    ,22 JUL 2026,              10.00,          33033000,            100.60,     3323780460.00   
22 JUL 2026,SOMICONVEY,EQ,SOMI CONVEYOR BELT. LTD. ,Listed    ,22 JUL 2026,              10.00,          11779656,             98.80,     1163712216.25
22 JUL 2026,SONACOMS,EQ,SONA BLW PRECISION FRGS L,Listed    ,22 JUL 2026,              10.00,         622028337,            726.50,   451903586830.50  
22 JUL 2026,SONAL,EQ,SONAL MERCANTILE LTD.    ,Permitted ,22 JUL 2026,              10.00,          14738525,             91.30,     1345627332.50     
22 JUL 2026,SONAMAC,SM,SONA MACHINERY LIMITED   ,Listed    ,22 JUL 2026,              10.00,          13724000,             32.50,      446030000.00   
22 JUL 2026,SONAMLTD,EQ,SONAM LIMITED            ,Listed    ,22 JUL 2026,               5.00,          40032000,             53.55,     2144113920.00  
22 JUL 2026,SONATSOFTW,EQ,SONATA SOFTWARE LTD      ,Listed    ,22 JUL 2026,               1.00,         280424816,            295.60,    82893575609.60
22 JUL 2026,SONUINFRA,ST,SONU INFRATECH LIMITED   ,Listed    ,22 JUL 2026,              10.00,          11764764,             41.80,      491767135.20 
22 JUL 2026,SOTAC,SM,SOTAC PHARMACEUTICALS LTD,Listed    ,15 JUL 2026,              10.00,          11050000,             95.10,     1050855000.00     
22 JUL 2026,SOTL,EQ,SAVITA OIL TECHNOLO. LTD ,Listed    ,22 JUL 2026,               2.00,          68560415,            596.15,    40872291402.25      
22 JUL 2026,SOUTHBANK,EQ,THE SOUTH INDIAN BANK LTD,Listed    ,22 JUL 2026,               1.00,        2617618886,             48.00,   125645706528.00 
22 JUL 2026,SOUTHWEST,EQ,SOUTH WEST PINNACLE LTD  ,Listed    ,22 JUL 2026,              10.00,          29830011,            242.55,     7235567468.15 
22 JUL 2026,SPAL,EQ,S. P. APPARELS LIMITED   ,Listed    ,22 JUL 2026,              10.00,          25138883,            972.60,    24450077605.80      
22 JUL 2026,SPANDANA,EQ,SPANDANA SPHOORTY FIN LTD,Listed    ,22 JUL 2026,              10.00,          71305144,            285.30,    20343357583.20  
22 JUL 2026,SPARC,EQ,SUN PHARMA ADV.RES.CO.LTD,Listed    ,22 JUL 2026,               1.00,         324499558,            213.95,    69429925429.70     
22 JUL 2026,SPCENET,EQ,SPACENET ENTERS IND LTD  ,Listed    ,22 JUL 2026,               1.00,         567735736,              3.60,     2043848649.60   
22 JUL 2026,SPCL,SM,SHIVALIC POWER CONTROL L ,Listed    ,22 JUL 2026,              10.00,          24115754,             70.30,     1695337506.20      
22 JUL 2026,SPCON,SM,SRINIBAS PRADHAN CONST L ,Listed    ,22 JUL 2026,              10.00,           7860997,            130.00,     1021929610.00     
22 JUL 2026,SPEB,ST,SPEB ADHESIVES LIMITED   ,Listed    ,21 JUL 2026,              10.00,          22464570,             87.00,     1954417590.00      
22 JUL 2026,SPECIALITY,EQ,SPECIALITY REST LTD      ,Listed    ,22 JUL 2026,              10.00,          48235657,            132.10,     6372895002.85
22 JUL 2026,SPECTRUM,EQ,SPECTRUM ELECTRIC IND LTD,Listed    ,22 JUL 2026,              10.00,          15713840,           2134.50,    33541191480.00  
22 JUL 2026,SPECTSTM,ST,SPECTRUM TALENT MGMT LTD ,Listed    ,22 JUL 2026,              10.00,          23093096,             58.05,     1340554222.80  
22 JUL 2026,SPENCERS,EQ,SPENCER S RETAIL LIMITED ,Listed    ,22 JUL 2026,               5.00,          90138789,             34.50,     3107985444.70  
22 JUL 2026,SPIC,EQ,SPIC LTD                 ,Listed    ,22 JUL 2026,              10.00,         203640336,             65.65,    13366951655.05      
22 JUL 2026,SPLIL,EQ,SPL INDUSTRIES LIMITED   ,Listed    ,22 JUL 2026,              10.00,          29000004,             31.90,      925100127.60     
22 JUL 2026,SPLPETRO,EQ,SUPREME PETROCHEM LIMITED,Listed    ,22 JUL 2026,               2.00,         188041342,            734.30,   138078757430.60  
22 JUL 2026,SPMLINFRA,EQ,SPML INFRA LIMITED       ,Listed    ,22 JUL 2026,               2.00,          83916179,            201.55,    16911627553.85 
22 JUL 2026,SPORTKING,EQ,SPORTKING INDIA LIMITED  ,Listed    ,22 JUL 2026,               1.00,         132872000,            200.90,    26696642240.00 
22 JUL 2026,SPPPOLY,SM,SPP POLYMER LIMITED      ,Listed    ,22 JUL 2026,              10.00,          15391160,             12.80,      197006848.00   
22 JUL 2026,SPRL,SM,SP REFRACTORIES LIMITED  ,Listed    ,17 JUL 2026,              10.00,           1789500,            103.00,      184318500.00      
22 JUL 2026,SPUNWEB,SM,SPUNWEB NONWOVEN LIMITED ,Listed    ,22 JUL 2026,              10.00,          24103409,            102.00,     2458547718.00   
22 JUL 2026,SRD,EQ,SHANKAR LAL RAMPAL LTD   ,Listed    ,22 JUL 2026,              10.00,          63966780,             37.75,     2415385612.80       
22 JUL 2026,SREEL,EQ,SREELEATHERS LIMITED     ,Listed    ,22 JUL 2026,              10.00,          23155012,            225.65,     5224928457.80     
22 JUL 2026,SRF,EQ,SRF LTD                  ,Listed    ,22 JUL 2026,              10.00,         296424825,           2867.20,   849909258240.00       
22 JUL 2026,SRGHFL,EQ,SRG HOUSING FINANCE L    ,Listed    ,22 JUL 2026,              10.00,          15706238,            307.00,     4821815066.00    
22 JUL 2026,SRHHYPOLTD,EQ,SREE RAYALSEEMA HHP LTD. ,Listed    ,22 JUL 2026,              10.00,          17164821,            484.60,     8318072256.60
22 JUL 2026,SRIVASAVI,ST,SRIVASAVI ADHESIVE TAPE L,Listed    ,22 JUL 2026,              10.00,          14174166,             86.30,     1223230525.80 
22 JUL 2026,SRM,EQ,SRM CONTRACTORS LIMITED  ,Listed    ,22 JUL 2026,              10.00,          22944200,            510.25,    11707278050.00       
22 JUL 2026,SRTL,EQ,SHREE RAM TWISTEX LIMITED,Listed    ,22 JUL 2026,              10.00,          39975000,             41.00,     1638975000.00      
22 JUL 2026,SSDL,EQ,SARASWATI SAREE DEPOT LTD,Listed    ,22 JUL 2026,              10.00,          39599800,             52.10,     2063545578.00      
22 JUL 2026,SSEGL,SM,SATHLOKHAR SYN E&C GLOB L,Listed    ,22 JUL 2026,              10.00,          25978592,            317.65,     8252099748.80     
22 JUL 2026,SSFL,ST,SRIVARI SPICES N FOODS L ,Listed    ,22 JUL 2026,              10.00,           8570400,            268.00,     2296867200.00      
22 JUL 2026,SSWL,EQ,STEEL STRIPS WHEELS LTD. ,Listed    ,22 JUL 2026,               1.00,         157180425,            279.70,    43961793068.25      
22 JUL 2026,STALLION,EQ,STALLION IND FLUOROCHEM L,Listed    ,22 JUL 2026,              10.00,         116085737,            250.65,    29094568264.30  
22 JUL 2026,STANLEY,EQ,STANLEY LIFESTYLES LTD   ,Listed    ,22 JUL 2026,               2.00,          57125663,            155.00,     8853335251.75   
22 JUL 2026,STAR,EQ,STRIDES PHARMA SCI LTD   ,Listed    ,22 JUL 2026,              10.00,          92172714,           1040.70,    95924143459.80      
22 JUL 2026,STARCEMENT,EQ,STAR CEMENT LIMITED      ,Listed    ,22 JUL 2026,               1.00,         412428997,            205.70,    84840768972.85
22 JUL 2026,STARHEALTH,EQ,STAR HEALTH & AL INS CO L,Listed    ,22 JUL 2026,              10.00,         588433502,            579.95,   341262009484.90
22 JUL 2026,STARPAPER,EQ,STAR PAPER MILLS LTD     ,Listed    ,22 JUL 2026,              10.00,          15608350,            147.05,     2295363951.00 
22 JUL 2026,STARTECK,EQ,STARTECK FINANCE LIMITED ,Listed    ,22 JUL 2026,              10.00,           9910330,            264.55,     2621777801.50  
22 JUL 2026,STCINDIA,EQ,THE STATE TRADING CORPN  ,Listed    ,22 JUL 2026,              10.00,          60000000,            118.35,     7101600000.00  
22 JUL 2026,STEELCAS,EQ,STEELCAST LIMITED        ,Listed    ,22 JUL 2026,               1.00,         101200000,            306.65,    31032980000.00  
22 JUL 2026,STEELCITY,EQ,STEEL CITY SECURITIES LTD,Listed    ,22 JUL 2026,              10.00,          15107095,             75.30,     1137715324.45 
22 JUL 2026,STEELXIND,EQ,STEEL EXCHANGE INDIA LTD ,Listed    ,22 JUL 2026,               1.00,        1275518412,             11.75,    14987341341.00 
22 JUL 2026,STEL,EQ,STEL HOLDINGS LIMITED    ,Listed    ,22 JUL 2026,              10.00,          18455405,            541.75,     9998215658.75      
22 JUL 2026,STERTOOLS,BE,STERLING TOOLS LIMITED   ,Listed    ,22 JUL 2026,               2.00,          36344426,            247.20,     8984705551.45 
22 JUL 2026,STLNETWORK,BE,STL NETWORKS LIMITED     ,Listed    ,22 JUL 2026,               2.00,         488076500,             24.60,    12001801135.00
22 JUL 2026,STLTECH,BE,STERLITE TECHNOLOGIES LTD,Listed    ,22 JUL 2026,               2.00,         488167635,            552.95,   269932293773.25   
22 JUL 2026,STOVEKRAFT,EQ,STOVE KRAFT LIMITED      ,Listed    ,22 JUL 2026,              10.00,          33107321,            762.65,    25249298360.65
22 JUL 2026,STRIDERS,SM,STRIDERS IMPEX LIMITED   ,Listed    ,22 JUL 2026,              10.00,          18616880,             62.70,     1167278376.00  
22 JUL 2026,STUDDS,EQ,STUDDS ACCESSORIES LTD   ,Listed    ,22 JUL 2026,               5.00,          39353400,            444.85,    17506359990.00    
22 JUL 2026,STUDIOLSD,SM,STUDIO LSD LIMITED       ,Listed    ,22 JUL 2026,               2.00,          51891755,              9.60,      498160848.00 
22 JUL 2026,STYL,EQ,SESHAASAI TECHNOLOGIES L ,Listed    ,22 JUL 2026,              10.00,         161805826,            389.25,    62982917770.50      
22 JUL 2026,STYLAMIND,EQ,STYLAM INDUSTRIES LIMITED,Listed    ,22 JUL 2026,               5.00,          16948060,           3587.40,    60799470444.00 
22 JUL 2026,STYLEBAAZA,BE,BAAZAR STYLE RETAIL LTD  ,Listed    ,22 JUL 2026,               5.00,          74617353,            288.80,    21549491546.40
22 JUL 2026,STYRENIX,EQ,STYRENIX PERFORMANCE LTD ,Listed    ,22 JUL 2026,              10.00,          17585625,           2431.90,    42766481437.50  
22 JUL 2026,SUBAHOTELS,SM,SUBA HOTELS LIMITED      ,Listed    ,22 JUL 2026,              10.00,          24242516,            109.10,     2644858495.60
22 JUL 2026,SUBEXLTD,BE,SUBEX LTD                ,Listed    ,22 JUL 2026,               5.00,         562002935,             12.70,     7131817245.15  
22 JUL 2026,SUBROS,EQ,SUBROS LIMITED           ,Listed    ,22 JUL 2026,               2.00,          65235750,            794.90,    51855897675.00    
22 JUL 2026,SUDARCOLOR,EQ,SUDARSHAN COLORNT IND LTD,Listed    ,22 JUL 2026,              10.00,          23081798,            360.85,     8329066808.30
22 JUL 2026,SUDARSCHEM,EQ,SUDARSHAN CHEMICAL INDS L,Listed    ,22 JUL 2026,               2.00,          78627576,           1030.40,    81017854310.40
22 JUL 2026,SUDEEPPHRM,EQ,SUDEEP PHARMA LIMITED    ,Listed    ,22 JUL 2026,               1.00,         112948625,            849.80,    95983741525.00
22 JUL 2026,SUKHJITS,EQ,SUKHJIT STARCH & CHEM LTD,Listed    ,22 JUL 2026,               5.00,          31244000,            163.95,     5122141360.00  
22 JUL 2026,SULA,EQ,SULA VINEYARDS LIMITED   ,Listed    ,22 JUL 2026,               2.00,          84447229,            148.55,    12544635867.95      
22 JUL 2026,SUMEETINDS,EQ,SUMEET IND LIMITED       ,Listed    ,22 JUL 2026,               2.00,         694749898,             31.85,    22141679249.25
22 JUL 2026,SUMICHEM,EQ,SUMITOMO CHEM INDIA LTD  ,Listed    ,22 JUL 2026,              10.00,         499145736,            531.20,   265146214963.20  
22 JUL 2026,SUMIT,BE,SUMIT WOODS LIMITED      ,Listed    ,22 JUL 2026,              10.00,          47858753,             53.90,     2580065374.25     
22 JUL 2026,SUMMITSEC,EQ,SUMMIT SECURITIES LTD    ,Listed    ,22 JUL 2026,              10.00,          10901781,           1464.10,    15961297562.10 
22 JUL 2026,SUNCLAY,EQ,SUNDARAM CLAYTON LIMITED ,Listed    ,22 JUL 2026,               5.00,          22046162,           1354.60,    29863731045.20   
22 JUL 2026,SUNDARAM,EQ,SUNDARAM MULTI PAP LTD   ,Listed    ,22 JUL 2026,               1.00,         473877773,              1.25,      597085994.00  
22 JUL 2026,SUNDARMFIN,EQ,SUNDARAM FINANCE LTD     ,Listed    ,22 JUL 2026,              10.00,         111103860,           4420.00,   491079061200.00
22 JUL 2026,SUNDRMBRAK,BE,SUNDARAMBRAKE LININGS LTD,Listed    ,22 JUL 2026,              10.00,           3934575,            796.95,     3135659546.25
22 JUL 2026,SUNDRMFAST,EQ,SUNDRAM FASTENERS LTD    ,Listed    ,22 JUL 2026,               1.00,         210128370,            952.25,   200094740332.50
22 JUL 2026,SUNDROP,EQ,SUNDROP BRANDS LIMITED   ,Listed    ,22 JUL 2026,              10.00,          37696853,            651.85,    24572693628.05   
22 JUL 2026,SUNFLAG,EQ,SUNFLAG IRON AND STEEL CO,Listed    ,22 JUL 2026,              10.00,         180219448,            350.25,    63121861662.00   
22 JUL 2026,SUNLITE,ST,SUNLITE RECYCLING IND LTD,Listed    ,22 JUL 2026,              10.00,          13805848,            416.00,     5743232768.00   
22 JUL 2026,SUNPHARMA,EQ,SUN PHARMACEUTICAL IND L ,Listed    ,22 JUL 2026,               1.00,        2399334970,           1943.00,  4661907846710.00 
22 JUL 2026,SUNREST,SM,SUNREST LIFESCIENCE LTD  ,Listed    ,16 JUL 2026,              10.00,           8582400,             35.00,      300384000.00   
22 JUL 2026,SUNTECH,ST,SUNTECH INFRA SOLUTIONS L,Listed    ,22 JUL 2026,              10.00,          19362600,             28.70,      555706620.00   
22 JUL 2026,SUNTECK,EQ,SUNTECK REALTY LIMITED   ,Listed    ,22 JUL 2026,               1.00,         146842025,            290.70,    42686976667.50   
22 JUL 2026,SUNTV,EQ,SUN TV NETWORK LIMITED   ,Listed    ,22 JUL 2026,               5.00,         394084620,            490.80,   193416731496.00     
22 JUL 2026,SUPERHOUSE,EQ,SUPERHOUSE LIMITED       ,Listed    ,22 JUL 2026,              10.00,          11025000,            164.40,     1812289500.00
22 JUL 2026,SUPERSPIN,BE,SUPER SPINNING MILLS LTD ,Listed    ,22 JUL 2026,               1.00,          55000000,              5.35,      293700000.00 
22 JUL 2026,SUPRAJIT,EQ,SUPRAJIT ENGINEERING LTD ,Listed    ,22 JUL 2026,               1.00,         137171147,            486.80,    66774914359.60  
22 JUL 2026,SUPREME,EQ,SUPREME HOLDIN N HOSP I L,Listed    ,22 JUL 2026,              10.00,          38646853,             44.75,     1728673734.70   
22 JUL 2026,SUPREMEENG,BZ,SUPREME ENGINEERING LTD  ,Listed    ,22 JUL 2026,               1.00,         249950000,              1.85,      464907000.00
22 JUL 2026,SUPREMEIND,EQ,SUPREME INDUSTRIES LTD   ,Listed    ,22 JUL 2026,               2.00,         127026870,           3452.80,   438598376736.00
22 JUL 2026,SUPREMEINF,EQ,SUPREME INFRA. LTD.      ,Listed    ,22 JUL 2026,              10.00,          97502760,             89.80,     8753797792.80
22 JUL 2026,SUPREMEPWR,ST,SUPREME POWER EQUIPMENT L,Listed    ,22 JUL 2026,              10.00,          24991135,            209.25,     5229394998.75
22 JUL 2026,SUPRIYA,EQ,SUPRIYA LIFESCIENCE LTD  ,Listed    ,22 JUL 2026,               2.00,          80482800,            840.20,    67621648560.00   
22 JUL 2026,SURAJEST,EQ,SURAJ ESTATE DEVELOPERS L,Listed    ,22 JUL 2026,               5.00,          47773388,            194.35,     9283802490.05  
22 JUL 2026,SURAJLTD,EQ,SURAJ LIMITED            ,Listed    ,22 JUL 2026,              10.00,          18364100,            226.15,     4153408497.00  
22 JUL 2026,SURAKSHA,EQ,SURAKSHA DIAGNOSTIC LTD  ,Listed    ,22 JUL 2026,               2.00,          52080758,            259.60,    13520164776.80  
22 JUL 2026,SURANASOL,EQ,SURANA SOLAR LIMITED     ,Listed    ,22 JUL 2026,               5.00,          49206600,             26.30,     1293641514.00 
22 JUL 2026,SURANAT&P,EQ,SURANA TELECOM AND POW LT,Listed    ,22 JUL 2026,               1.00,         135759963,             18.05,     2449109732.50 
22 JUL 2026,SURANI,SM,SURANI STEEL TUBES LTD.  ,Listed    ,22 JUL 2026,              10.00,          15548036,             98.50,     1531481546.00    
22 JUL 2026,SURYALA,EQ,SURYALATA SPINNING MILL L,Permitted ,22 JUL 2026,              10.00,           4267000,            431.10,     1839503700.00   
22 JUL 2026,SURYALAXMI,EQ,SURYALAKSHMI COT MIL LTD ,Listed    ,22 JUL 2026,              10.00,          18805290,             55.80,     1049147129.10
22 JUL 2026,SURYAROSNI,EQ,SURYA ROSHNI LTD         ,Listed    ,22 JUL 2026,               5.00,         217635896,            235.50,    51253253508.00
22 JUL 2026,SURYODAY,EQ,SURYODAY SMALL FIN BK LTD,Listed    ,22 JUL 2026,              10.00,         106289824,            181.25,    19267156396.50  
22 JUL 2026,SUTLEJTEX,BE,SUTLEJ TEXT & INDUS LTD  ,Listed    ,22 JUL 2026,               1.00,         163828620,             38.00,     6225487560.00 
22 JUL 2026,SUVEN,EQ,SUVEN LIFE SCIENCES LTD  ,Listed    ,22 JUL 2026,               1.00,         263720583,            319.35,    84219168181.05     
22 JUL 2026,SUVIDHAA,EQ,SUVIDHAA INFOSERVE LTD   ,Listed    ,22 JUL 2026,               1.00,         209806690,              2.55,      532908992.60  
22 JUL 2026,SUYOG,EQ,SUYOG TELEMATICS LIMITED ,Listed    ,22 JUL 2026,              10.00,          11717120,            851.75,     9980056960.00     
22 JUL 2026,SUZLON,EQ,SUZLON ENERGY LIMITED    ,Listed    ,22 JUL 2026,               2.00,       13742747864,             53.00,   728503064270.65    
22 JUL 2026,SVLL,BE,SHREE VASU LOGISTICS LTD ,Listed    ,22 JUL 2026,              10.00,          11493700,            754.00,     8666249800.00      
22 JUL 2026,SVPGLOB,BE,SVP GLOBAL TEXTILES LTD  ,Listed    ,22 JUL 2026,               1.00,         126500000,              3.95,      498410000.00   
22 JUL 2026,SWANCORP,EQ,SWAN CORP LIMITED        ,Listed    ,22 JUL 2026,               1.00,         313456886,            309.20,    96920869151.20  
22 JUL 2026,SWANDEF,BE,SWAN DEFENCE N HEVY IND L,Listed    ,22 JUL 2026,              10.00,          52682150,           2399.60,   126416087140.00   
22 JUL 2026,SWARAJ,SM,SWARAJ SUITING LIMITED   ,Listed    ,22 JUL 2026,              10.00,          26418260,            361.80,     9558126468.00    
22 JUL 2026,SWARAJENG,EQ,SWARAJ ENGINES LTD       ,Listed    ,22 JUL 2026,              10.00,          12149865,           3587.10,    43582780741.50 
22 JUL 2026,SWASTIK,ST,SWASTIK PIPE LIMITED     ,Listed    ,22 JUL 2026,              10.00,          23231460,             18.00,      418166280.00   
22 JUL 2026,SWELECTES,EQ,SWELECT ENERGY SYS LTD   ,Listed    ,22 JUL 2026,              10.00,          15158760,            607.15,     9203641134.00 
22 JUL 2026,SWIGGY,EQ,SWIGGY LIMITED           ,Listed    ,22 JUL 2026,               1.00,        2760313555,            263.85,   728308731486.75    
22 JUL 2026,SWSOLAR,EQ,STRLNG & WIL REN ENE LTD ,Listed    ,22 JUL 2026,               1.00,         233531720,            205.05,    47883343868.80   
22 JUL 2026,SYLVANPLY,SM,SYLVAN PLYBOARD (INDIA) L,Listed    ,21 JUL 2026,              10.00,          19374830,             55.10,     1067553133.00 
22 JUL 2026,SYMPHONY,EQ,SYMPHONY LIMITED         ,Listed    ,22 JUL 2026,               2.00,          68671400,            694.20,    47671685880.00  
22 JUL 2026,SYNCOMF,EQ,SYNCOM FORMU (I) LTD     ,Listed    ,22 JUL 2026,               1.00,         940000000,             13.20,    12398600000.00   
22 JUL 2026,SYNGENE,EQ,SYNGENE INTERNATIONAL LTD,Listed    ,22 JUL 2026,              10.00,         403669147,            406.40,   164051141340.80   
22 JUL 2026,SYNOPTICS,ST,SYNOPTICS TECHNOLOGIES L ,Listed    ,20 JUL 2026,              10.00,           8480000,             76.35,      647448000.00 
22 JUL 2026,SYRMA,EQ,SYRMA SGS TECHNOLOGY LTD ,Listed    ,22 JUL 2026,              10.00,         192830485,           1363.50,   262924366297.50     
22 JUL 2026,SYSTANGO,SM,SYSTANGO TECHNOLOGIES LTD,Listed    ,22 JUL 2026,              10.00,          14668800,            216.75,     3179462400.00  
22 JUL 2026,SYSTMTXC,BE,SYSTEMATIX CORP SERVICE L,Listed    ,22 JUL 2026,               1.00,         136538010,             60.55,     8268741885.60  
22 JUL 2026,TAALTECH,EQ,TAAL TECH LTD.           ,Permitted ,22 JUL 2026,              10.00,           3116342,           3825.80,    11922501223.60  
22 JUL 2026,TAC,SM,TAC INFOSEC LIMITED      ,Listed    ,22 JUL 2026,              10.00,          21026240,            504.70,    10611943328.00       
22 JUL 2026,TAINWALCHM,EQ,TAINWALA CHEMICAL AND PLA,Listed    ,22 JUL 2026,              10.00,           9363863,            203.10,     1901894213.95
22 JUL 2026,TAJGVK,EQ,TAJ GVK HOTELS & RESORTS ,Listed    ,22 JUL 2026,               2.00,          62701495,            358.00,    22447135210.00    
22 JUL 2026,TAKE,EQ,TAKE SOLUTIONS LTD       ,Listed    ,22 JUL 2026,               1.00,         147934000,             20.65,     3053357760.00      
22 JUL 2026,TALBROAUTO,EQ,TALBROS AUTO. COMP. LTD  ,Listed    ,22 JUL 2026,               2.00,          61728150,            407.60,    25160393940.00
22 JUL 2026,TAMBOLIIN,BE,TAMBOLI INDUSTRIES LTD.  ,Permitted ,22 JUL 2026,              10.00,           9920000,            220.20,     2184483200.00 
22 JUL 2026,TANKUP,ST,TANKUP ENGINEERS LIMITED ,Listed    ,22 JUL 2026,              10.00,           5295000,           1123.70,     5949991500.00    
22 JUL 2026,TANLA,EQ,TANLA PLATFORMS LIMITED  ,Listed    ,22 JUL 2026,               1.00,         132617359,            561.60,    74477908814.40     
22 JUL 2026,TAPIFRUIT,SM,TAPI FRUIT PROCESSING LTD,Listed    ,21 JUL 2026,              10.00,           4300500,             50.00,      215025000.00 
22 JUL 2026,TARACHAND,EQ,TARA CHAND INFRA SOLN LTD,Listed    ,22 JUL 2026,               2.00,          78824900,             55.50,     4373205452.00 
22 JUL 2026,TARAPUR,EQ,TARAPUR TRANSFORMERS LTD ,Listed    ,22 JUL 2026,              10.00,          19500011,             17.55,      342420193.15   
22 JUL 2026,TARC,EQ,TARC LIMITED             ,Listed    ,22 JUL 2026,               2.00,         295096335,            122.70,    36211271267.85      
22 JUL 2026,TARIL,EQ,TRANS & RECTI. LTD       ,Listed    ,22 JUL 2026,               1.00,         300165834,            307.15,    92195935913.10     
22 JUL 2026,TARMAT,EQ,TARMAT LIMITED           ,Listed    ,22 JUL 2026,              10.00,          25064255,             50.30,     1261233311.60    
22 JUL 2026,TARSONS,EQ,TARSONS PRODUCTS LIMITED ,Listed    ,22 JUL 2026,               2.00,          53206281,            306.25,    16294423556.25   
22 JUL 2026,TASTYBITE,EQ,TASTY BITE EATABLES LTD  ,Listed    ,22 JUL 2026,              10.00,           2566000,           8958.00,    22986228000.00 
22 JUL 2026,TATACAP,EQ,TATA CAPITAL LIMITED     ,Listed    ,22 JUL 2026,              10.00,        4244869037,            347.35,  1474455260001.95   
22 JUL 2026,TATACHEM,EQ,TATA CHEMICALS LTD       ,Listed    ,22 JUL 2026,              10.00,         254756278,            691.65,   176202179678.70  
22 JUL 2026,TATACOMM,EQ,TATA COMMUNICATIONS LTD  ,Listed    ,22 JUL 2026,              10.00,         285000000,           1761.40,   501999000000.00  
22 JUL 2026,TATACONSUM,EQ,TATA CONSUMER PRODUCT LTD,Listed    ,22 JUL 2026,               1.00,         989645268,           1094.90,  1083562603933.20
22 JUL 2026,TATAELXSI,EQ,TATA ELXSI LIMITED       ,Listed    ,22 JUL 2026,              10.00,          62297064,           3406.60,   212221178222.40 
22 JUL 2026,TATAINVEST,EQ,TATA INVESTMENT CORP LTD ,Listed    ,22 JUL 2026,               1.00,         505952960,            642.50,   325074776800.00
22 JUL 2026,TATAPOWER,EQ,TATA POWER CO LTD        ,Listed    ,22 JUL 2026,               1.00,        3195339547,            378.55,  1209595785516.85 
22 JUL 2026,TATASTEEL,EQ,TATA STEEL LIMITED       ,Listed    ,22 JUL 2026,               1.00,       12483527171,            186.55,  2328552323206.65 
22 JUL 2026,TATATECH,EQ,TATA TECHNOLOGIES LIMITED,Listed    ,22 JUL 2026,               2.00,         406051830,            712.45,   289291626283.50  
22 JUL 2026,TATVA,EQ,TATVA CHIN PHARM CHEM LTD,Listed    ,22 JUL 2026,              10.00,          23392055,           1664.90,    38945432369.50     
22 JUL 2026,TAURIAN,SM,TAURIAN MPS LIMITED      ,Listed    ,22 JUL 2026,              10.00,           8883200,            358.60,     3185515520.00   
22 JUL 2026,TBI,SM,TBI CORN LIMITED         ,Listed    ,22 JUL 2026,              10.00,          18158405,             65.45,     1188467607.25       
22 JUL 2026,TBOTEK,EQ,TBO TEK LIMITED          ,Listed    ,22 JUL 2026,               1.00,         108587787,           1469.10,   159526317881.70    
22 JUL 2026,TBZ,EQ,TRIB BHIMJI ZAVERI LTD   ,Listed    ,22 JUL 2026,              10.00,          66730620,            264.35,    17641574009.40       
22 JUL 2026,TCC,EQ,TCC CONCEPT LIMITED      ,Listed    ,22 JUL 2026,              10.00,          47528061,            275.30,    13084475193.30       
22 JUL 2026,TCI,EQ,TRANSPORT CORPN OF INDIA ,Listed    ,22 JUL 2026,               2.00,          76743797,            926.00,    71064756022.00       
22 JUL 2026,TCIEXP,EQ,TCI EXPRESS LIMITED      ,Listed    ,22 JUL 2026,               2.00,          38418990,            580.70,    22309907493.00    
22 JUL 2026,TCIFINANCE,BE,TCIFINANCELTD-ROLL SETT  ,Listed    ,22 JUL 2026,              10.00,          12872493,             15.45,      198622567.00
22 JUL 2026,TCL,SM,THAAI CASTING LIMITED    ,Listed    ,22 JUL 2026,              10.00,          24341437,            120.00,     2920972440.00       
22 JUL 2026,TCPLPACK,EQ,TCPL PACKAGING LIMITED   ,Listed    ,22 JUL 2026,              10.00,           9100000,           3310.00,    30121000000.00  
22 JUL 2026,TCS,EQ,TATA CONSULTANCY SERV LT ,Listed    ,22 JUL 2026,               1.00,        3618087518,           2208.30,  7989822665999.40       
22 JUL 2026,TDPOWERSYS,EQ,TD POWER SYSTEMS LTD.    ,Listed    ,22 JUL 2026,               2.00,         156228430,           1160.70,   181334338701.00
22 JUL 2026,TEAMGTY,EQ,TEAM INDIA GUARANTY LTD  ,Listed    ,22 JUL 2026,              10.00,           8993149,            221.80,     1994860311.20   
22 JUL 2026,TEAMLEASE,EQ,TEAMLEASE SERVICES LTD.  ,Listed    ,22 JUL 2026,              10.00,          16768900,           1338.40,    22443495760.00 
22 JUL 2026,TEAMTECH,SM,TEAMTECH FORMWORK SOL LTD,Listed    ,22 JUL 2026,               5.00,          29976000,            134.00,     4016784000.00  
22 JUL 2026,TECHD,ST,TECHD CYBERSECURITY LTD  ,Listed    ,22 JUL 2026,              10.00,           7479733,            621.15,     4646036152.95     
22 JUL 2026,TECHERA,SM,TECHERA ENGINEER (IND) L ,Listed    ,22 JUL 2026,              10.00,          16520925,            155.60,     2570655930.00   
22 JUL 2026,TECHLABS,ST,TRIDENT TECHLABS LIMITED ,Listed    ,22 JUL 2026,              10.00,          17281064,            137.00,     2367505768.00  
22 JUL 2026,TECHM,EQ,TECH MAHINDRA LIMITED    ,Listed    ,22 JUL 2026,               5.00,         980057958,           1560.60,  1529478449254.80     
22 JUL 2026,TECHNOE,EQ,TECHNO ELEC & ENG CO. LTD,Listed    ,22 JUL 2026,               2.00,         116299574,           1010.20,   117485829654.80   
22 JUL 2026,TECHNVISN,EQ,TECHNVISION VENTURES LTD.,Permitted ,22 JUL 2026,              10.00,           6275000,           3691.60,    23164790000.00 
22 JUL 2026,TECILCHEM,EQ,TECIL CHEMICALS          ,Listed    ,22 JUL 2026,              10.00,          18963700,              9.65,      183189342.00 
22 JUL 2026,TEGA,EQ,TEGA INDUSTRIES LIMITED  ,Listed    ,22 JUL 2026,              10.00,          75127698,           1567.40,   117755153845.20      
22 JUL 2026,TEJA,SM,TEJA ENGINEERING IND L   ,Listed    ,22 JUL 2026,              10.00,           6417300,            608.15,     3902680995.00      
22 JUL 2026,TEJASCARGO,SM,TEJAS CARGO INDIA LIMITED,Listed    ,22 JUL 2026,              10.00,          23892840,            347.50,     8302761900.00
22 JUL 2026,TEJASNET,EQ,TEJAS NETWORKS LIMITED   ,Listed    ,22 JUL 2026,              10.00,         177850940,            520.55,    92580306817.00  
22 JUL 2026,TEMBO,EQ,TEMBO GLOBAL IND LTD     ,Listed    ,22 JUL 2026,              10.00,          18545198,            526.10,     9756628667.80     
22 JUL 2026,TENNIND,EQ,TENNECO CLEAN AIR INDIA L,Listed    ,22 JUL 2026,              10.00,         403604309,            558.55,   225433186791.95   
22 JUL 2026,TERASOFT,EQ,TERA SOFTWARE LIMITED    ,Listed    ,22 JUL 2026,              10.00,          12511875,            387.70,     4850853937.50  
22 JUL 2026,TEXINFRA,EQ,TEXMACO INFRA & HOLDG LTD,Listed    ,22 JUL 2026,               1.00,         127426590,            113.35,    14443803976.50  
22 JUL 2026,TEXMOPIPES,EQ,TEXMO PIPE & PRODUCTS LTD,Listed    ,22 JUL 2026,              10.00,          29195000,             42.95,     1254217200.00
22 JUL 2026,TEXRAIL,EQ,TEXMACO RAIL & ENG. LTD. ,Listed    ,22 JUL 2026,               1.00,         406864572,            111.30,    45288095509.30   
22 JUL 2026,TFCILTD,EQ,TOURISM FINANCE CORP. OF ,Listed    ,22 JUL 2026,               2.00,         462977240,             81.80,    37876168004.40   
22 JUL 2026,TFL,EQ,TRANSWARRANTY FIN. LTD.  ,Listed    ,22 JUL 2026,              10.00,          55116194,             10.65,      585885142.20       
22 JUL 2026,TGBHOTELS,EQ,TGB BANQUETS&HOTELS LTD  ,Listed    ,22 JUL 2026,              10.00,          29286400,              9.05,      265627648.00 
22 JUL 2026,TGL,SM,TEERTH GOPICON LIMITED   ,Listed    ,22 JUL 2026,              10.00,          11999600,             20.65,      247791740.00       
22 JUL 2026,THACKER,BE,THACKER & CO. LTD.       ,Permitted ,20 JUL 2026,               1.00,           1087719,           1089.90,     1185504938.10   
22 JUL 2026,THAKDEV,EQ,THAKKERS DEVELOPERS LTD. ,Permitted ,22 JUL 2026,              10.00,           9000000,            155.90,     1402920000.00   
22 JUL 2026,THANGAMAYL,EQ,THANGAMAYIL JEWELLERY LTD,Listed    ,22 JUL 2026,              10.00,          31082021,           6476.00,   201287167996.00
22 JUL 2026,THEINVEST,EQ,THE INVEST TRUST OF IND L,Listed    ,22 JUL 2026,              10.00,          52242217,             96.35,     5034582452.30 
22 JUL 2026,THEJO,EQ,THEJO ENGINEERING LIMITED,Listed    ,22 JUL 2026,              10.00,          10847454,           1895.00,    20555925330.00     
22 JUL 2026,THELEELA,EQ,LEELA PALACES HOTEL LTD  ,Listed    ,22 JUL 2026,              10.00,         333957878,            491.05,   163990015991.90  
22 JUL 2026,THEMISMED,EQ,THEMIS MEDICARE LTD.     ,Listed    ,22 JUL 2026,               1.00,          92100120,            108.25,     9967995987.60 
22 JUL 2026,THERMAX,EQ,THERMAX LTD              ,Listed    ,22 JUL 2026,               2.00,         119156300,           4718.50,   562239001550.00   
22 JUL 2026,THESL,ST,THINKING HATS ENTER SOL L,Listed    ,22 JUL 2026,              10.00,          12487150,             19.05,      237880207.50     
22 JUL 2026,THOMASCOOK,EQ,THOMAS COOK (INDIA) LTD  ,Listed    ,22 JUL 2026,               1.00,         470380562,            101.95,    47964705907.15
22 JUL 2026,THOMASCOTT,EQ,THOMAS SCOTT (INDIA) LTD ,Listed    ,22 JUL 2026,              10.00,          14670380,            291.20,     4272014656.00
22 JUL 2026,THYROCARE,EQ,THYROCARE TECH LTD       ,Listed    ,22 JUL 2026,              10.00,         159165315,            557.95,    88806287504.25 
22 JUL 2026,TI,EQ,TILAKNAGAR INDUSTRIES LTD,Listed    ,22 JUL 2026,              10.00,         247473875,            441.75,   109321584281.25        
22 JUL 2026,TICL,EQ,TWAMEV CONS AND INFRA LTD,Listed    ,22 JUL 2026,               1.00,         155000000,              9.70,     1503500000.00      
22 JUL 2026,TIGERLOGS,BE,TIGER LOGISTICS (INDIA) L,Listed    ,22 JUL 2026,               1.00,         105725000,             31.30,     3309192500.00 
22 JUL 2026,TIIL,EQ,TECHNOCRAFT IND LTD      ,Listed    ,22 JUL 2026,              10.00,          22672798,           2529.80,    57357644380.40      
22 JUL 2026,TIINDIA,EQ,TUBE INVEST OF INDIA LTD ,Listed    ,22 JUL 2026,               1.00,         193562289,           2903.70,   562046818569.30   
22 JUL 2026,TIJARIA,EQ,TIJARIA POLYPIPES LTD    ,Listed    ,22 JUL 2026,              10.00,          28626579,              4.50,      129105871.30   
22 JUL 2026,TIL,EQ,TIL LTD                  ,Listed    ,22 JUL 2026,              10.00,          70352056,            210.00,    14773228239.45       
22 JUL 2026,TIMESCAN,SM,TIMESCAN LOGISTICS IND L ,Listed    ,22 JUL 2026,              10.00,           6988000,             39.10,      273230800.00  
22 JUL 2026,TIMETECHNO,EQ,TIME TECHNOPLAST LTD.    ,Listed    ,22 JUL 2026,               1.00,         493635379,            203.10,   100257345474.90
22 JUL 2026,TIMEX,EQ,TIMEX GROUP INDIA LTD.   ,Permitted ,22 JUL 2026,               1.00,         100950000,            556.10,    56138295000.00     
22 JUL 2026,TIMKEN,EQ,TIMKEN INDIA LTD.        ,Listed    ,22 JUL 2026,              10.00,          75218734,           3073.10,   231154691455.40    
22 JUL 2026,TINNARUBR,EQ,TINNA RUBBER AND INFR LTD,Listed    ,22 JUL 2026,              10.00,          18015757,           1090.35,    19643480644.95 
22 JUL 2026,TIPSFILMS,EQ,TIPS FILMS LIMITED       ,Listed    ,22 JUL 2026,              10.00,           4322886,            312.60,     1351334163.60 
22 JUL 2026,TIPSMUSIC,EQ,TIPS MUSIC LIMITED       ,Listed    ,22 JUL 2026,               1.00,         128426590,            622.85,    79990501581.50 
22 JUL 2026,TIRUMALCHM,EQ,THIRUMALAI CHEMICALS LTD ,Listed    ,22 JUL 2026,               1.00,         120552774,            165.80,    19986444401.45
22 JUL 2026,TIRUPATI,SM,SHREE TIRUPATI BALAJEE   ,Listed    ,16 JUL 2026,              10.00,          10130040,            463.60,     4696286544.00  
22 JUL 2026,TIRUPATIFL,EQ,TIRUPATI FORGE LIMITED   ,Listed    ,22 JUL 2026,               2.00,         129190000,             81.55,    10535444500.00
22 JUL 2026,TITAGARH,EQ,TITAGARH RAIL SYSTEMS LTD,Listed    ,22 JUL 2026,               2.00,         134673768,            819.70,   110392087629.60  
22 JUL 2026,TITAN,EQ,TITAN COMPANY LIMITED    ,Listed    ,22 JUL 2026,               1.00,         887786160,           4711.60,  4182893271456.00     
22 JUL 2026,TMB,EQ,TAMILNAD MERCA BANK LTD  ,Listed    ,22 JUL 2026,              10.00,         158351454,            810.65,   128367606185.10       
22 JUL 2026,TMCV,EQ,TATA MOTORS LIMITED      ,Listed    ,22 JUL 2026,               2.00,        3682488958,            405.45,  1493065148021.10      
22 JUL 2026,TMPV,EQ,TATA MOTORS PASS VEH LTD ,Listed    ,22 JUL 2026,               2.00,        3682830911,            327.70,  1206863689534.70      
22 JUL 2026,TNPETRO,EQ,TAMILNADU PETROPRODUCTS L,Listed    ,22 JUL 2026,              10.00,          89971474,             93.40,     8405135101.10   
22 JUL 2026,TNPL,EQ,TAMILNADU NEWSPRT & PAPER,Listed    ,22 JUL 2026,              10.00,          69210600,            143.10,     9904728966.00      
22 JUL 2026,TNTELE,EQ,TAMILNADU TELECOMMUNICATI,Listed    ,22 JUL 2026,              10.00,          45671400,              9.05,      412869456.00    
22 JUL 2026,TOKYOPLAST,BE,TOKYO PLAST  INTL LTD.   ,Listed    ,22 JUL 2026,              10.00,           9501400,             80.85,      768378218.00
22 JUL 2026,TOLINS,EQ,TOLINS TYRES LIMITED     ,Listed    ,22 JUL 2026,               5.00,          39508831,            104.30,     4121561249.90    
22 JUL 2026,TORNTPHARM,EQ,TORRENT PHARMACEUTICALS L,Listed    ,22 JUL 2026,               5.00,         380367855,           5033.40,  1914543561357.00
22 JUL 2026,TORNTPOWER,EQ,TORRENT POWER LTD        ,Listed    ,22 JUL 2026,              10.00,         503903543,           1433.10,   722144167473.30
22 JUL 2026,TOTAL,EQ,TOTAL TRANSPORT SYS LTD  ,Listed    ,22 JUL 2026,              10.00,          16126973,             49.80,      803445794.85     
22 JUL 2026,TOUCHWOOD,EQ,TOUCHWOOD ENTERTAIN LTD. ,Listed    ,22 JUL 2026,              10.00,          11081245,             67.65,      749757036.70 
22 JUL 2026,TPHQ,EQ,TEAMO PRODUCTIONS HQ LTD ,Listed    ,22 JUL 2026,               1.00,        1096219600,              0.40,      449450036.00      
22 JUL 2026,TPLPLASTEH,EQ,TPL PLASTECH LIMITED     ,Listed    ,22 JUL 2026,               2.00,          78003000,             78.65,     6136496010.00
22 JUL 2026,TRACXN,EQ,TRACXN TECHNOLOGIES LTD  ,Listed    ,22 JUL 2026,               1.00,         106896447,             30.05,     3212238232.35    
22 JUL 2026,TRANSPEK,EQ,TRANSPEK INDUSTRY LTD    ,Permitted ,22 JUL 2026,              10.00,           5585569,           1024.40,     5721856883.60  
22 JUL 2026,TRANSRAILL,EQ,TRANSRAIL LIGHTING LTD   ,Listed    ,22 JUL 2026,               2.00,         134256025,            481.90,    64697978447.50
22 JUL 2026,TRANSTEEL,SM,TRANSTEEL SEATING TECH L ,Listed    ,22 JUL 2026,              10.00,          22440010,            118.65,     2662507186.50 
22 JUL 2026,TRANSWIND,SM,TRANSWIND INFRA LIMITED  ,Listed    ,01 JUL 2026,              10.00,           7649000,             13.15,      100584350.00 
22 JUL 2026,TRANSWORLD,BE,TRANSWORLD SHIP LINES LTD,Listed    ,22 JUL 2026,              10.00,          21957533,            162.75,     3573368920.40
22 JUL 2026,TRAVELFOOD,EQ,TRAVEL FOOD SERVICES LTD ,Listed    ,22 JUL 2026,               1.00,         131679484,           1285.10,   169221304888.40
22 JUL 2026,TREEHOUSE,EQ,TREE HOUSE EDU LTD       ,Listed    ,22 JUL 2026,              10.00,          42310724,              6.25,      264018917.75 
22 JUL 2026,TREJHARA,EQ,TREJHARA SOLUTIONS LTD   ,Listed    ,22 JUL 2026,              10.00,          24116754,            140.70,     3392986120.25  
22 JUL 2026,TREL,EQ,TRANSINDIA REAL ESTATE L ,Listed    ,22 JUL 2026,               2.00,         245695524,             24.70,     6063765532.30      
22 JUL 2026,TRENT,EQ,TRENT LTD                ,Listed    ,22 JUL 2026,               1.00,         533251981,           2887.30,  1539658444741.30     
22 JUL 2026,TRF,EQ,TRF LIMITED              ,Listed    ,22 JUL 2026,              10.00,          11004412,            233.10,     2565128437.20       
22 JUL 2026,TRIDENT,EQ,TRIDENT LIMITED          ,Listed    ,22 JUL 2026,               1.00,        5095955670,             25.45,   129692071801.50   
22 JUL 2026,TRIDHYA,ST,TRIDHYA TECH LIMITED     ,Listed    ,14 JUL 2026,              10.00,          23288000,             10.50,      244524000.00   
22 JUL 2026,TRIGYN,EQ,TRIGYN TECHNOLOGIES LTD  ,Listed    ,22 JUL 2026,              10.00,          30785736,             53.30,     1640264014.10    
22 JUL 2026,TRITURBINE,EQ,TRIVENI TURBINE LIMITED  ,Listed    ,22 JUL 2026,               1.00,         317894979,            613.60,   195060359114.40
22 JUL 2026,TRIVENI,BE,TRIVENI ENGG. & INDS. LTD,Listed    ,22 JUL 2026,               1.00,         218897968,            275.50,    60306390184.00   
22 JUL 2026,TROM,ST,TROM INDUSTRIES LIMITED  ,Listed    ,22 JUL 2026,              10.00,           9194866,             58.00,      533302228.00      
22 JUL 2026,TRU,EQ,TRUCAP FINANCE LIMITED   ,Listed    ,22 JUL 2026,               2.00,         118861871,              4.95,      589554880.15       
22 JUL 2026,TRUALT,EQ,TRUALT BIOENERGY LIMITED ,Listed    ,22 JUL 2026,              10.00,          85752591,            430.60,    36925065684.60    
22 JUL 2026,TRUST,SM,TRUST FINTECH LIMITED    ,Listed    ,22 JUL 2026,              10.00,          23825200,             28.50,      679018200.00     
22 JUL 2026,TSC,SM,TSC INDIA LIMITED        ,Listed    ,22 JUL 2026,              10.00,          14518933,             30.00,      435567990.00       
22 JUL 2026,TSFINV,EQ,TSF INVESTMENTS LIMITED  ,Listed    ,22 JUL 2026,               5.00,         222103860,            443.20,    98436430752.00    
22 JUL 2026,TTKHLTCARE,EQ,TTK HEALTHCARE LIMITED   ,Listed    ,22 JUL 2026,              10.00,          14130333,           1006.00,    14215114998.00
22 JUL 2026,TTKPRESTIG,EQ,TTK PRESTIGE LTD         ,Listed    ,22 JUL 2026,               1.00,         136950984,            657.10,    89990491586.40
22 JUL 2026,TTL,EQ,T T LIMITED              ,Listed    ,22 JUL 2026,               1.00,         258310944,              6.45,     1663522479.35       
22 JUL 2026,TTML,EQ,TATA TELESERV(MAHARASTRA),Listed    ,22 JUL 2026,              10.00,        1954927727,             40.60,    79370065716.20      
22 JUL 2026,TUNWAL,SM,TUNWAL E-MOTORS LIMITED  ,Listed    ,22 JUL 2026,               2.00,          57692384,             26.95,     1554809748.80    
22 JUL 2026,TURTLEMINT,EQ,TURTLEMINT FINTECH SOLS L,Listed    ,22 JUL 2026,               1.00,         294478906,            130.50,    38429497233.00
22 JUL 2026,TVSELECT,EQ,TVS ELECTRONICS LTD      ,Listed    ,22 JUL 2026,              10.00,          18650318,            494.75,     9227244830.50  
22 JUL 2026,TVSHLTD,EQ,TVS HOLDINGS LIMITED     ,Listed    ,22 JUL 2026,               5.00,          20232104,          14847.00,   300386048088.00   
22 JUL 2026,TVSINVIT,IV,TVS INFRASTRUCTURE TRUST ,Listed    ,15 JUL 2026,             100.00,         197200000,            116.05,    22885060000.00  
22 JUL 2026,TVSMOTOR,EQ,TVS MOTOR COMPANY  LTD   ,Listed    ,22 JUL 2026,               1.00,         475087114,           3907.60,  1856450406666.40  
22 JUL 2026,TVSSCS,EQ,TVS SUPPLY CHAIN SOL L   ,Listed    ,22 JUL 2026,               1.00,         441180027,            133.75,    59016652211.80    
22 JUL 2026,TVSSRICHAK,EQ,TVS SRICHAKRA LIMITED    ,Listed    ,22 JUL 2026,              10.00,           7657050,           3956.90,    30298181145.00
22 JUL 2026,TVTODAY,EQ,TV TODAY NETWORK LTD     ,Listed    ,22 JUL 2026,               5.00,          59668615,            119.15,     7109515477.25   
22 JUL 2026,TVVISION,EQ,TV VISION LIMITED        ,Listed    ,22 JUL 2026,              10.00,          38744500,              4.75,      184811265.00  
22 JUL 2026,UBL,EQ,UNITED BREWERIES LTD     ,Listed    ,22 JUL 2026,               1.00,         264405149,           1431.00,   378363768219.00       
22 JUL 2026,UCAL,EQ,UCAL LIMITED             ,Listed    ,22 JUL 2026,              10.00,          22113625,            118.05,     2610513431.25      
22 JUL 2026,UCL,ST,USHANTI COLOUR CHEM LTD  ,Listed    ,22 JUL 2026,              10.00,          13886700,            179.45,     2491968315.00       
22 JUL 2026,UCOBANK,EQ,UCO BANK                 ,Listed    ,22 JUL 2026,              10.00,       12539558979,             26.55,   332925290892.45   
22 JUL 2026,UDS,EQ,UPDATER SERVICES LIMITED ,Listed    ,22 JUL 2026,              10.00,          66953241,            196.15,    13132878222.15       
22 JUL 2026,UEL,EQ,UJAAS ENERGY LIMITED     ,Listed    ,22 JUL 2026,               1.00,         333397890,            121.40,    40481171803.80       
22 JUL 2026,UFBL,EQ,UNITED FOODBRANDS LIMITED,Listed    ,22 JUL 2026,               5.00,          39086387,            666.75,    26060848532.25      
22 JUL 2026,UFLEX,EQ,UFLEX LIMITED            ,Listed    ,22 JUL 2026,              10.00,          72211486,            490.70,    35434176180.20     
22 JUL 2026,UFO,EQ,UFO MOVIEZ INDIA LTD.    ,Listed    ,22 JUL 2026,              10.00,          38814757,             67.10,     2604470194.70       
22 JUL 2026,UGARSUGAR,EQ,THE UGAR SUGAR WORKS LTD ,Listed    ,22 JUL 2026,               1.00,         112500000,             39.30,     4422375000.00 
22 JUL 2026,UGROCAP,EQ,UGRO CAPITAL LIMITED     ,Listed    ,22 JUL 2026,              10.00,         155288323,             94.90,    14736861852.70   
22 JUL 2026,UHTL,ST,UNITED HEAT TRANSFER LTD ,Listed    ,22 JUL 2026,              10.00,          19004000,            103.90,     1974515600.00      
22 JUL 2026,UJJIVANSFB,EQ,UJJIVAN SMALL FINANC BANK,Listed    ,22 JUL 2026,              10.00,        1945255791,             65.05,   126538889204.55
22 JUL 2026,ULTRACEMCO,EQ,ULTRATECH CEMENT LIMITED ,Listed    ,22 JUL 2026,              10.00,         294679171,          11893.00,  3504619380703.00
22 JUL 2026,ULTRAMAR,EQ,ULTRAMARINE & PIGMENTS L ,Permitted ,22 JUL 2026,               2.00,          29200000,            381.00,    11125200000.00  
22 JUL 2026,UMA,SM,UMA CONVERTER LIMITED    ,Listed    ,22 JUL 2026,              10.00,          20274286,             15.35,      311210290.10       
22 JUL 2026,UMAEXPORTS,BE,UMA EXPORTS LIMITED      ,Listed    ,22 JUL 2026,              10.00,          33809830,             19.75,      667067945.90
22 JUL 2026,UMESLTD,EQ,USHA MARTIN EDU & SOL LTD,Listed    ,22 JUL 2026,               1.00,          26415811,              5.60,      148456857.80   
22 JUL 2026,UMIYA-MRO,EQ,UMIYA BUILDCON LIMITED   ,Listed    ,22 JUL 2026,               5.00,          18684602,             90.05,     1682174718.05 
22 JUL 2026,UNICHEMLAB,EQ,UNICHEM LABORATORIES LTD ,Listed    ,22 JUL 2026,               2.00,          70405750,            528.55,    37212959162.50
22 JUL 2026,UNIDT,BE,UNITED DRILLING TOOLS LTD,Listed    ,22 JUL 2026,              10.00,          20303126,            224.95,     4566985162.45     
22 JUL 2026,UNIECOM,EQ,UNICOMMERCE ESOLUTIONS L ,Listed    ,22 JUL 2026,               1.00,         112379173,             85.05,     9558972455.40   
22 JUL 2026,UNIENTER,EQ,UNIPHOS ENTERPRISES LTD  ,Listed    ,22 JUL 2026,               2.00,          69545849,             99.50,     6921202892.50  
22 JUL 2026,UNIHEALTH,SM,UNIHEALTH HOSPITALS LTD  ,Listed    ,22 JUL 2026,              10.00,          15899952,            734.35,    11676129751.20 
22 JUL 2026,UNIINFO,BE,UNIINFO TELECOM SERVI LTD,Listed    ,22 JUL 2026,              10.00,          10693120,             12.40,      132594688.00   
22 JUL 2026,UNILEX,SM,UNILEX COLOURS AND CHEM L,Listed    ,22 JUL 2026,              10.00,          13617000,             26.00,      354042000.00    
22 JUL 2026,UNIMECH,EQ,UNIMECH AEROSPACE N MFG L,Listed    ,22 JUL 2026,               5.00,          50856883,           1235.80,    62848936011.40   
22 JUL 2026,UNIONBANK,EQ,UNION BANK OF INDIA      ,Listed    ,22 JUL 2026,              10.00,        7633605607,            170.65,  1302598460778.50 
22 JUL 2026,UNIPARTS,EQ,UNIPARTS INDIA LIMITED   ,Listed    ,22 JUL 2026,              10.00,          45143114,            676.35,    30532545153.90  
22 JUL 2026,UNITDSPR,EQ,UNITED SPIRITS LIMITED   ,Listed    ,22 JUL 2026,               2.00,         727350853,           1404.20,  1021346067782.60  
22 JUL 2026,UNITECH,EQ,UNITECH LTD              ,Listed    ,22 JUL 2026,               2.00,        2616301047,              4.50,    11721028690.55   
22 JUL 2026,UNITEDPOLY,BE,UNITED POLYFAB GUJ. LTD. ,Listed    ,22 JUL 2026,               1.00,         229515500,             28.85,     6623817330.00
22 JUL 2026,UNITEDTEA,EQ,UNITED NILGIRI TEA LTD   ,Listed    ,22 JUL 2026,              10.00,           4996566,            473.55,     2366123829.30 
22 JUL 2026,UNIVASTU,BE,UNIVASTU INDIA LIMITED   ,Listed    ,22 JUL 2026,              10.00,          35986770,            119.55,     4301498618.10  
22 JUL 2026,UNIVCABLES,EQ,UNIVERSAL CABLES LTD     ,Listed    ,22 JUL 2026,              10.00,          31989828,           1203.50,    38499757998.00
22 JUL 2026,UNIVPHOTO,BE,UNIVERSUS IMAGINGS LTD   ,Listed    ,22 JUL 2026,              10.00,          10946604,            474.90,     5198542239.60 
22 JUL 2026,UNOMINDA,EQ,UNO MINDA LIMITED        ,Listed    ,22 JUL 2026,               2.00,         577558876,           1130.90,   653161332868.40  
22 JUL 2026,UPL,EQ,UPL LIMITED              ,Listed    ,22 JUL 2026,               2.00,         844169318,            608.85,   513972489264.30       
22 JUL 2026,URAVIDEF,BE,URAVI DEFENCE &TECH LTD  ,Listed    ,22 JUL 2026,              10.00,          11400000,            113.90,     1298574000.00  
22 JUL 2026,URBAN,SM,URBAN ENVIRO WASTE MGMT L,Listed    ,22 JUL 2026,              10.00,           8660000,            128.70,     1114542000.00     
22 JUL 2026,URBANCO,EQ,URBAN COMPANY LIMITED    ,Listed    ,22 JUL 2026,               1.00,        1542180603,            130.90,   201840597320.65   
22 JUL 2026,URJA,EQ,URJA GLOBAL LIMITED      ,Listed    ,22 JUL 2026,               1.00,         525453377,              9.15,     4797389332.00      
22 JUL 2026,USASEEDS,SM,UPSURGE SEEDS OF AGRI LTD,Listed    ,22 JUL 2026,              10.00,          10085429,             84.50,      852218750.50  
22 JUL 2026,USHAFIN,SM,USHA FINANCIAL SERVICES L,Listed    ,22 JUL 2026,              10.00,          43475262,             33.50,     1456421277.00   
22 JUL 2026,USHAMART,EQ,USHA MARTIN LTD.         ,Listed    ,22 JUL 2026,               1.00,         304741780,            496.75,   151380479215.00  
22 JUL 2026,USK,EQ,UDAYSHIVAKUMAR INFRA LTD ,Listed    ,22 JUL 2026,              10.00,          55357142,             22.15,     1225607123.90       
22 JUL 2026,UTIAMC,EQ,UTI ASSET MNGMT CO LTD   ,Listed    ,22 JUL 2026,              10.00,         128523245,            909.55,   116898317489.75    
22 JUL 2026,UTKAL,SM,UTKAL SPEC INDUS INDIA L ,Listed    ,22 JUL 2026,              10.00,          19534000,             34.85,      680759900.00     
22 JUL 2026,UTKARSHBNK,EQ,UTKARSH SMALL FIN BANK L ,Listed    ,22 JUL 2026,              10.00,        1779523684,             14.45,    25714117233.80
22 JUL 2026,UTLSOLAR,EQ,FUJIYAMA POWER SYSTEMS L ,Listed    ,22 JUL 2026,               1.00,         306901762,            378.35,   116116281652.70  
22 JUL 2026,UTSSAV,ST,UTSSAV CZ GOLD JEWELS LTD,Listed    ,22 JUL 2026,              10.00,          24148000,            537.00,    12967476000.00    
22 JUL 2026,UTTAMSUGAR,EQ,UTTAM SUGAR MILLS LTD.   ,Listed    ,22 JUL 2026,              10.00,          38138120,            233.00,     8886563341.20
22 JUL 2026,UWCSL,SM,ULTRA WIRING CONN SYS LTD,Listed    ,17 JUL 2026,              10.00,           5203571,             95.95,      499282637.45     
22 JUL 2026,UYFINCORP,EQ,U. Y. FINCORP LIMITED    ,Listed    ,22 JUL 2026,               5.00,         190238329,             17.25,     3279708791.95 
22 JUL 2026,V2RETAIL,EQ,V2 RETAIL LIMITED        ,Listed    ,22 JUL 2026,               1.00,         364637550,            221.35,    80716168068.00  
22 JUL 2026,VADILALIND,EQ,VADILAL INDUSTRIES LTD   ,Listed    ,22 JUL 2026,              10.00,           7187830,           6762.00,    48604106460.00
22 JUL 2026,VAIBHAVGBL,EQ,VAIBHAV GLOBAL LIMITED   ,Listed    ,22 JUL 2026,               2.00,         167352172,            258.15,    43200289680.10
22 JUL 2026,VAISHALI,BE,VAISHALI PHARMA LIMITED  ,Listed    ,22 JUL 2026,               2.00,         130462130,              7.85,     1026736963.10  
22 JUL 2026,VAKRANGEE,EQ,VAKRANGEE LIMITED        ,Listed    ,22 JUL 2026,               1.00,        1083191807,              5.80,     6293344398.65 
22 JUL 2026,VALIANTLAB,BE,VALIANT LABORATORIES LTD ,Listed    ,22 JUL 2026,              10.00,          54312500,             62.80,     3410281875.00
22 JUL 2026,VALIANTORG,BE,VALIANT ORGANICS LIMITED ,Listed    ,22 JUL 2026,              10.00,          27614049,            265.95,     7343956331.55
22 JUL 2026,VALUE360,SM,VALUE 360 COMMUNICATION L,Listed    ,22 JUL 2026,              10.00,          16090008,             77.25,     1242953118.00  
22 JUL 2026,VAML,EQ,VEDANTA ALUMINIUM METAL L,Listed    ,22 JUL 2026,               1.00,        3910388057,            431.20,  1686159330178.40      
22 JUL 2026,VARDHACRLC,BE,VARDHAMAN ACRYLICS LTD   ,Listed    ,22 JUL 2026,              10.00,          80363746,             43.15,     3469302914.80
22 JUL 2026,VARDMNPOLY,EQ,VARDHMAN POLYTEX LTD.    ,Listed    ,22 JUL 2026,               1.00,         483019004,              6.05,     2912604594.10
22 JUL 2026,VARROC,EQ,VARROC ENGINEERING LTD.  ,Listed    ,22 JUL 2026,               1.00,         152786400,            649.15,    99181291560.00    
22 JUL 2026,VASA,SM,VASA RETAIL & OVERSEA LTD,Listed    ,08 JUN 2026,              10.00,           5992550,              4.45,       26666847.50      
22 JUL 2026,VASCONEQ,BE,VASCON ENGINEERS LTD     ,Listed    ,22 JUL 2026,              10.00,         231697111,             32.55,     7537107020.85  
22 JUL 2026,VASWANI,EQ,VASWANI IND LTD          ,Listed    ,22 JUL 2026,              10.00,          32946153,             52.70,     1735932801.55   
22 JUL 2026,VBL,EQ,VARUN BEVERAGES LIMITED  ,Listed    ,22 JUL 2026,               2.00,        3382296144,            458.25,  1549937207988.00       
22 JUL 2026,VCL,EQ,VAXTEX COTFAB LIMITED    ,Listed    ,22 JUL 2026,               1.00,         183752220,              1.00,      187427264.40       
22 JUL 2026,VDEAL,SM,VDEAL SYSTEM LIMITED     ,Listed    ,22 JUL 2026,              10.00,           4890460,            152.40,      745306104.00     
22 JUL 2026,VEDL,EQ,VEDANTA LIMITED          ,Listed    ,22 JUL 2026,               1.00,        3910388057,            262.30,  1025694787351.10      
22 JUL 2026,VEDPOWER,EQ,VEDANTA POWER LIMITED    ,Listed    ,22 JUL 2026,              10.00,        3910388057,             35.40,   138349529456.65  
22 JUL 2026,VEEDOL,EQ,VEEDOL CORPORATION LTD   ,Listed    ,22 JUL 2026,               2.00,          17424000,           1390.00,    24219360000.00    
22 JUL 2026,VEEKAYEM,ST,VEEKAYEM FASH & APP LTD  ,Listed    ,20 JUL 2026,              10.00,           5875730,            128.00,      752093440.00  
22 JUL 2026,VELJAN,BE,VELJAN DENISON LTD.      ,Permitted ,22 JUL 2026,              10.00,           4500000,           1730.00,     7785000000.00    
22 JUL 2026,VELS,ST,VELS FILM INTERNATIONAL L,Listed    ,15 JUL 2026,              10.00,          12908000,             73.00,      942284000.00      
22 JUL 2026,VENKEYS,EQ,VENKY S (INDIA) LIMITED  ,Listed    ,22 JUL 2026,              10.00,          14087335,           1500.90,    21143681101.50   
22 JUL 2026,VENTIVE,EQ,VENTIVE HOSPITALITY LTD  ,Listed    ,22 JUL 2026,               1.00,         233541608,            615.25,   143686474322.00   
22 JUL 2026,VENUSPIPES,EQ,VENUS PIPES & TUBES LTD  ,Listed    ,22 JUL 2026,              10.00,          20716110,           1700.40,    35225673444.00
22 JUL 2026,VENUSREM,BE,VENUS REMEDIES LIMITED   ,Listed    ,22 JUL 2026,              10.00,          13366988,           1686.90,    22548772057.20  
22 JUL 2026,VERA,SM,VERA SYNTHETIC LIMITED   ,Listed    ,22 JUL 2026,              10.00,           4935000,             71.00,      350385000.00      
22 JUL 2026,VERANDA,EQ,VERANDA LEARNING SOL LTD ,Listed    ,22 JUL 2026,              10.00,          96320725,            232.95,    22435986474.25   
22 JUL 2026,VERITAAS,SM,VERITAAS ADVERTISING LTD ,Listed    ,16 JUL 2026,              10.00,           2823000,             36.30,      102474900.00  
22 JUL 2026,VERTEXPLUS,SM,VERTEXPLUS TECHNOLOGIES L,Listed    ,14 JUL 2026,              10.00,           5479600,             48.30,      264664680.00
22 JUL 2026,VERTIS,IV,VERTIS INFRASTRUCTURE TST,Listed    ,22 JUL 2026,             100.00,        1509983998,            113.00,   170628191774.00    
22 JUL 2026,VERTOZ,BE,VERTOZ LIMITED           ,Listed    ,22 JUL 2026,              10.00,          85230000,             35.30,     3006914400.00    
22 JUL 2026,VESUVIUS,EQ,VESUVIUS INDIA LTD       ,Listed    ,22 JUL 2026,               1.00,         202960800,            462.00,    93767889600.00  
22 JUL 2026,VETO,BE,VETO SWITCHGEAR CABLE LTD,Listed    ,22 JUL 2026,              10.00,          19114955,            122.50,     2341390837.95      
22 JUL 2026,VGINFOTECH,SM,VIRTUAL GALAXY INFOTECH L,Listed    ,22 JUL 2026,              10.00,          24868635,            151.45,     3766354770.75
22 JUL 2026,VGL,EQ,VARVEE GLOBAL LIMITED    ,Listed    ,22 JUL 2026,               5.00,          51528678,             61.95,     3191171028.55       
22 JUL 2026,VGUARD,EQ,V-GUARD IND LTD.         ,Listed    ,22 JUL 2026,               1.00,         436891055,            294.90,   128839172119.50    
22 JUL 2026,VHL,EQ,VARDHMAN HOLDINGS LIMITED,Listed    ,22 JUL 2026,              10.00,           3183808,           3510.90,    11178031507.20       
22 JUL 2026,VHLTD,BE,VICEROY HOTELS LIMITED   ,Listed    ,22 JUL 2026,              10.00,          67578948,            132.00,     8919745346.50     
22 JUL 2026,VIAZ,SM,VIAZ TYRES LIMITED       ,Listed    ,22 JUL 2026,              10.00,          14307000,             62.40,      892756800.00      
22 JUL 2026,VICTORYEV,ST,VICTORY ELEC VEHICL INT L,Listed    ,22 JUL 2026,               5.00,          24090000,             16.75,      403507500.00 
22 JUL 2026,VIDHIING,EQ,VIDHI SPCLTY F INGRDNTS L,Listed    ,22 JUL 2026,               1.00,          49945000,            301.95,    15080892750.00  
22 JUL 2026,VIDYAWIRES,EQ,VIDYA WIRES LIMITED      ,Listed    ,22 JUL 2026,               1.00,         212692307,             90.35,    19214623014.40
22 JUL 2026,VIESL,SM,VISION INFRA EQUIP SOL L ,Listed    ,22 JUL 2026,              10.00,          24642400,            302.15,     7445701160.00     
22 JUL 2026,VIGOR,ST,VIGOR PLAST INDIA LIMITED,Listed    ,22 JUL 2026,              10.00,          10351700,             98.65,     1021195205.00     
22 JUL 2026,VIJAYA,EQ,VIJAYA DIAGNOSTIC CEN LTD,Listed    ,22 JUL 2026,               1.00,         102896728,           1313.10,   135113693536.80    
22 JUL 2026,VIJAYPD,SM,VIJAYPD CEUTICAL LIMITED ,Listed    ,22 JUL 2026,              10.00,          19528686,             65.25,     1274246761.50   
22 JUL 2026,VIJIFIN,BE,VIJI FINANCE LIMITED     ,Listed    ,22 JUL 2026,               1.00,         142500000,              8.90,     1271100000.00   
22 JUL 2026,VIKASECO,EQ,VIKAS ECOTECH LIMITED    ,Listed    ,22 JUL 2026,               1.00,        1768706024,              1.10,     1963263686.65  
22 JUL 2026,VIKASLIFE,EQ,VIKAS LIFECARE LIMITED   ,Listed    ,22 JUL 2026,               1.00,        1857668560,              1.30,     2414969128.00 
22 JUL 2026,VIKRAMSOLR,EQ,VIKRAM SOLAR LIMITED     ,Listed    ,22 JUL 2026,              10.00,         362354381,            185.35,    67169631605.95
22 JUL 2026,VIKRAN,EQ,VIKRAN ENGINEERING LTD   ,Listed    ,22 JUL 2026,               1.00,         257911026,             70.30,    18136303348.30    
22 JUL 2026,VILAS,SM,VILAS TRANSCORE LIMITED  ,Listed    ,22 JUL 2026,              10.00,          24480000,            355.90,     8712432000.00     
22 JUL 2026,VILINBIO,SM,VILIN BIO MED LIMITED    ,Listed    ,22 JUL 2026,              10.00,          15250000,             42.75,      651937500.00  
22 JUL 2026,VIMTALABS,EQ,VIMTA LABS LIMITED       ,Listed    ,22 JUL 2026,               2.00,          44669355,            583.90,    26082436384.50 
22 JUL 2026,VINATIORGA,EQ,VINATI ORGANICS LTD      ,Listed    ,22 JUL 2026,               1.00,         103665632,           1314.10,   136227007011.20
22 JUL 2026,VINCOFE,EQ,VINTAGE COFFEE N BVRGS L ,Listed    ,22 JUL 2026,              10.00,         145688409,            156.15,    22750701949.45   
22 JUL 2026,VINDHYATEL,EQ,VINDHYA TELELINKS LTD    ,Listed    ,22 JUL 2026,              10.00,          11850863,           1892.10,    22423017882.30
22 JUL 2026,VINEETLAB,BE,VINEET LABORATORIES LTD  ,Listed    ,22 JUL 2026,              10.00,          19206266,             37.35,      716969909.80 
22 JUL 2026,VINNY,EQ,VINNY OVERSEAS LIMITED   ,Listed    ,22 JUL 2026,               1.00,         465246622,              1.05,      497813885.55     
22 JUL 2026,VINSYS,ST,VINSYS IT SERVICES IND LT,Listed    ,22 JUL 2026,              10.00,          14749857,            515.00,     7596176355.00    
22 JUL 2026,VINYAS,SM,VINYAS INNOVATIVE TECH L ,Listed    ,22 JUL 2026,              10.00,          12584726,           1316.00,    16561499416.00    
22 JUL 2026,VINYLINDIA,EQ,VINYL CHEMICALS (I) LTD. ,Listed    ,22 JUL 2026,               1.00,          18337111,            244.20,     4477922506.20
22 JUL 2026,VIPCLOTHNG,BE,VIP CLOTHING LIMITED     ,Listed    ,22 JUL 2026,               2.00,          90129519,             21.75,     1958514447.85
22 JUL 2026,VIPIND,EQ,VIP INDUSTRIES LTD       ,Listed    ,22 JUL 2026,               2.00,         142051846,            292.95,    41614088285.70    
22 JUL 2026,VIPULLTD,BE,VIPUL LIMITED            ,Listed    ,22 JUL 2026,               1.00,         140959480,             13.40,     1891676221.60  
22 JUL 2026,VIRINCHI,EQ,VIRINCHI LIMITED         ,Listed    ,22 JUL 2026,              10.00,         109646896,             15.70,     1723649205.10  
22 JUL 2026,VISACHROME,BE,VISA CHROME LIMITED      ,Listed    ,22 JUL 2026,              10.00,         145789500,             37.95,     5534169420.00
22 JUL 2026,VISAKAIND,EQ,VISAKA INDUSTRIES LIMITED,Listed    ,22 JUL 2026,               2.00,          86404760,             79.95,     6909788657.20 
22 JUL 2026,VISAMAN,SM,VISAMAN GLOBAL SALES LTD ,Listed    ,Not Traded ,              10.00,          21271099,            107.60,     2288770252.40   
22 JUL 2026,VISHNU,EQ,VISHNU CHEMICALS LIMITED ,Listed    ,22 JUL 2026,               2.00,          67315284,            631.70,    42523064902.80    
22 JUL 2026,VISHNUINFR,SM,VISHNUSURYA PROJ N INFR L,Listed    ,22 JUL 2026,              10.00,          25925538,            161.00,     4174011618.00
22 JUL 2026,VISHWARAJ,EQ,VISHWARAJ SUGAR IND LTD  ,Listed    ,22 JUL 2026,               2.00,         217827700,              5.25,     1147951979.00 
22 JUL 2026,VISHWAS,ST,VISHWAS AGRI SEEDS LTD   ,Listed    ,21 JUL 2026,              10.00,          10000000,             45.65,      456500000.00   
22 JUL 2026,VISL,EQ,VEDANTA IRON AND STEEL L ,Listed    ,22 JUL 2026,               1.00,        3910388057,             31.40,   122786184989.80      
22 JUL 2026,VITAL,BE,VITAL CHEMTECH LIMITED   ,Listed    ,22 JUL 2026,              10.00,          23951100,             47.80,     1144862580.00     
22 JUL 2026,VIVIANA,BE,VIVIANA POWER TECH LTD   ,Listed    ,22 JUL 2026,              10.00,          10124800,            733.15,     7422997120.00   
22 JUL 2026,VIVIDEL,ST,VIVID ELECTROMECH LIMITED,Listed    ,22 JUL 2026,              10.00,           8887800,           1210.00,    10754238000.00   
22 JUL 2026,VIVIDHA,EQ,VISAGAR POLYTEX LTD      ,Listed    ,22 JUL 2026,               1.00,         292700534,              0.50,      152204277.70   
22 JUL 2026,VIVIMEDLAB,BE,VIVIMED LABS LIMITED     ,Listed    ,22 JUL 2026,               2.00,          82913915,              5.10,      423690105.65
22 JUL 2026,VIVO,SM,VIVO COLLAB SOLUTIONS LTD,Listed    ,02 JUL 2026,              10.00,           2015000,             77.35,      155860250.00      
22 JUL 2026,VIYASH,EQ,VIYASH SCIENTIFIC LIMITED,Listed    ,22 JUL 2026,               2.00,         436875477,            256.75,   112167778719.75    
22 JUL 2026,VLEGOV,BE,VL E GOV AND IT SOL LTD  ,Listed    ,22 JUL 2026,              10.00,         108451329,             10.90,     1183203999.40    
22 JUL 2026,VLINFRA,ST,V.L.INFRAPROJECTS LIMITED,Listed    ,22 JUL 2026,              10.00,          15712500,             28.35,      445449375.00   
22 JUL 2026,VLSFINANCE,EQ,VLS FINANCE LTD          ,Listed    ,22 JUL 2026,              10.00,          31378663,            256.35,     8043920260.05
22 JUL 2026,VMARCIND,SM,V MARC INDIA LIMITED     ,Listed    ,22 JUL 2026,              10.00,         146524176,            283.65,    41561582522.40  
22 JUL 2026,VMART,EQ,VMART RETAIL LTD         ,Listed    ,22 JUL 2026,              10.00,          79548002,            768.85,    61160481337.70     
22 JUL 2026,VMM,EQ,VISHAL MEGA MART LIMITED ,Listed    ,22 JUL 2026,              10.00,        4676375306,            112.00,   523847561778.10       
22 JUL 2026,VMOBILE,SM,VINIT MOBILE LIMITED     ,Listed    ,22 JUL 2026,              10.00,           6170000,             75.35,      464909500.00   
22 JUL 2026,VMSTMT,BE,VMS TMT LIMITED          ,Listed    ,22 JUL 2026,              10.00,          49631210,             44.10,     2189728985.20    
22 JUL 2026,VOEPL,EQ,VIRTUOSO OPTOELECTRONIC L,Listed    ,22 JUL 2026,              10.00,          31833079,            502.10,    15983388965.90     
22 JUL 2026,VOGL,EQ,VEDANTA OIL AND GAS LTD  ,Listed    ,22 JUL 2026,               1.00,        3910388057,             33.30,   130137714536.95      
22 JUL 2026,VOLERCAR,SM,VOLER CAR LIMITED        ,Listed    ,22 JUL 2026,              10.00,          11143527,            226.00,     2518437102.00  
22 JUL 2026,VOLTAMP,EQ,VOLTAMP TRANSFORMERS LTD ,Listed    ,22 JUL 2026,              10.00,          10117120,           9399.00,    95090810880.00   
22 JUL 2026,VOLTAS,EQ,VOLTAS LTD               ,Listed    ,22 JUL 2026,               1.00,         330884740,           1308.00,   432797239920.00    
22 JUL 2026,VPRPL,BE,VISHNU PRAKASH R PUNGLI L,Listed    ,22 JUL 2026,              10.00,         124644000,             26.95,     3356662920.00     
22 JUL 2026,VR,SM,V R INFRASPACE LIMITED   ,Listed    ,15 JUL 2026,              10.00,           8880000,            102.90,      913752000.00        
22 JUL 2026,VRAJ,EQ,VRAJ IRON AND STEEL LTD  ,Listed    ,22 JUL 2026,              10.00,          32982619,            131.45,     4334905615.15      
22 JUL 2026,VRLLOG,EQ,VRL LOGISTICS LIMITED    ,Listed    ,22 JUL 2026,              10.00,         176686990,            243.05,    42942006049.60    
22 JUL 2026,VSCL,ST,VADIVARHE SPCLTY CHEM LTD,Listed    ,09 JUL 2026,              10.00,          12782750,             29.00,      370699750.00      
22 JUL 2026,VSSL,EQ,VARDHMAN SPC STEEL LTD   ,Listed    ,22 JUL 2026,              10.00,          96685678,            303.30,    29324766137.40      
22 JUL 2026,VSTIND,EQ,VST INDUSTRIES LTD       ,Listed    ,22 JUL 2026,              10.00,         169861120,            232.20,    39441752064.00    
22 JUL 2026,VSTL,EQ,VIBHOR STEEL TUBES LTD   ,Listed    ,22 JUL 2026,              10.00,          18962443,            111.10,     2106727417.30      
22 JUL 2026,VSTTILLERS,EQ,VST TILLERS TRACTORS LTD ,Listed    ,22 JUL 2026,              10.00,           8652754,           4441.90,    38434667992.60
22 JUL 2026,VTL,EQ,VARDHMAN TEXTILES LIMITED,Listed    ,22 JUL 2026,               2.00,         289475800,            626.55,   181371062490.00       
22 JUL 2026,WAAREEENER,EQ,WAAREE ENERGIES LIMITED  ,Listed    ,22 JUL 2026,              10.00,         287651335,           2697.20,   775853180762.00
22 JUL 2026,WAAREEINDO,EQ,INDOSOLAR LIMITED        ,Listed    ,22 JUL 2026,              10.00,          41603691,            375.70,    15630506708.70
22 JUL 2026,WAAREERTL,EQ,WAAREE RENEWABLE TECH LTD,Listed    ,22 JUL 2026,               2.00,         104345792,           1019.20,   106349231206.40 
22 JUL 2026,WABAG,EQ,VA TECH WABAG LTD        ,Listed    ,22 JUL 2026,               2.00,          62315663,           2072.80,   129167906266.40     
22 JUL 2026,WAKEFIT,EQ,WAKEFIT INNOVATIONS LTD  ,Listed    ,22 JUL 2026,               1.00,         331331698,            138.85,    46008719584.30   
22 JUL 2026,WALCHANNAG,EQ,WALCHANDNAGAR INDUSTRIES ,Listed    ,22 JUL 2026,               2.00,          67842060,            246.50,    16723067790.00
22 JUL 2026,WALPAR,SM,WALPAR NUTRITIONS LIMITED,Listed    ,20 JUL 2026,              10.00,           9390440,             34.85,      327256834.00    
22 JUL 2026,WANBURY,EQ,WANBURY LIMITED          ,Listed    ,22 JUL 2026,              10.00,          34939398,            330.65,    11552711948.70   
22 JUL 2026,WCIL,EQ,WESTERN CARRIERS (IND) L ,Listed    ,22 JUL 2026,               5.00,         101955213,             90.35,     9210633942.40      
22 JUL 2026,WEALTH,EQ,WEALTH FRST PORT. MG. LTD,Listed    ,22 JUL 2026,              10.00,          10655000,            957.10,    10197900500.00    
22 JUL 2026,WEBELSOLAR,EQ,WEBSOL ENERGY SYSTEM LTD ,Listed    ,22 JUL 2026,               1.00,         434163470,            100.85,    43776702680.10
22 JUL 2026,WEIZMANIND,EQ,WEIZMANN LTD             ,Listed    ,22 JUL 2026,              10.00,          15493852,             78.10,     1210069841.20
22 JUL 2026,WEL,EQ,WONDER ELECTRICALS LTD   ,Listed    ,22 JUL 2026,               1.00,         134008000,            101.55,    13608512400.00       
22 JUL 2026,WELCORP,EQ,WELSPUN CORP LIMITED     ,Listed    ,22 JUL 2026,               5.00,         263790645,           1611.80,   425177761611.00   
22 JUL 2026,WELENT,EQ,WELSPUN ENTERPRISES LTD. ,Listed    ,22 JUL 2026,              10.00,         138413810,            605.05,    83747275740.50    
22 JUL 2026,WELINV,BE,WELSPUN INV & COMM LTD   ,Listed    ,22 JUL 2026,              10.00,           3654476,           1891.90,     6913903144.40    
22 JUL 2026,WELSPLSOL,EQ,WELSPUN SPECIALTY SOL L  ,Permitted ,22 JUL 2026,               6.00,         662611445,             53.35,    35343694476.30 
22 JUL 2026,WELSPUNLIV,EQ,WELSPUN LIVING LIMITED   ,Listed    ,22 JUL 2026,               1.00,         959152514,            165.00,   158250573284.85
22 JUL 2026,WENDT,EQ,WENDT (INDIA) LIMITED    ,Listed    ,22 JUL 2026,              10.00,           2000000,           7511.00,    15022000000.00     
22 JUL 2026,WESTLIFE,EQ,WESTLIFE FOODWORLD LTD   ,Listed    ,22 JUL 2026,               2.00,         155936165,            500.70,    78077237815.50  
22 JUL 2026,WEWIN,BE,WE WIN LIMITED           ,Listed    ,22 JUL 2026,              10.00,          10161000,             45.55,      462833550.00     
22 JUL 2026,WEWORK,EQ,WEWORK INDIA MANAGEMENT L,Listed    ,22 JUL 2026,              10.00,         138590252,            715.15,    99112818717.80    
22 JUL 2026,WHEELS,EQ,WHEELS INDIA LTD         ,Listed    ,22 JUL 2026,              10.00,          24433012,           1419.50,    34682660534.00    
22 JUL 2026,WHIRLPOOL,EQ,WHIRLPOOL OF INDIA LTD   ,Listed    ,22 JUL 2026,              10.00,         126871830,            757.40,    96092724042.00 
22 JUL 2026,WHITEFORCE,ST,HAPPY SQUARE OUTSOURC S L,Listed    ,22 JUL 2026,              10.00,          11600400,             46.40,      538258560.00
22 JUL 2026,WILLAMAGOR,EQ,WILLIAMSON MAGOR         ,Listed    ,22 JUL 2026,              10.00,          10956360,             25.50,      279496743.60
22 JUL 2026,WINDLAS,EQ,WINDLAS BIOTECH LIMITED  ,Listed    ,22 JUL 2026,               5.00,          20636229,            869.90,    17951455607.10   
22 JUL 2026,WINDMACHIN,EQ,WINDSOR MACHINES LIMITED ,Listed    ,22 JUL 2026,               2.00,          91302201,            298.00,    27208055898.00
22 JUL 2026,WINNY,SM,WINNY IMMIGRA & EDU SER L,Listed    ,17 JUL 2026,              10.00,           2170000,             35.60,       77252000.00     
22 JUL 2026,WINSOL,SM,WINSOL ENGINEERS LIMITED ,Listed    ,22 JUL 2026,              10.00,          11535200,            115.70,     1334622640.00    
22 JUL 2026,WINSOME,BZ,WINSOME YARNS LIMITED    ,Listed    ,22 JUL 2026,              10.00,          70707229,              2.25,      160505409.85   
22 JUL 2026,WIPL,EQ,THE WESTERN INDIA PLY LTD,Listed    ,22 JUL 2026,              10.00,           8487340,            169.95,     1442338559.60      
22 JUL 2026,WIPRO,EQ,WIPRO LTD                ,Listed    ,22 JUL 2026,               2.00,       10503549797,            174.45,  1832239226588.70     
22 JUL 2026,WOCKPHARMA,EQ,WOCKHARDT LIMITED        ,Listed    ,22 JUL 2026,               5.00,         162492169,           1861.50,   302479172593.50
22 JUL 2026,WOL3D,ST,WOL 3D INDIA LIMITED     ,Listed    ,22 JUL 2026,              10.00,           6452000,            140.50,      906506000.00     
22 JUL 2026,WOMANCART,SM,WOMANCART LIMITED        ,Listed    ,22 JUL 2026,              10.00,           8212800,             99.00,      813067200.00 
22 JUL 2026,WONDERLA,EQ,WONDERLA HOLIDAYS LTD.   ,Listed    ,22 JUL 2026,              10.00,          63450048,            471.70,    29929387641.60  
22 JUL 2026,WORTHPERI,EQ,WORTH PERIPHERALS LIMITED,Listed    ,22 JUL 2026,              10.00,          15751000,            141.10,     2222151080.00 
22 JUL 2026,WPIL,EQ,W P I L LTD.             ,Permitted ,22 JUL 2026,               1.00,          97670800,            454.60,    44401145680.00      
22 JUL 2026,WSI,EQ,W.S.INDUSTRIES (I) LTD.  ,Listed    ,22 JUL 2026,              10.00,          75895318,             60.95,     4624301725.75       
22 JUL 2026,WSTCSTPAPR,EQ,WEST COAST PAPER MILLS LT,Listed    ,22 JUL 2026,               2.00,          66048908,            549.00,    36260850492.00
22 JUL 2026,WTICAB,SM,WISE TRAVEL INDIA LIMITED,Listed    ,22 JUL 2026,              10.00,          23811837,            120.15,     2860992215.55    
22 JUL 2026,XCHANGING,EQ,XCHANGING SOLUTIONS LTD  ,Listed    ,22 JUL 2026,              10.00,         111403716,             64.10,     7139864158.45 
22 JUL 2026,XELPMOC,EQ,XELPMOC DESIGN & TECH LTD,Listed    ,22 JUL 2026,              10.00,          14799493,             80.10,     1185735379.15   
22 JUL 2026,XPROINDIA,EQ,XPRO INDIA LIMITED       ,Listed    ,22 JUL 2026,              10.00,          23470378,           1352.20,    31736645131.60 
22 JUL 2026,XTGLOBAL,EQ,XTGLOBAL INFOTECH LIMITED,Listed    ,22 JUL 2026,               1.00,         134123705,             28.35,     3801065799.70  
22 JUL 2026,YAAP,ST,YAAP DIGITAL LIMITED     ,Listed    ,22 JUL 2026,              10.00,          20933000,            157.00,     3286481000.00      
22 JUL 2026,YASHO,EQ,YASHO INDUSTRIES LIMITED ,Listed    ,22 JUL 2026,              10.00,          12057095,           3218.20,    38802143129.00     
22 JUL 2026,YASHOPTICS,SM,YASH OPTICS & LENS LTD   ,Listed    ,22 JUL 2026,              10.00,          24765600,            111.95,     2772508920.00
22 JUL 2026,YATHARTH,EQ,YATHARTH HOSP & TRA C S L,Listed    ,22 JUL 2026,              10.00,          96354357,            851.30,    82026464114.10  
22 JUL 2026,YATRA,EQ,YATRA ONLINE LIMITED     ,Listed    ,22 JUL 2026,               1.00,         156916193,            105.15,    16499737693.95     
22 JUL 2026,YCCL,SM,YASONS CHEMEX CARE LTD   ,Listed    ,20 JUL 2026,              10.00,          19303920,              9.75,      188213220.00      
22 JUL 2026,YESBANK,EQ,YES BANK LIMITED         ,Listed    ,22 JUL 2026,               2.00,       31385887247,             23.25,   729408019620.30   
22 JUL 2026,YUDIZ,SM,YUDIZ SOLUTIONS LIMITED  ,Listed    ,22 JUL 2026,              10.00,          10319375,             25.20,      260048250.00     
22 JUL 2026,YUKEN,EQ,YUKEN INDIA LIMITED      ,Listed    ,22 JUL 2026,              10.00,          13584000,            717.15,     9741765600.00     
22 JUL 2026,ZAGGLE,EQ,ZAGGLE PREPA OCEAN SER L ,Listed    ,22 JUL 2026,               1.00,         134458445,            203.35,    27342124790.75    
22 JUL 2026,ZEAL,SM,ZEAL GLOBAL SERVICES LTD ,Listed    ,22 JUL 2026,              10.00,          13309750,             64.00,      851824000.00      
22 JUL 2026,ZEEL,EQ,ZEE ENTERTAINMENT ENT LTD,Listed    ,22 JUL 2026,               1.00,         960519420,            105.40,   101229141673.80      
22 JUL 2026,ZEELEARN,BE,ZEE LEARN LIMITED        ,Listed    ,22 JUL 2026,               1.00,         327731291,              8.45,     2769329408.95  
22 JUL 2026,ZEEMEDIA,EQ,ZEE MEDIA CORPORATION LTD,Listed    ,22 JUL 2026,               1.00,         625428680,              7.90,     4934632285.20  
22 JUL 2026,ZENITHDRUG,SM,ZENITH DRUGS LIMITED     ,Listed    ,22 JUL 2026,              10.00,          17148800,             48.95,      839433760.00
22 JUL 2026,ZENITHEXPO,EQ,ZENITH EXPORTS LTD       ,Listed    ,22 JUL 2026,              10.00,           5396250,            198.80,     1072774500.00
22 JUL 2026,ZENITHSTL,EQ,ZENITH STEEL PIP IND LTD ,Listed    ,22 JUL 2026,              10.00,         142280448,              5.85,      833763425.30 
22 JUL 2026,ZENSARTECH,EQ,ZENSAR TECHNOLOGIES  LTD ,Listed    ,22 JUL 2026,               2.00,         227495654,            497.45,   113167713082.30
22 JUL 2026,ZENTEC,EQ,ZEN TECHNOLOGIES LIMITED ,Listed    ,22 JUL 2026,               1.00,          90290356,           1814.70,   163849909033.20    
22 JUL 2026,ZFCVINDIA,EQ,ZF COM VE CTR SYS IND LTD,Listed    ,22 JUL 2026,               5.00,         113805504,           2367.20,   269400389068.80 
22 JUL 2026,ZFSTEERING,EQ,Z F STEERING GEAR (I) LTD,Permitted ,22 JUL 2026,              10.00,           9073300,            661.50,     6001987950.00
22 JUL 2026,ZIMLAB,BE,ZIM LABORATORIES LIMITED ,Listed    ,22 JUL 2026,              10.00,          53549037,            116.50,     6239533791.25    
22 JUL 2026,ZODIAC,BE,ZODIAC ENERGY LIMITED    ,Listed    ,22 JUL 2026,              10.00,          15123690,            258.95,     3916279525.50    
22 JUL 2026,ZODIACLOTH,EQ,ZODIAC CLOTHING CO. LTD. ,Listed    ,22 JUL 2026,              10.00,          27458131,             76.50,     2100821602.80
22 JUL 2026,ZOTA,EQ,ZOTA HEALTH CARE LIMITED ,Listed    ,22 JUL 2026,              10.00,          34632587,           1277.40,    44239666633.80      
22 JUL 2026,ZSARACOM,EQ,SARASWATI COMM (INDIA) L ,Permitted ,22 JUL 2026,              10.00,           1095928,          12429.00,    13621289112.00  
22 JUL 2026,ZTECH,SM,Z-TECH (INDIA) LIMITED   ,Listed    ,22 JUL 2026,              10.00,          14559448,            542.10,     7892676760.80     
22 JUL 2026,ZUARI,EQ,ZUARI AGRO CHEMICALS LTD ,Listed    ,22 JUL 2026,              10.00,          42058006,            227.25,     9557261283.45     
22 JUL 2026,ZUARIIND,EQ,ZUARI INDUSTRIES LIMITED ,Listed    ,22 JUL 2026,              10.00,          29781184,            260.90,     7769910905.60  
22 JUL 2026,ZYDUSLIFE,EQ,ZYDUS LIFESCIENCES LTD   ,Listed    ,22 JUL 2026,               1.00,        1006233990,           1126.30,  1133321342937.00 
22 JUL 2026,ZYDUSWELL,EQ,ZYDUS WELLNESS LIMITED   ,Listed    ,22 JUL 2026,               2.00,         318160720,            571.80,   181924299696.00 
22 JUL 2026,Listed    ,  ,                         ,          ,           ,               0.00,                 0,              0.00,475978576884510.25
22 JUL 2026,Permitted ,  ,                         ,          ,           ,               0.00,                 0,              0.00,  3121405115935.55
22 JUL 2026,Total     ,  ,                         ,          ,           ,               0.00,                 0,              0.00,479099982000445.80
